user_id,first_medium,device_type,journey_segment,first_touch_date,first_purchase_date,sessions_before_purchase,events_before_purchase,journey_duration_days,first_purchase_quantity,first_purchase_revenue,events_per_session,revenue_per_session,fast_purchase_7d
U000001,Paid Search,Mobile,Returning Browser,2025-06-14,2025-06-24,4,26,9.8,2,134.32,6.5,33.58,0
U000002,Email,Mobile,High Intent,2025-04-05,2025-04-17,3,22,11.74,3,275.4,7.33,91.8,0
U000003,Direct,Desktop,Returning Browser,2025-08-03,2025-08-18,6,40,14.34,1,74.96,6.67,12.49,0
U000004,Organic Search,Desktop,New Consumer,2025-04-06,2025-04-16,3,27,9.62,5,264.59,9.0,88.2,0
U000005,Email,Desktop,High Intent,2025-09-13,2025-09-23,2,20,9.04,1,65.19,10.0,32.6,0
U000006,Paid Search,Mobile,Returning Browser,2025-08-26,2025-09-11,4,31,15.43,3,182.18,7.75,45.54,0
U000007,Referral,Desktop,New Consumer,2025-04-05,2025-04-25,5,42,19.33,4,339.38,8.4,67.88,0
U000008,Email,Mobile,Deal Seeker,2025-05-22,2025-06-05,5,21,13.7,1,60.33,4.2,12.07,0
U000009,Organic Search,Mobile,Deal Seeker,2025-02-11,2025-02-16,3,20,4.55,3,144.38,6.67,48.13,1
U000010,Email,Desktop,Returning Browser,2025-06-17,2025-06-21,1,7,3.2,2,141.18,7.0,141.18,1
U000011,Organic Search,Mobile,New Consumer,2025-09-12,2025-09-30,5,28,17.99,2,165.27,5.6,33.05,0
U000012,Organic Search,Desktop,Deal Seeker,2025-04-05,2025-04-07,1,13,1.12,3,155.95,13.0,155.95,1
U000013,Organic Search,Tablet,High Intent,2025-05-03,2025-05-08,1,5,4.73,2,129.99,5.0,129.99,1
U000014,Paid Search,Mobile,New Consumer,2025-06-22,2025-07-11,4,20,18.19,2,77.46,5.0,19.36,0
U000015,Organic Search,Mobile,New Consumer,2025-05-28,2025-06-16,5,23,18.55,2,143.96,4.6,28.79,0
U000016,Social,Mobile,High Intent,2025-10-04,2025-10-16,4,25,11.18,3,176.52,6.25,44.13,0
U000017,Social,Mobile,Returning Browser,2025-06-05,2025-06-24,4,22,18.96,2,98.18,5.5,24.54,0
U000018,Organic Search,Desktop,Deal Seeker,2025-09-15,2025-09-19,2,8,3.82,1,103.61,4.0,51.8,1
U000019,Email,Mobile,New Consumer,2025-09-20,2025-10-05,6,27,14.28,2,94.25,4.5,15.71,0
U000020,Paid Search,Mobile,Deal Seeker,2025-02-26,2025-04-02,7,40,34.54,2,88.88,5.71,12.7,0
U000021,Paid Search,Mobile,High Intent,2025-01-09,2025-01-21,3,23,11.61,1,60.09,7.67,20.03,0
U000022,Organic Search,Desktop,New Consumer,2025-02-05,2025-02-11,2,17,5.03,1,20.67,8.5,10.34,1
U000023,Direct,Desktop,Returning Browser,2025-01-01,2025-01-14,3,14,12.01,1,42.07,4.67,14.02,0
U000024,Paid Search,Mobile,High Intent,2025-09-18,2025-09-26,4,28,7.64,4,146.21,7.0,36.55,0
U000025,Direct,Desktop,New Consumer,2025-07-03,2025-07-10,2,14,6.99,3,198.79,7.0,99.4,1
U000026,Paid Search,Mobile,New Consumer,2025-03-12,2025-03-24,5,25,11.93,3,210.27,5.0,42.05,0
U000027,Organic Search,Mobile,New Consumer,2025-01-21,2025-02-01,5,27,10.81,3,207.95,5.4,41.59,0
U000028,Organic Search,Mobile,High Intent,2025-06-24,2025-07-03,5,27,8.78,2,152.43,5.4,30.49,0
U000029,Organic Search,Tablet,New Consumer,2025-08-21,2025-09-09,5,31,18.44,2,126.27,6.2,25.25,0
U000030,Social,Desktop,New Consumer,2025-08-21,2025-09-04,6,30,13.5,3,194.86,5.0,32.48,0
U000031,Social,Desktop,New Consumer,2025-06-15,2025-06-25,4,29,9.93,1,48.36,7.25,12.09,0
U000032,Social,Mobile,Returning Browser,2025-08-07,2025-08-18,3,12,10.04,3,274.26,4.0,91.42,0
U000033,Paid Search,Mobile,High Intent,2025-03-25,2025-04-13,6,38,18.43,6,567.15,6.33,94.52,0
U000034,Paid Search,Mobile,New Consumer,2025-03-21,2025-04-03,5,38,12.85,2,184.6,7.6,36.92,0
U000035,Email,Desktop,Returning Browser,2025-06-08,2025-06-18,2,16,9.19,6,470.69,8.0,235.34,0
U000036,Referral,Mobile,New Consumer,2025-02-11,2025-02-26,4,28,14.5,3,257.82,7.0,64.46,0
U000037,Referral,Mobile,New Consumer,2025-03-12,2025-03-21,2,12,8.58,1,47.73,6.0,23.86,0
U000038,Social,Mobile,New Consumer,2025-02-09,2025-02-25,4,25,15.62,4,332.01,6.25,83.0,0
U000039,Social,Mobile,High Intent,2025-06-03,2025-06-06,3,16,2.59,2,74.23,5.33,24.74,1
U000040,Email,Desktop,New Consumer,2025-01-17,2025-01-25,2,17,7.23,2,107.46,8.5,53.73,0
U000041,Referral,Desktop,High Intent,2025-09-05,2025-10-04,9,60,28.44,3,317.26,6.67,35.25,0
U000042,Social,Mobile,High Intent,2025-10-14,2025-10-24,2,15,9.21,2,178.3,7.5,89.15,0
U000043,Organic Search,Desktop,New Consumer,2025-09-04,2025-09-19,4,27,14.37,2,125.71,6.75,31.43,0
U000044,Direct,Mobile,New Consumer,2025-10-21,2025-11-05,4,30,14.31,1,93.76,7.5,23.44,0
U000045,Email,Mobile,High Intent,2025-10-11,2025-10-13,5,24,1.62,1,61.12,4.8,12.22,1
U000046,Referral,Mobile,Returning Browser,2025-06-03,2025-06-11,2,16,7.06,2,102.11,8.0,51.06,0
U000047,Referral,Desktop,New Consumer,2025-09-24,2025-10-06,3,16,11.25,3,133.36,5.33,44.45,0
U000048,Referral,Mobile,New Consumer,2025-05-16,2025-06-02,5,32,16.23,4,206.53,6.4,41.31,0
U000049,Organic Search,Mobile,New Consumer,2025-05-22,2025-06-18,8,35,26.03,1,40.24,4.38,5.03,0
U000050,Organic Search,Mobile,New Consumer,2025-02-03,2025-02-13,3,20,9.72,2,77.38,6.67,25.79,0
U000051,Paid Search,Mobile,New Consumer,2025-08-11,2025-08-24,4,24,12.02,2,98.3,6.0,24.58,0
U000052,Organic Search,Desktop,New Consumer,2025-03-28,2025-04-05,2,6,7.65,3,265.5,3.0,132.75,0
U000053,Referral,Mobile,High Intent,2025-07-26,2025-08-08,5,44,12.73,3,108.21,8.8,21.64,0
U000054,Email,Mobile,Returning Browser,2025-01-08,2025-01-20,4,20,11.7,1,42.23,5.0,10.56,0
U000055,Organic Search,Desktop,Returning Browser,2025-07-03,2025-07-10,4,29,6.92,2,97.45,7.25,24.36,1
U000056,Paid Search,Mobile,New Consumer,2025-10-02,2025-10-18,6,38,15.57,2,186.51,6.33,31.08,0
U000057,Organic Search,Desktop,High Intent,2025-08-15,2025-08-20,1,5,4.51,1,63.7,5.0,63.7,1
U000058,Referral,Mobile,New Consumer,2025-08-16,2025-08-30,4,23,13.33,2,109.68,5.75,27.42,0
U000059,Paid Search,Mobile,High Intent,2025-06-05,2025-06-18,4,22,12.92,2,157.83,5.5,39.46,0
U000060,Social,Mobile,High Intent,2025-06-29,2025-07-07,2,16,7.58,1,30.7,8.0,15.35,0
U000061,Referral,Mobile,Returning Browser,2025-05-19,2025-06-02,3,17,13.82,1,78.14,5.67,26.05,0
U000062,Email,Mobile,Returning Browser,2025-03-13,2025-03-25,4,19,11.03,3,267.85,4.75,66.96,0
U000063,Email,Tablet,Returning Browser,2025-08-22,2025-09-02,3,18,10.89,2,24.0,6.0,8.0,0
U000064,Direct,Mobile,Returning Browser,2025-03-06,2025-04-03,8,29,27.94,3,131.08,3.62,16.39,0
U000065,Referral,Desktop,New Consumer,2025-05-14,2025-06-08,7,51,24.24,1,90.44,7.29,12.92,0
U000066,Paid Search,Desktop,New Consumer,2025-06-13,2025-06-27,3,23,13.44,3,267.27,7.67,89.09,0
U000067,Paid Search,Mobile,New Consumer,2025-02-23,2025-03-14,5,22,18.15,1,62.76,4.4,12.55,0
U000068,Social,Mobile,New Consumer,2025-09-30,2025-10-12,3,23,11.73,3,126.5,7.67,42.17,0
U000069,Referral,Desktop,New Consumer,2025-09-10,2025-09-28,7,46,17.59,3,66.87,6.57,9.55,0
U000070,Referral,Desktop,Deal Seeker,2025-01-29,2025-02-17,5,34,18.68,1,53.02,6.8,10.6,0
U000071,Organic Search,Desktop,New Consumer,2025-07-29,2025-08-12,3,28,13.98,1,75.21,9.33,25.07,0
U000072,Paid Search,Mobile,New Consumer,2025-08-14,2025-09-11,8,43,27.37,1,60.2,5.38,7.52,0
U000073,Organic Search,Desktop,High Intent,2025-09-22,2025-10-03,3,11,10.85,1,50.88,3.67,16.96,0
U000074,Email,Tablet,Returning Browser,2025-09-24,2025-10-22,7,51,27.07,1,62.8,7.29,8.97,0
U000075,Organic Search,Desktop,High Intent,2025-05-08,2025-05-13,1,3,4.51,1,28.26,3.0,28.26,1
U000076,Referral,Tablet,New Consumer,2025-07-29,2025-08-09,4,34,10.51,4,158.64,8.5,39.66,0
U000077,Organic Search,Desktop,Returning Browser,2025-10-18,2025-11-06,5,26,18.22,3,139.92,5.2,27.98,0
U000078,Organic Search,Mobile,Returning Browser,2025-09-19,2025-10-16,5,38,26.77,3,148.54,7.6,29.71,0
U000079,Organic Search,Mobile,New Consumer,2025-10-13,2025-10-23,3,22,9.4,1,41.86,7.33,13.95,0
U000080,Paid Search,Desktop,New Consumer,2025-02-23,2025-03-08,6,37,12.66,2,120.88,6.17,20.15,0
U000081,Email,Mobile,New Consumer,2025-05-05,2025-05-14,3,21,8.14,2,153.62,7.0,51.21,0
U000082,Organic Search,Mobile,Returning Browser,2025-09-18,2025-09-25,3,15,6.25,5,371.74,5.0,123.91,1
U000083,Referral,Desktop,New Consumer,2025-04-19,2025-05-04,7,60,14.21,1,41.74,8.57,5.96,0
U000084,Email,Mobile,New Consumer,2025-03-02,2025-03-18,6,33,15.87,1,84.88,5.5,14.15,0
U000085,Organic Search,Mobile,New Consumer,2025-06-26,2025-07-05,6,26,8.58,3,121.32,4.33,20.22,0
U000086,Paid Search,Mobile,New Consumer,2025-07-30,2025-08-11,4,38,11.04,1,34.54,9.5,8.64,0
U000087,Direct,Mobile,Deal Seeker,2025-08-24,2025-09-04,3,20,10.75,1,46.38,6.67,15.46,0
U000088,Email,Desktop,New Consumer,2025-07-22,2025-07-30,2,12,7.85,1,29.53,6.0,14.76,0
U000089,Social,Desktop,New Consumer,2025-09-20,2025-10-09,4,30,18.2,4,345.43,7.5,86.36,0
U000090,Referral,Tablet,Returning Browser,2025-06-27,2025-07-24,7,37,26.31,3,269.15,5.29,38.45,0
U000091,Referral,Mobile,New Consumer,2025-05-09,2025-05-20,3,14,10.87,1,51.12,4.67,17.04,0
U000092,Social,Mobile,Returning Browser,2025-02-18,2025-03-01,3,18,10.87,2,72.55,6.0,24.18,0
U000093,Organic Search,Desktop,New Consumer,2025-09-24,2025-10-06,4,22,11.73,1,91.09,5.5,22.77,0
U000094,Email,Mobile,Returning Browser,2025-04-11,2025-04-18,2,13,6.1,2,157.92,6.5,78.96,1
U000095,Direct,Desktop,High Intent,2025-01-15,2025-02-01,5,39,16.79,2,157.14,7.8,31.43,0
U000096,Email,Mobile,Returning Browser,2025-03-16,2025-03-29,3,17,12.13,4,192.56,5.67,64.19,0
U000097,Organic Search,Mobile,High Intent,2025-05-10,2025-05-26,4,18,15.91,1,76.2,4.5,19.05,0
U000098,Direct,Mobile,New Consumer,2025-03-06,2025-03-19,3,17,12.42,3,307.07,5.67,102.36,0
U000099,Referral,Desktop,Deal Seeker,2025-03-09,2025-04-03,8,39,24.57,2,134.84,4.88,16.86,0
U000100,Paid Search,Mobile,New Consumer,2025-04-24,2025-05-06,4,29,11.52,4,309.08,7.25,77.27,0
U000101,Organic Search,Mobile,Returning Browser,2025-10-10,2025-10-15,2,19,4.5,2,189.89,9.5,94.94,1
U000102,Organic Search,Mobile,Deal Seeker,2025-03-29,2025-04-05,3,14,6.86,2,116.29,4.67,38.76,1
U000103,Direct,Mobile,Deal Seeker,2025-07-05,2025-07-15,3,15,9.92,4,358.79,5.0,119.6,0
U000104,Social,Desktop,New Consumer,2025-09-23,2025-10-01,3,27,7.45,2,31.21,9.0,10.4,0
U000105,Organic Search,Desktop,Returning Browser,2025-04-07,2025-04-27,3,21,19.53,2,157.69,7.0,52.56,0
U000106,Organic Search,Mobile,New Consumer,2025-05-08,2025-05-21,6,23,12.49,2,134.7,3.83,22.45,0
U000107,Referral,Desktop,Returning Browser,2025-03-19,2025-03-29,2,11,9.71,2,125.15,5.5,62.58,0
U000108,Organic Search,Mobile,High Intent,2025-07-21,2025-07-26,4,29,4.64,1,73.91,7.25,18.48,1
U000109,Email,Tablet,New Consumer,2025-03-11,2025-03-27,4,32,15.72,7,471.08,8.0,117.77,0
U000110,Paid Search,Desktop,New Consumer,2025-04-15,2025-04-21,2,15,5.22,2,121.06,7.5,60.53,1
U000111,Email,Mobile,New Consumer,2025-02-01,2025-02-11,2,20,9.72,2,164.34,10.0,82.17,0
U000112,Referral,Mobile,Deal Seeker,2025-07-12,2025-07-25,5,38,12.36,1,37.61,7.6,7.52,0
U000113,Paid Search,Tablet,New Consumer,2025-01-07,2025-01-23,4,25,15.5,4,233.15,6.25,58.29,0
U000114,Paid Search,Desktop,Returning Browser,2025-03-06,2025-03-20,6,39,13.92,3,233.71,6.5,38.95,0
U000115,Organic Search,Mobile,High Intent,2025-09-29,2025-10-13,3,20,13.03,1,66.72,6.67,22.24,0
U000116,Direct,Desktop,High Intent,2025-04-06,2025-04-18,4,29,11.23,1,63.07,7.25,15.77,0
U000117,Paid Search,Mobile,Returning Browser,2025-07-24,2025-08-09,5,30,15.88,1,62.09,6.0,12.42,0
U000118,Organic Search,Desktop,Returning Browser,2025-09-30,2025-10-15,3,13,14.06,2,125.43,4.33,41.81,0
U000119,Email,Desktop,Deal Seeker,2025-06-26,2025-07-03,3,27,6.33,4,259.25,9.0,86.42,1
U000120,Referral,Desktop,Returning Browser,2025-04-07,2025-04-11,1,3,3.1,3,160.27,3.0,160.27,1
U000121,Direct,Mobile,Returning Browser,2025-06-26,2025-07-04,3,26,7.8,3,155.42,8.67,51.81,0
U000122,Paid Search,Mobile,New Consumer,2025-01-31,2025-02-15,5,35,14.16,2,50.55,7.0,10.11,0
U000123,Social,Desktop,New Consumer,2025-08-05,2025-08-27,8,36,21.51,4,322.74,4.5,40.34,0
U000124,Referral,Desktop,Deal Seeker,2025-02-26,2025-03-05,2,18,6.64,2,155.02,9.0,77.51,1
U000125,Direct,Desktop,New Consumer,2025-02-06,2025-03-13,10,44,35.0,3,163.8,4.4,16.38,0
U000126,Paid Search,Mobile,Returning Browser,2025-05-29,2025-06-17,5,35,18.12,2,132.69,7.0,26.54,0
U000127,Organic Search,Desktop,New Consumer,2025-02-02,2025-02-11,3,24,8.23,1,90.63,8.0,30.21,0
U000128,Organic Search,Desktop,High Intent,2025-04-19,2025-04-29,2,17,9.64,3,178.77,8.5,89.38,0
U000129,Email,Desktop,High Intent,2025-02-14,2025-02-25,4,26,10.57,7,598.04,6.5,149.51,0
U000130,Email,Mobile,Returning Browser,2025-08-08,2025-08-22,3,16,13.58,1,38.49,5.33,12.83,0
U000131,Paid Search,Mobile,Returning Browser,2025-04-15,2025-05-07,5,29,21.39,3,255.37,5.8,51.07,0
U000132,Direct,Tablet,Returning Browser,2025-03-27,2025-04-06,4,22,9.28,2,159.49,5.5,39.87,0
U000133,Organic Search,Desktop,Returning Browser,2025-04-22,2025-05-10,8,60,17.13,1,89.19,7.5,11.15,0
U000134,Social,Desktop,New Consumer,2025-05-10,2025-05-24,4,23,13.85,1,34.7,5.75,8.68,0
U000135,Direct,Desktop,Deal Seeker,2025-07-06,2025-07-16,4,30,9.11,2,150.71,7.5,37.68,0
U000136,Paid Search,Mobile,Deal Seeker,2025-03-29,2025-04-19,5,32,20.28,4,293.98,6.4,58.8,0
U000137,Organic Search,Mobile,Returning Browser,2025-09-11,2025-09-16,2,13,4.86,3,180.46,6.5,90.23,1
U000138,Email,Mobile,Returning Browser,2025-04-30,2025-05-19,5,27,18.94,2,145.72,5.4,29.14,0
U000139,Referral,Desktop,High Intent,2025-06-16,2025-06-23,2,17,6.72,3,173.7,8.5,86.85,1
U000140,Direct,Tablet,High Intent,2025-03-23,2025-04-03,3,17,10.0,3,204.09,5.67,68.03,0
U000141,Social,Mobile,New Consumer,2025-03-28,2025-04-10,5,33,12.49,3,170.58,6.6,34.12,0
U000142,Email,Mobile,New Consumer,2025-03-23,2025-03-30,2,14,6.92,2,188.55,7.0,94.28,1
U000143,Referral,Tablet,New Consumer,2025-06-30,2025-07-07,2,13,6.97,3,214.05,6.5,107.02,1
U000144,Organic Search,Desktop,New Consumer,2025-05-22,2025-06-06,5,28,14.3,1,59.83,5.6,11.97,0
U000145,Referral,Tablet,Returning Browser,2025-10-19,2025-11-02,3,18,13.65,4,231.21,6.0,77.07,0
U000146,Social,Tablet,Returning Browser,2025-05-22,2025-06-11,6,37,19.48,5,366.19,6.17,61.03,0
U000147,Email,Desktop,High Intent,2025-06-21,2025-07-06,6,43,14.08,2,94.71,7.17,15.78,0
U000148,Paid Search,Desktop,High Intent,2025-03-29,2025-04-10,2,14,11.77,1,51.56,7.0,25.78,0
U000149,Organic Search,Desktop,Deal Seeker,2025-03-31,2025-04-13,5,23,12.18,1,37.26,4.6,7.45,0
U000150,Paid Search,Desktop,New Consumer,2025-04-29,2025-05-07,2,12,7.78,2,109.93,6.0,54.96,0
U000151,Paid Search,Desktop,Returning Browser,2025-06-06,2025-06-19,6,42,12.98,1,114.35,7.0,19.06,0
U000152,Direct,Mobile,New Consumer,2025-02-06,2025-02-18,5,8,11.98,4,369.95,1.6,73.99,0
U000153,Organic Search,Mobile,Deal Seeker,2025-02-15,2025-03-02,4,26,14.33,3,109.89,6.5,27.47,0
U000154,Organic Search,Mobile,New Consumer,2025-05-26,2025-06-17,7,35,21.4,1,89.91,5.0,12.84,0
U000155,Paid Search,Desktop,Deal Seeker,2025-02-11,2025-02-19,3,19,7.57,2,166.74,6.33,55.58,0
U000156,Email,Desktop,New Consumer,2025-04-28,2025-05-23,7,38,24.02,2,105.93,5.43,15.13,0
U000157,Paid Search,Desktop,New Consumer,2025-03-02,2025-03-16,4,31,13.71,3,137.53,7.75,34.38,0
U000158,Referral,Desktop,High Intent,2025-06-23,2025-07-11,5,39,17.71,1,76.69,7.8,15.34,0
U000159,Paid Search,Mobile,Returning Browser,2025-09-05,2025-09-12,4,19,6.88,4,320.65,4.75,80.16,1
U000160,Organic Search,Desktop,High Intent,2025-07-11,2025-07-25,7,29,13.66,3,235.55,4.14,33.65,0
U000161,Organic Search,Desktop,High Intent,2025-04-19,2025-04-24,1,6,4.76,3,183.34,6.0,183.34,1
U000162,Social,Mobile,New Consumer,2025-09-04,2025-09-21,5,17,16.18,3,300.21,3.4,60.04,0
U000163,Organic Search,Desktop,New Consumer,2025-06-07,2025-06-21,5,33,13.58,2,121.79,6.6,24.36,0
U000164,Referral,Mobile,High Intent,2025-05-19,2025-05-28,2,11,8.85,2,193.6,5.5,96.8,0
U000165,Email,Mobile,New Consumer,2025-06-02,2025-06-20,5,36,17.97,1,63.04,7.2,12.61,0
U000166,Paid Search,Mobile,Returning Browser,2025-01-13,2025-01-22,4,30,8.4,2,24.0,7.5,6.0,0
U000167,Social,Desktop,Deal Seeker,2025-08-16,2025-08-27,3,23,10.32,3,272.13,7.67,90.71,0
U000168,Referral,Desktop,High Intent,2025-03-02,2025-03-09,2,10,6.59,7,456.44,5.0,228.22,1
U000169,Social,Mobile,Deal Seeker,2025-05-25,2025-06-17,6,44,22.93,5,346.37,7.33,57.73,0
U000170,Paid Search,Mobile,Returning Browser,2025-07-12,2025-07-25,3,21,12.36,1,44.75,7.0,14.92,0
U000171,Referral,Mobile,Returning Browser,2025-05-05,2025-05-11,2,5,5.45,4,315.37,2.5,157.68,1
U000172,Email,Desktop,Deal Seeker,2025-04-17,2025-04-27,3,20,9.73,3,168.62,6.67,56.21,0
U000173,Referral,Mobile,High Intent,2025-07-20,2025-07-23,1,12,2.67,3,187.1,12.0,187.1,1
U000174,Social,Tablet,Returning Browser,2025-08-20,2025-09-04,5,36,14.73,3,175.67,7.2,35.13,0
U000175,Paid Search,Tablet,Returning Browser,2025-03-18,2025-03-24,3,21,5.75,1,59.76,7.0,19.92,1
U000176,Email,Mobile,Returning Browser,2025-10-04,2025-10-17,3,23,12.61,2,80.61,7.67,26.87,0
U000177,Social,Desktop,High Intent,2025-01-09,2025-02-03,6,47,24.12,3,266.75,7.83,44.46,0
U000178,Organic Search,Desktop,High Intent,2025-09-01,2025-09-09,1,7,7.59,2,56.76,7.0,56.76,0
U000179,Direct,Desktop,Deal Seeker,2025-06-18,2025-06-30,4,20,11.11,1,73.82,5.0,18.45,0
U000180,Paid Search,Mobile,High Intent,2025-07-30,2025-08-05,2,16,5.78,3,177.48,8.0,88.74,1
U000181,Referral,Desktop,Returning Browser,2025-02-15,2025-02-20,1,8,4.69,1,60.63,8.0,60.63,1
U000182,Organic Search,Mobile,High Intent,2025-08-23,2025-08-29,1,6,5.37,2,118.97,6.0,118.97,1
U000183,Direct,Mobile,Returning Browser,2025-01-12,2025-01-18,2,16,5.37,2,57.86,8.0,28.93,1
U000184,Email,Mobile,Returning Browser,2025-04-01,2025-04-09,2,10,7.4,2,128.85,5.0,64.42,0
U000185,Organic Search,Desktop,Deal Seeker,2025-03-10,2025-03-19,3,24,8.39,1,60.08,8.0,20.03,0
U000186,Paid Search,Desktop,Returning Browser,2025-04-04,2025-04-14,2,14,9.72,3,205.08,7.0,102.54,0
U000187,Referral,Desktop,Deal Seeker,2025-06-22,2025-07-07,5,33,14.04,3,153.16,6.6,30.63,0
U000188,Referral,Tablet,Returning Browser,2025-04-03,2025-04-09,2,11,5.39,3,197.37,5.5,98.68,1
U000189,Paid Search,Desktop,High Intent,2025-07-20,2025-07-27,2,9,6.54,3,166.74,4.5,83.37,1
U000190,Direct,Mobile,New Consumer,2025-09-20,2025-10-05,8,54,14.68,3,85.88,6.75,10.74,0
U000191,Paid Search,Desktop,Returning Browser,2025-07-29,2025-08-08,3,16,9.38,4,303.75,5.33,101.25,0
U000192,Organic Search,Desktop,New Consumer,2025-05-26,2025-06-15,5,34,19.51,3,277.47,6.8,55.49,0
U000193,Social,Mobile,New Consumer,2025-07-31,2025-08-11,5,24,10.48,1,62.0,4.8,12.4,0
U000194,Direct,Mobile,Returning Browser,2025-04-17,2025-05-09,4,22,21.19,3,151.7,5.5,37.92,0
U000195,Referral,Desktop,High Intent,2025-04-21,2025-05-02,1,9,10.41,4,324.47,9.0,324.47,0
U000196,Organic Search,Mobile,New Consumer,2025-02-11,2025-02-24,5,30,12.91,3,199.11,6.0,39.82,0
U000197,Paid Search,Mobile,High Intent,2025-10-17,2025-10-25,3,19,7.46,2,185.42,6.33,61.81,0
U000198,Referral,Mobile,New Consumer,2025-04-13,2025-04-19,2,13,5.09,1,79.06,6.5,39.53,1
U000199,Organic Search,Mobile,New Consumer,2025-04-18,2025-04-30,6,42,11.98,1,70.93,7.0,11.82,0
U000200,Paid Search,Mobile,Returning Browser,2025-09-10,2025-09-16,4,34,5.92,2,147.89,8.5,36.97,1
U000201,Email,Mobile,New Consumer,2025-01-14,2025-01-23,2,8,8.43,1,39.4,4.0,19.7,0
U000202,Organic Search,Desktop,Deal Seeker,2025-04-04,2025-04-10,2,11,5.5,2,137.47,5.5,68.74,1
U000203,Social,Desktop,Returning Browser,2025-07-11,2025-07-17,2,14,5.28,1,85.11,7.0,42.56,1
U000204,Social,Desktop,New Consumer,2025-02-18,2025-02-27,3,12,8.34,2,129.01,4.0,43.0,0
U000205,Referral,Mobile,High Intent,2025-10-22,2025-10-26,1,5,3.38,1,27.31,5.0,27.31,1
U000206,Paid Search,Mobile,New Consumer,2025-05-23,2025-06-04,4,30,11.78,1,54.09,7.5,13.52,0
U000207,Social,Mobile,New Consumer,2025-02-23,2025-02-28,6,30,4.45,4,183.67,5.0,30.61,1
U000208,Social,Tablet,New Consumer,2025-04-18,2025-04-28,3,19,9.29,5,205.45,6.33,68.48,0
U000209,Email,Mobile,New Consumer,2025-01-13,2025-01-24,3,14,10.27,4,105.56,4.67,35.19,0
U000210,Organic Search,Desktop,New Consumer,2025-09-06,2025-10-09,9,58,32.29,2,41.47,6.44,4.61,0
U000211,Organic Search,Desktop,High Intent,2025-02-28,2025-03-09,1,5,8.3,2,123.7,5.0,123.7,0
U000212,Email,Mobile,New Consumer,2025-10-16,2025-10-29,3,23,12.11,2,167.02,7.67,55.67,0
U000213,Organic Search,Desktop,Returning Browser,2025-02-12,2025-02-20,2,12,7.23,3,263.42,6.0,131.71,0
U000214,Email,Desktop,Returning Browser,2025-02-08,2025-02-16,3,19,7.96,1,80.69,6.33,26.9,0
U000215,Organic Search,Mobile,New Consumer,2025-06-29,2025-07-13,4,30,13.6,1,29.83,7.5,7.46,0
U000216,Social,Desktop,Deal Seeker,2025-09-10,2025-09-27,6,29,16.38,1,46.7,4.83,7.78,0
U000217,Social,Desktop,Deal Seeker,2025-01-29,2025-02-18,5,29,19.47,5,192.26,5.8,38.45,0
U000218,Social,Mobile,Deal Seeker,2025-05-04,2025-06-08,8,46,34.78,2,103.09,5.75,12.89,0
U000219,Social,Mobile,New Consumer,2025-09-10,2025-09-24,4,29,13.85,5,77.62,7.25,19.4,0
U000220,Referral,Mobile,Deal Seeker,2025-07-17,2025-07-27,5,30,9.19,3,283.24,6.0,56.65,0
U000221,Social,Mobile,High Intent,2025-09-30,2025-10-14,3,17,13.13,2,162.86,5.67,54.29,0
U000222,Organic Search,Desktop,Returning Browser,2025-08-04,2025-08-09,1,8,4.5,2,118.19,8.0,118.19,1
U000223,Referral,Mobile,Returning Browser,2025-10-09,2025-10-15,2,15,5.07,4,424.63,7.5,212.32,1
U000224,Referral,Mobile,Returning Browser,2025-06-03,2025-06-08,2,12,4.14,1,42.57,6.0,21.28,1
U000225,Email,Mobile,New Consumer,2025-05-18,2025-05-27,3,14,8.25,3,168.12,4.67,56.04,0
U000226,Email,Desktop,New Consumer,2025-01-28,2025-02-17,7,52,19.34,2,153.11,7.43,21.87,0
U000227,Referral,Tablet,Returning Browser,2025-07-14,2025-07-22,3,18,7.82,2,137.16,6.0,45.72,0
U000228,Organic Search,Desktop,Returning Browser,2025-03-15,2025-03-27,3,23,11.27,1,86.68,7.67,28.89,0
U000229,Organic Search,Mobile,New Consumer,2025-09-29,2025-10-10,6,50,10.01,3,168.61,8.33,28.1,0
U000230,Paid Search,Mobile,Returning Browser,2025-03-14,2025-04-10,8,38,26.05,3,262.72,4.75,32.84,0
U000231,Direct,Desktop,New Consumer,2025-01-22,2025-02-23,9,57,31.29,1,68.48,6.33,7.61,0
U000232,Email,Desktop,Returning Browser,2025-05-31,2025-06-07,2,18,6.43,3,253.63,9.0,126.82,1
U000233,Paid Search,Mobile,Returning Browser,2025-02-13,2025-02-24,4,25,10.61,2,179.41,6.25,44.85,0
U000234,Paid Search,Mobile,Deal Seeker,2025-09-27,2025-10-09,5,36,11.72,4,238.0,7.2,47.6,0
U000235,Paid Search,Desktop,New Consumer,2025-09-07,2025-09-13,2,7,5.51,1,79.13,3.5,39.56,1
U000236,Direct,Tablet,Deal Seeker,2025-05-09,2025-05-28,7,43,18.12,4,320.83,6.14,45.83,0
U000237,Organic Search,Mobile,New Consumer,2025-07-27,2025-08-03,3,21,6.92,3,143.99,7.0,48.0,1
U000238,Paid Search,Mobile,New Consumer,2025-10-22,2025-11-22,9,43,30.57,1,42.05,4.78,4.67,0
U000239,Social,Mobile,New Consumer,2025-09-13,2025-09-25,5,25,11.53,4,490.88,5.0,98.18,0
U000240,Social,Mobile,Returning Browser,2025-09-17,2025-10-22,12,81,35.0,2,72.86,6.75,6.07,0
U000241,Organic Search,Mobile,New Consumer,2025-03-22,2025-04-25,12,40,33.53,5,370.05,3.33,30.84,0
U000242,Paid Search,Mobile,New Consumer,2025-06-10,2025-06-23,5,19,12.02,2,95.76,3.8,19.15,0
U000243,Organic Search,Mobile,High Intent,2025-02-04,2025-02-13,2,13,8.89,1,82.09,6.5,41.04,0
U000244,Paid Search,Desktop,Deal Seeker,2025-02-25,2025-03-11,5,36,13.21,1,54.12,7.2,10.82,0
U000245,Paid Search,Mobile,New Consumer,2025-08-27,2025-09-08,6,36,11.17,2,99.73,6.0,16.62,0
U000246,Organic Search,Desktop,New Consumer,2025-08-01,2025-08-09,3,26,7.59,2,182.39,8.67,60.8,0
U000247,Direct,Tablet,Returning Browser,2025-04-05,2025-04-20,3,10,14.35,2,135.09,3.33,45.03,0
U000248,Organic Search,Mobile,High Intent,2025-02-12,2025-02-27,7,50,14.35,3,222.05,7.14,31.72,0
U000249,Organic Search,Tablet,Returning Browser,2025-10-06,2025-10-30,8,50,23.44,2,79.32,6.25,9.91,0
U000250,Referral,Mobile,New Consumer,2025-09-02,2025-09-13,3,22,10.98,2,174.05,7.33,58.02,0
U000251,Email,Desktop,Returning Browser,2025-08-10,2025-08-24,3,22,13.9,1,87.85,7.33,29.28,0
U000252,Email,Mobile,New Consumer,2025-02-12,2025-02-18,2,11,5.49,1,68.6,5.5,34.3,1
U000253,Organic Search,Mobile,Returning Browser,2025-02-26,2025-03-07,2,13,8.05,1,62.35,6.5,31.18,0
U000254,Paid Search,Desktop,Returning Browser,2025-01-03,2025-01-13,2,18,9.52,3,270.82,9.0,135.41,0
U000255,Email,Tablet,Deal Seeker,2025-08-04,2025-08-16,4,38,11.75,2,184.17,9.5,46.04,0
U000256,Organic Search,Desktop,New Consumer,2025-10-03,2025-10-13,3,25,9.09,2,84.13,8.33,28.04,0
U000257,Paid Search,Desktop,New Consumer,2025-02-24,2025-03-17,7,47,20.16,2,170.97,6.71,24.42,0
U000258,Email,Mobile,New Consumer,2025-03-27,2025-04-01,4,23,4.17,3,243.0,5.75,60.75,1
U000259,Email,Tablet,High Intent,2025-02-26,2025-03-08,3,15,9.77,2,64.35,5.0,21.45,0
U000260,Email,Desktop,Deal Seeker,2025-08-21,2025-08-27,2,18,5.32,1,61.23,9.0,30.62,1
U000261,Organic Search,Desktop,New Consumer,2025-04-07,2025-04-16,3,18,8.39,2,176.65,6.0,58.88,0
U000262,Email,Mobile,Returning Browser,2025-05-27,2025-06-05,5,36,8.98,3,153.81,7.2,30.76,0
U000263,Social,Desktop,Returning Browser,2025-10-08,2025-10-21,2,17,12.9,4,325.8,8.5,162.9,0
U000264,Organic Search,Desktop,Returning Browser,2025-10-21,2025-10-31,2,6,9.52,5,363.65,3.0,181.82,0
U000265,Email,Mobile,Returning Browser,2025-05-07,2025-05-12,2,19,4.29,4,425.73,9.5,212.86,1
U000266,Paid Search,Desktop,High Intent,2025-01-24,2025-02-06,5,26,12.05,1,45.8,5.2,9.16,0
U000267,Organic Search,Mobile,Deal Seeker,2025-03-11,2025-03-25,4,24,13.67,1,134.78,6.0,33.7,0
U000268,Direct,Mobile,New Consumer,2025-05-02,2025-05-15,3,16,12.01,3,94.19,5.33,31.4,0
U000269,Paid Search,Desktop,New Consumer,2025-01-29,2025-02-07,4,15,8.11,3,179.21,3.75,44.8,0
U000270,Organic Search,Desktop,High Intent,2025-03-09,2025-03-13,1,12,3.88,2,123.53,12.0,123.53,1
U000271,Organic Search,Tablet,New Consumer,2025-04-25,2025-05-06,4,31,10.44,3,161.75,7.75,40.44,0
U000272,Organic Search,Mobile,New Consumer,2025-09-07,2025-09-12,5,32,4.41,3,178.36,6.4,35.67,1
U000273,Organic Search,Desktop,High Intent,2025-09-09,2025-09-13,2,11,3.13,3,214.86,5.5,107.43,1
U000274,Paid Search,Desktop,Returning Browser,2025-09-13,2025-09-28,4,24,14.24,3,197.8,6.0,49.45,0
U000275,Paid Search,Mobile,New Consumer,2025-07-03,2025-07-10,3,16,6.7,1,45.17,5.33,15.06,1
U000276,Referral,Mobile,New Consumer,2025-08-14,2025-08-23,2,6,9.0,2,86.52,3.0,43.26,0
U000277,Referral,Mobile,High Intent,2025-09-24,2025-09-29,1,9,4.28,1,93.88,9.0,93.88,1
U000278,Paid Search,Desktop,Deal Seeker,2025-09-17,2025-10-02,6,25,14.09,2,134.48,4.17,22.41,0
U000279,Organic Search,Tablet,High Intent,2025-06-06,2025-06-11,1,11,4.46,2,62.89,11.0,62.89,1
U000280,Paid Search,Mobile,Deal Seeker,2025-05-30,2025-06-20,5,38,20.35,4,451.94,7.6,90.39,0
U000281,Paid Search,Desktop,High Intent,2025-09-09,2025-10-06,12,67,26.13,3,277.51,5.58,23.13,0
U000282,Paid Search,Desktop,High Intent,2025-02-23,2025-03-03,3,24,7.78,2,119.21,8.0,39.74,0
U000283,Paid Search,Mobile,High Intent,2025-03-24,2025-04-03,4,15,9.3,1,58.11,3.75,14.53,0
U000284,Direct,Desktop,High Intent,2025-07-15,2025-07-28,2,13,12.59,1,107.86,6.5,53.93,0
U000285,Organic Search,Mobile,High Intent,2025-06-06,2025-06-22,4,17,15.16,2,160.34,4.25,40.08,0
U000286,Social,Mobile,New Consumer,2025-07-10,2025-07-21,4,35,10.5,3,125.28,8.75,31.32,0
U000287,Email,Mobile,New Consumer,2025-09-02,2025-09-09,3,17,6.84,1,72.87,5.67,24.29,1
U000288,Email,Mobile,New Consumer,2025-07-28,2025-08-07,4,34,9.8,2,153.0,8.5,38.25,0
U000289,Social,Desktop,New Consumer,2025-09-15,2025-09-23,5,28,7.97,2,177.65,5.6,35.53,0
U000290,Email,Mobile,Returning Browser,2025-02-17,2025-02-27,4,19,9.79,1,27.0,4.75,6.75,0
U000291,Social,Mobile,Returning Browser,2025-06-15,2025-07-03,5,34,17.39,3,199.47,6.8,39.89,0
U000292,Paid Search,Desktop,New Consumer,2025-08-04,2025-08-13,4,30,8.58,3,132.5,7.5,33.12,0
U000293,Referral,Desktop,New Consumer,2025-03-04,2025-03-11,3,21,6.78,3,70.93,7.0,23.64,1
U000294,Organic Search,Desktop,High Intent,2025-08-03,2025-08-20,5,26,16.32,3,162.11,5.2,32.42,0
U000295,Paid Search,Mobile,New Consumer,2025-06-12,2025-07-04,6,42,21.66,2,110.41,7.0,18.4,0
U000296,Organic Search,Desktop,New Consumer,2025-04-30,2025-05-11,3,17,10.77,1,72.27,5.67,24.09,0
U000297,Social,Desktop,Returning Browser,2025-08-18,2025-09-04,6,20,16.96,2,192.69,3.33,32.12,0
U000298,Social,Mobile,Returning Browser,2025-03-09,2025-03-17,3,23,7.1,6,336.63,7.67,112.21,0
U000299,Social,Desktop,Returning Browser,2025-09-27,2025-10-08,3,20,10.25,3,139.21,6.67,46.4,0
U000300,Email,Desktop,High Intent,2025-10-11,2025-10-16,2,17,4.29,3,193.6,8.5,96.8,1
U000301,Paid Search,Mobile,Deal Seeker,2025-01-26,2025-02-17,4,30,21.02,4,241.31,7.5,60.33,0
U000302,Email,Mobile,New Consumer,2025-10-07,2025-10-15,2,12,7.99,1,90.04,6.0,45.02,0
U000303,Referral,Mobile,New Consumer,2025-05-16,2025-05-26,3,23,9.83,1,87.36,7.67,29.12,0
U000304,Social,Desktop,New Consumer,2025-05-23,2025-06-14,5,33,21.57,1,12.0,6.6,2.4,0
U000305,Paid Search,Desktop,High Intent,2025-04-20,2025-04-26,2,13,5.56,5,301.61,6.5,150.8,1
U000306,Direct,Desktop,New Consumer,2025-07-14,2025-08-06,6,27,22.63,1,94.53,4.5,15.76,0
U000307,Email,Mobile,High Intent,2025-06-15,2025-06-23,2,12,7.61,3,282.13,6.0,141.06,0
U000308,Email,Mobile,New Consumer,2025-09-14,2025-10-03,5,33,18.83,4,260.52,6.6,52.1,0
U000309,Organic Search,Desktop,Returning Browser,2025-09-24,2025-10-05,2,16,10.29,3,235.86,8.0,117.93,0
U000310,Organic Search,Desktop,Returning Browser,2025-05-17,2025-06-02,5,31,15.16,2,178.38,6.2,35.68,0
U000311,Email,Desktop,Deal Seeker,2025-10-16,2025-10-30,4,22,13.03,1,80.83,5.5,20.21,0
U000312,Social,Mobile,Deal Seeker,2025-10-04,2025-10-22,5,37,17.62,3,150.93,7.4,30.19,0
U000313,Paid Search,Mobile,Deal Seeker,2025-07-02,2025-07-11,4,33,8.47,2,82.85,8.25,20.71,0
U000314,Email,Mobile,Returning Browser,2025-05-15,2025-05-27,4,33,11.94,3,112.03,8.25,28.01,0
U000315,Organic Search,Desktop,Returning Browser,2025-01-03,2025-01-08,1,6,4.52,4,237.85,6.0,237.85,1
U000316,Organic Search,Desktop,Deal Seeker,2025-01-10,2025-01-20,4,31,9.69,3,324.44,7.75,81.11,0
U000317,Referral,Mobile,New Consumer,2025-01-13,2025-01-23,3,33,9.0,2,159.25,11.0,53.08,0
U000318,Email,Desktop,High Intent,2025-10-21,2025-10-28,2,9,6.45,1,65.75,4.5,32.88,1
U000319,Email,Desktop,High Intent,2025-09-11,2025-09-18,1,8,6.4,2,95.98,8.0,95.98,1
U000320,Organic Search,Desktop,High Intent,2025-09-18,2025-09-27,2,14,8.95,5,327.72,7.0,163.86,0
U000321,Paid Search,Mobile,High Intent,2025-01-14,2025-01-18,1,9,3.68,3,178.76,9.0,178.76,1
U000322,Email,Desktop,Deal Seeker,2025-05-20,2025-05-28,2,14,7.93,3,197.33,7.0,98.66,0
U000323,Direct,Desktop,High Intent,2025-06-06,2025-07-11,8,39,35.0,2,157.02,4.88,19.63,0
U000324,Organic Search,Desktop,Deal Seeker,2025-03-26,2025-04-08,3,24,12.38,3,274.52,8.0,91.51,0
U000325,Social,Tablet,Returning Browser,2025-06-30,2025-07-08,3,21,7.83,2,73.62,7.0,24.54,0
U000326,Social,Mobile,Returning Browser,2025-04-18,2025-05-01,4,25,12.22,3,173.32,6.25,43.33,0
U000327,Organic Search,Mobile,High Intent,2025-08-08,2025-08-14,2,5,5.86,1,28.47,2.5,14.24,1
U000328,Referral,Mobile,New Consumer,2025-07-10,2025-07-25,4,16,14.33,2,43.82,4.0,10.96,0
U000329,Direct,Mobile,Returning Browser,2025-02-11,2025-02-16,3,21,4.26,2,147.42,7.0,49.14,1
U000330,Email,Mobile,New Consumer,2025-10-27,2025-11-17,4,27,20.23,2,43.69,6.75,10.92,0
U000331,Paid Search,Mobile,Returning Browser,2025-02-26,2025-03-23,9,71,24.92,3,216.3,7.89,24.03,0
U000332,Referral,Mobile,High Intent,2025-08-22,2025-09-10,5,33,18.45,3,252.43,6.6,50.49,0
U000333,Paid Search,Desktop,Deal Seeker,2025-07-06,2025-07-21,7,38,14.49,3,86.81,5.43,12.4,0
U000334,Email,Mobile,High Intent,2025-08-24,2025-09-04,3,19,10.42,5,249.69,6.33,83.23,0
U000335,Referral,Mobile,Returning Browser,2025-10-09,2025-10-19,5,39,9.8,2,168.12,7.8,33.62,0
U000336,Paid Search,Desktop,Deal Seeker,2025-02-28,2025-03-06,4,27,5.75,1,40.62,6.75,10.15,1
U000337,Organic Search,Mobile,Returning Browser,2025-06-04,2025-06-13,4,32,8.39,1,70.68,8.0,17.67,0
U000338,Paid Search,Mobile,Returning Browser,2025-09-04,2025-09-11,3,23,6.64,2,136.33,7.67,45.44,1
U000339,Organic Search,Desktop,Deal Seeker,2025-10-19,2025-10-24,2,17,4.18,2,155.11,8.5,77.56,1
U000340,Social,Mobile,New Consumer,2025-02-28,2025-03-14,4,22,13.15,3,207.15,5.5,51.79,0
U000341,Paid Search,Mobile,High Intent,2025-04-25,2025-05-04,2,11,8.41,3,284.44,5.5,142.22,0
U000342,Organic Search,Tablet,High Intent,2025-10-07,2025-10-16,2,15,8.02,2,128.38,7.5,64.19,0
U000343,Referral,Desktop,Returning Browser,2025-08-15,2025-08-24,3,29,8.22,5,146.64,9.67,48.88,0
U000344,Social,Mobile,New Consumer,2025-09-23,2025-10-07,3,20,13.93,3,151.59,6.67,50.53,0
U000345,Social,Mobile,Returning Browser,2025-05-20,2025-06-02,3,9,12.15,2,149.2,3.0,49.73,0
U000346,Referral,Mobile,New Consumer,2025-10-05,2025-10-13,2,16,7.23,2,182.95,8.0,91.48,0
U000347,Paid Search,Mobile,Returning Browser,2025-04-29,2025-05-06,2,16,6.14,2,61.75,8.0,30.88,1
U000348,Organic Search,Mobile,High Intent,2025-06-19,2025-06-28,2,9,8.52,2,164.41,4.5,82.2,0
U000349,Referral,Mobile,High Intent,2025-05-23,2025-05-30,3,14,6.31,3,395.44,4.67,131.81,1
U000350,Paid Search,Mobile,New Consumer,2025-08-15,2025-08-26,3,27,10.51,2,140.34,9.0,46.78,0
U000351,Organic Search,Mobile,New Consumer,2025-07-19,2025-08-12,4,14,23.51,3,126.79,3.5,31.7,0
U000352,Organic Search,Desktop,Deal Seeker,2025-09-24,2025-10-11,4,19,16.24,2,156.52,4.75,39.13,0
U000353,Email,Mobile,New Consumer,2025-01-02,2025-02-06,9,51,35.0,2,121.48,5.67,13.5,0
U000354,Email,Mobile,New Consumer,2025-09-24,2025-10-29,7,43,34.57,4,227.21,6.14,32.46,0
U000355,Paid Search,Mobile,High Intent,2025-05-09,2025-05-27,5,24,17.65,3,191.44,4.8,38.29,0
U000356,Direct,Mobile,Returning Browser,2025-01-01,2025-01-12,6,39,10.32,1,70.79,6.5,11.8,0
U000357,Organic Search,Desktop,New Consumer,2025-04-24,2025-05-03,3,15,8.87,3,174.01,5.0,58.0,0
U000358,Email,Desktop,Deal Seeker,2025-03-19,2025-03-27,2,16,7.15,3,171.93,8.0,85.96,0
U000359,Organic Search,Tablet,Deal Seeker,2025-09-12,2025-09-23,2,20,10.64,4,297.71,10.0,148.85,0
U000360,Referral,Tablet,New Consumer,2025-01-02,2025-01-09,4,22,6.21,2,198.64,5.5,49.66,1
U000361,Organic Search,Desktop,Returning Browser,2025-05-02,2025-05-24,6,34,21.2,2,139.11,5.67,23.18,0
U000362,Paid Search,Desktop,Returning Browser,2025-03-22,2025-03-30,2,14,7.66,4,219.66,7.0,109.83,0
U000363,Email,Mobile,New Consumer,2025-02-23,2025-03-11,4,25,15.17,3,247.04,6.25,61.76,0
U000364,Social,Mobile,New Consumer,2025-06-06,2025-06-24,5,34,17.7,2,148.0,6.8,29.6,0
U000365,Organic Search,Mobile,Returning Browser,2025-07-11,2025-07-24,3,18,12.48,2,114.96,6.0,38.32,0
U000366,Paid Search,Mobile,High Intent,2025-08-06,2025-08-18,4,29,11.4,1,30.7,7.25,7.68,0
U000367,Referral,Desktop,New Consumer,2025-06-23,2025-07-06,4,26,12.54,2,175.22,6.5,43.8,0
U000368,Paid Search,Mobile,Deal Seeker,2025-01-02,2025-01-09,3,26,6.73,1,72.89,8.67,24.3,1
U000369,Organic Search,Mobile,New Consumer,2025-06-12,2025-06-23,4,21,10.23,2,92.26,5.25,23.06,0
U000370,Email,Desktop,High Intent,2025-01-21,2025-02-03,4,27,12.22,2,184.95,6.75,46.24,0
U000371,Email,Mobile,High Intent,2025-09-01,2025-09-21,7,53,19.51,2,136.87,7.57,19.55,0
U000372,Organic Search,Mobile,New Consumer,2025-03-07,2025-03-29,7,50,21.06,1,70.95,7.14,10.14,0
U000373,Email,Desktop,New Consumer,2025-01-02,2025-02-01,8,60,29.87,4,251.46,7.5,31.43,0
U000374,Email,Desktop,New Consumer,2025-03-02,2025-03-17,3,23,14.14,2,164.44,7.67,54.81,0
U000375,Paid Search,Tablet,Returning Browser,2025-07-24,2025-08-03,2,17,9.44,2,189.47,8.5,94.74,0
U000376,Email,Desktop,Deal Seeker,2025-05-20,2025-06-01,3,15,11.23,4,129.2,5.0,43.07,0
U000377,Direct,Mobile,Returning Browser,2025-09-06,2025-09-26,5,20,19.92,1,84.22,4.0,16.84,0
U000378,Organic Search,Desktop,New Consumer,2025-03-02,2025-03-10,3,17,7.85,2,127.35,5.67,42.45,0
U000379,Social,Desktop,New Consumer,2025-03-27,2025-04-12,5,26,15.01,2,115.99,5.2,23.2,0
U000380,Direct,Desktop,High Intent,2025-08-01,2025-08-07,2,16,5.14,3,145.13,8.0,72.56,1
U000381,Direct,Mobile,New Consumer,2025-08-21,2025-09-14,6,17,23.32,1,85.25,2.83,14.21,0
U000382,Organic Search,Mobile,Deal Seeker,2025-09-18,2025-09-26,2,13,7.96,2,217.95,6.5,108.98,0
U000383,Organic Search,Mobile,New Consumer,2025-04-10,2025-04-21,3,14,10.62,2,79.87,4.67,26.62,0
U000384,Social,Mobile,New Consumer,2025-09-15,2025-10-03,5,27,17.98,2,122.48,5.4,24.5,0
U000385,Email,Mobile,New Consumer,2025-03-20,2025-03-29,3,16,8.39,3,129.74,5.33,43.25,0
U000386,Referral,Desktop,High Intent,2025-04-20,2025-05-04,5,53,13.85,3,97.67,10.6,19.53,0
U000387,Email,Mobile,High Intent,2025-06-30,2025-07-17,4,20,16.48,2,142.3,5.0,35.58,0
U000388,Email,Desktop,Returning Browser,2025-09-09,2025-09-16,2,10,6.31,1,29.94,5.0,14.97,1
U000389,Email,Mobile,High Intent,2025-02-20,2025-03-04,3,21,11.72,5,358.0,7.0,119.33,0
U000390,Email,Mobile,New Consumer,2025-02-22,2025-03-10,4,42,15.77,2,102.02,10.5,25.5,0
U000391,Social,Desktop,Returning Browser,2025-03-05,2025-03-25,9,51,19.9,2,133.59,5.67,14.84,0
U000392,Email,Desktop,Returning Browser,2025-04-28,2025-05-03,2,21,4.93,2,157.39,10.5,78.69,1
U000393,Organic Search,Desktop,New Consumer,2025-09-16,2025-10-05,8,35,18.12,3,326.85,4.38,40.86,0
U000394,Direct,Mobile,Deal Seeker,2025-06-05,2025-06-20,5,33,14.59,1,64.97,6.6,12.99,0
U000395,Organic Search,Mobile,Returning Browser,2025-09-08,2025-09-16,2,15,7.88,1,117.74,7.5,58.87,0
U000396,Social,Mobile,New Consumer,2025-01-21,2025-02-06,6,26,15.2,5,288.68,4.33,48.11,0
U000397,Organic Search,Desktop,Returning Browser,2025-03-13,2025-03-20,2,7,6.85,2,152.25,3.5,76.12,1
U000398,Paid Search,Mobile,New Consumer,2025-07-22,2025-08-01,3,13,9.87,4,290.73,4.33,96.91,0
U000399,Organic Search,Mobile,New Consumer,2025-09-28,2025-10-31,7,48,32.7,2,152.47,6.86,21.78,0
U000400,Referral,Mobile,New Consumer,2025-08-19,2025-08-30,5,22,10.04,1,109.13,4.4,21.83,0
U000401,Paid Search,Desktop,New Consumer,2025-05-16,2025-05-25,3,17,8.3,3,192.22,5.67,64.07,0
U000402,Paid Search,Desktop,New Consumer,2025-07-15,2025-07-28,3,12,12.06,1,32.61,4.0,10.87,0
U000403,Organic Search,Desktop,High Intent,2025-03-26,2025-04-02,2,18,6.18,6,517.37,9.0,258.68,1
U000404,Email,Desktop,Returning Browser,2025-01-23,2025-01-28,1,4,4.12,3,173.78,4.0,173.78,1
U000405,Referral,Desktop,Returning Browser,2025-08-01,2025-08-09,2,20,7.08,4,305.82,10.0,152.91,0
U000406,Email,Tablet,High Intent,2025-04-16,2025-04-27,2,8,10.12,3,230.21,4.0,115.1,0
U000407,Direct,Mobile,High Intent,2025-05-19,2025-05-29,3,20,9.2,2,177.96,6.67,59.32,0
U000408,Organic Search,Mobile,High Intent,2025-10-08,2025-10-15,1,6,6.8,1,49.01,6.0,49.01,1
U000409,Email,Tablet,New Consumer,2025-05-28,2025-06-04,3,21,6.04,1,56.7,7.0,18.9,1
U000410,Organic Search,Desktop,New Consumer,2025-04-29,2025-05-15,4,20,15.83,2,99.43,5.0,24.86,0
U000411,Paid Search,Desktop,New Consumer,2025-05-05,2025-05-25,5,15,19.35,1,81.15,3.0,16.23,0
U000412,Email,Mobile,High Intent,2025-09-22,2025-09-27,1,9,4.44,3,131.47,9.0,131.47,1
U000413,Organic Search,Mobile,New Consumer,2025-02-01,2025-02-08,3,18,6.26,3,36.0,6.0,12.0,1
U000414,Social,Mobile,New Consumer,2025-03-03,2025-03-17,4,28,13.19,2,176.96,7.0,44.24,0
U000415,Email,Mobile,Returning Browser,2025-07-26,2025-08-08,3,26,12.4,3,140.17,8.67,46.72,0
U000416,Organic Search,Mobile,High Intent,2025-05-06,2025-05-18,6,39,11.41,1,69.75,6.5,11.62,0
U000417,Organic Search,Mobile,Returning Browser,2025-07-07,2025-07-23,3,25,15.61,4,176.48,8.33,58.83,0
U000418,Paid Search,Mobile,New Consumer,2025-02-20,2025-03-08,5,37,15.8,3,164.57,7.4,32.91,0
U000419,Paid Search,Desktop,New Consumer,2025-08-12,2025-08-27,4,31,14.31,4,240.39,7.75,60.1,0
U000420,Referral,Desktop,New Consumer,2025-04-09,2025-04-15,1,6,5.26,2,137.31,6.0,137.31,1
U000421,Social,Desktop,New Consumer,2025-04-07,2025-04-28,6,30,20.18,3,237.51,5.0,39.58,0
U000422,Social,Desktop,New Consumer,2025-07-13,2025-07-27,4,34,13.46,4,272.9,8.5,68.22,0
U000423,Paid Search,Mobile,High Intent,2025-08-17,2025-08-24,3,27,6.25,2,35.15,9.0,11.72,1
U000424,Paid Search,Mobile,Returning Browser,2025-05-22,2025-06-01,4,32,9.79,3,283.52,8.0,70.88,0
U000425,Email,Mobile,Returning Browser,2025-04-17,2025-04-29,4,34,11.2,1,79.2,8.5,19.8,0
U000426,Direct,Desktop,High Intent,2025-06-07,2025-06-10,1,7,2.72,4,212.94,7.0,212.94,1
U000427,Paid Search,Mobile,Deal Seeker,2025-07-31,2025-08-16,4,34,15.66,1,94.28,8.5,23.57,0
U000428,Direct,Mobile,New Consumer,2025-05-09,2025-06-04,10,58,25.31,2,115.74,5.8,11.57,0
U000429,Paid Search,Desktop,Deal Seeker,2025-04-29,2025-05-21,5,46,21.25,3,133.38,9.2,26.68,0
U000430,Direct,Desktop,New Consumer,2025-02-13,2025-02-20,2,16,6.73,2,200.09,8.0,100.04,1
U000431,Direct,Mobile,New Consumer,2025-08-17,2025-09-14,6,31,27.4,6,226.8,5.17,37.8,0
U000432,Organic Search,Mobile,New Consumer,2025-05-11,2025-05-21,2,12,9.17,2,126.17,6.0,63.08,0
U000433,Paid Search,Mobile,Returning Browser,2025-01-02,2025-01-16,4,27,13.92,3,319.38,6.75,79.84,0
U000434,Paid Search,Desktop,Deal Seeker,2025-06-20,2025-07-12,4,21,21.97,1,50.89,5.25,12.72,0
U000435,Referral,Mobile,Deal Seeker,2025-04-07,2025-04-15,2,15,7.37,1,74.01,7.5,37.01,0
U000436,Referral,Desktop,New Consumer,2025-02-04,2025-02-23,10,81,18.76,4,137.52,8.1,13.75,0
U000437,Email,Desktop,New Consumer,2025-08-03,2025-08-13,2,17,9.05,2,169.9,8.5,84.95,0
U000438,Organic Search,Desktop,Returning Browser,2025-05-20,2025-05-28,2,12,7.79,2,50.59,6.0,25.3,0
U000439,Organic Search,Mobile,Deal Seeker,2025-05-07,2025-05-15,2,13,7.11,3,252.62,6.5,126.31,0
U000440,Email,Mobile,Returning Browser,2025-02-19,2025-02-25,2,12,5.76,2,43.94,6.0,21.97,1
U000441,Referral,Desktop,New Consumer,2025-04-18,2025-04-25,3,24,6.82,4,202.89,8.0,67.63,1
U000442,Referral,Mobile,Deal Seeker,2025-10-24,2025-11-03,2,14,9.86,2,75.99,7.0,37.99,0
U000443,Paid Search,Desktop,Returning Browser,2025-04-10,2025-04-16,2,15,5.28,4,181.63,7.5,90.82,1
U000444,Organic Search,Mobile,Returning Browser,2025-04-23,2025-05-02,2,10,8.12,2,34.18,5.0,17.09,0
U000445,Paid Search,Desktop,High Intent,2025-10-01,2025-10-04,1,10,2.83,2,135.65,10.0,135.65,1
U000446,Paid Search,Mobile,New Consumer,2025-05-18,2025-05-30,3,22,11.99,2,103.83,7.33,34.61,0
U000447,Organic Search,Tablet,High Intent,2025-01-17,2025-01-24,2,17,6.59,2,101.38,8.5,50.69,1
U000448,Paid Search,Desktop,New Consumer,2025-04-21,2025-05-14,10,58,22.38,3,131.5,5.8,13.15,0
U000449,Direct,Mobile,High Intent,2025-10-09,2025-10-14,1,3,4.79,4,253.42,3.0,253.42,1
U000450,Social,Mobile,New Consumer,2025-08-21,2025-09-07,4,29,16.41,3,219.55,7.25,54.89,0
U000451,Organic Search,Mobile,High Intent,2025-10-21,2025-11-04,3,15,13.61,6,247.14,5.0,82.38,0
U000452,Organic Search,Desktop,New Consumer,2025-06-06,2025-06-13,2,19,6.21,2,90.26,9.5,45.13,1
U000453,Organic Search,Mobile,Returning Browser,2025-05-19,2025-06-01,4,34,12.51,3,127.2,8.5,31.8,0
U000454,Referral,Mobile,New Consumer,2025-02-09,2025-02-23,4,31,13.7,2,54.05,7.75,13.51,0
U000455,Social,Mobile,Deal Seeker,2025-02-08,2025-02-11,3,18,2.53,3,175.13,6.0,58.38,1
U000456,Email,Mobile,Returning Browser,2025-06-12,2025-06-23,5,32,10.48,2,110.12,6.4,22.02,0
U000457,Organic Search,Mobile,High Intent,2025-04-24,2025-05-07,4,17,12.22,1,77.23,4.25,19.31,0
U000458,Organic Search,Desktop,High Intent,2025-04-21,2025-05-12,6,36,20.48,3,199.67,6.0,33.28,0
U000459,Organic Search,Mobile,Returning Browser,2025-03-26,2025-04-08,3,22,12.45,3,349.67,7.33,116.56,0
U000460,Social,Desktop,High Intent,2025-08-26,2025-09-07,4,21,11.4,4,173.22,5.25,43.3,0
U000461,Social,Mobile,New Consumer,2025-06-01,2025-06-21,6,49,19.83,3,238.81,8.17,39.8,0
U000462,Organic Search,Tablet,High Intent,2025-06-22,2025-07-16,7,49,23.14,1,62.51,7.0,8.93,0
U000463,Email,Mobile,New Consumer,2025-07-31,2025-08-13,6,36,12.8,2,155.29,6.0,25.88,0
U000464,Organic Search,Tablet,New Consumer,2025-06-27,2025-07-13,3,13,15.5,3,142.72,4.33,47.57,0
U000465,Paid Search,Mobile,High Intent,2025-08-11,2025-08-26,5,27,14.2,2,60.15,5.4,12.03,0
U000466,Organic Search,Mobile,New Consumer,2025-04-22,2025-05-20,6,34,27.01,2,50.41,5.67,8.4,0
U000467,Email,Mobile,New Consumer,2025-09-09,2025-10-01,7,44,21.17,3,197.6,6.29,28.23,0
U000468,Organic Search,Desktop,High Intent,2025-09-05,2025-09-11,2,5,5.33,2,186.84,2.5,93.42,1
U000469,Organic Search,Mobile,High Intent,2025-01-12,2025-01-16,2,14,3.43,1,48.55,7.0,24.28,1
U000470,Paid Search,Mobile,Deal Seeker,2025-10-21,2025-11-01,4,24,10.23,4,338.22,6.0,84.56,0
U000471,Organic Search,Mobile,New Consumer,2025-04-04,2025-04-24,4,25,19.98,3,252.17,6.25,63.04,0
U000472,Referral,Desktop,Returning Browser,2025-04-10,2025-04-19,2,3,8.94,2,127.72,1.5,63.86,0
U000473,Direct,Mobile,New Consumer,2025-09-02,2025-09-16,4,29,13.58,3,136.89,7.25,34.22,0
U000474,Referral,Mobile,Returning Browser,2025-05-28,2025-06-06,5,28,8.87,2,112.11,5.6,22.42,0
U000475,Organic Search,Desktop,High Intent,2025-06-22,2025-07-02,3,16,9.63,3,180.59,5.33,60.2,0
U000476,Paid Search,Mobile,New Consumer,2025-04-26,2025-05-13,6,39,16.24,5,204.3,6.5,34.05,0
U000477,Email,Mobile,Returning Browser,2025-09-08,2025-09-20,4,21,11.42,2,122.42,5.25,30.6,0
U000478,Organic Search,Mobile,Returning Browser,2025-08-26,2025-09-06,3,20,10.83,2,131.34,6.67,43.78,0
U000479,Social,Tablet,Deal Seeker,2025-05-03,2025-05-29,8,52,25.47,2,170.62,6.5,21.33,0
U000480,Organic Search,Mobile,New Consumer,2025-02-11,2025-02-20,3,20,8.94,2,154.46,6.67,51.49,0
U000481,Social,Mobile,New Consumer,2025-09-20,2025-10-03,3,24,12.02,3,215.32,8.0,71.77,0
U000482,Paid Search,Desktop,High Intent,2025-02-26,2025-03-06,2,12,7.37,1,59.56,6.0,29.78,0
U000483,Organic Search,Mobile,New Consumer,2025-08-19,2025-08-27,3,20,7.6,2,95.36,6.67,31.79,0
U000484,Social,Tablet,New Consumer,2025-03-03,2025-03-11,4,25,7.2,1,12.0,6.25,3.0,0
U000485,Referral,Tablet,Returning Browser,2025-08-19,2025-08-28,2,15,8.35,1,38.04,7.5,19.02,0
U000486,Paid Search,Mobile,Returning Browser,2025-09-16,2025-10-04,5,28,17.04,4,369.57,5.6,73.91,0
U000487,Paid Search,Mobile,New Consumer,2025-09-09,2025-09-16,3,24,6.74,2,171.31,8.0,57.1,1
U000488,Social,Desktop,High Intent,2025-03-11,2025-03-22,3,25,10.76,4,208.66,8.33,69.55,0
U000489,Paid Search,Desktop,New Consumer,2025-01-30,2025-02-10,4,27,10.84,4,224.5,6.75,56.12,0
U000490,Email,Mobile,New Consumer,2025-02-20,2025-02-24,2,17,3.24,3,148.71,8.5,74.36,1
U000491,Direct,Mobile,Returning Browser,2025-10-01,2025-10-05,1,9,3.49,4,298.78,9.0,298.78,1
U000492,Paid Search,Mobile,New Consumer,2025-04-11,2025-04-22,5,29,10.31,2,81.89,5.8,16.38,0
U000493,Organic Search,Desktop,New Consumer,2025-03-25,2025-04-06,4,15,11.85,1,32.05,3.75,8.01,0
U000494,Paid Search,Mobile,Returning Browser,2025-07-24,2025-07-30,4,17,5.71,3,282.78,4.25,70.69,1
U000495,Email,Mobile,New Consumer,2025-07-02,2025-07-09,3,22,6.73,1,53.48,7.33,17.83,1
U000496,Direct,Mobile,New Consumer,2025-02-24,2025-03-08,3,18,11.61,1,76.87,6.0,25.62,0
U000497,Direct,Desktop,High Intent,2025-05-03,2025-05-12,3,18,8.9,3,255.15,6.0,85.05,0
U000498,Organic Search,Mobile,New Consumer,2025-06-05,2025-06-11,4,19,5.35,1,83.08,4.75,20.77,1
U000499,Organic Search,Mobile,Returning Browser,2025-08-26,2025-09-04,3,16,8.35,1,72.15,5.33,24.05,0
U000500,Referral,Mobile,Returning Browser,2025-05-08,2025-05-18,4,35,9.11,2,52.83,8.75,13.21,0
U000501,Referral,Desktop,New Consumer,2025-05-01,2025-05-07,2,13,5.17,1,32.66,6.5,16.33,1
U000502,Paid Search,Mobile,High Intent,2025-02-10,2025-02-23,3,15,12.13,2,176.74,5.0,58.91,0
U000503,Referral,Desktop,Returning Browser,2025-07-05,2025-07-10,1,8,4.68,4,141.38,8.0,141.38,1
U000504,Email,Desktop,Returning Browser,2025-07-09,2025-07-24,3,16,14.95,2,128.42,5.33,42.81,0
U000505,Paid Search,Mobile,Deal Seeker,2025-06-11,2025-06-20,5,29,8.83,1,42.86,5.8,8.57,0
U000506,Referral,Mobile,New Consumer,2025-02-25,2025-03-09,4,32,11.36,1,101.33,8.0,25.33,0
U000507,Referral,Mobile,High Intent,2025-03-31,2025-04-28,8,47,27.99,5,483.83,5.88,60.48,0
U000508,Direct,Tablet,New Consumer,2025-09-20,2025-10-01,3,27,10.24,3,172.29,9.0,57.43,0
U000509,Social,Mobile,New Consumer,2025-08-27,2025-09-03,4,26,6.77,1,49.91,6.5,12.48,1
U000510,Social,Desktop,New Consumer,2025-03-22,2025-04-07,5,32,15.3,1,95.06,6.4,19.01,0
U000511,Referral,Mobile,Returning Browser,2025-05-31,2025-06-04,2,17,3.33,2,114.4,8.5,57.2,1
U000512,Organic Search,Mobile,Returning Browser,2025-02-07,2025-02-19,2,16,11.31,4,358.24,8.0,179.12,0
U000513,Paid Search,Tablet,New Consumer,2025-01-08,2025-01-12,2,9,3.8,3,170.39,4.5,85.2,1
U000514,Referral,Mobile,Deal Seeker,2025-03-15,2025-04-19,6,38,35.0,2,111.44,6.33,18.57,0
U000515,Social,Mobile,New Consumer,2025-03-08,2025-03-29,8,51,20.25,2,150.37,6.38,18.8,0
U000516,Email,Desktop,New Consumer,2025-03-30,2025-04-11,4,32,11.21,1,75.9,8.0,18.98,0
U000517,Organic Search,Mobile,New Consumer,2025-09-30,2025-10-08,3,11,7.68,1,47.73,3.67,15.91,0
U000518,Email,Desktop,High Intent,2025-02-02,2025-02-10,3,20,7.13,5,467.04,6.67,155.68,0
U000519,Paid Search,Desktop,High Intent,2025-06-06,2025-06-16,4,14,9.4,3,235.46,3.5,58.86,0
U000520,Social,Tablet,New Consumer,2025-03-13,2025-04-06,10,54,23.02,3,257.94,5.4,25.79,0
U000521,Social,Mobile,Returning Browser,2025-02-20,2025-02-26,3,15,5.65,1,78.9,5.0,26.3,1
U000522,Email,Desktop,New Consumer,2025-06-12,2025-06-29,7,54,16.12,5,120.18,7.71,17.17,0
U000523,Email,Mobile,New Consumer,2025-04-05,2025-04-12,2,10,6.44,4,128.4,5.0,64.2,1
U000524,Direct,Mobile,Returning Browser,2025-09-06,2025-09-26,5,35,19.13,3,188.77,7.0,37.75,0
U000525,Organic Search,Mobile,New Consumer,2025-09-12,2025-09-30,5,32,17.12,2,126.04,6.4,25.21,0
U000526,Paid Search,Mobile,New Consumer,2025-05-21,2025-06-02,6,24,11.01,2,101.26,4.0,16.88,0
U000527,Email,Desktop,New Consumer,2025-06-09,2025-06-22,3,20,12.76,3,129.4,6.67,43.13,0
U000528,Referral,Desktop,Returning Browser,2025-10-09,2025-10-23,4,14,13.33,2,80.38,3.5,20.1,0
U000529,Direct,Desktop,New Consumer,2025-03-29,2025-04-07,3,19,8.24,3,206.94,6.33,68.98,0
U000530,Referral,Desktop,New Consumer,2025-07-13,2025-08-02,5,29,19.65,1,80.24,5.8,16.05,0
U000531,Social,Desktop,Returning Browser,2025-10-20,2025-11-04,5,30,14.81,3,270.79,6.0,54.16,0
U000532,Email,Mobile,Returning Browser,2025-09-30,2025-10-11,4,29,10.77,2,83.0,7.25,20.75,0
U000533,Referral,Desktop,High Intent,2025-03-21,2025-04-08,7,35,17.6,3,193.2,5.0,27.6,0
U000534,Direct,Desktop,High Intent,2025-02-07,2025-02-17,2,8,9.88,1,43.26,4.0,21.63,0
U000535,Email,Mobile,New Consumer,2025-09-18,2025-10-15,6,39,26.59,3,202.19,6.5,33.7,0
U000536,Paid Search,Desktop,Deal Seeker,2025-05-21,2025-06-04,3,19,13.01,2,95.26,6.33,31.75,0
U000537,Organic Search,Desktop,New Consumer,2025-05-01,2025-05-11,3,22,9.86,4,313.0,7.33,104.33,0
U000538,Referral,Mobile,Returning Browser,2025-05-21,2025-06-08,4,24,17.7,3,74.75,6.0,18.69,0
U000539,Paid Search,Desktop,High Intent,2025-08-18,2025-08-23,1,4,4.94,3,74.72,4.0,74.72,1
U000540,Paid Search,Desktop,Deal Seeker,2025-04-29,2025-05-13,5,38,13.46,5,296.62,7.6,59.32,0
U000541,Organic Search,Desktop,Returning Browser,2025-09-18,2025-09-29,4,25,10.79,3,94.58,6.25,23.64,0
U000542,Direct,Tablet,New Consumer,2025-03-01,2025-03-09,5,23,7.82,2,116.21,4.6,23.24,0
U000543,Email,Mobile,Returning Browser,2025-03-08,2025-03-16,2,7,7.92,1,73.25,3.5,36.62,0
U000544,Referral,Mobile,Returning Browser,2025-03-20,2025-03-30,4,27,9.33,3,209.78,6.75,52.44,0
U000545,Direct,Mobile,Deal Seeker,2025-04-16,2025-04-24,3,21,7.13,4,318.69,7.0,106.23,0
U000546,Organic Search,Desktop,Returning Browser,2025-09-05,2025-09-11,2,11,5.58,3,205.93,5.5,102.96,1
U000547,Organic Search,Mobile,Returning Browser,2025-08-03,2025-08-17,6,29,13.09,1,47.76,4.83,7.96,0
U000548,Organic Search,Mobile,High Intent,2025-09-09,2025-09-23,3,20,13.42,3,231.62,6.67,77.21,0
U000549,Email,Mobile,High Intent,2025-03-23,2025-04-02,2,14,9.48,3,192.49,7.0,96.24,0
U000550,Organic Search,Desktop,Deal Seeker,2025-08-27,2025-09-17,7,48,20.08,2,97.06,6.86,13.87,0
U000551,Referral,Mobile,New Consumer,2025-06-13,2025-06-23,3,17,9.11,2,113.56,5.67,37.85,0
U000552,Organic Search,Mobile,New Consumer,2025-07-08,2025-07-20,3,26,11.08,3,271.64,8.67,90.55,0
U000553,Social,Desktop,New Consumer,2025-07-16,2025-07-26,3,20,9.56,1,100.92,6.67,33.64,0
U000554,Organic Search,Mobile,New Consumer,2025-05-13,2025-05-23,3,17,9.72,5,403.36,5.67,134.45,0
U000555,Organic Search,Mobile,Returning Browser,2025-10-20,2025-11-02,6,26,12.99,2,187.06,4.33,31.18,0
U000556,Email,Desktop,Returning Browser,2025-03-25,2025-03-31,2,14,5.04,1,81.91,7.0,40.96,1
U000557,Organic Search,Tablet,High Intent,2025-05-02,2025-05-08,2,16,5.56,2,135.46,8.0,67.73,1
U000558,Social,Mobile,New Consumer,2025-03-09,2025-03-25,6,44,15.33,4,228.89,7.33,38.15,0
U000559,Paid Search,Desktop,Returning Browser,2025-07-13,2025-07-19,2,22,5.95,3,123.82,11.0,61.91,1
U000560,Organic Search,Mobile,High Intent,2025-10-18,2025-10-25,2,14,6.7,1,47.86,7.0,23.93,1
U000561,Direct,Desktop,High Intent,2025-06-11,2025-07-16,8,20,35.0,1,80.49,2.5,10.06,0
U000562,Organic Search,Mobile,New Consumer,2025-06-05,2025-06-13,3,18,7.32,1,67.58,6.0,22.53,0
U000563,Direct,Mobile,Returning Browser,2025-05-13,2025-06-01,4,32,18.15,2,134.02,8.0,33.51,0
U000564,Paid Search,Desktop,New Consumer,2025-04-03,2025-04-12,3,26,8.5,1,55.38,8.67,18.46,0
U000565,Paid Search,Desktop,New Consumer,2025-03-01,2025-03-09,3,16,7.28,2,163.95,5.33,54.65,0
U000566,Organic Search,Mobile,Returning Browser,2025-03-16,2025-04-02,7,38,16.08,1,79.4,5.43,11.34,0
U000567,Direct,Mobile,Returning Browser,2025-06-08,2025-06-21,4,23,12.25,1,85.0,5.75,21.25,0
U000568,Email,Mobile,New Consumer,2025-08-12,2025-08-22,3,23,9.95,1,70.57,7.67,23.52,0
U000569,Email,Mobile,Deal Seeker,2025-03-27,2025-04-02,2,19,5.2,2,75.77,9.5,37.88,1
U000570,Referral,Mobile,Deal Seeker,2025-10-08,2025-10-28,5,29,19.17,4,369.35,5.8,73.87,0
U000571,Paid Search,Mobile,High Intent,2025-04-02,2025-04-14,2,11,11.17,2,145.83,5.5,72.92,0
U000572,Organic Search,Mobile,Returning Browser,2025-10-18,2025-10-28,3,23,9.95,4,320.37,7.67,106.79,0
U000573,Paid Search,Tablet,High Intent,2025-03-29,2025-04-04,2,17,5.91,1,69.67,8.5,34.84,1
U000574,Organic Search,Desktop,Deal Seeker,2025-04-08,2025-04-22,4,25,13.2,3,162.56,6.25,40.64,0
U000575,Paid Search,Desktop,Returning Browser,2025-03-09,2025-04-05,7,33,26.56,3,306.53,4.71,43.79,0
U000576,Email,Mobile,New Consumer,2025-01-23,2025-01-30,2,12,6.22,4,203.92,6.0,101.96,1
U000577,Organic Search,Mobile,Deal Seeker,2025-02-20,2025-03-22,11,50,29.28,1,67.74,4.55,6.16,0
U000578,Email,Desktop,Deal Seeker,2025-07-08,2025-07-18,3,21,9.5,2,154.85,7.0,51.62,0
U000579,Paid Search,Mobile,New Consumer,2025-04-05,2025-04-18,3,9,12.4,3,332.2,3.0,110.73,0
U000580,Organic Search,Desktop,High Intent,2025-08-27,2025-09-01,2,10,4.63,1,50.9,5.0,25.45,1
U000581,Direct,Desktop,New Consumer,2025-10-18,2025-10-31,5,40,12.79,6,352.84,8.0,70.57,0
U000582,Direct,Desktop,New Consumer,2025-01-04,2025-01-11,1,10,6.12,2,138.03,10.0,138.03,1
U000583,Email,Desktop,New Consumer,2025-08-09,2025-08-16,4,40,6.94,1,81.99,10.0,20.5,1
U000584,Paid Search,Desktop,High Intent,2025-04-29,2025-05-15,5,38,15.38,2,80.46,7.6,16.09,0
U000585,Organic Search,Mobile,New Consumer,2025-09-27,2025-11-01,12,75,35.0,3,251.45,6.25,20.95,0
U000586,Email,Mobile,Deal Seeker,2025-04-16,2025-05-17,10,75,30.74,3,154.61,7.5,15.46,0
U000587,Referral,Mobile,Returning Browser,2025-07-21,2025-08-04,6,31,13.1,2,160.9,5.17,26.82,0
U000588,Paid Search,Mobile,Deal Seeker,2025-10-09,2025-10-17,3,19,7.73,1,33.96,6.33,11.32,0
U000589,Referral,Desktop,New Consumer,2025-09-17,2025-09-25,2,15,7.14,1,63.89,7.5,31.94,0
U000590,Direct,Desktop,New Consumer,2025-07-01,2025-07-17,6,40,15.57,2,131.7,6.67,21.95,0
U000591,Paid Search,Mobile,Returning Browser,2025-10-08,2025-10-21,4,22,12.74,2,165.25,5.5,41.31,0
U000592,Direct,Desktop,High Intent,2025-07-12,2025-07-25,3,24,12.33,3,150.7,8.0,50.23,0
U000593,Organic Search,Desktop,New Consumer,2025-08-25,2025-09-05,3,17,10.5,2,161.57,5.67,53.86,0
U000594,Paid Search,Mobile,New Consumer,2025-05-28,2025-06-10,3,14,12.76,4,232.28,4.67,77.43,0
U000595,Email,Mobile,Returning Browser,2025-01-28,2025-02-06,2,14,8.76,3,188.4,7.0,94.2,0
U000596,Organic Search,Desktop,New Consumer,2025-07-01,2025-07-18,5,43,16.96,1,113.01,8.6,22.6,0
U000597,Email,Desktop,Returning Browser,2025-06-14,2025-07-06,6,42,21.29,4,143.24,7.0,23.87,0
U000598,Social,Mobile,Returning Browser,2025-03-29,2025-04-15,4,19,16.33,1,54.08,4.75,13.52,0
U000599,Referral,Mobile,Deal Seeker,2025-04-10,2025-04-23,3,15,12.38,2,196.2,5.0,65.4,0
U000600,Email,Desktop,High Intent,2025-03-09,2025-03-19,3,25,9.76,3,220.65,8.33,73.55,0
U000601,Email,Desktop,Deal Seeker,2025-10-01,2025-10-11,2,16,9.3,1,60.73,8.0,30.36,0
U000602,Organic Search,Desktop,New Consumer,2025-03-17,2025-03-29,5,30,11.45,3,104.13,6.0,20.83,0
U000603,Paid Search,Mobile,High Intent,2025-05-29,2025-06-03,2,16,4.78,2,98.76,8.0,49.38,1
U000604,Email,Mobile,New Consumer,2025-01-27,2025-02-02,3,23,5.14,2,113.75,7.67,37.92,1
U000605,Social,Mobile,New Consumer,2025-04-09,2025-04-24,5,31,14.05,2,118.53,6.2,23.71,0
U000606,Social,Desktop,High Intent,2025-01-12,2025-01-30,5,36,17.81,2,139.48,7.2,27.9,0
U000607,Email,Mobile,New Consumer,2025-04-07,2025-04-19,4,21,11.56,3,249.03,5.25,62.26,0
U000608,Organic Search,Mobile,Returning Browser,2025-02-25,2025-03-08,3,24,10.33,2,143.97,8.0,47.99,0
U000609,Social,Mobile,New Consumer,2025-03-07,2025-04-01,8,52,24.19,1,62.75,6.5,7.84,0
U000610,Direct,Mobile,Deal Seeker,2025-02-15,2025-03-07,6,26,19.68,2,92.22,4.33,15.37,0
U000611,Organic Search,Mobile,New Consumer,2025-03-17,2025-04-01,5,26,15.0,2,111.07,5.2,22.21,0
U000612,Organic Search,Mobile,New Consumer,2025-09-13,2025-10-08,6,27,24.86,1,89.06,4.5,14.84,0
U000613,Email,Desktop,New Consumer,2025-08-17,2025-08-31,5,25,13.31,1,45.31,5.0,9.06,0
U000614,Paid Search,Mobile,New Consumer,2025-07-15,2025-07-24,4,17,8.83,3,120.57,4.25,30.14,0
U000615,Referral,Mobile,New Consumer,2025-02-12,2025-03-01,5,25,16.33,2,123.41,5.0,24.68,0
U000616,Direct,Mobile,Returning Browser,2025-01-11,2025-01-27,5,41,15.09,4,304.93,8.2,60.99,0
U000617,Referral,Tablet,High Intent,2025-07-24,2025-07-29,1,10,4.64,2,155.0,10.0,155.0,1
U000618,Paid Search,Mobile,Deal Seeker,2025-10-13,2025-10-30,7,46,16.75,2,145.78,6.57,20.83,0
U000619,Social,Desktop,Deal Seeker,2025-02-04,2025-02-20,6,41,15.54,1,25.31,6.83,4.22,0
U000620,Email,Mobile,High Intent,2025-03-30,2025-04-16,7,51,16.94,2,177.85,7.29,25.41,0
U000621,Paid Search,Desktop,Returning Browser,2025-02-12,2025-02-24,2,6,11.91,2,110.39,3.0,55.2,0
U000622,Social,Mobile,High Intent,2025-01-31,2025-02-07,2,16,6.59,2,77.85,8.0,38.92,1
U000623,Paid Search,Mobile,High Intent,2025-10-03,2025-10-14,4,25,10.47,2,121.29,6.25,30.32,0
U000624,Direct,Mobile,New Consumer,2025-08-06,2025-08-22,4,24,15.47,1,49.85,6.0,12.46,0
U000625,Paid Search,Mobile,High Intent,2025-08-12,2025-08-24,3,31,11.49,1,18.94,10.33,6.31,0
U000626,Social,Desktop,Returning Browser,2025-07-31,2025-08-21,8,57,20.45,3,268.44,7.12,33.56,0
U000627,Paid Search,Mobile,New Consumer,2025-10-01,2025-10-13,4,24,11.37,2,88.75,6.0,22.19,0
U000628,Email,Desktop,Returning Browser,2025-05-19,2025-05-29,2,16,9.13,2,135.85,8.0,67.92,0
U000629,Referral,Mobile,New Consumer,2025-02-27,2025-03-16,4,26,16.27,3,171.03,6.5,42.76,0
U000630,Organic Search,Mobile,Returning Browser,2025-08-07,2025-08-17,2,9,9.79,4,286.1,4.5,143.05,0
U000631,Organic Search,Desktop,High Intent,2025-04-25,2025-04-29,2,15,3.43,3,120.7,7.5,60.35,1
U000632,Email,Desktop,New Consumer,2025-06-11,2025-06-17,2,16,5.91,1,90.41,8.0,45.2,1
U000633,Email,Desktop,New Consumer,2025-06-22,2025-07-09,4,27,16.65,5,343.13,6.75,85.78,0
U000634,Paid Search,Desktop,New Consumer,2025-04-03,2025-04-15,4,28,11.7,2,148.97,7.0,37.24,0
U000635,Paid Search,Desktop,New Consumer,2025-06-08,2025-06-26,4,21,17.16,2,31.99,5.25,8.0,0
U000636,Referral,Desktop,New Consumer,2025-05-02,2025-05-12,3,11,9.24,1,86.97,3.67,28.99,0
U000637,Paid Search,Mobile,Returning Browser,2025-09-11,2025-09-23,5,41,11.38,2,209.98,8.2,42.0,0
U000638,Direct,Desktop,High Intent,2025-01-14,2025-01-28,5,31,13.83,2,77.25,6.2,15.45,0
U000639,Email,Mobile,New Consumer,2025-07-01,2025-07-06,2,17,4.26,2,99.63,8.5,49.82,1
U000640,Organic Search,Mobile,New Consumer,2025-07-16,2025-07-24,2,11,7.73,1,35.14,5.5,17.57,0
U000641,Social,Mobile,New Consumer,2025-05-23,2025-06-13,4,23,20.01,2,24.0,5.75,6.0,0
U000642,Organic Search,Mobile,New Consumer,2025-07-03,2025-08-05,9,59,32.53,2,175.15,6.56,19.46,0
U000643,Organic Search,Mobile,High Intent,2025-01-07,2025-01-13,1,10,5.36,2,117.39,10.0,117.39,1
U000644,Referral,Mobile,New Consumer,2025-01-26,2025-02-20,7,53,24.73,3,216.73,7.57,30.96,0
U000645,Direct,Mobile,New Consumer,2025-09-02,2025-09-15,4,38,12.56,4,206.63,9.5,51.66,0
U000646,Paid Search,Mobile,New Consumer,2025-07-26,2025-08-01,3,19,5.73,2,107.64,6.33,35.88,1
U000647,Email,Mobile,New Consumer,2025-08-14,2025-08-22,3,23,7.53,1,68.33,7.67,22.78,0
U000648,Email,Mobile,New Consumer,2025-03-29,2025-04-17,5,35,18.72,3,221.84,7.0,44.37,0
U000649,Paid Search,Mobile,High Intent,2025-10-16,2025-11-05,5,29,19.48,4,250.09,5.8,50.02,0
U000650,Referral,Mobile,High Intent,2025-02-07,2025-03-05,8,47,25.43,2,84.96,5.88,10.62,0
U000651,Paid Search,Mobile,New Consumer,2025-01-24,2025-01-31,3,27,6.9,4,349.43,9.0,116.48,1
U000652,Paid Search,Desktop,New Consumer,2025-07-11,2025-08-15,10,71,35.0,1,88.05,7.1,8.8,0
U000653,Referral,Mobile,New Consumer,2025-04-11,2025-04-20,3,19,8.7,2,127.93,6.33,42.64,0
U000654,Direct,Mobile,New Consumer,2025-01-19,2025-02-12,7,40,23.49,1,50.06,5.71,7.15,0
U000655,Social,Mobile,High Intent,2025-04-04,2025-04-14,5,26,9.94,3,153.21,5.2,30.64,0
U000656,Referral,Mobile,New Consumer,2025-02-01,2025-02-10,4,12,9.0,1,43.08,3.0,10.77,0
U000657,Referral,Mobile,Returning Browser,2025-01-03,2025-01-09,2,10,6.0,1,84.49,5.0,42.24,1
U000658,Organic Search,Desktop,High Intent,2025-10-06,2025-10-11,1,3,4.37,3,159.68,3.0,159.68,1
U000659,Referral,Desktop,New Consumer,2025-04-21,2025-04-28,2,16,6.7,6,394.67,8.0,197.34,1
U000660,Paid Search,Mobile,New Consumer,2025-04-08,2025-04-21,5,24,12.77,3,134.63,4.8,26.93,0
U000661,Organic Search,Mobile,New Consumer,2025-10-08,2025-10-23,3,22,14.57,2,100.99,7.33,33.66,0
U000662,Paid Search,Desktop,Returning Browser,2025-09-26,2025-10-05,3,26,8.49,2,100.03,8.67,33.34,0
U000663,Paid Search,Desktop,New Consumer,2025-06-20,2025-07-10,5,32,19.13,1,75.92,6.4,15.18,0
U000664,Organic Search,Mobile,Returning Browser,2025-05-15,2025-05-28,2,16,12.81,4,309.7,8.0,154.85,0
U000665,Organic Search,Mobile,Returning Browser,2025-06-14,2025-06-24,6,34,9.61,1,64.9,5.67,10.82,0
U000666,Email,Mobile,New Consumer,2025-09-01,2025-09-19,5,43,17.22,1,62.71,8.6,12.54,0
U000667,Referral,Tablet,Returning Browser,2025-10-10,2025-10-31,6,29,20.6,2,110.08,4.83,18.35,0
U000668,Referral,Mobile,Deal Seeker,2025-09-17,2025-09-27,3,19,9.71,2,50.13,6.33,16.71,0
U000669,Email,Desktop,New Consumer,2025-08-03,2025-08-11,3,17,7.86,1,80.55,5.67,26.85,0
U000670,Direct,Mobile,New Consumer,2025-08-11,2025-08-14,2,17,2.29,2,200.29,8.5,100.14,1
U000671,Social,Mobile,High Intent,2025-02-01,2025-02-15,4,26,13.57,2,131.85,6.5,32.96,0
U000672,Direct,Mobile,New Consumer,2025-02-08,2025-02-23,6,26,14.75,2,101.07,4.33,16.84,0
U000673,Paid Search,Mobile,High Intent,2025-04-05,2025-04-13,1,11,7.38,3,230.23,11.0,230.23,0
U000674,Social,Mobile,New Consumer,2025-07-18,2025-07-27,3,17,8.29,1,52.1,5.67,17.37,0
U000675,Organic Search,Desktop,Deal Seeker,2025-06-11,2025-06-17,2,15,5.37,3,157.24,7.5,78.62,1
U000676,Social,Mobile,New Consumer,2025-07-06,2025-07-20,6,40,13.98,2,59.5,6.67,9.92,0
U000677,Organic Search,Desktop,New Consumer,2025-08-11,2025-09-03,5,30,22.08,2,159.88,6.0,31.98,0
U000678,Organic Search,Mobile,Returning Browser,2025-01-26,2025-02-11,6,33,15.64,2,111.57,5.5,18.6,0
U000679,Paid Search,Mobile,Deal Seeker,2025-01-06,2025-01-24,6,49,17.91,2,170.38,8.17,28.4,0
U000680,Email,Mobile,High Intent,2025-03-21,2025-04-03,5,32,12.69,2,148.25,6.4,29.65,0
U000681,Direct,Tablet,New Consumer,2025-10-23,2025-11-25,7,32,32.09,2,128.04,4.57,18.29,0
U000682,Organic Search,Mobile,New Consumer,2025-03-10,2025-03-26,4,19,15.98,1,48.1,4.75,12.02,0
U000683,Paid Search,Desktop,New Consumer,2025-07-29,2025-08-09,3,16,10.51,2,54.55,5.33,18.18,0
U000684,Social,Mobile,New Consumer,2025-06-14,2025-07-05,5,42,20.45,3,219.01,8.4,43.8,0
U000685,Social,Desktop,New Consumer,2025-10-24,2025-11-01,3,19,7.85,2,135.51,6.33,45.17,0
U000686,Organic Search,Desktop,New Consumer,2025-09-12,2025-10-01,6,40,18.81,3,119.62,6.67,19.94,0
U000687,Organic Search,Desktop,Returning Browser,2025-07-05,2025-07-12,2,11,6.47,1,96.37,5.5,48.18,1
U000688,Paid Search,Mobile,Returning Browser,2025-09-04,2025-09-16,4,32,11.6,1,66.42,8.0,16.6,0
U000689,Organic Search,Desktop,Returning Browser,2025-06-16,2025-07-02,4,19,15.87,2,73.64,4.75,18.41,0
U000690,Paid Search,Tablet,New Consumer,2025-05-11,2025-05-17,3,20,5.58,1,88.87,6.67,29.62,1
U000691,Organic Search,Desktop,New Consumer,2025-06-07,2025-06-17,5,25,9.94,2,82.05,5.0,16.41,0
U000692,Organic Search,Mobile,New Consumer,2025-10-05,2025-10-12,3,21,6.71,2,55.91,7.0,18.64,1
U000693,Organic Search,Mobile,High Intent,2025-03-05,2025-03-17,4,32,11.6,4,228.4,8.0,57.1,0
U000694,Email,Desktop,High Intent,2025-08-31,2025-09-12,3,20,11.48,3,157.63,6.67,52.54,0
U000695,Paid Search,Mobile,New Consumer,2025-03-07,2025-03-19,4,19,11.11,3,139.77,4.75,34.94,0
U000696,Organic Search,Mobile,Returning Browser,2025-04-23,2025-05-05,4,27,11.64,2,98.81,6.75,24.7,0
U000697,Organic Search,Mobile,Returning Browser,2025-02-09,2025-02-17,2,13,7.3,1,76.97,6.5,38.48,0
U000698,Email,Desktop,High Intent,2025-10-27,2025-10-31,1,12,3.84,3,271.36,12.0,271.36,1
U000699,Organic Search,Desktop,New Consumer,2025-05-09,2025-05-20,3,25,10.32,1,53.01,8.33,17.67,0
U000700,Organic Search,Tablet,Returning Browser,2025-05-01,2025-05-06,1,7,4.41,3,122.0,7.0,122.0,1
U000701,Referral,Desktop,New Consumer,2025-06-25,2025-07-05,2,15,9.1,4,138.19,7.5,69.1,0
U000702,Organic Search,Desktop,New Consumer,2025-06-04,2025-06-23,4,25,18.36,1,62.98,6.25,15.74,0
U000703,Paid Search,Desktop,High Intent,2025-03-25,2025-04-15,6,38,20.87,1,41.86,6.33,6.98,0
U000704,Referral,Mobile,Returning Browser,2025-06-01,2025-06-11,3,12,9.5,4,107.26,4.0,35.75,0
U000705,Paid Search,Desktop,New Consumer,2025-06-29,2025-07-16,4,25,16.01,2,114.15,6.25,28.54,0
U000706,Paid Search,Mobile,Deal Seeker,2025-06-29,2025-07-16,8,60,16.8,3,293.37,7.5,36.67,0
U000707,Referral,Mobile,Returning Browser,2025-10-13,2025-10-26,3,15,12.39,3,102.88,5.0,34.29,0
U000708,Direct,Mobile,New Consumer,2025-04-07,2025-04-18,3,17,10.38,3,177.07,5.67,59.02,0
U000709,Social,Desktop,New Consumer,2025-02-05,2025-02-13,5,41,7.66,1,51.96,8.2,10.39,0
U000710,Direct,Desktop,New Consumer,2025-02-15,2025-03-11,7,51,23.09,1,67.01,7.29,9.57,0
U000711,Email,Desktop,Deal Seeker,2025-06-13,2025-06-25,3,20,11.27,4,268.05,6.67,89.35,0
U000712,Organic Search,Mobile,New Consumer,2025-01-11,2025-02-09,11,47,28.99,3,337.8,4.27,30.71,0
U000713,Email,Mobile,Deal Seeker,2025-10-26,2025-11-09,3,24,13.71,2,108.02,8.0,36.01,0
U000714,Organic Search,Mobile,Returning Browser,2025-01-19,2025-02-07,4,21,18.5,3,92.27,5.25,23.07,0
U000715,Social,Mobile,New Consumer,2025-09-14,2025-10-02,4,24,17.17,4,210.61,6.0,52.65,0
U000716,Organic Search,Mobile,New Consumer,2025-10-13,2025-10-22,4,27,8.77,2,242.54,6.75,60.64,0
U000717,Organic Search,Mobile,New Consumer,2025-08-23,2025-08-31,4,28,7.36,4,244.49,7.0,61.12,0
U000718,Paid Search,Mobile,Deal Seeker,2025-04-29,2025-05-20,5,36,20.46,2,134.02,7.2,26.8,0
U000719,Paid Search,Mobile,New Consumer,2025-07-14,2025-07-26,5,28,11.34,4,227.03,5.6,45.41,0
U000720,Referral,Mobile,High Intent,2025-10-06,2025-10-14,2,3,7.27,3,315.72,1.5,157.86,0
U000721,Organic Search,Mobile,Returning Browser,2025-03-22,2025-04-10,4,24,18.74,2,170.57,6.0,42.64,0
U000722,Direct,Mobile,New Consumer,2025-06-22,2025-07-03,4,22,10.45,2,124.22,5.5,31.06,0
U000723,Organic Search,Desktop,High Intent,2025-08-09,2025-08-15,1,5,5.87,3,247.99,5.0,247.99,1
U000724,Direct,Desktop,New Consumer,2025-10-04,2025-10-11,2,6,6.49,2,123.41,3.0,61.7,1
U000725,Email,Desktop,Deal Seeker,2025-10-10,2025-10-16,2,13,5.14,2,135.5,6.5,67.75,1
U000726,Paid Search,Desktop,New Consumer,2025-09-22,2025-10-03,3,11,10.57,1,50.46,3.67,16.82,0
U000727,Paid Search,Mobile,New Consumer,2025-05-30,2025-06-04,4,21,4.92,1,51.44,5.25,12.86,1
U000728,Paid Search,Mobile,New Consumer,2025-08-14,2025-09-01,6,41,17.15,1,78.38,6.83,13.06,0
U000729,Organic Search,Tablet,New Consumer,2025-02-03,2025-02-27,8,51,23.23,3,155.8,6.38,19.48,0
U000730,Email,Mobile,New Consumer,2025-08-06,2025-08-15,4,41,8.61,6,290.37,10.25,72.59,0
U000731,Organic Search,Mobile,New Consumer,2025-01-15,2025-01-28,8,37,12.91,1,41.22,4.62,5.15,0
U000732,Organic Search,Mobile,New Consumer,2025-04-04,2025-04-27,7,40,22.05,4,260.89,5.71,37.27,0
U000733,Organic Search,Desktop,Returning Browser,2025-04-03,2025-04-27,10,74,23.41,4,212.13,7.4,21.21,0
U000734,Organic Search,Mobile,New Consumer,2025-07-18,2025-08-16,9,43,28.24,3,215.69,4.78,23.97,0
U000735,Paid Search,Desktop,New Consumer,2025-09-29,2025-10-07,4,26,7.98,2,187.88,6.5,46.97,0
U000736,Direct,Desktop,High Intent,2025-09-15,2025-09-21,1,6,5.67,1,55.06,6.0,55.06,1
U000737,Referral,Mobile,Returning Browser,2025-04-15,2025-04-25,2,13,9.43,3,216.64,6.5,108.32,0
U000738,Organic Search,Desktop,Returning Browser,2025-10-15,2025-10-24,5,33,8.73,2,123.11,6.6,24.62,0
U000739,Direct,Mobile,New Consumer,2025-05-02,2025-05-13,3,21,10.62,1,88.81,7.0,29.6,0
U000740,Paid Search,Mobile,New Consumer,2025-10-15,2025-11-02,5,29,17.61,3,125.84,5.8,25.17,0
U000741,Paid Search,Mobile,New Consumer,2025-09-19,2025-10-02,6,51,12.16,2,199.21,8.5,33.2,0
U000742,Referral,Mobile,Returning Browser,2025-03-29,2025-04-03,1,4,4.95,2,127.96,4.0,127.96,1
U000743,Social,Desktop,Returning Browser,2025-02-24,2025-03-22,6,30,25.58,1,75.0,5.0,12.5,0
U000744,Paid Search,Desktop,Returning Browser,2025-01-09,2025-01-15,2,17,5.02,1,63.57,8.5,31.78,1
U000745,Organic Search,Desktop,New Consumer,2025-04-07,2025-04-16,2,16,8.11,2,99.01,8.0,49.5,0
U000746,Paid Search,Mobile,Returning Browser,2025-04-28,2025-05-11,4,31,12.13,3,188.46,7.75,47.12,0
U000747,Organic Search,Mobile,Returning Browser,2025-03-19,2025-04-06,5,32,17.96,4,374.54,6.4,74.91,0
U000748,Paid Search,Mobile,New Consumer,2025-09-12,2025-09-23,3,15,10.73,5,219.59,5.0,73.2,0
U000749,Paid Search,Desktop,Returning Browser,2025-10-18,2025-10-27,2,5,8.52,3,224.9,2.5,112.45,0
U000750,Paid Search,Mobile,Returning Browser,2025-06-24,2025-07-09,6,29,14.33,2,113.46,4.83,18.91,0
U000751,Organic Search,Mobile,New Consumer,2025-04-17,2025-05-02,4,27,14.04,2,221.34,6.75,55.34,0
U000752,Social,Mobile,Returning Browser,2025-08-31,2025-09-08,5,43,7.16,3,215.73,8.6,43.15,0
U000753,Social,Mobile,High Intent,2025-07-11,2025-07-24,7,39,12.72,1,56.16,5.57,8.02,0
U000754,Organic Search,Mobile,Returning Browser,2025-10-01,2025-10-06,2,16,4.14,2,175.82,8.0,87.91,1
U000755,Social,Mobile,Deal Seeker,2025-09-15,2025-09-29,9,60,13.63,2,153.21,6.67,17.02,0
U000756,Social,Mobile,New Consumer,2025-10-05,2025-10-26,7,41,20.19,2,96.88,5.86,13.84,0
U000757,Referral,Mobile,New Consumer,2025-03-31,2025-04-12,2,15,11.59,3,175.38,7.5,87.69,0
U000758,Social,Tablet,Returning Browser,2025-04-02,2025-04-16,6,44,13.7,1,76.76,7.33,12.79,0
U000759,Direct,Desktop,New Consumer,2025-07-30,2025-08-24,7,55,24.22,1,79.64,7.86,11.38,0
U000760,Paid Search,Mobile,Deal Seeker,2025-06-18,2025-06-25,2,17,6.62,4,339.15,8.5,169.58,1
U000761,Organic Search,Mobile,New Consumer,2025-07-30,2025-08-15,5,27,16.0,3,101.84,5.4,20.37,0
U000762,Referral,Desktop,Returning Browser,2025-09-18,2025-09-29,4,32,10.58,4,182.53,8.0,45.63,0
U000763,Paid Search,Mobile,New Consumer,2025-04-05,2025-04-16,3,31,10.35,4,183.71,10.33,61.24,0
U000764,Email,Mobile,New Consumer,2025-10-20,2025-11-02,3,12,12.59,1,99.45,4.0,33.15,0
U000765,Referral,Desktop,High Intent,2025-09-03,2025-09-22,5,30,18.26,2,185.56,6.0,37.11,0
U000766,Direct,Mobile,New Consumer,2025-05-08,2025-05-20,4,28,11.33,1,91.63,7.0,22.91,0
U000767,Referral,Desktop,New Consumer,2025-04-05,2025-04-22,5,29,16.18,1,57.2,5.8,11.44,0
U000768,Referral,Mobile,New Consumer,2025-03-21,2025-03-30,3,20,8.58,1,74.01,6.67,24.67,0
U000769,Paid Search,Desktop,High Intent,2025-02-15,2025-02-20,2,5,4.83,1,34.32,2.5,17.16,1
U000770,Paid Search,Desktop,High Intent,2025-09-12,2025-09-27,6,27,14.45,3,210.02,4.5,35.0,0
U000771,Paid Search,Desktop,Deal Seeker,2025-07-12,2025-08-14,8,47,32.3,2,108.17,5.88,13.52,0
U000772,Referral,Desktop,High Intent,2025-08-04,2025-08-17,5,27,12.66,1,50.54,5.4,10.11,0
U000773,Direct,Mobile,New Consumer,2025-02-08,2025-02-17,3,20,8.8,5,213.45,6.67,71.15,0
U000774,Organic Search,Tablet,Returning Browser,2025-01-13,2025-01-25,4,28,11.4,5,494.93,7.0,123.73,0
U000775,Referral,Desktop,New Consumer,2025-04-29,2025-05-07,3,25,7.02,2,97.72,8.33,32.57,0
U000776,Social,Desktop,New Consumer,2025-01-28,2025-02-04,2,8,6.1,4,48.0,4.0,24.0,1
U000777,Referral,Mobile,Deal Seeker,2025-08-28,2025-09-07,5,31,9.58,1,59.1,6.2,11.82,0
U000778,Social,Mobile,New Consumer,2025-04-24,2025-05-17,6,46,22.95,3,103.61,7.67,17.27,0
U000779,Social,Mobile,High Intent,2025-02-28,2025-03-20,7,49,19.18,3,144.44,7.0,20.63,0
U000780,Organic Search,Desktop,Returning Browser,2025-09-05,2025-10-10,7,36,35.0,3,256.27,5.14,36.61,0
U000781,Social,Mobile,Returning Browser,2025-03-22,2025-04-05,3,25,13.11,2,168.96,8.33,56.32,0
U000782,Social,Desktop,New Consumer,2025-10-02,2025-10-26,7,33,23.57,2,173.99,4.71,24.86,0
U000783,Direct,Mobile,New Consumer,2025-05-20,2025-05-29,3,26,8.73,3,214.01,8.67,71.34,0
U000784,Organic Search,Mobile,High Intent,2025-08-30,2025-09-09,3,24,9.14,1,56.57,8.0,18.86,0
U000785,Email,Mobile,Returning Browser,2025-09-23,2025-10-10,7,42,16.81,3,200.89,6.0,28.7,0
U000786,Email,Mobile,New Consumer,2025-06-20,2025-07-04,4,27,13.35,3,108.5,6.75,27.12,0
U000787,Organic Search,Desktop,New Consumer,2025-03-11,2025-03-21,2,13,9.16,3,241.72,6.5,120.86,0
U000788,Social,Desktop,New Consumer,2025-08-20,2025-09-06,4,23,16.34,3,223.1,5.75,55.78,0
U000789,Organic Search,Mobile,Returning Browser,2025-07-05,2025-07-13,2,8,7.15,2,115.32,4.0,57.66,0
U000790,Organic Search,Desktop,New Consumer,2025-06-02,2025-06-13,4,29,10.06,4,358.69,7.25,89.67,0
U000791,Email,Tablet,New Consumer,2025-06-26,2025-07-06,3,23,9.24,1,58.91,7.67,19.64,0
U000792,Organic Search,Desktop,Returning Browser,2025-02-10,2025-02-16,2,13,5.76,5,523.34,6.5,261.67,1
U000793,Referral,Desktop,Deal Seeker,2025-07-28,2025-08-13,4,30,15.15,2,162.74,7.5,40.68,0
U000794,Direct,Mobile,High Intent,2025-05-25,2025-06-04,3,21,9.53,2,24.0,7.0,8.0,0
U000795,Email,Mobile,High Intent,2025-05-11,2025-05-22,3,18,10.05,1,93.06,6.0,31.02,0
U000796,Email,Mobile,Returning Browser,2025-10-14,2025-10-23,5,37,8.22,3,142.23,7.4,28.45,0
U000797,Paid Search,Desktop,Deal Seeker,2025-07-26,2025-08-07,3,20,11.96,3,129.34,6.67,43.11,0
U000798,Social,Mobile,Returning Browser,2025-04-28,2025-05-08,3,13,9.3,4,235.56,4.33,78.52,0
U000799,Organic Search,Mobile,New Consumer,2025-01-11,2025-01-29,6,22,17.6,1,95.6,3.67,15.93,0
U000800,Email,Mobile,Returning Browser,2025-04-21,2025-04-30,5,32,8.27,1,69.75,6.4,13.95,0
U000801,Social,Mobile,Returning Browser,2025-03-20,2025-04-06,5,26,16.31,2,146.52,5.2,29.3,0
U000802,Direct,Desktop,Deal Seeker,2025-04-16,2025-05-10,6,48,23.4,3,160.94,8.0,26.82,0
U000803,Paid Search,Desktop,New Consumer,2025-02-24,2025-03-16,4,21,19.62,2,108.97,5.25,27.24,0
U000804,Paid Search,Desktop,Deal Seeker,2025-06-08,2025-06-16,3,12,7.16,2,161.07,4.0,53.69,0
U000805,Direct,Mobile,Returning Browser,2025-08-23,2025-08-28,3,20,4.53,2,299.89,6.67,99.96,1
U000806,Paid Search,Desktop,New Consumer,2025-03-02,2025-03-09,2,12,6.78,5,99.79,6.0,49.9,1
U000807,Paid Search,Mobile,Returning Browser,2025-03-24,2025-04-07,5,33,13.32,1,57.34,6.6,11.47,0
U000808,Direct,Mobile,New Consumer,2025-01-23,2025-01-30,4,29,6.12,2,192.26,7.25,48.06,1
U000809,Paid Search,Tablet,High Intent,2025-08-15,2025-08-19,1,10,3.01,1,55.27,10.0,55.27,1
U000810,Organic Search,Mobile,New Consumer,2025-04-23,2025-05-13,5,42,19.39,1,55.84,8.4,11.17,0
U000811,Paid Search,Mobile,Returning Browser,2025-01-17,2025-01-25,2,12,7.97,3,254.7,6.0,127.35,0
U000812,Paid Search,Mobile,Returning Browser,2025-02-16,2025-02-22,6,31,5.54,1,49.77,5.17,8.3,1
U000813,Organic Search,Mobile,New Consumer,2025-01-24,2025-01-27,2,18,2.26,3,254.61,9.0,127.3,1
U000814,Organic Search,Mobile,High Intent,2025-10-27,2025-11-01,1,11,4.57,3,114.79,11.0,114.79,1
U000815,Referral,Mobile,High Intent,2025-03-27,2025-04-22,8,48,25.25,1,42.1,6.0,5.26,0
U000816,Direct,Desktop,Deal Seeker,2025-10-18,2025-10-31,4,27,12.12,2,93.46,6.75,23.36,0
U000817,Organic Search,Mobile,High Intent,2025-10-24,2025-11-09,4,27,15.42,2,134.48,6.75,33.62,0
U000818,Paid Search,Mobile,New Consumer,2025-08-22,2025-08-31,3,15,8.11,4,133.09,5.0,44.36,0
U000819,Social,Mobile,New Consumer,2025-04-06,2025-04-13,4,26,6.85,2,103.13,6.5,25.78,1
U000820,Organic Search,Mobile,Returning Browser,2025-10-27,2025-11-04,3,26,7.01,2,167.41,8.67,55.8,0
U000821,Paid Search,Mobile,High Intent,2025-08-31,2025-09-06,2,12,5.9,2,200.64,6.0,100.32,1
U000822,Email,Mobile,New Consumer,2025-08-22,2025-09-02,3,15,10.57,1,38.07,5.0,12.69,0
U000823,Organic Search,Desktop,New Consumer,2025-04-07,2025-04-13,2,11,5.37,2,159.54,5.5,79.77,1
U000824,Organic Search,Desktop,New Consumer,2025-06-28,2025-07-10,3,21,11.67,2,131.83,7.0,43.94,0
U000825,Referral,Mobile,New Consumer,2025-09-02,2025-09-09,4,21,6.92,2,97.81,5.25,24.45,1
U000826,Email,Desktop,High Intent,2025-09-29,2025-10-01,1,10,1.74,2,76.93,10.0,76.93,1
U000827,Organic Search,Desktop,Returning Browser,2025-02-10,2025-02-23,4,17,12.14,2,169.26,4.25,42.32,0
U000828,Organic Search,Desktop,Returning Browser,2025-10-09,2025-10-13,1,14,3.65,2,65.64,14.0,65.64,1
U000829,Organic Search,Mobile,Deal Seeker,2025-02-28,2025-03-16,5,25,15.32,2,114.98,5.0,23.0,0
U000830,Organic Search,Desktop,Deal Seeker,2025-10-09,2025-10-19,4,25,9.76,1,47.4,6.25,11.85,0
U000831,Organic Search,Mobile,Returning Browser,2025-05-07,2025-05-14,3,20,6.64,2,142.14,6.67,47.38,1
U000832,Paid Search,Mobile,Deal Seeker,2025-07-06,2025-07-22,5,38,15.9,4,149.33,7.6,29.87,0
U000833,Email,Mobile,New Consumer,2025-01-21,2025-02-14,11,59,23.11,2,131.36,5.36,11.94,0
U000834,Organic Search,Mobile,Returning Browser,2025-07-05,2025-07-14,4,29,8.81,2,97.89,7.25,24.47,0
U000835,Organic Search,Mobile,New Consumer,2025-09-19,2025-10-01,4,33,11.66,5,362.58,8.25,90.64,0
U000836,Organic Search,Mobile,New Consumer,2025-05-01,2025-05-29,7,48,27.36,1,72.14,6.86,10.31,0
U000837,Email,Mobile,Deal Seeker,2025-06-30,2025-07-11,3,25,10.33,1,52.76,8.33,17.59,0
U000838,Referral,Tablet,Deal Seeker,2025-04-20,2025-04-28,2,19,7.19,2,180.88,9.5,90.44,0
U000839,Organic Search,Desktop,High Intent,2025-01-20,2025-01-30,2,16,9.23,3,199.56,8.0,99.78,0
U000840,Organic Search,Mobile,New Consumer,2025-04-04,2025-04-18,4,26,13.66,4,297.27,6.5,74.32,0
U000841,Direct,Desktop,New Consumer,2025-02-20,2025-03-08,4,26,15.11,4,287.13,6.5,71.78,0
U000842,Referral,Mobile,Returning Browser,2025-07-06,2025-07-25,5,28,18.81,2,190.25,5.6,38.05,0
U000843,Email,Mobile,Returning Browser,2025-10-25,2025-11-01,3,15,6.94,1,60.19,5.0,20.06,1
U000844,Referral,Desktop,New Consumer,2025-09-22,2025-10-05,3,25,12.29,1,63.13,8.33,21.04,0
U000845,Organic Search,Desktop,Deal Seeker,2025-05-31,2025-06-14,3,21,13.27,2,105.4,7.0,35.13,0
U000846,Organic Search,Desktop,New Consumer,2025-08-10,2025-08-20,5,45,9.18,3,180.53,9.0,36.11,0
U000847,Paid Search,Mobile,New Consumer,2025-06-18,2025-07-16,7,29,27.55,2,92.85,4.14,13.26,0
U000848,Email,Desktop,Returning Browser,2025-09-07,2025-09-15,2,14,7.86,2,175.12,7.0,87.56,0
U000849,Direct,Desktop,New Consumer,2025-02-24,2025-03-15,5,32,18.46,4,356.35,6.4,71.27,0
U000850,Organic Search,Mobile,Returning Browser,2025-02-20,2025-03-06,3,19,13.61,3,126.53,6.33,42.18,0
U000851,Referral,Mobile,High Intent,2025-07-27,2025-08-03,2,11,6.88,3,140.31,5.5,70.16,1
U000852,Email,Desktop,New Consumer,2025-04-23,2025-04-27,2,10,3.86,2,118.23,5.0,59.12,1
U000853,Referral,Mobile,New Consumer,2025-05-04,2025-05-12,3,19,7.68,3,183.17,6.33,61.06,0
U000854,Paid Search,Mobile,Returning Browser,2025-07-12,2025-08-06,10,68,24.4,3,219.5,6.8,21.95,0
U000855,Social,Desktop,Returning Browser,2025-04-03,2025-04-20,5,23,16.82,3,115.19,4.6,23.04,0
U000856,Social,Mobile,New Consumer,2025-05-23,2025-06-13,10,61,20.21,1,30.85,6.1,3.08,0
U000857,Paid Search,Desktop,New Consumer,2025-05-27,2025-06-08,2,14,11.65,4,253.33,7.0,126.66,0
U000858,Email,Mobile,Returning Browser,2025-10-15,2025-11-05,5,34,20.6,4,383.32,6.8,76.66,0
U000859,Organic Search,Desktop,New Consumer,2025-07-30,2025-08-15,3,10,15.58,2,89.97,3.33,29.99,0
U000860,Organic Search,Desktop,High Intent,2025-08-22,2025-09-01,3,19,9.98,3,228.92,6.33,76.31,0
U000861,Paid Search,Mobile,Deal Seeker,2025-03-14,2025-04-02,6,30,18.98,2,71.69,5.0,11.95,0
U000862,Organic Search,Mobile,New Consumer,2025-08-27,2025-09-05,4,23,8.39,2,35.61,5.75,8.9,0
U000863,Organic Search,Mobile,New Consumer,2025-08-11,2025-08-20,2,9,8.67,1,60.48,4.5,30.24,0
U000864,Direct,Mobile,High Intent,2025-03-08,2025-03-16,1,11,7.58,2,113.3,11.0,113.3,0
U000865,Organic Search,Mobile,Returning Browser,2025-05-11,2025-06-06,7,44,25.93,2,112.4,6.29,16.06,0
U000866,Referral,Mobile,New Consumer,2025-03-28,2025-04-05,3,20,7.91,1,55.1,6.67,18.37,0
U000867,Paid Search,Mobile,Deal Seeker,2025-01-08,2025-02-04,7,39,26.49,2,140.53,5.57,20.08,0
U000868,Social,Mobile,New Consumer,2025-07-05,2025-07-16,5,26,10.1,1,105.1,5.2,21.02,0
U000869,Direct,Mobile,New Consumer,2025-05-15,2025-05-25,3,22,9.74,1,37.12,7.33,12.37,0
U000870,Organic Search,Mobile,High Intent,2025-07-04,2025-07-17,3,7,12.71,3,176.42,2.33,58.81,0
U000871,Social,Desktop,High Intent,2025-03-30,2025-04-05,1,9,5.73,4,262.39,9.0,262.39,1
U000872,Social,Mobile,Returning Browser,2025-08-02,2025-08-14,3,20,11.74,2,103.19,6.67,34.4,0
U000873,Organic Search,Mobile,High Intent,2025-02-11,2025-02-27,5,33,15.42,1,44.95,6.6,8.99,0
U000874,Organic Search,Tablet,New Consumer,2025-09-24,2025-10-07,3,20,12.47,4,275.06,6.67,91.69,0
U000875,Direct,Desktop,Returning Browser,2025-09-08,2025-09-30,8,45,21.87,3,206.28,5.62,25.78,0
U000876,Paid Search,Mobile,Deal Seeker,2025-08-22,2025-08-30,3,22,7.13,1,35.45,7.33,11.82,0
U000877,Email,Desktop,New Consumer,2025-03-24,2025-04-08,4,30,14.23,3,166.5,7.5,41.62,0
U000878,Paid Search,Desktop,Returning Browser,2025-06-22,2025-07-03,3,19,10.19,1,86.13,6.33,28.71,0
U000879,Organic Search,Mobile,New Consumer,2025-04-24,2025-05-13,8,35,18.23,3,62.84,4.38,7.86,0
U000880,Social,Mobile,High Intent,2025-02-04,2025-02-15,3,20,10.25,1,94.69,6.67,31.56,0
U000881,Email,Desktop,New Consumer,2025-09-04,2025-09-16,4,25,11.23,2,181.08,6.25,45.27,0
U000882,Organic Search,Mobile,Returning Browser,2025-09-28,2025-10-07,5,31,8.58,2,65.63,6.2,13.13,0
U000883,Referral,Mobile,High Intent,2025-10-12,2025-10-17,1,8,4.66,2,58.38,8.0,58.38,1
U000884,Referral,Mobile,Returning Browser,2025-06-03,2025-06-18,3,20,14.26,6,342.78,6.67,114.26,0
U000885,Organic Search,Desktop,New Consumer,2025-08-28,2025-09-26,7,41,28.73,3,109.71,5.86,15.67,0
U000886,Direct,Desktop,Returning Browser,2025-06-12,2025-07-10,9,57,27.62,3,167.63,6.33,18.63,0
U000887,Email,Mobile,Deal Seeker,2025-05-17,2025-06-10,7,37,23.08,3,193.82,5.29,27.69,0
U000888,Social,Desktop,New Consumer,2025-06-18,2025-07-02,4,10,13.29,2,156.7,2.5,39.17,0
U000889,Direct,Mobile,New Consumer,2025-01-17,2025-01-31,4,34,13.09,3,313.33,8.5,78.33,0
U000890,Organic Search,Mobile,New Consumer,2025-03-21,2025-03-27,2,17,5.3,3,260.17,8.5,130.08,1
U000891,Paid Search,Desktop,Returning Browser,2025-08-25,2025-09-02,2,11,7.26,1,83.9,5.5,41.95,0
U000892,Direct,Desktop,Returning Browser,2025-10-02,2025-10-15,4,29,12.46,3,410.74,7.25,102.68,0
U000893,Email,Desktop,High Intent,2025-07-01,2025-07-06,1,14,4.12,1,19.12,14.0,19.12,1
U000894,Organic Search,Mobile,New Consumer,2025-04-18,2025-05-01,3,19,12.54,1,60.57,6.33,20.19,0
U000895,Paid Search,Desktop,High Intent,2025-04-21,2025-04-28,3,13,6.07,6,305.36,4.33,101.79,1
U000896,Organic Search,Mobile,High Intent,2025-08-30,2025-09-10,3,29,10.27,3,125.46,9.67,41.82,0
U000897,Referral,Mobile,High Intent,2025-08-21,2025-08-27,1,6,5.18,3,236.16,6.0,236.16,1
U000898,Organic Search,Tablet,New Consumer,2025-05-26,2025-06-13,6,43,17.75,1,78.97,7.17,13.16,0
U000899,Referral,Desktop,Deal Seeker,2025-01-29,2025-02-18,4,16,19.87,2,127.06,4.0,31.76,0
U000900,Direct,Desktop,Deal Seeker,2025-04-20,2025-05-01,4,23,10.03,2,153.82,5.75,38.46,0
U000901,Email,Mobile,New Consumer,2025-09-06,2025-09-19,5,32,12.18,1,61.54,6.4,12.31,0
U000902,Email,Mobile,New Consumer,2025-10-15,2025-10-22,4,33,6.53,3,100.71,8.25,25.18,1
U000903,Paid Search,Desktop,Returning Browser,2025-01-06,2025-01-19,3,20,12.2,4,358.81,6.67,119.6,0
U000904,Organic Search,Tablet,Deal Seeker,2025-08-17,2025-08-28,4,30,10.98,3,113.89,7.5,28.47,0
U000905,Paid Search,Mobile,Returning Browser,2025-10-09,2025-10-24,5,32,14.04,1,91.64,6.4,18.33,0
U000906,Social,Mobile,Returning Browser,2025-05-22,2025-06-04,4,30,12.92,1,54.68,7.5,13.67,0
U000907,Social,Mobile,High Intent,2025-02-08,2025-02-23,5,27,14.89,3,119.32,5.4,23.86,0
U000908,Referral,Mobile,New Consumer,2025-07-05,2025-07-24,3,16,18.15,2,89.73,5.33,29.91,0
U000909,Organic Search,Desktop,Deal Seeker,2025-06-12,2025-06-21,2,11,8.08,3,204.2,5.5,102.1,0
U000910,Social,Desktop,New Consumer,2025-07-25,2025-08-08,5,35,13.64,3,231.4,7.0,46.28,0
U000911,Direct,Desktop,Returning Browser,2025-10-11,2025-10-24,5,39,12.73,3,89.51,7.8,17.9,0
U000912,Direct,Desktop,Returning Browser,2025-07-04,2025-07-09,1,3,4.3,3,131.59,3.0,131.59,1
U000913,Social,Mobile,High Intent,2025-07-04,2025-07-24,5,25,19.98,2,176.85,5.0,35.37,0
U000914,Social,Mobile,Deal Seeker,2025-09-10,2025-09-29,7,55,18.84,2,24.0,7.86,3.43,0
U000915,Social,Mobile,Deal Seeker,2025-04-27,2025-05-04,4,14,6.37,3,257.34,3.5,64.33,1
U000916,Organic Search,Mobile,New Consumer,2025-03-15,2025-03-21,2,7,5.91,2,141.93,3.5,70.96,1
U000917,Paid Search,Tablet,High Intent,2025-09-18,2025-09-26,5,25,7.79,4,239.86,5.0,47.97,0
U000918,Paid Search,Desktop,High Intent,2025-01-22,2025-02-01,3,19,9.06,4,311.05,6.33,103.68,0
U000919,Organic Search,Desktop,Deal Seeker,2025-09-20,2025-10-05,5,21,14.69,2,187.41,4.2,37.48,0
U000920,Referral,Desktop,New Consumer,2025-04-17,2025-05-07,6,36,19.62,1,80.5,6.0,13.42,0
U000921,Referral,Mobile,High Intent,2025-01-29,2025-02-13,5,35,14.46,3,309.76,7.0,61.95,0
U000922,Email,Desktop,Returning Browser,2025-02-22,2025-03-07,4,28,12.11,4,175.29,7.0,43.82,0
U000923,Paid Search,Desktop,High Intent,2025-07-08,2025-07-16,2,11,7.74,2,152.01,5.5,76.0,0
U000924,Email,Mobile,High Intent,2025-09-11,2025-10-09,8,43,27.69,3,208.47,5.38,26.06,0
U000925,Organic Search,Tablet,Returning Browser,2025-10-11,2025-10-28,9,70,16.11,3,189.01,7.78,21.0,0
U000926,Social,Mobile,Returning Browser,2025-10-26,2025-11-04,6,33,8.77,4,211.07,5.5,35.18,0
U000927,Paid Search,Desktop,Deal Seeker,2025-05-22,2025-05-28,2,15,5.39,5,370.96,7.5,185.48,1
U000928,Organic Search,Mobile,New Consumer,2025-05-31,2025-06-12,4,20,11.18,2,168.98,5.0,42.24,0
U000929,Referral,Mobile,New Consumer,2025-03-13,2025-03-24,3,28,10.24,2,79.69,9.33,26.56,0
U000930,Organic Search,Desktop,Returning Browser,2025-06-18,2025-06-27,2,9,8.37,1,101.09,4.5,50.54,0
U000931,Paid Search,Desktop,Deal Seeker,2025-06-18,2025-06-30,2,13,11.77,1,74.42,6.5,37.21,0
U000932,Social,Desktop,New Consumer,2025-01-16,2025-01-29,3,23,12.94,3,213.08,7.67,71.03,0
U000933,Organic Search,Tablet,Returning Browser,2025-09-28,2025-10-08,2,19,9.11,1,12.0,9.5,6.0,0
U000934,Paid Search,Mobile,New Consumer,2025-05-06,2025-05-10,4,35,3.82,1,65.92,8.75,16.48,1
U000935,Organic Search,Desktop,New Consumer,2025-08-29,2025-09-14,4,30,15.49,1,89.34,7.5,22.34,0
U000936,Social,Desktop,New Consumer,2025-08-18,2025-08-23,2,9,4.41,3,212.26,4.5,106.13,1
U000937,Social,Mobile,Returning Browser,2025-08-17,2025-08-29,4,21,11.76,2,135.82,5.25,33.96,0
U000938,Direct,Desktop,New Consumer,2025-01-20,2025-02-03,3,28,13.21,1,49.74,9.33,16.58,0
U000939,Email,Mobile,New Consumer,2025-08-31,2025-09-11,2,11,10.19,2,109.82,5.5,54.91,0
U000940,Organic Search,Desktop,New Consumer,2025-07-24,2025-08-07,4,38,13.78,5,269.0,9.5,67.25,0
U000941,Organic Search,Mobile,High Intent,2025-01-28,2025-02-04,2,15,6.79,3,175.5,7.5,87.75,1
U000942,Paid Search,Mobile,New Consumer,2025-04-20,2025-04-27,3,21,6.49,2,126.19,7.0,42.06,1
U000943,Social,Desktop,New Consumer,2025-06-04,2025-06-30,7,35,25.48,1,24.09,5.0,3.44,0
U000944,Organic Search,Mobile,New Consumer,2025-03-16,2025-03-30,6,25,13.53,1,77.89,4.17,12.98,0
U000945,Organic Search,Desktop,New Consumer,2025-09-05,2025-09-20,5,36,14.55,1,65.01,7.2,13.0,0
U000946,Referral,Mobile,High Intent,2025-04-13,2025-04-26,3,20,12.82,1,78.91,6.67,26.3,0
U000947,Social,Tablet,New Consumer,2025-06-20,2025-06-30,3,21,9.92,2,81.39,7.0,27.13,0
U000948,Organic Search,Desktop,New Consumer,2025-03-17,2025-04-05,7,47,18.92,3,161.65,6.71,23.09,0
U000949,Email,Desktop,New Consumer,2025-04-12,2025-04-18,2,12,5.86,4,269.4,6.0,134.7,1
U000950,Direct,Mobile,Returning Browser,2025-01-09,2025-01-14,3,19,4.76,1,66.59,6.33,22.2,1
U000951,Email,Desktop,New Consumer,2025-08-16,2025-09-03,6,53,17.5,2,150.07,8.83,25.01,0
U000952,Organic Search,Desktop,New Consumer,2025-03-06,2025-03-17,2,12,10.31,2,133.28,6.0,66.64,0
U000953,Direct,Tablet,Returning Browser,2025-06-02,2025-06-14,3,12,11.42,2,105.94,4.0,35.31,0
U000954,Organic Search,Desktop,New Consumer,2025-09-18,2025-09-30,5,25,11.79,1,65.96,5.0,13.19,0
U000955,Email,Mobile,New Consumer,2025-04-17,2025-05-05,4,25,17.66,4,167.83,6.25,41.96,0
U000956,Organic Search,Mobile,New Consumer,2025-02-09,2025-02-20,3,17,10.25,1,52.72,5.67,17.57,0
U000957,Paid Search,Desktop,New Consumer,2025-08-27,2025-09-08,4,31,11.4,2,129.09,7.75,32.27,0
U000958,Organic Search,Mobile,Returning Browser,2025-07-27,2025-08-13,5,32,16.4,3,192.36,6.4,38.47,0
U000959,Paid Search,Desktop,Returning Browser,2025-04-30,2025-05-09,3,24,8.31,2,149.14,8.0,49.71,0
U000960,Paid Search,Mobile,Returning Browser,2025-09-24,2025-10-03,2,6,8.6,2,143.07,3.0,71.54,0
U000961,Email,Mobile,High Intent,2025-05-17,2025-05-30,4,31,12.09,4,265.73,7.75,66.43,0
U000962,Paid Search,Desktop,Deal Seeker,2025-07-01,2025-07-21,5,36,19.98,2,167.97,7.2,33.59,0
U000963,Referral,Desktop,Deal Seeker,2025-01-22,2025-01-28,3,24,5.92,3,175.49,8.0,58.5,1
U000964,Organic Search,Desktop,Returning Browser,2025-07-17,2025-07-25,2,11,7.99,1,55.45,5.5,27.72,0
U000965,Social,Mobile,New Consumer,2025-06-19,2025-07-01,3,17,11.07,3,36.0,5.67,12.0,0
U000966,Social,Desktop,Returning Browser,2025-03-24,2025-04-02,2,10,8.13,3,267.96,5.0,133.98,0
U000967,Paid Search,Mobile,New Consumer,2025-09-15,2025-10-05,6,35,19.54,4,237.93,5.83,39.66,0
U000968,Organic Search,Mobile,Returning Browser,2025-08-01,2025-08-07,2,19,5.2,3,222.57,9.5,111.28,1
U000969,Organic Search,Mobile,New Consumer,2025-02-23,2025-03-21,7,56,25.27,2,94.91,8.0,13.56,0
U000970,Referral,Desktop,New Consumer,2025-07-10,2025-07-27,4,28,16.74,3,227.53,7.0,56.88,0
U000971,Paid Search,Mobile,Returning Browser,2025-10-22,2025-11-09,5,22,17.65,1,88.48,4.4,17.7,0
U000972,Organic Search,Desktop,High Intent,2025-02-11,2025-03-07,5,38,23.56,1,63.88,7.6,12.78,0
U000973,Referral,Desktop,Returning Browser,2025-05-09,2025-05-22,7,50,12.56,2,144.78,7.14,20.68,0
U000974,Organic Search,Desktop,Returning Browser,2025-06-27,2025-06-30,2,6,2.56,2,97.92,3.0,48.96,1
U000975,Referral,Mobile,Returning Browser,2025-05-22,2025-06-05,3,13,13.02,4,330.74,4.33,110.25,0
U000976,Organic Search,Desktop,Returning Browser,2025-09-20,2025-09-30,4,30,9.71,5,267.99,7.5,67.0,0
U000977,Paid Search,Desktop,Returning Browser,2025-07-25,2025-08-02,3,26,7.79,2,216.55,8.67,72.18,0
U000978,Paid Search,Mobile,New Consumer,2025-07-17,2025-08-21,10,77,35.0,2,115.2,7.7,11.52,0
U000979,Direct,Desktop,High Intent,2025-02-23,2025-03-02,1,8,6.85,1,54.59,8.0,54.59,1
U000980,Organic Search,Desktop,Returning Browser,2025-08-31,2025-09-13,4,23,12.5,4,233.68,5.75,58.42,0
U000981,Organic Search,Mobile,New Consumer,2025-05-22,2025-06-04,4,34,12.26,2,57.61,8.5,14.4,0
U000982,Email,Mobile,Deal Seeker,2025-01-21,2025-02-09,5,43,18.78,1,62.39,8.6,12.48,0
U000983,Social,Mobile,New Consumer,2025-03-12,2025-03-18,5,37,5.37,2,176.67,7.4,35.33,1
U000984,Referral,Desktop,Returning Browser,2025-07-15,2025-08-12,6,40,27.25,1,59.49,6.67,9.92,0
U000985,Paid Search,Desktop,New Consumer,2025-02-15,2025-02-21,2,5,5.68,3,339.59,2.5,169.8,1
U000986,Paid Search,Desktop,Returning Browser,2025-05-02,2025-05-18,4,31,15.39,1,81.92,7.75,20.48,0
U000987,Organic Search,Desktop,New Consumer,2025-03-06,2025-03-14,2,18,7.71,1,54.76,9.0,27.38,0
U000988,Email,Desktop,Returning Browser,2025-01-08,2025-01-13,2,13,4.55,4,148.64,6.5,74.32,1
U000989,Social,Desktop,New Consumer,2025-04-29,2025-05-10,4,36,10.7,3,242.04,9.0,60.51,0
U000990,Organic Search,Mobile,New Consumer,2025-02-13,2025-03-12,7,51,26.44,2,181.15,7.29,25.88,0
U000991,Referral,Desktop,Returning Browser,2025-01-01,2025-01-12,3,17,10.07,5,273.41,5.67,91.14,0
U000992,Organic Search,Desktop,High Intent,2025-04-12,2025-04-17,1,10,4.44,3,118.84,10.0,118.84,1
U000993,Referral,Mobile,New Consumer,2025-09-06,2025-09-22,4,18,15.9,1,40.43,4.5,10.11,0
U000994,Social,Mobile,Returning Browser,2025-03-20,2025-04-19,9,46,29.8,5,354.82,5.11,39.42,0
U000995,Referral,Mobile,Returning Browser,2025-07-15,2025-07-28,3,30,12.95,2,147.58,10.0,49.19,0
U000996,Email,Mobile,New Consumer,2025-04-02,2025-04-20,5,26,17.08,1,47.56,5.2,9.51,0
U000997,Organic Search,Mobile,New Consumer,2025-07-29,2025-08-25,6,24,26.7,1,102.88,4.0,17.15,0
U000998,Paid Search,Desktop,Deal Seeker,2025-05-25,2025-06-05,4,19,10.16,2,214.5,4.75,53.62,0
U000999,Direct,Desktop,Returning Browser,2025-09-06,2025-09-20,4,25,13.1,3,186.44,6.25,46.61,0
U001000,Email,Desktop,New Consumer,2025-04-19,2025-05-01,3,20,11.3,2,173.73,6.67,57.91,0
U001001,Social,Mobile,Returning Browser,2025-01-02,2025-01-27,6,39,24.42,3,396.21,6.5,66.04,0
U001002,Organic Search,Mobile,High Intent,2025-07-07,2025-07-18,3,14,10.01,3,229.9,4.67,76.63,0
U001003,Referral,Tablet,New Consumer,2025-09-12,2025-09-22,3,18,9.15,2,88.75,6.0,29.58,0
U001004,Organic Search,Desktop,Returning Browser,2025-08-21,2025-09-07,5,36,16.25,3,94.71,7.2,18.94,0
U001005,Social,Desktop,New Consumer,2025-01-11,2025-02-02,7,24,21.61,3,147.16,3.43,21.02,0
U001006,Direct,Mobile,High Intent,2025-03-06,2025-03-29,5,33,22.34,1,29.78,6.6,5.96,0
U001007,Direct,Mobile,New Consumer,2025-09-19,2025-10-02,3,20,12.25,2,60.36,6.67,20.12,0
U001008,Email,Tablet,New Consumer,2025-02-11,2025-02-17,2,12,5.25,4,183.25,6.0,91.62,1
U001009,Organic Search,Desktop,High Intent,2025-01-18,2025-01-23,1,6,4.78,3,99.02,6.0,99.02,1
U001010,Organic Search,Desktop,Returning Browser,2025-05-13,2025-05-20,2,14,6.86,2,216.3,7.0,108.15,1
U001011,Direct,Desktop,New Consumer,2025-02-09,2025-02-19,4,24,9.24,4,161.56,6.0,40.39,0
U001012,Paid Search,Mobile,New Consumer,2025-03-16,2025-03-29,4,34,12.67,3,260.6,8.5,65.15,0
U001013,Organic Search,Desktop,High Intent,2025-02-27,2025-03-05,1,7,5.21,3,188.37,7.0,188.37,1
U001014,Paid Search,Mobile,Deal Seeker,2025-05-08,2025-05-29,7,37,20.23,2,129.37,5.29,18.48,0
U001015,Organic Search,Desktop,New Consumer,2025-08-25,2025-09-09,3,22,14.81,4,77.85,7.33,25.95,0
U001016,Organic Search,Mobile,Deal Seeker,2025-07-17,2025-08-05,5,25,18.23,1,53.7,5.0,10.74,0
U001017,Paid Search,Mobile,Returning Browser,2025-01-08,2025-01-15,2,10,6.18,2,79.13,5.0,39.56,1
U001018,Organic Search,Mobile,New Consumer,2025-01-21,2025-02-11,6,36,20.57,2,132.1,6.0,22.02,0
U001019,Referral,Desktop,Returning Browser,2025-05-18,2025-05-25,1,10,6.18,3,251.97,10.0,251.97,1
U001020,Organic Search,Desktop,New Consumer,2025-08-06,2025-08-13,2,17,6.82,2,127.65,8.5,63.82,1
U001021,Social,Mobile,Returning Browser,2025-02-22,2025-03-06,3,19,11.81,3,231.96,6.33,77.32,0
U001022,Email,Mobile,Deal Seeker,2025-01-21,2025-01-28,3,14,6.26,1,32.01,4.67,10.67,1
U001023,Social,Desktop,New Consumer,2025-09-13,2025-09-25,4,21,11.75,2,185.76,5.25,46.44,0
U001024,Social,Mobile,High Intent,2025-03-08,2025-03-20,3,16,11.82,2,110.67,5.33,36.89,0
U001025,Direct,Mobile,New Consumer,2025-08-06,2025-08-12,2,19,5.39,3,176.09,9.5,88.04,1
U001026,Email,Mobile,New Consumer,2025-07-10,2025-07-20,3,17,9.63,2,151.69,5.67,50.56,0
U001027,Social,Mobile,New Consumer,2025-01-02,2025-01-20,5,39,17.8,4,280.25,7.8,56.05,0
U001028,Paid Search,Desktop,High Intent,2025-08-26,2025-09-04,3,18,8.85,3,336.39,6.0,112.13,0
U001029,Organic Search,Mobile,Returning Browser,2025-03-31,2025-04-10,3,23,9.18,1,51.59,7.67,17.2,0
U001030,Organic Search,Mobile,Returning Browser,2025-10-17,2025-10-27,3,25,9.16,4,261.24,8.33,87.08,0
U001031,Direct,Mobile,New Consumer,2025-03-28,2025-04-16,5,24,18.16,4,159.71,4.8,31.94,0
U001032,Organic Search,Mobile,New Consumer,2025-02-20,2025-03-27,11,72,34.96,2,116.14,6.55,10.56,0
U001033,Paid Search,Desktop,Returning Browser,2025-04-22,2025-04-25,2,8,2.8,1,66.54,4.0,33.27,1
U001034,Organic Search,Mobile,High Intent,2025-03-10,2025-03-20,3,24,9.86,2,182.66,8.0,60.89,0
U001035,Direct,Mobile,New Consumer,2025-08-22,2025-08-29,3,16,6.82,1,71.35,5.33,23.78,1
U001036,Email,Mobile,Deal Seeker,2025-01-03,2025-01-21,6,48,17.1,4,154.72,8.0,25.79,0
U001037,Referral,Mobile,New Consumer,2025-10-05,2025-10-15,3,18,9.87,5,299.56,6.0,99.85,0
U001038,Referral,Mobile,New Consumer,2025-02-05,2025-02-21,6,35,15.64,2,154.21,5.83,25.7,0
U001039,Organic Search,Tablet,Returning Browser,2025-09-02,2025-09-15,3,14,12.98,4,254.61,4.67,84.87,0
U001040,Social,Mobile,New Consumer,2025-05-07,2025-05-20,4,23,12.72,1,39.66,5.75,9.91,0
U001041,Organic Search,Mobile,Returning Browser,2025-03-29,2025-04-06,2,11,7.87,1,43.0,5.5,21.5,0
U001042,Paid Search,Desktop,New Consumer,2025-04-18,2025-04-27,3,18,8.15,3,178.62,6.0,59.54,0
U001043,Organic Search,Mobile,New Consumer,2025-04-24,2025-05-03,3,22,8.48,1,73.58,7.33,24.53,0
U001044,Organic Search,Desktop,Deal Seeker,2025-09-16,2025-09-25,3,24,8.37,5,336.8,8.0,112.27,0
U001045,Direct,Tablet,High Intent,2025-03-27,2025-04-05,2,19,8.61,3,233.93,9.5,116.96,0
U001046,Paid Search,Mobile,New Consumer,2025-04-13,2025-04-24,4,24,10.3,2,114.44,6.0,28.61,0
U001047,Paid Search,Mobile,High Intent,2025-07-09,2025-07-13,2,14,3.86,4,175.57,7.0,87.78,1
U001048,Referral,Tablet,High Intent,2025-03-17,2025-03-23,1,13,5.61,3,209.33,13.0,209.33,1
U001049,Social,Mobile,New Consumer,2025-01-25,2025-02-06,5,30,11.93,2,136.29,6.0,27.26,0
U001050,Paid Search,Desktop,High Intent,2025-02-21,2025-02-25,1,4,3.75,1,37.46,4.0,37.46,1
U001051,Email,Desktop,Returning Browser,2025-01-08,2025-01-24,4,22,15.35,3,264.36,5.5,66.09,0
U001052,Referral,Desktop,High Intent,2025-04-20,2025-04-24,1,7,3.79,4,245.48,7.0,245.48,1
U001053,Paid Search,Mobile,Returning Browser,2025-10-12,2025-10-23,3,23,10.68,2,129.05,7.67,43.02,0
U001054,Referral,Desktop,Deal Seeker,2025-01-13,2025-01-29,5,35,15.17,2,189.59,7.0,37.92,0
U001055,Social,Desktop,Deal Seeker,2025-05-23,2025-05-31,3,19,7.98,2,200.0,6.33,66.67,0
U001056,Organic Search,Mobile,Returning Browser,2025-07-09,2025-07-20,3,13,10.06,2,131.12,4.33,43.71,0
U001057,Paid Search,Mobile,Returning Browser,2025-04-15,2025-05-15,8,53,29.38,2,132.92,6.62,16.61,0
U001058,Referral,Desktop,Returning Browser,2025-05-11,2025-05-18,2,11,6.67,4,192.87,5.5,96.44,1
U001059,Email,Desktop,Deal Seeker,2025-04-13,2025-04-23,3,22,9.09,4,194.82,7.33,64.94,0
U001060,Organic Search,Mobile,Returning Browser,2025-07-05,2025-07-16,3,20,10.42,2,104.03,6.67,34.68,0
U001061,Referral,Desktop,High Intent,2025-04-25,2025-05-30,10,61,35.0,3,145.61,6.1,14.56,0
U001062,Paid Search,Mobile,New Consumer,2025-04-18,2025-04-24,2,13,5.59,4,187.32,6.5,93.66,1
U001063,Referral,Mobile,New Consumer,2025-03-14,2025-03-24,3,26,9.0,3,133.54,8.67,44.51,0
U001064,Social,Tablet,Returning Browser,2025-04-10,2025-05-06,9,51,25.26,2,118.6,5.67,13.18,0
U001065,Paid Search,Desktop,New Consumer,2025-03-27,2025-04-15,5,40,18.69,2,96.48,8.0,19.3,0
U001066,Direct,Mobile,Returning Browser,2025-06-30,2025-08-02,9,53,32.87,1,77.75,5.89,8.64,0
U001067,Email,Desktop,Deal Seeker,2025-02-17,2025-03-06,4,25,16.4,1,94.95,6.25,23.74,0
U001068,Direct,Tablet,High Intent,2025-06-22,2025-06-29,4,32,6.7,3,250.84,8.0,62.71,1
U001069,Paid Search,Desktop,Deal Seeker,2025-10-19,2025-10-26,2,13,6.19,5,133.87,6.5,66.94,1
U001070,Organic Search,Desktop,Returning Browser,2025-01-18,2025-02-05,4,27,17.84,1,62.24,6.75,15.56,0
U001071,Social,Desktop,New Consumer,2025-06-16,2025-06-28,4,26,12.0,1,72.73,6.5,18.18,0
U001072,Social,Desktop,New Consumer,2025-04-26,2025-05-05,3,19,8.98,1,59.32,6.33,19.77,0
U001073,Paid Search,Mobile,Deal Seeker,2025-02-25,2025-03-14,3,15,16.05,1,59.51,5.0,19.84,0
U001074,Paid Search,Desktop,New Consumer,2025-05-27,2025-06-04,3,20,7.94,1,42.91,6.67,14.3,0
U001075,Referral,Mobile,Deal Seeker,2025-07-13,2025-07-24,3,18,10.01,1,87.26,6.0,29.09,0
U001076,Organic Search,Desktop,New Consumer,2025-09-04,2025-09-12,2,18,7.54,2,199.84,9.0,99.92,0
U001077,Referral,Desktop,High Intent,2025-05-25,2025-05-28,1,8,2.3,3,187.41,8.0,187.41,1
U001078,Organic Search,Mobile,New Consumer,2025-06-16,2025-06-30,4,20,13.37,3,276.59,5.0,69.15,0
U001079,Direct,Mobile,Deal Seeker,2025-08-21,2025-09-11,4,22,20.93,4,226.99,5.5,56.75,0
U001080,Paid Search,Mobile,Returning Browser,2025-02-16,2025-02-23,3,26,6.1,5,131.87,8.67,43.96,1
U001081,Paid Search,Desktop,Returning Browser,2025-10-20,2025-10-31,2,20,10.49,3,151.71,10.0,75.86,0
U001082,Organic Search,Mobile,New Consumer,2025-05-02,2025-05-12,3,16,9.7,3,254.73,5.33,84.91,0
U001083,Email,Mobile,Returning Browser,2025-01-13,2025-02-08,6,33,25.98,1,48.49,5.5,8.08,0
U001084,Direct,Mobile,High Intent,2025-05-24,2025-06-09,3,14,15.48,2,70.29,4.67,23.43,0
U001085,Organic Search,Desktop,Deal Seeker,2025-03-07,2025-03-13,2,12,5.36,2,63.44,6.0,31.72,1
U001086,Social,Mobile,New Consumer,2025-07-21,2025-08-04,6,46,13.9,5,311.8,7.67,51.97,0
U001087,Paid Search,Mobile,Returning Browser,2025-01-26,2025-03-01,8,48,33.75,3,165.8,6.0,20.72,0
U001088,Email,Mobile,New Consumer,2025-09-28,2025-10-04,2,16,5.32,1,89.8,8.0,44.9,1
U001089,Paid Search,Mobile,Deal Seeker,2025-04-11,2025-04-24,4,24,12.02,4,316.94,6.0,79.24,0
U001090,Organic Search,Mobile,Deal Seeker,2025-03-29,2025-04-12,6,18,13.48,3,223.12,3.0,37.19,0
U001091,Referral,Mobile,Deal Seeker,2025-05-20,2025-05-31,3,15,10.19,2,146.11,5.0,48.7,0
U001092,Referral,Mobile,New Consumer,2025-05-24,2025-06-11,4,36,17.17,1,90.66,9.0,22.66,0
U001093,Organic Search,Mobile,High Intent,2025-04-09,2025-04-16,3,15,6.86,1,85.49,5.0,28.5,1
U001094,Direct,Mobile,New Consumer,2025-08-25,2025-09-18,7,61,23.63,1,72.75,8.71,10.39,0
U001095,Email,Desktop,New Consumer,2025-09-10,2025-09-18,2,14,7.95,3,130.97,7.0,65.48,0
U001096,Paid Search,Desktop,High Intent,2025-07-06,2025-07-21,3,26,14.92,6,486.73,8.67,162.24,0
U001097,Email,Desktop,Returning Browser,2025-08-09,2025-08-15,1,6,5.3,4,170.81,6.0,170.81,1
U001098,Referral,Mobile,New Consumer,2025-02-12,2025-02-21,2,15,8.81,1,66.82,7.5,33.41,0
U001099,Paid Search,Desktop,Deal Seeker,2025-04-26,2025-05-13,7,18,16.03,2,71.95,2.57,10.28,0
U001100,Social,Mobile,New Consumer,2025-07-14,2025-07-27,3,8,12.3,1,51.11,2.67,17.04,0
U001101,Referral,Mobile,New Consumer,2025-03-19,2025-04-03,5,24,14.45,2,194.35,4.8,38.87,0
U001102,Organic Search,Desktop,Deal Seeker,2025-09-25,2025-10-10,4,20,14.52,4,391.46,5.0,97.86,0
U001103,Email,Tablet,New Consumer,2025-09-19,2025-10-01,4,23,11.02,5,221.52,5.75,55.38,0
U001104,Paid Search,Desktop,Deal Seeker,2025-08-03,2025-08-10,3,17,6.86,1,39.71,5.67,13.24,1
U001105,Paid Search,Mobile,Deal Seeker,2025-05-30,2025-06-16,5,37,16.04,4,250.76,7.4,50.15,0
U001106,Paid Search,Desktop,New Consumer,2025-08-04,2025-08-22,3,28,17.5,6,157.08,9.33,52.36,0
U001107,Paid Search,Mobile,New Consumer,2025-09-21,2025-10-01,3,14,9.02,2,186.9,4.67,62.3,0
U001108,Direct,Mobile,New Consumer,2025-05-16,2025-05-25,3,15,8.49,4,318.95,5.0,106.32,0
U001109,Referral,Desktop,Deal Seeker,2025-03-30,2025-04-19,5,29,19.19,1,75.35,5.8,15.07,0
U001110,Paid Search,Mobile,Returning Browser,2025-02-14,2025-03-05,4,15,18.39,2,123.49,3.75,30.87,0
U001111,Direct,Mobile,Returning Browser,2025-03-07,2025-03-16,2,9,8.36,2,162.72,4.5,81.36,0
U001112,Organic Search,Desktop,Deal Seeker,2025-02-25,2025-03-03,2,8,5.67,1,49.31,4.0,24.66,1
U001113,Organic Search,Tablet,Returning Browser,2025-04-25,2025-05-11,7,49,15.96,2,145.29,7.0,20.76,0
U001114,Organic Search,Mobile,Returning Browser,2025-02-08,2025-02-16,2,12,7.59,5,256.29,6.0,128.15,0
U001115,Email,Mobile,Deal Seeker,2025-01-16,2025-01-27,6,25,10.49,1,73.74,4.17,12.29,0
U001116,Email,Mobile,Returning Browser,2025-07-08,2025-07-18,3,17,9.59,2,218.22,5.67,72.74,0
U001117,Paid Search,Mobile,New Consumer,2025-01-22,2025-02-05,4,24,13.54,2,91.68,6.0,22.92,0
U001118,Social,Mobile,New Consumer,2025-04-23,2025-05-03,4,26,9.93,1,38.97,6.5,9.74,0
U001119,Paid Search,Desktop,High Intent,2025-01-22,2025-02-06,6,33,14.65,2,157.44,5.5,26.24,0
U001120,Direct,Desktop,New Consumer,2025-01-24,2025-02-01,2,17,7.35,3,123.97,8.5,61.98,0
U001121,Organic Search,Mobile,New Consumer,2025-03-05,2025-03-14,3,20,8.72,1,47.26,6.67,15.75,0
U001122,Referral,Mobile,Deal Seeker,2025-04-21,2025-05-13,5,33,21.08,2,74.45,6.6,14.89,0
U001123,Organic Search,Tablet,High Intent,2025-07-03,2025-07-10,2,19,6.75,3,194.9,9.5,97.45,1
U001124,Email,Mobile,Returning Browser,2025-10-27,2025-11-13,8,15,16.22,2,135.3,1.88,16.91,0
U001125,Direct,Mobile,Returning Browser,2025-03-22,2025-03-29,2,9,6.67,1,32.32,4.5,16.16,1
U001126,Email,Desktop,Returning Browser,2025-04-08,2025-04-13,1,7,4.54,1,68.22,7.0,68.22,1
U001127,Paid Search,Mobile,New Consumer,2025-08-22,2025-09-09,3,21,17.16,5,279.01,7.0,93.0,0
U001128,Direct,Desktop,High Intent,2025-10-26,2025-11-13,4,23,17.41,3,138.34,5.75,34.58,0
U001129,Direct,Desktop,New Consumer,2025-01-25,2025-02-04,3,18,9.36,1,84.82,6.0,28.27,0
U001130,Organic Search,Mobile,Returning Browser,2025-05-25,2025-06-01,2,19,6.95,3,228.33,9.5,114.16,1
U001131,Email,Desktop,Deal Seeker,2025-06-17,2025-06-30,4,24,12.85,4,179.21,6.0,44.8,0
U001132,Referral,Desktop,High Intent,2025-05-14,2025-05-29,5,33,14.32,1,103.65,6.6,20.73,0
U001133,Direct,Mobile,Returning Browser,2025-01-21,2025-02-05,4,26,14.38,2,162.76,6.5,40.69,0
U001134,Email,Mobile,New Consumer,2025-08-27,2025-09-11,3,26,14.95,2,121.81,8.67,40.6,0
U001135,Email,Tablet,High Intent,2025-09-03,2025-09-23,4,27,19.31,2,56.57,6.75,14.14,0
U001136,Social,Mobile,High Intent,2025-05-31,2025-06-23,8,58,22.04,1,64.2,7.25,8.02,0
U001137,Organic Search,Desktop,New Consumer,2025-02-22,2025-02-26,2,14,3.71,3,250.55,7.0,125.28,1
U001138,Paid Search,Desktop,Returning Browser,2025-09-22,2025-10-07,4,35,14.31,3,177.76,8.75,44.44,0
U001139,Direct,Mobile,Deal Seeker,2025-08-02,2025-08-15,5,42,12.43,2,102.07,8.4,20.41,0
U001140,Email,Desktop,Returning Browser,2025-07-20,2025-08-01,3,25,11.56,1,41.16,8.33,13.72,0
U001141,Paid Search,Mobile,New Consumer,2025-01-08,2025-01-23,4,32,14.01,2,187.18,8.0,46.8,0
U001142,Email,Desktop,New Consumer,2025-06-22,2025-06-30,3,15,8.0,3,273.76,5.0,91.25,0
U001143,Organic Search,Mobile,Returning Browser,2025-04-27,2025-05-07,3,18,9.35,2,166.59,6.0,55.53,0
U001144,Referral,Mobile,New Consumer,2025-07-29,2025-08-11,3,22,12.25,2,139.82,7.33,46.61,0
U001145,Organic Search,Mobile,New Consumer,2025-01-24,2025-02-10,5,32,16.93,2,111.93,6.4,22.39,0
U001146,Paid Search,Desktop,New Consumer,2025-05-21,2025-05-31,3,23,9.37,1,83.31,7.67,27.77,0
U001147,Organic Search,Mobile,Deal Seeker,2025-09-06,2025-09-23,9,58,16.88,2,147.99,6.44,16.44,0
U001148,Paid Search,Tablet,New Consumer,2025-08-10,2025-09-05,9,47,25.05,1,44.61,5.22,4.96,0
U001149,Social,Desktop,High Intent,2025-10-17,2025-11-02,4,28,15.92,1,50.97,7.0,12.74,0
U001150,Organic Search,Mobile,New Consumer,2025-03-30,2025-04-08,5,28,8.87,1,68.73,5.6,13.75,0
U001151,Email,Mobile,Deal Seeker,2025-08-09,2025-08-19,2,15,9.37,2,42.84,7.5,21.42,0
U001152,Paid Search,Mobile,High Intent,2025-02-27,2025-03-21,6,30,21.2,1,58.93,5.0,9.82,0
U001153,Organic Search,Mobile,New Consumer,2025-03-11,2025-03-25,5,31,13.12,4,277.44,6.2,55.49,0
U001154,Organic Search,Desktop,High Intent,2025-04-09,2025-04-15,1,13,5.41,2,60.39,13.0,60.39,1
U001155,Email,Mobile,High Intent,2025-08-15,2025-09-02,4,36,17.59,3,169.69,9.0,42.42,0
U001156,Organic Search,Desktop,New Consumer,2025-06-22,2025-07-05,5,17,12.23,3,154.04,3.4,30.81,0
U001157,Email,Mobile,Returning Browser,2025-08-24,2025-09-09,4,16,15.34,3,287.56,4.0,71.89,0
U001158,Direct,Desktop,Returning Browser,2025-09-15,2025-09-17,2,15,1.7,2,121.66,7.5,60.83,1
U001159,Organic Search,Mobile,Returning Browser,2025-10-02,2025-10-19,4,34,16.28,3,174.42,8.5,43.6,0
U001160,Social,Mobile,New Consumer,2025-01-21,2025-01-29,4,24,7.38,2,142.47,6.0,35.62,0
U001161,Email,Mobile,New Consumer,2025-10-05,2025-10-12,2,16,6.82,4,186.71,8.0,93.36,1
U001162,Email,Desktop,Deal Seeker,2025-07-18,2025-07-29,5,30,10.28,4,48.0,6.0,9.6,0
U001163,Paid Search,Mobile,New Consumer,2025-02-18,2025-02-27,4,28,8.36,3,93.58,7.0,23.4,0
U001164,Social,Mobile,Returning Browser,2025-09-02,2025-09-15,4,30,12.44,2,225.41,7.5,56.35,0
U001165,Direct,Mobile,New Consumer,2025-02-09,2025-02-27,5,45,17.52,3,207.19,9.0,41.44,0
U001166,Direct,Mobile,Returning Browser,2025-10-18,2025-10-22,3,17,3.17,3,169.84,5.67,56.61,1
U001167,Email,Mobile,New Consumer,2025-05-23,2025-06-26,9,43,33.48,2,159.47,4.78,17.72,0
U001168,Organic Search,Tablet,Returning Browser,2025-06-24,2025-07-03,2,11,8.29,2,157.75,5.5,78.88,0
U001169,Referral,Mobile,New Consumer,2025-01-05,2025-01-11,2,20,5.3,3,36.0,10.0,18.0,1
U001170,Social,Mobile,Returning Browser,2025-02-07,2025-03-14,12,86,35.0,6,510.6,7.17,42.55,0
U001171,Direct,Mobile,New Consumer,2025-09-01,2025-09-14,3,18,12.99,1,62.93,6.0,20.98,0
U001172,Organic Search,Desktop,New Consumer,2025-03-25,2025-04-08,6,40,13.23,4,363.54,6.67,60.59,0
U001173,Email,Desktop,Returning Browser,2025-02-20,2025-03-02,4,26,9.44,3,184.98,6.5,46.24,0
U001174,Email,Mobile,New Consumer,2025-03-12,2025-03-28,5,30,15.89,4,364.77,6.0,72.95,0
U001175,Email,Desktop,Deal Seeker,2025-01-09,2025-01-18,2,17,8.01,1,87.93,8.5,43.96,0
U001176,Paid Search,Mobile,New Consumer,2025-06-26,2025-07-02,3,17,5.79,1,41.8,5.67,13.93,1
U001177,Organic Search,Desktop,New Consumer,2025-05-20,2025-06-03,3,19,13.2,3,158.21,6.33,52.74,0
U001178,Referral,Mobile,New Consumer,2025-06-23,2025-06-30,3,20,6.65,4,186.96,6.67,62.32,1
U001179,Paid Search,Desktop,Returning Browser,2025-09-22,2025-10-07,4,11,14.97,2,68.12,2.75,17.03,0
U001180,Email,Tablet,High Intent,2025-08-15,2025-08-24,2,19,8.15,1,51.59,9.5,25.8,0
U001181,Email,Mobile,Returning Browser,2025-05-22,2025-06-08,4,33,16.3,4,297.26,8.25,74.32,0
U001182,Email,Desktop,New Consumer,2025-05-28,2025-06-02,4,28,4.77,1,69.76,7.0,17.44,1
U001183,Referral,Desktop,High Intent,2025-03-16,2025-03-23,5,35,6.51,3,114.94,7.0,22.99,1
U001184,Paid Search,Mobile,New Consumer,2025-01-31,2025-02-24,6,34,23.89,3,182.7,5.67,30.45,0
U001185,Organic Search,Desktop,Returning Browser,2025-09-22,2025-10-02,6,34,9.84,1,57.97,5.67,9.66,0
U001186,Paid Search,Desktop,Returning Browser,2025-06-19,2025-07-19,10,46,29.51,1,43.96,4.6,4.4,0
U001187,Social,Desktop,Returning Browser,2025-10-17,2025-11-04,5,37,17.8,1,34.36,7.4,6.87,0
U001188,Paid Search,Mobile,New Consumer,2025-04-03,2025-04-11,2,18,7.98,1,56.82,9.0,28.41,0
U001189,Direct,Mobile,New Consumer,2025-03-05,2025-03-15,3,16,9.6,6,358.64,5.33,119.55,0
U001190,Organic Search,Desktop,Returning Browser,2025-09-16,2025-10-05,4,29,18.11,1,81.88,7.25,20.47,0
U001191,Referral,Desktop,High Intent,2025-06-12,2025-06-25,4,34,12.19,1,50.13,8.5,12.53,0
U001192,Direct,Desktop,New Consumer,2025-07-10,2025-07-21,6,33,10.2,3,78.31,5.5,13.05,0
U001193,Social,Mobile,New Consumer,2025-10-02,2025-10-16,5,33,13.86,3,128.99,6.6,25.8,0
U001194,Email,Mobile,Returning Browser,2025-07-24,2025-08-01,3,18,7.91,2,46.06,6.0,15.35,0
U001195,Email,Mobile,New Consumer,2025-02-24,2025-03-08,5,36,11.16,2,171.1,7.2,34.22,0
U001196,Email,Mobile,New Consumer,2025-02-03,2025-02-18,8,32,14.88,2,54.61,4.0,6.83,0
U001197,Email,Mobile,New Consumer,2025-07-10,2025-07-12,3,22,1.85,3,249.19,7.33,83.06,1
U001198,Organic Search,Mobile,New Consumer,2025-01-29,2025-02-05,2,16,6.43,2,214.74,8.0,107.37,1
U001199,Social,Mobile,Returning Browser,2025-04-09,2025-04-20,4,24,10.9,3,219.3,6.0,54.82,0
U001200,Paid Search,Mobile,Returning Browser,2025-01-19,2025-01-30,2,16,10.26,1,43.01,8.0,21.5,0
U001201,Paid Search,Mobile,High Intent,2025-03-27,2025-04-04,2,11,7.56,2,103.59,5.5,51.8,0
U001202,Paid Search,Mobile,High Intent,2025-04-18,2025-04-25,7,40,6.04,4,415.29,5.71,59.33,1
U001203,Email,Desktop,New Consumer,2025-06-16,2025-06-22,2,16,5.74,4,244.24,8.0,122.12,1
U001204,Paid Search,Mobile,Returning Browser,2025-06-02,2025-06-23,6,38,20.11,3,265.49,6.33,44.25,0
U001205,Email,Mobile,High Intent,2025-04-10,2025-04-20,3,18,9.02,2,163.76,6.0,54.59,0
U001206,Referral,Desktop,New Consumer,2025-05-26,2025-06-24,12,85,28.02,2,217.31,7.08,18.11,0
U001207,Social,Mobile,New Consumer,2025-05-02,2025-05-10,3,23,7.87,3,247.92,7.67,82.64,0
U001208,Organic Search,Mobile,High Intent,2025-10-20,2025-10-28,2,12,7.54,3,276.63,6.0,138.32,0
U001209,Paid Search,Mobile,High Intent,2025-09-11,2025-09-20,5,31,8.59,3,203.65,6.2,40.73,0
U001210,Email,Desktop,Deal Seeker,2025-08-11,2025-08-20,1,3,8.01,2,127.37,3.0,127.37,0
U001211,Paid Search,Desktop,New Consumer,2025-08-09,2025-08-19,4,27,9.47,2,132.62,6.75,33.16,0
U001212,Social,Mobile,Deal Seeker,2025-06-12,2025-06-22,4,18,9.44,3,293.77,4.5,73.44,0
U001213,Referral,Mobile,New Consumer,2025-04-16,2025-05-03,3,22,16.61,2,162.5,7.33,54.17,0
U001214,Paid Search,Mobile,New Consumer,2025-02-20,2025-03-07,5,41,14.45,3,312.15,8.2,62.43,0
U001215,Social,Desktop,Returning Browser,2025-08-12,2025-08-17,2,13,4.07,3,196.03,6.5,98.02,1
U001216,Paid Search,Desktop,New Consumer,2025-05-24,2025-06-03,3,15,9.68,3,253.77,5.0,84.59,0
U001217,Organic Search,Desktop,New Consumer,2025-02-10,2025-02-18,2,17,7.89,2,120.29,8.5,60.14,0
U001218,Organic Search,Desktop,New Consumer,2025-06-18,2025-06-23,2,15,4.14,2,137.72,7.5,68.86,1
U001219,Social,Desktop,High Intent,2025-01-12,2025-01-27,5,41,14.96,2,92.09,8.2,18.42,0
U001220,Referral,Tablet,New Consumer,2025-03-30,2025-04-05,2,16,5.95,2,100.62,8.0,50.31,1
U001221,Referral,Mobile,High Intent,2025-06-07,2025-06-17,3,15,9.56,2,131.2,5.0,43.73,0
U001222,Paid Search,Desktop,High Intent,2025-02-07,2025-02-10,1,11,2.98,2,108.77,11.0,108.77,1
U001223,Email,Desktop,New Consumer,2025-05-15,2025-05-27,4,25,11.18,5,144.08,6.25,36.02,0
U001224,Social,Desktop,Deal Seeker,2025-08-14,2025-08-25,4,24,10.65,2,89.68,6.0,22.42,0
U001225,Organic Search,Mobile,New Consumer,2025-03-13,2025-03-20,2,15,6.32,2,72.74,7.5,36.37,1
U001226,Organic Search,Desktop,New Consumer,2025-02-07,2025-02-19,4,15,11.91,2,175.18,3.75,43.8,0
U001227,Direct,Desktop,Deal Seeker,2025-01-11,2025-01-30,6,29,18.39,1,41.06,4.83,6.84,0
U001228,Social,Mobile,New Consumer,2025-04-09,2025-04-28,6,35,18.13,3,152.21,5.83,25.37,0
U001229,Referral,Desktop,Returning Browser,2025-09-06,2025-09-24,4,22,17.98,2,140.77,5.5,35.19,0
U001230,Referral,Mobile,New Consumer,2025-06-24,2025-07-11,5,19,16.41,3,258.18,3.8,51.64,0
U001231,Social,Mobile,High Intent,2025-05-06,2025-05-14,2,9,7.26,1,81.64,4.5,40.82,0
U001232,Social,Mobile,High Intent,2025-01-19,2025-01-25,2,17,5.13,3,153.58,8.5,76.79,1
U001233,Organic Search,Mobile,High Intent,2025-10-05,2025-10-25,5,17,19.01,4,358.22,3.4,71.64,0
U001234,Email,Desktop,High Intent,2025-07-18,2025-07-22,1,12,3.16,1,92.46,12.0,92.46,1
U001235,Organic Search,Tablet,New Consumer,2025-04-24,2025-05-18,7,38,23.79,1,12.0,5.43,1.71,0
U001236,Organic Search,Desktop,Deal Seeker,2025-08-31,2025-09-10,2,21,9.27,1,49.06,10.5,24.53,0
U001237,Direct,Mobile,New Consumer,2025-07-01,2025-07-15,4,25,13.17,1,76.6,6.25,19.15,0
U001238,Paid Search,Desktop,New Consumer,2025-07-26,2025-08-01,2,15,5.06,3,122.75,7.5,61.38,1
U001239,Email,Mobile,Deal Seeker,2025-01-28,2025-02-10,4,27,12.06,4,302.53,6.75,75.63,0
U001240,Organic Search,Desktop,Returning Browser,2025-08-09,2025-08-22,4,24,12.69,2,115.0,6.0,28.75,0
U001241,Social,Desktop,Returning Browser,2025-07-24,2025-08-01,4,22,7.35,2,122.63,5.5,30.66,0
U001242,Direct,Mobile,Deal Seeker,2025-02-14,2025-03-03,8,37,16.13,2,188.91,4.62,23.61,0
U001243,Paid Search,Mobile,High Intent,2025-10-02,2025-10-17,5,21,14.74,2,102.91,4.2,20.58,0
U001244,Direct,Mobile,High Intent,2025-05-13,2025-05-20,3,20,6.06,2,163.97,6.67,54.66,1
U001245,Organic Search,Tablet,New Consumer,2025-07-23,2025-08-03,5,34,10.35,3,233.84,6.8,46.77,0
U001246,Organic Search,Mobile,Deal Seeker,2025-05-01,2025-06-05,8,50,35.0,2,171.63,6.25,21.45,0
U001247,Organic Search,Mobile,Deal Seeker,2025-10-21,2025-11-04,5,40,13.62,2,59.35,8.0,11.87,0
U001248,Organic Search,Tablet,New Consumer,2025-02-16,2025-02-25,3,17,8.38,4,220.16,5.67,73.39,0
U001249,Social,Mobile,New Consumer,2025-01-21,2025-02-05,4,30,14.46,2,167.2,7.5,41.8,0
U001250,Referral,Mobile,New Consumer,2025-02-01,2025-02-10,4,26,8.4,4,209.57,6.5,52.39,0
U001251,Social,Mobile,New Consumer,2025-07-22,2025-08-12,5,29,20.07,1,67.19,5.8,13.44,0
U001252,Social,Mobile,New Consumer,2025-03-02,2025-03-11,5,31,8.69,2,74.09,6.2,14.82,0
U001253,Organic Search,Desktop,New Consumer,2025-03-13,2025-03-25,3,25,11.5,1,43.47,8.33,14.49,0
U001254,Paid Search,Desktop,New Consumer,2025-09-16,2025-09-24,3,6,7.2,3,47.03,2.0,15.68,0
U001255,Email,Mobile,Deal Seeker,2025-08-16,2025-08-30,6,21,13.38,2,129.44,3.5,21.57,0
U001256,Organic Search,Desktop,Returning Browser,2025-08-11,2025-08-24,5,29,12.69,4,211.0,5.8,42.2,0
U001257,Organic Search,Desktop,Returning Browser,2025-09-03,2025-09-07,2,7,3.94,4,238.63,3.5,119.32,1
U001258,Referral,Mobile,Deal Seeker,2025-07-31,2025-08-13,4,34,12.56,1,90.61,8.5,22.65,0
U001259,Organic Search,Mobile,Deal Seeker,2025-05-01,2025-05-07,3,16,5.99,4,211.78,5.33,70.59,1
U001260,Organic Search,Tablet,Returning Browser,2025-05-05,2025-05-09,1,3,3.22,3,283.75,3.0,283.75,1
U001261,Social,Mobile,Returning Browser,2025-01-08,2025-01-20,5,35,11.79,4,324.64,7.0,64.93,0
U001262,Direct,Desktop,High Intent,2025-06-04,2025-06-12,2,17,8.0,1,57.05,8.5,28.52,0
U001263,Email,Mobile,Deal Seeker,2025-01-06,2025-01-21,4,35,14.56,2,107.36,8.75,26.84,0
U001264,Social,Mobile,Deal Seeker,2025-09-10,2025-09-17,3,15,6.03,2,196.87,5.0,65.62,1
U001265,Social,Desktop,Returning Browser,2025-07-18,2025-08-02,4,17,14.21,3,141.62,4.25,35.4,0
U001266,Direct,Mobile,Returning Browser,2025-03-24,2025-03-31,3,17,6.09,2,109.55,5.67,36.52,1
U001267,Paid Search,Desktop,Deal Seeker,2025-05-20,2025-06-03,4,23,13.65,4,244.47,5.75,61.12,0
U001268,Email,Mobile,New Consumer,2025-04-30,2025-05-20,6,41,19.79,2,89.27,6.83,14.88,0
U001269,Social,Mobile,High Intent,2025-09-07,2025-09-15,4,22,7.35,2,177.31,5.5,44.33,0
U001270,Organic Search,Tablet,New Consumer,2025-07-20,2025-08-07,5,31,17.43,2,192.91,6.2,38.58,0
U001271,Email,Mobile,Deal Seeker,2025-08-07,2025-08-13,2,9,5.44,1,90.52,4.5,45.26,1
U001272,Social,Desktop,Returning Browser,2025-08-11,2025-08-22,3,18,10.99,4,350.41,6.0,116.8,0
U001273,Referral,Desktop,New Consumer,2025-06-25,2025-07-04,2,16,8.52,1,59.48,8.0,29.74,0
U001274,Paid Search,Mobile,High Intent,2025-06-27,2025-07-04,2,13,6.89,4,200.01,6.5,100.0,1
U001275,Direct,Desktop,Returning Browser,2025-08-12,2025-08-24,2,14,11.67,2,176.45,7.0,88.22,0
U001276,Organic Search,Mobile,Deal Seeker,2025-05-13,2025-05-24,3,31,10.76,2,156.22,10.33,52.07,0
U001277,Organic Search,Mobile,New Consumer,2025-04-26,2025-05-12,4,24,15.75,3,184.59,6.0,46.15,0
U001278,Paid Search,Desktop,New Consumer,2025-10-03,2025-10-22,6,36,18.02,1,54.72,6.0,9.12,0
U001279,Email,Mobile,New Consumer,2025-09-16,2025-09-30,4,32,13.78,1,54.55,8.0,13.64,0
U001280,Organic Search,Desktop,Returning Browser,2025-08-04,2025-08-18,3,26,13.44,1,20.54,8.67,6.85,0
U001281,Direct,Mobile,Deal Seeker,2025-07-06,2025-07-19,3,33,12.27,2,136.17,11.0,45.39,0
U001282,Organic Search,Desktop,High Intent,2025-06-05,2025-06-15,4,27,9.45,2,88.01,6.75,22.0,0
U001283,Organic Search,Desktop,New Consumer,2025-05-01,2025-05-12,3,21,10.42,3,156.86,7.0,52.29,0
U001284,Social,Tablet,New Consumer,2025-06-03,2025-06-20,4,21,16.75,1,66.9,5.25,16.73,0
U001285,Email,Mobile,Returning Browser,2025-02-28,2025-03-13,3,13,12.26,2,100.86,4.33,33.62,0
U001286,Paid Search,Mobile,New Consumer,2025-07-22,2025-08-12,5,31,20.22,3,119.9,6.2,23.98,0
U001287,Organic Search,Tablet,Returning Browser,2025-02-28,2025-03-15,4,17,14.2,2,102.73,4.25,25.68,0
U001288,Social,Tablet,New Consumer,2025-05-12,2025-05-22,4,17,9.11,1,46.13,4.25,11.53,0
U001289,Organic Search,Mobile,Returning Browser,2025-05-02,2025-05-11,2,17,8.51,4,280.22,8.5,140.11,0
U001290,Paid Search,Desktop,Returning Browser,2025-08-16,2025-08-28,4,29,11.88,5,206.54,7.25,51.64,0
U001291,Direct,Desktop,High Intent,2025-02-13,2025-02-23,2,14,9.47,2,116.65,7.0,58.32,0
U001292,Email,Mobile,Returning Browser,2025-03-25,2025-04-14,3,20,19.64,4,203.92,6.67,67.97,0
U001293,Direct,Desktop,High Intent,2025-09-22,2025-09-28,2,14,5.68,2,150.81,7.0,75.4,1
U001294,Referral,Mobile,New Consumer,2025-02-10,2025-02-17,2,14,6.97,3,36.0,7.0,18.0,1
U001295,Referral,Tablet,Returning Browser,2025-03-27,2025-04-08,5,34,11.95,2,76.13,6.8,15.23,0
U001296,Referral,Desktop,Returning Browser,2025-03-18,2025-03-24,2,11,5.21,1,108.59,5.5,54.3,1
U001297,Referral,Desktop,High Intent,2025-01-23,2025-02-03,4,24,10.98,1,77.78,6.0,19.44,0
U001298,Organic Search,Mobile,New Consumer,2025-08-24,2025-09-04,3,24,10.66,3,233.3,8.0,77.77,0
U001299,Referral,Desktop,New Consumer,2025-06-28,2025-07-09,3,22,10.36,4,513.45,7.33,171.15,0
U001300,Direct,Mobile,Deal Seeker,2025-02-15,2025-02-25,4,21,9.05,5,472.28,5.25,118.07,0
U001301,Paid Search,Desktop,New Consumer,2025-01-21,2025-02-14,6,39,23.7,6,391.42,6.5,65.24,0
U001302,Paid Search,Desktop,New Consumer,2025-05-08,2025-05-27,3,15,18.81,2,91.08,5.0,30.36,0
U001303,Organic Search,Desktop,Returning Browser,2025-10-02,2025-10-15,3,20,12.12,3,234.86,6.67,78.29,0
U001304,Paid Search,Desktop,High Intent,2025-01-06,2025-01-13,2,15,6.54,4,265.06,7.5,132.53,1
U001305,Social,Desktop,Returning Browser,2025-02-03,2025-02-11,3,27,7.06,2,138.37,9.0,46.12,0
U001306,Social,Tablet,Returning Browser,2025-06-07,2025-06-25,9,48,17.91,1,75.62,5.33,8.4,0
U001307,Organic Search,Mobile,New Consumer,2025-02-28,2025-03-21,4,19,20.03,3,39.24,4.75,9.81,0
U001308,Paid Search,Desktop,New Consumer,2025-09-26,2025-10-03,2,17,6.67,1,26.9,8.5,13.45,1
U001309,Organic Search,Mobile,Returning Browser,2025-08-09,2025-08-18,3,21,8.63,2,91.71,7.0,30.57,0
U001310,Organic Search,Mobile,New Consumer,2025-10-03,2025-10-14,2,15,10.65,1,47.69,7.5,23.84,0
U001311,Email,Mobile,New Consumer,2025-06-28,2025-07-07,3,19,8.49,2,100.59,6.33,33.53,0
U001312,Paid Search,Tablet,Returning Browser,2025-09-18,2025-10-02,5,26,13.88,1,43.69,5.2,8.74,0
U001313,Referral,Mobile,High Intent,2025-06-16,2025-06-23,1,9,6.75,1,64.18,9.0,64.18,1
U001314,Referral,Mobile,New Consumer,2025-06-08,2025-06-25,6,42,16.62,1,43.04,7.0,7.17,0
U001315,Paid Search,Mobile,High Intent,2025-03-07,2025-03-14,2,7,6.44,3,168.89,3.5,84.44,1
U001316,Referral,Desktop,Returning Browser,2025-05-14,2025-05-19,1,3,4.18,1,75.83,3.0,75.83,1
U001317,Direct,Desktop,Returning Browser,2025-10-21,2025-10-27,2,6,5.33,4,257.62,3.0,128.81,1
U001318,Organic Search,Mobile,Returning Browser,2025-10-26,2025-11-09,8,52,13.66,2,119.5,6.5,14.94,0
U001319,Organic Search,Mobile,New Consumer,2025-06-03,2025-06-16,5,35,12.1,4,207.86,7.0,41.57,0
U001320,Organic Search,Desktop,High Intent,2025-08-24,2025-08-30,2,9,5.1,2,152.51,4.5,76.26,1
U001321,Referral,Desktop,Deal Seeker,2025-02-21,2025-03-06,3,20,12.48,1,82.79,6.67,27.6,0
U001322,Email,Mobile,Returning Browser,2025-10-09,2025-10-17,2,18,7.78,3,186.67,9.0,93.34,0
U001323,Social,Mobile,Returning Browser,2025-09-22,2025-10-11,5,27,18.14,3,235.62,5.4,47.12,0
U001324,Organic Search,Mobile,New Consumer,2025-01-30,2025-02-14,4,24,14.4,2,192.95,6.0,48.24,0
U001325,Paid Search,Mobile,Deal Seeker,2025-01-24,2025-02-11,4,35,17.5,1,81.42,8.75,20.36,0
U001326,Paid Search,Mobile,Returning Browser,2025-08-28,2025-09-14,4,19,16.56,2,64.66,4.75,16.16,0
U001327,Email,Mobile,New Consumer,2025-02-06,2025-02-22,4,23,15.95,1,28.32,5.75,7.08,0
U001328,Social,Desktop,Returning Browser,2025-05-02,2025-05-14,7,55,11.79,4,215.77,7.86,30.82,0
U001329,Direct,Mobile,New Consumer,2025-03-19,2025-03-26,3,16,6.14,2,163.46,5.33,54.49,1
U001330,Direct,Mobile,New Consumer,2025-01-24,2025-02-02,7,56,8.25,2,84.6,8.0,12.09,0
U001331,Email,Mobile,New Consumer,2025-04-14,2025-04-20,3,15,5.32,2,102.75,5.0,34.25,1
U001332,Paid Search,Tablet,New Consumer,2025-05-11,2025-06-04,7,38,23.65,2,107.15,5.43,15.31,0
U001333,Email,Mobile,Deal Seeker,2025-08-15,2025-08-24,3,17,8.76,2,165.61,5.67,55.2,0
U001334,Email,Mobile,Returning Browser,2025-08-24,2025-08-31,2,19,6.66,2,120.22,9.5,60.11,1
U001335,Social,Desktop,New Consumer,2025-04-14,2025-04-19,3,21,4.59,1,82.93,7.0,27.64,1
U001336,Referral,Desktop,New Consumer,2025-07-23,2025-07-29,2,10,5.68,2,105.02,5.0,52.51,1
U001337,Direct,Mobile,New Consumer,2025-01-30,2025-02-28,6,33,28.12,1,60.35,5.5,10.06,0
U001338,Referral,Desktop,Returning Browser,2025-03-07,2025-03-22,4,20,14.03,2,116.56,5.0,29.14,0
U001339,Paid Search,Desktop,New Consumer,2025-07-26,2025-08-05,9,71,9.73,2,123.32,7.89,13.7,0
U001340,Social,Mobile,New Consumer,2025-06-01,2025-06-25,7,25,23.49,2,130.3,3.57,18.61,0
U001341,Referral,Desktop,New Consumer,2025-05-02,2025-05-10,2,14,7.23,1,54.05,7.0,27.02,0
U001342,Referral,Mobile,New Consumer,2025-02-01,2025-02-16,4,18,14.49,2,131.8,4.5,32.95,0
U001343,Organic Search,Mobile,New Consumer,2025-09-24,2025-10-05,3,11,10.86,3,191.9,3.67,63.97,0
U001344,Email,Desktop,Returning Browser,2025-01-24,2025-01-29,1,10,4.22,1,60.41,10.0,60.41,1
U001345,Organic Search,Mobile,New Consumer,2025-08-03,2025-08-12,3,16,8.83,1,58.83,5.33,19.61,0
U001346,Paid Search,Mobile,New Consumer,2025-09-17,2025-09-26,4,29,8.68,2,159.16,7.25,39.79,0
U001347,Paid Search,Mobile,New Consumer,2025-10-20,2025-11-04,5,43,14.79,2,169.21,8.6,33.84,0
U001348,Organic Search,Mobile,New Consumer,2025-04-28,2025-05-06,2,11,7.17,4,163.58,5.5,81.79,0
U001349,Referral,Mobile,New Consumer,2025-08-10,2025-08-22,4,31,11.77,1,84.49,7.75,21.12,0
U001350,Social,Desktop,New Consumer,2025-07-30,2025-08-11,6,33,11.37,3,150.56,5.5,25.09,0
U001351,Referral,Desktop,Deal Seeker,2025-04-27,2025-05-01,1,4,3.14,2,92.68,4.0,92.68,1
U001352,Email,Mobile,Returning Browser,2025-07-06,2025-07-22,5,40,15.98,4,274.83,8.0,54.97,0
U001353,Email,Mobile,New Consumer,2025-01-14,2025-01-29,4,21,14.27,2,113.2,5.25,28.3,0
U001354,Organic Search,Mobile,Deal Seeker,2025-07-04,2025-07-10,2,16,5.17,5,443.43,8.0,221.72,1
U001355,Paid Search,Desktop,New Consumer,2025-07-22,2025-08-03,6,49,11.7,3,242.29,8.17,40.38,0
U001356,Organic Search,Mobile,New Consumer,2025-01-13,2025-01-26,3,17,12.85,2,73.56,5.67,24.52,0
U001357,Paid Search,Mobile,Returning Browser,2025-03-27,2025-04-06,4,29,9.19,5,359.05,7.25,89.76,0
U001358,Social,Mobile,High Intent,2025-01-15,2025-01-21,2,18,5.28,3,211.05,9.0,105.52,1
U001359,Referral,Mobile,Returning Browser,2025-03-09,2025-03-23,3,20,13.37,2,158.17,6.67,52.72,0
U001360,Paid Search,Mobile,Returning Browser,2025-03-22,2025-04-06,3,25,14.14,1,58.25,8.33,19.42,0
U001361,Social,Desktop,Returning Browser,2025-06-26,2025-07-08,4,33,11.56,4,196.56,8.25,49.14,0
U001362,Referral,Mobile,Deal Seeker,2025-07-02,2025-07-16,4,26,13.84,1,73.16,6.5,18.29,0
U001363,Direct,Mobile,Returning Browser,2025-06-23,2025-07-11,3,13,17.32,2,95.49,4.33,31.83,0
U001364,Direct,Mobile,High Intent,2025-02-17,2025-03-07,5,40,17.56,4,211.21,8.0,42.24,0
U001365,Paid Search,Mobile,New Consumer,2025-10-27,2025-11-15,4,28,18.46,2,58.8,7.0,14.7,0
U001366,Referral,Mobile,Returning Browser,2025-08-08,2025-09-07,7,44,29.85,3,274.39,6.29,39.2,0
U001367,Paid Search,Desktop,Returning Browser,2025-07-27,2025-08-08,5,27,11.21,4,169.29,5.4,33.86,0
U001368,Organic Search,Desktop,New Consumer,2025-09-19,2025-10-03,4,27,13.51,3,172.48,6.75,43.12,0
U001369,Direct,Mobile,Deal Seeker,2025-10-19,2025-10-28,2,18,8.82,5,284.83,9.0,142.42,0
U001370,Direct,Desktop,New Consumer,2025-07-08,2025-07-15,2,3,6.87,2,168.1,1.5,84.05,1
U001371,Paid Search,Desktop,Returning Browser,2025-08-26,2025-09-06,4,27,10.59,2,145.93,6.75,36.48,0
U001372,Social,Mobile,New Consumer,2025-05-25,2025-06-03,4,29,8.47,3,277.7,7.25,69.42,0
U001373,Referral,Mobile,New Consumer,2025-01-05,2025-01-29,7,49,23.98,2,120.92,7.0,17.27,0
U001374,Organic Search,Mobile,New Consumer,2025-05-19,2025-05-31,4,30,11.03,2,55.34,7.5,13.84,0
U001375,Social,Tablet,New Consumer,2025-09-01,2025-09-18,6,32,16.6,4,257.08,5.33,42.85,0
U001376,Organic Search,Mobile,New Consumer,2025-08-17,2025-08-26,3,21,8.78,2,88.51,7.0,29.5,0
U001377,Organic Search,Desktop,Returning Browser,2025-07-27,2025-08-02,2,11,5.31,2,95.4,5.5,47.7,1
U001378,Direct,Mobile,New Consumer,2025-08-26,2025-09-11,3,26,15.27,3,199.2,8.67,66.4,0
U001379,Referral,Mobile,New Consumer,2025-04-07,2025-04-20,3,25,12.92,2,186.26,8.33,62.09,0
U001380,Organic Search,Desktop,High Intent,2025-07-11,2025-08-04,5,25,23.05,3,185.76,5.0,37.15,0
U001381,Direct,Mobile,New Consumer,2025-01-21,2025-02-18,6,44,27.07,2,151.2,7.33,25.2,0
U001382,Organic Search,Desktop,New Consumer,2025-01-31,2025-03-07,8,62,35.0,2,67.18,7.75,8.4,0
U001383,Social,Mobile,New Consumer,2025-10-23,2025-11-20,8,51,27.58,1,73.75,6.38,9.22,0
U001384,Referral,Mobile,New Consumer,2025-07-26,2025-08-05,4,18,9.92,2,115.74,4.5,28.94,0
U001385,Email,Mobile,New Consumer,2025-09-10,2025-09-19,2,15,8.8,3,69.12,7.5,34.56,0
U001386,Paid Search,Desktop,Deal Seeker,2025-08-28,2025-09-07,4,22,9.46,3,59.43,5.5,14.86,0
U001387,Social,Tablet,Returning Browser,2025-02-10,2025-02-27,5,40,16.02,1,86.74,8.0,17.35,0
U001388,Email,Mobile,High Intent,2025-04-05,2025-04-16,4,24,10.46,1,27.1,6.0,6.78,0
U001389,Organic Search,Desktop,Deal Seeker,2025-02-27,2025-03-04,2,13,4.19,2,124.11,6.5,62.06,1
U001390,Referral,Desktop,Returning Browser,2025-05-05,2025-05-24,5,35,18.9,3,162.73,7.0,32.55,0
U001391,Referral,Mobile,High Intent,2025-03-23,2025-04-03,3,18,10.58,2,155.63,6.0,51.88,0
U001392,Paid Search,Mobile,High Intent,2025-03-26,2025-04-05,4,30,9.12,2,165.37,7.5,41.34,0
U001393,Organic Search,Mobile,New Consumer,2025-10-21,2025-11-13,6,18,22.7,4,258.34,3.0,43.06,0
U001394,Direct,Desktop,Returning Browser,2025-06-26,2025-07-06,2,8,9.62,3,267.48,4.0,133.74,0
U001395,Email,Desktop,New Consumer,2025-07-01,2025-07-16,4,25,14.54,3,121.77,6.25,30.44,0
U001396,Referral,Mobile,Returning Browser,2025-10-15,2025-10-23,3,18,7.22,2,130.64,6.0,43.55,0
U001397,Social,Mobile,New Consumer,2025-07-13,2025-08-11,10,59,28.3,6,413.16,5.9,41.32,0
U001398,Organic Search,Desktop,High Intent,2025-03-08,2025-03-12,2,20,3.78,1,65.43,10.0,32.72,1
U001399,Paid Search,Mobile,High Intent,2025-09-25,2025-10-12,5,31,16.04,3,129.34,6.2,25.87,0
U001400,Email,Mobile,Returning Browser,2025-07-17,2025-07-25,2,12,7.92,2,127.53,6.0,63.76,0
U001401,Referral,Mobile,New Consumer,2025-05-14,2025-06-01,4,14,17.73,3,88.51,3.5,22.13,0
U001402,Paid Search,Desktop,New Consumer,2025-09-29,2025-10-09,2,9,9.35,2,91.35,4.5,45.68,0
U001403,Social,Mobile,Returning Browser,2025-10-27,2025-11-24,7,37,27.83,2,79.75,5.29,11.39,0
U001404,Paid Search,Mobile,New Consumer,2025-09-06,2025-09-12,2,9,5.6,1,50.06,4.5,25.03,1
U001405,Referral,Desktop,Deal Seeker,2025-01-07,2025-01-13,3,27,5.47,2,141.1,9.0,47.03,1
U001406,Paid Search,Mobile,Returning Browser,2025-03-20,2025-03-30,3,26,9.16,1,77.41,8.67,25.8,0
U001407,Organic Search,Mobile,Returning Browser,2025-05-03,2025-05-18,4,28,14.23,4,238.39,7.0,59.6,0
U001408,Organic Search,Desktop,Returning Browser,2025-09-14,2025-09-27,3,23,12.47,3,233.08,7.67,77.69,0
U001409,Organic Search,Mobile,New Consumer,2025-08-01,2025-08-12,3,19,10.15,2,114.22,6.33,38.07,0
U001410,Referral,Desktop,New Consumer,2025-03-29,2025-04-06,4,19,7.62,3,175.7,4.75,43.92,0
U001411,Referral,Desktop,Returning Browser,2025-08-17,2025-08-29,3,18,11.26,2,177.91,6.0,59.3,0
U001412,Social,Mobile,High Intent,2025-02-12,2025-02-24,2,15,11.13,2,96.41,7.5,48.2,0
U001413,Paid Search,Mobile,High Intent,2025-09-20,2025-10-22,6,39,31.91,2,126.28,6.5,21.05,0
U001414,Paid Search,Tablet,Returning Browser,2025-08-14,2025-09-06,5,36,22.82,1,113.89,7.2,22.78,0
U001415,Paid Search,Desktop,New Consumer,2025-08-26,2025-09-02,4,26,6.6,2,143.95,6.5,35.99,1
U001416,Organic Search,Tablet,New Consumer,2025-06-25,2025-07-13,5,26,17.33,2,165.73,5.2,33.15,0
U001417,Direct,Mobile,Returning Browser,2025-02-06,2025-02-15,4,31,8.76,3,147.99,7.75,37.0,0
U001418,Social,Desktop,New Consumer,2025-07-09,2025-07-31,6,30,21.57,3,234.31,5.0,39.05,0
U001419,Direct,Mobile,New Consumer,2025-10-18,2025-11-06,5,25,18.14,2,164.1,5.0,32.82,0
U001420,Organic Search,Desktop,Deal Seeker,2025-05-21,2025-06-05,6,38,14.44,2,120.92,6.33,20.15,0
U001421,Organic Search,Desktop,High Intent,2025-04-20,2025-04-30,3,21,9.75,3,232.28,7.0,77.43,0
U001422,Organic Search,Mobile,Returning Browser,2025-08-24,2025-09-11,5,30,17.55,3,162.42,6.0,32.48,0
U001423,Organic Search,Mobile,New Consumer,2025-03-15,2025-03-24,4,30,8.78,1,72.92,7.5,18.23,0
U001424,Email,Mobile,New Consumer,2025-04-13,2025-05-03,7,37,19.62,3,80.65,5.29,11.52,0
U001425,Email,Desktop,High Intent,2025-09-05,2025-09-09,1,3,3.13,2,72.98,3.0,72.98,1
U001426,Direct,Desktop,New Consumer,2025-01-01,2025-01-13,4,13,11.61,2,222.49,3.25,55.62,0
U001427,Direct,Desktop,Deal Seeker,2025-09-06,2025-09-13,2,14,6.34,2,52.82,7.0,26.41,1
U001428,Email,Mobile,New Consumer,2025-07-05,2025-07-20,4,24,14.29,4,298.25,6.0,74.56,0
U001429,Email,Mobile,High Intent,2025-10-25,2025-11-02,2,13,7.68,2,143.77,6.5,71.89,0
U001430,Organic Search,Desktop,Returning Browser,2025-09-02,2025-09-11,3,20,8.31,3,182.86,6.67,60.95,0
U001431,Social,Mobile,New Consumer,2025-09-16,2025-09-26,4,30,9.78,2,197.87,7.5,49.47,0
U001432,Paid Search,Mobile,New Consumer,2025-04-29,2025-05-12,4,27,12.84,1,76.21,6.75,19.05,0
U001433,Paid Search,Mobile,Returning Browser,2025-08-21,2025-08-29,3,15,7.29,2,116.71,5.0,38.9,0
U001434,Paid Search,Mobile,Deal Seeker,2025-03-11,2025-03-26,4,33,14.97,2,195.25,8.25,48.81,0
U001435,Paid Search,Desktop,New Consumer,2025-05-14,2025-05-21,6,30,6.31,2,99.88,5.0,16.65,1
U001436,Email,Mobile,Returning Browser,2025-02-14,2025-03-09,12,92,22.54,4,334.35,7.67,27.86,0
U001437,Paid Search,Mobile,New Consumer,2025-05-18,2025-05-28,3,26,9.78,2,102.92,8.67,34.31,0
U001438,Social,Mobile,Returning Browser,2025-08-29,2025-09-16,4,25,17.87,1,66.09,6.25,16.52,0
U001439,Email,Tablet,New Consumer,2025-05-16,2025-05-21,2,16,4.89,4,207.17,8.0,103.58,1
U001440,Email,Mobile,New Consumer,2025-05-15,2025-05-28,4,24,12.81,1,117.68,6.0,29.42,0
U001441,Organic Search,Desktop,Returning Browser,2025-10-03,2025-10-21,8,36,17.94,4,439.1,4.5,54.89,0
U001442,Organic Search,Mobile,Deal Seeker,2025-05-17,2025-05-27,4,20,9.81,3,150.3,5.0,37.58,0
U001443,Paid Search,Desktop,Returning Browser,2025-09-20,2025-09-24,3,17,3.09,5,356.52,5.67,118.84,1
U001444,Paid Search,Mobile,Returning Browser,2025-01-29,2025-02-09,4,24,10.48,2,148.74,6.0,37.18,0
U001445,Email,Desktop,Returning Browser,2025-08-13,2025-08-22,2,14,8.09,2,134.49,7.0,67.24,0
U001446,Email,Mobile,Deal Seeker,2025-02-06,2025-02-20,5,32,13.86,1,71.87,6.4,14.37,0
U001447,Paid Search,Desktop,New Consumer,2025-10-21,2025-11-02,4,19,11.04,3,241.98,4.75,60.5,0
U001448,Direct,Mobile,New Consumer,2025-10-18,2025-10-29,7,33,10.22,3,127.62,4.71,18.23,0
U001449,Paid Search,Mobile,New Consumer,2025-10-14,2025-10-25,5,43,10.56,2,126.98,8.6,25.4,0
U001450,Paid Search,Desktop,Deal Seeker,2025-06-01,2025-07-06,11,69,35.0,2,156.2,6.27,14.2,0
U001451,Organic Search,Mobile,New Consumer,2025-06-09,2025-06-16,2,13,6.08,2,173.92,6.5,86.96,1
U001452,Referral,Desktop,High Intent,2025-04-12,2025-04-20,3,22,7.65,5,311.8,7.33,103.93,0
U001453,Paid Search,Mobile,Deal Seeker,2025-04-14,2025-04-24,5,20,9.69,2,115.36,4.0,23.07,0
U001454,Paid Search,Mobile,New Consumer,2025-01-09,2025-01-25,5,31,15.28,3,239.87,6.2,47.97,0
U001455,Organic Search,Desktop,High Intent,2025-08-05,2025-08-10,1,5,4.36,1,28.19,5.0,28.19,1
U001456,Social,Desktop,New Consumer,2025-06-29,2025-07-09,2,11,9.41,3,163.73,5.5,81.86,0
U001457,Organic Search,Desktop,Returning Browser,2025-10-14,2025-10-23,2,13,8.71,3,92.98,6.5,46.49,0
U001458,Referral,Mobile,New Consumer,2025-10-09,2025-10-24,5,40,14.71,4,258.35,8.0,51.67,0
U001459,Paid Search,Mobile,New Consumer,2025-06-25,2025-07-09,5,40,13.94,2,135.26,8.0,27.05,0
U001460,Paid Search,Mobile,New Consumer,2025-07-21,2025-08-18,6,39,27.41,4,207.03,6.5,34.51,0
U001461,Organic Search,Mobile,Deal Seeker,2025-06-16,2025-06-23,3,17,6.93,2,157.23,5.67,52.41,1
U001462,Referral,Desktop,Returning Browser,2025-02-06,2025-02-20,4,16,13.32,1,64.85,4.0,16.21,0
U001463,Direct,Mobile,Deal Seeker,2025-06-20,2025-06-26,2,10,5.7,2,152.03,5.0,76.02,1
U001464,Organic Search,Mobile,Returning Browser,2025-05-08,2025-05-22,4,31,13.63,1,75.1,7.75,18.77,0
U001465,Social,Desktop,New Consumer,2025-01-06,2025-01-17,3,16,10.54,1,96.62,5.33,32.21,0
U001466,Direct,Mobile,New Consumer,2025-06-21,2025-07-11,4,12,19.53,3,237.9,3.0,59.48,0
U001467,Social,Desktop,Deal Seeker,2025-03-30,2025-04-10,5,34,10.67,1,78.66,6.8,15.73,0
U001468,Social,Mobile,New Consumer,2025-03-12,2025-03-18,4,24,5.97,3,264.75,6.0,66.19,1
U001469,Organic Search,Desktop,Deal Seeker,2025-05-13,2025-05-26,3,16,12.11,3,221.61,5.33,73.87,0
U001470,Organic Search,Mobile,Returning Browser,2025-06-21,2025-07-17,7,45,25.39,2,39.01,6.43,5.57,0
U001471,Organic Search,Mobile,Returning Browser,2025-01-21,2025-02-03,3,25,12.81,1,44.74,8.33,14.91,0
U001472,Social,Mobile,Returning Browser,2025-01-03,2025-01-20,5,29,16.75,3,195.0,5.8,39.0,0
U001473,Social,Mobile,New Consumer,2025-05-21,2025-06-12,8,41,21.58,7,255.1,5.12,31.89,0
U001474,Referral,Mobile,Returning Browser,2025-03-09,2025-03-26,6,32,16.48,2,227.17,5.33,37.86,0
U001475,Organic Search,Mobile,New Consumer,2025-10-26,2025-11-06,4,19,10.98,1,36.14,4.75,9.04,0
U001476,Paid Search,Mobile,Deal Seeker,2025-06-02,2025-06-22,6,26,19.23,3,236.45,4.33,39.41,0
U001477,Email,Mobile,New Consumer,2025-06-05,2025-06-14,3,11,8.69,2,155.5,3.67,51.83,0
U001478,Email,Desktop,Deal Seeker,2025-08-28,2025-09-09,3,11,11.72,3,339.16,3.67,113.05,0
U001479,Organic Search,Mobile,High Intent,2025-08-11,2025-08-22,2,15,10.55,1,50.83,7.5,25.42,0
U001480,Organic Search,Tablet,New Consumer,2025-03-01,2025-03-08,3,30,6.42,2,130.09,10.0,43.36,1
U001481,Email,Mobile,New Consumer,2025-04-20,2025-04-29,4,23,8.59,1,61.16,5.75,15.29,0
U001482,Email,Mobile,High Intent,2025-04-17,2025-04-27,3,13,9.72,3,36.0,4.33,12.0,0
U001483,Paid Search,Mobile,Deal Seeker,2025-08-09,2025-08-18,4,16,8.34,2,145.19,4.0,36.3,0
U001484,Paid Search,Mobile,New Consumer,2025-05-12,2025-05-26,5,30,13.84,1,51.32,6.0,10.26,0
U001485,Direct,Desktop,New Consumer,2025-03-22,2025-03-26,1,7,3.87,2,147.39,7.0,147.39,1
U001486,Organic Search,Mobile,New Consumer,2025-03-03,2025-03-10,3,17,6.45,5,438.23,5.67,146.08,1
U001487,Paid Search,Mobile,High Intent,2025-08-31,2025-09-04,1,10,3.57,2,168.29,10.0,168.29,1
U001488,Email,Desktop,Returning Browser,2025-04-22,2025-04-27,1,10,4.14,2,52.82,10.0,52.82,1
U001489,Organic Search,Desktop,Returning Browser,2025-10-21,2025-10-27,2,15,5.32,2,106.32,7.5,53.16,1
U001490,Organic Search,Desktop,New Consumer,2025-07-14,2025-07-26,3,17,11.72,2,166.02,5.67,55.34,0
U001491,Email,Mobile,New Consumer,2025-04-24,2025-05-14,7,43,19.5,1,56.17,6.14,8.02,0
U001492,Paid Search,Mobile,New Consumer,2025-02-21,2025-03-09,7,68,15.72,2,55.56,9.71,7.94,0
U001493,Paid Search,Mobile,New Consumer,2025-09-16,2025-09-27,3,10,10.5,3,238.02,3.33,79.34,0
U001494,Referral,Desktop,Returning Browser,2025-01-06,2025-01-22,4,21,15.49,2,143.57,5.25,35.89,0
U001495,Paid Search,Mobile,High Intent,2025-08-20,2025-08-30,3,14,9.29,4,305.04,4.67,101.68,0
U001496,Referral,Mobile,High Intent,2025-02-18,2025-03-02,4,27,11.03,2,164.96,6.75,41.24,0
U001497,Social,Mobile,New Consumer,2025-03-03,2025-03-22,6,27,18.23,1,57.56,4.5,9.59,0
U001498,Email,Tablet,Returning Browser,2025-08-30,2025-09-21,6,34,21.33,3,153.42,5.67,25.57,0
U001499,Email,Desktop,High Intent,2025-09-09,2025-09-14,1,3,4.31,1,70.5,3.0,70.5,1
U001500,Email,Desktop,Deal Seeker,2025-08-13,2025-08-29,4,33,15.14,1,130.84,8.25,32.71,0
U001501,Paid Search,Mobile,High Intent,2025-01-10,2025-01-23,4,24,12.94,2,153.08,6.0,38.27,0
U001502,Email,Desktop,New Consumer,2025-02-19,2025-03-05,2,13,13.87,2,109.92,6.5,54.96,0
U001503,Referral,Mobile,Deal Seeker,2025-06-29,2025-07-13,5,22,13.54,1,86.52,4.4,17.3,0
U001504,Email,Mobile,Deal Seeker,2025-03-02,2025-03-15,3,15,12.1,1,75.08,5.0,25.03,0
U001505,Referral,Mobile,New Consumer,2025-04-25,2025-05-03,2,15,7.78,1,31.31,7.5,15.66,0
U001506,Organic Search,Mobile,High Intent,2025-07-27,2025-08-01,1,5,4.77,3,118.97,5.0,118.97,1
U001507,Organic Search,Desktop,High Intent,2025-09-28,2025-10-04,1,9,5.73,3,244.81,9.0,244.81,1
U001508,Referral,Desktop,Deal Seeker,2025-08-14,2025-09-03,5,25,19.35,5,246.09,5.0,49.22,0
U001509,Email,Desktop,New Consumer,2025-09-19,2025-09-30,3,20,10.92,1,98.18,6.67,32.73,0
U001510,Organic Search,Mobile,New Consumer,2025-10-11,2025-10-28,5,32,16.23,2,127.33,6.4,25.47,0
U001511,Social,Tablet,Returning Browser,2025-06-13,2025-06-28,7,51,14.17,3,138.67,7.29,19.81,0
U001512,Organic Search,Mobile,High Intent,2025-01-21,2025-02-03,4,23,12.7,2,115.34,5.75,28.84,0
U001513,Organic Search,Desktop,Returning Browser,2025-04-22,2025-04-27,1,3,4.21,1,63.32,3.0,63.32,1
U001514,Social,Mobile,Returning Browser,2025-07-01,2025-07-29,9,62,27.62,4,307.79,6.89,34.2,0
U001515,Email,Mobile,High Intent,2025-09-17,2025-09-23,2,18,5.64,1,59.3,9.0,29.65,1
U001516,Referral,Tablet,New Consumer,2025-05-03,2025-05-15,4,23,11.95,2,24.0,5.75,6.0,0
U001517,Direct,Mobile,Returning Browser,2025-08-06,2025-08-12,3,12,5.22,2,121.31,4.0,40.44,1
U001518,Organic Search,Desktop,New Consumer,2025-08-13,2025-09-07,8,56,24.21,1,67.22,7.0,8.4,0
U001519,Direct,Mobile,Returning Browser,2025-08-26,2025-09-07,3,12,11.17,5,595.94,4.0,198.65,0
U001520,Email,Desktop,Returning Browser,2025-10-19,2025-11-01,4,32,12.47,2,137.0,8.0,34.25,0
U001521,Email,Mobile,New Consumer,2025-08-20,2025-09-03,4,27,13.94,3,218.16,6.75,54.54,0
U001522,Organic Search,Mobile,New Consumer,2025-10-08,2025-10-20,5,27,11.03,3,236.72,5.4,47.34,0
U001523,Email,Desktop,Returning Browser,2025-09-29,2025-10-05,2,18,5.46,2,133.67,9.0,66.83,1
U001524,Social,Mobile,Returning Browser,2025-04-21,2025-05-03,3,20,11.47,2,50.38,6.67,16.79,0
U001525,Referral,Desktop,Returning Browser,2025-01-10,2025-01-16,1,9,5.34,1,118.14,9.0,118.14,1
U001526,Organic Search,Desktop,New Consumer,2025-02-18,2025-02-23,2,11,4.71,4,266.81,5.5,133.4,1
U001527,Social,Mobile,Returning Browser,2025-03-21,2025-03-27,3,23,5.16,2,145.9,7.67,48.63,1
U001528,Direct,Desktop,Deal Seeker,2025-05-01,2025-05-07,3,16,5.02,2,134.32,5.33,44.77,1
U001529,Paid Search,Tablet,High Intent,2025-05-13,2025-06-03,12,62,20.13,1,53.2,5.17,4.43,0
U001530,Direct,Desktop,New Consumer,2025-06-14,2025-06-26,3,17,11.07,6,302.49,5.67,100.83,0
U001531,Social,Desktop,New Consumer,2025-01-16,2025-02-04,5,28,18.55,1,70.17,5.6,14.03,0
U001532,Referral,Desktop,New Consumer,2025-06-11,2025-06-18,2,18,6.96,3,245.08,9.0,122.54,1
U001533,Email,Desktop,New Consumer,2025-05-18,2025-05-31,4,21,12.38,2,107.38,5.25,26.84,0
U001534,Referral,Mobile,New Consumer,2025-06-09,2025-06-26,6,33,16.91,3,183.92,5.5,30.65,0
U001535,Email,Mobile,High Intent,2025-03-09,2025-03-12,1,4,2.82,3,206.92,4.0,206.92,1
U001536,Organic Search,Desktop,New Consumer,2025-09-21,2025-09-30,2,15,8.99,2,24.0,7.5,12.0,0
U001537,Organic Search,Mobile,New Consumer,2025-05-15,2025-05-30,4,25,14.08,3,223.67,6.25,55.92,0
U001538,Paid Search,Mobile,New Consumer,2025-05-20,2025-05-30,2,21,9.45,4,202.18,10.5,101.09,0
U001539,Organic Search,Desktop,New Consumer,2025-09-02,2025-09-11,2,18,8.49,3,101.78,9.0,50.89,0
U001540,Paid Search,Desktop,Deal Seeker,2025-05-08,2025-05-21,4,28,12.8,6,402.62,7.0,100.66,0
U001541,Social,Mobile,High Intent,2025-03-22,2025-03-27,2,15,4.59,2,168.73,7.5,84.36,1
U001542,Social,Desktop,New Consumer,2025-01-07,2025-01-13,3,15,5.2,3,213.34,5.0,71.11,1
U001543,Organic Search,Mobile,New Consumer,2025-10-22,2025-11-12,6,46,20.09,3,294.91,7.67,49.15,0
U001544,Organic Search,Mobile,New Consumer,2025-08-23,2025-09-06,3,17,13.75,2,112.11,5.67,37.37,0
U001545,Direct,Desktop,New Consumer,2025-07-05,2025-07-21,5,41,15.31,3,234.02,8.2,46.8,0
U001546,Direct,Mobile,Returning Browser,2025-01-23,2025-01-28,4,19,4.83,3,112.4,4.75,28.1,1
U001547,Organic Search,Mobile,Returning Browser,2025-03-19,2025-03-27,3,20,7.91,2,162.21,6.67,54.07,0
U001548,Organic Search,Desktop,New Consumer,2025-09-29,2025-10-06,2,18,6.24,2,126.92,9.0,63.46,1
U001549,Email,Desktop,Returning Browser,2025-10-02,2025-10-09,2,18,6.91,5,139.09,9.0,69.54,1
U001550,Social,Mobile,New Consumer,2025-07-20,2025-07-31,5,32,10.68,4,248.32,6.4,49.66,0
U001551,Email,Mobile,New Consumer,2025-09-21,2025-10-06,8,46,14.74,1,90.17,5.75,11.27,0
U001552,Referral,Mobile,Returning Browser,2025-05-22,2025-05-26,2,16,3.6,2,75.01,8.0,37.51,1
U001553,Direct,Mobile,New Consumer,2025-02-12,2025-02-20,2,12,7.2,1,61.85,6.0,30.92,0
U001554,Email,Desktop,New Consumer,2025-08-25,2025-09-01,4,17,6.08,1,121.19,4.25,30.3,1
U001555,Referral,Tablet,Deal Seeker,2025-06-04,2025-06-19,4,24,14.51,4,345.34,6.0,86.34,0
U001556,Paid Search,Desktop,High Intent,2025-09-03,2025-09-11,3,21,7.64,2,66.97,7.0,22.32,0
U001557,Direct,Desktop,Returning Browser,2025-03-06,2025-03-15,2,21,8.6,2,97.88,10.5,48.94,0
U001558,Direct,Mobile,New Consumer,2025-03-01,2025-03-15,3,16,13.49,3,199.61,5.33,66.54,0
U001559,Organic Search,Mobile,New Consumer,2025-01-25,2025-02-09,5,29,14.19,2,162.06,5.8,32.41,0
U001560,Paid Search,Mobile,Returning Browser,2025-10-11,2025-11-03,7,41,22.1,3,305.04,5.86,43.58,0
U001561,Direct,Mobile,Returning Browser,2025-07-30,2025-08-10,2,15,10.42,4,340.43,7.5,170.22,0
U001562,Organic Search,Desktop,Deal Seeker,2025-07-07,2025-07-20,4,29,12.43,2,138.05,7.25,34.51,0
U001563,Referral,Desktop,New Consumer,2025-10-16,2025-10-25,2,13,8.28,1,95.78,6.5,47.89,0
U001564,Organic Search,Desktop,New Consumer,2025-04-06,2025-04-24,5,30,17.4,3,162.27,6.0,32.45,0
U001565,Paid Search,Desktop,High Intent,2025-10-11,2025-10-17,3,19,5.92,1,56.4,6.33,18.8,1
U001566,Social,Desktop,Deal Seeker,2025-08-06,2025-08-18,3,21,11.31,2,146.58,7.0,48.86,0
U001567,Paid Search,Mobile,New Consumer,2025-03-13,2025-03-28,5,36,14.09,3,150.97,7.2,30.19,0
U001568,Social,Mobile,New Consumer,2025-07-20,2025-08-15,6,40,25.91,2,129.44,6.67,21.57,0
U001569,Referral,Desktop,Returning Browser,2025-08-15,2025-09-01,5,24,16.79,2,103.32,4.8,20.66,0
U001570,Paid Search,Mobile,High Intent,2025-09-15,2025-09-29,3,12,13.24,3,175.21,4.0,58.4,0
U001571,Social,Mobile,High Intent,2025-04-21,2025-05-05,4,41,13.11,2,151.35,10.25,37.84,0
U001572,Paid Search,Mobile,High Intent,2025-06-06,2025-06-23,5,27,16.13,2,146.59,5.4,29.32,0
U001573,Email,Desktop,Returning Browser,2025-06-15,2025-06-22,2,16,6.36,1,63.09,8.0,31.54,1
U001574,Paid Search,Desktop,High Intent,2025-01-30,2025-02-06,2,20,6.17,3,123.98,10.0,61.99,1
U001575,Paid Search,Mobile,New Consumer,2025-03-28,2025-04-22,6,37,24.53,2,105.44,6.17,17.57,0
U001576,Direct,Mobile,High Intent,2025-03-25,2025-04-01,4,27,6.47,2,56.3,6.75,14.08,1
U001577,Organic Search,Desktop,New Consumer,2025-07-28,2025-08-02,1,10,4.49,3,140.05,10.0,140.05,1
U001578,Paid Search,Desktop,High Intent,2025-02-11,2025-02-23,4,27,11.34,1,69.87,6.75,17.47,0
U001579,Social,Desktop,New Consumer,2025-01-31,2025-02-10,3,30,9.8,4,352.67,10.0,117.56,0
U001580,Social,Mobile,High Intent,2025-10-07,2025-10-18,4,17,10.8,1,91.0,4.25,22.75,0
U001581,Referral,Desktop,New Consumer,2025-01-15,2025-01-28,3,13,12.76,2,94.72,4.33,31.57,0
U001582,Organic Search,Desktop,New Consumer,2025-03-20,2025-03-25,2,12,4.63,3,315.18,6.0,157.59,1
U001583,Organic Search,Mobile,New Consumer,2025-01-14,2025-01-30,6,24,15.1,4,308.52,4.0,51.42,0
U001584,Paid Search,Tablet,New Consumer,2025-09-21,2025-10-12,5,26,20.11,3,162.13,5.2,32.43,0
U001585,Organic Search,Mobile,New Consumer,2025-01-30,2025-02-19,7,24,19.5,1,61.91,3.43,8.84,0
U001586,Organic Search,Mobile,High Intent,2025-02-23,2025-02-27,1,4,3.8,4,89.06,4.0,89.06,1
U001587,Referral,Mobile,High Intent,2025-06-05,2025-06-22,5,23,16.09,1,72.13,4.6,14.43,0
U001588,Paid Search,Mobile,Returning Browser,2025-07-08,2025-07-24,4,24,15.11,3,196.37,6.0,49.09,0
U001589,Social,Tablet,New Consumer,2025-06-23,2025-07-02,3,19,8.98,2,33.1,6.33,11.03,0
U001590,Direct,Mobile,New Consumer,2025-04-25,2025-05-11,5,28,15.93,2,155.07,5.6,31.01,0
U001591,Organic Search,Mobile,High Intent,2025-02-26,2025-03-12,2,13,13.37,5,269.5,6.5,134.75,0
U001592,Referral,Mobile,Deal Seeker,2025-07-24,2025-08-26,8,45,32.76,1,50.51,5.62,6.31,0
U001593,Email,Mobile,New Consumer,2025-03-25,2025-04-03,4,24,8.99,1,73.7,6.0,18.42,0
U001594,Email,Desktop,High Intent,2025-04-12,2025-04-16,1,6,3.23,2,151.4,6.0,151.4,1
U001595,Paid Search,Mobile,Returning Browser,2025-10-02,2025-10-12,3,21,9.85,1,33.01,7.0,11.0,0
U001596,Organic Search,Tablet,Returning Browser,2025-09-22,2025-10-06,3,22,13.2,3,301.83,7.33,100.61,0
U001597,Direct,Mobile,New Consumer,2025-08-19,2025-09-07,6,44,18.79,2,126.25,7.33,21.04,0
U001598,Paid Search,Mobile,New Consumer,2025-05-27,2025-06-13,11,53,16.33,1,69.46,4.82,6.31,0
U001599,Email,Mobile,New Consumer,2025-04-07,2025-04-14,3,19,6.42,2,168.34,6.33,56.11,1
U001600,Referral,Mobile,High Intent,2025-02-26,2025-03-05,2,17,6.37,1,78.47,8.5,39.24,1
U001601,Paid Search,Mobile,New Consumer,2025-01-09,2025-01-19,4,32,9.74,2,105.58,8.0,26.4,0
U001602,Paid Search,Mobile,Returning Browser,2025-04-02,2025-04-08,4,29,5.55,3,116.5,7.25,29.12,1
U001603,Paid Search,Mobile,Returning Browser,2025-05-03,2025-06-01,12,59,28.07,2,170.52,4.92,14.21,0
U001604,Organic Search,Mobile,Deal Seeker,2025-01-10,2025-01-30,6,40,19.29,3,80.56,6.67,13.43,0
U001605,Email,Desktop,New Consumer,2025-03-07,2025-03-12,1,10,4.29,7,251.66,10.0,251.66,1
U001606,Direct,Tablet,New Consumer,2025-01-13,2025-01-27,3,21,13.58,1,83.12,7.0,27.71,0
U001607,Organic Search,Mobile,New Consumer,2025-02-28,2025-03-16,4,27,15.33,4,219.96,6.75,54.99,0
U001608,Organic Search,Desktop,New Consumer,2025-01-30,2025-02-10,2,8,10.78,1,78.08,4.0,39.04,0
U001609,Organic Search,Mobile,New Consumer,2025-04-11,2025-05-02,7,50,20.41,2,159.84,7.14,22.83,0
U001610,Social,Mobile,Deal Seeker,2025-07-04,2025-07-23,6,34,18.82,2,112.44,5.67,18.74,0
U001611,Direct,Mobile,New Consumer,2025-04-03,2025-04-13,3,21,9.36,2,150.81,7.0,50.27,0
U001612,Email,Tablet,New Consumer,2025-08-17,2025-08-25,3,17,7.4,1,63.59,5.67,21.2,0
U001613,Referral,Mobile,New Consumer,2025-06-07,2025-06-25,6,58,17.07,4,276.05,9.67,46.01,0
U001614,Email,Desktop,New Consumer,2025-02-09,2025-02-21,3,15,11.54,2,140.29,5.0,46.76,0
U001615,Referral,Desktop,Returning Browser,2025-02-08,2025-02-13,1,7,4.28,4,382.57,7.0,382.57,1
U001616,Organic Search,Tablet,New Consumer,2025-02-10,2025-03-17,10,64,35.0,3,167.27,6.4,16.73,0
U001617,Direct,Desktop,New Consumer,2025-01-31,2025-02-11,7,40,10.21,3,127.23,5.71,18.18,0
U001618,Referral,Mobile,New Consumer,2025-07-07,2025-07-26,5,40,18.84,2,112.12,8.0,22.42,0
U001619,Direct,Desktop,New Consumer,2025-02-10,2025-02-22,4,22,11.97,4,332.7,5.5,83.18,0
U001620,Direct,Mobile,Returning Browser,2025-02-27,2025-03-16,7,38,16.34,2,111.06,5.43,15.87,0
U001621,Organic Search,Mobile,New Consumer,2025-08-04,2025-08-15,6,38,10.09,2,56.02,6.33,9.34,0
U001622,Direct,Mobile,New Consumer,2025-08-19,2025-08-31,4,23,11.32,2,150.41,5.75,37.6,0
U001623,Direct,Mobile,Returning Browser,2025-04-19,2025-05-03,8,42,13.25,2,140.35,5.25,17.54,0
U001624,Organic Search,Mobile,New Consumer,2025-06-06,2025-06-17,5,26,10.74,1,33.13,5.2,6.63,0
U001625,Social,Desktop,New Consumer,2025-05-28,2025-06-06,3,17,8.59,1,37.01,5.67,12.34,0
U001626,Organic Search,Desktop,New Consumer,2025-06-25,2025-07-10,5,26,14.01,1,84.75,5.2,16.95,0
U001627,Organic Search,Mobile,Returning Browser,2025-07-28,2025-08-08,4,29,10.8,1,89.31,7.25,22.33,0
U001628,Referral,Mobile,Returning Browser,2025-06-14,2025-06-23,1,9,8.56,2,108.52,9.0,108.52,0
U001629,Organic Search,Mobile,High Intent,2025-02-10,2025-02-21,3,18,10.05,2,86.63,6.0,28.88,0
U001630,Referral,Mobile,New Consumer,2025-06-17,2025-06-25,2,15,7.53,1,46.43,7.5,23.22,0
U001631,Email,Mobile,New Consumer,2025-09-27,2025-10-06,2,14,8.63,5,338.52,7.0,169.26,0
U001632,Paid Search,Desktop,Returning Browser,2025-06-17,2025-06-27,5,30,9.52,1,53.31,6.0,10.66,0
U001633,Organic Search,Desktop,Deal Seeker,2025-04-13,2025-04-28,4,26,14.41,3,165.11,6.5,41.28,0
U001634,Social,Desktop,Deal Seeker,2025-09-30,2025-10-21,6,35,20.74,4,245.38,5.83,40.9,0
U001635,Email,Desktop,Returning Browser,2025-05-09,2025-06-12,8,61,33.04,1,35.51,7.62,4.44,0
U001636,Organic Search,Desktop,New Consumer,2025-04-06,2025-04-18,4,29,11.39,2,83.93,7.25,20.98,0
U001637,Social,Desktop,Returning Browser,2025-08-28,2025-09-12,5,35,14.27,1,78.87,7.0,15.77,0
U001638,Paid Search,Mobile,New Consumer,2025-10-06,2025-10-27,5,37,20.7,4,235.13,7.4,47.03,0
U001639,Direct,Mobile,New Consumer,2025-01-27,2025-02-16,7,41,19.78,2,125.82,5.86,17.97,0
U001640,Referral,Mobile,New Consumer,2025-10-03,2025-10-08,2,23,4.52,5,488.83,11.5,244.42,1
U001641,Referral,Desktop,New Consumer,2025-04-16,2025-04-29,3,14,12.23,4,249.81,4.67,83.27,0
U001642,Direct,Mobile,New Consumer,2025-08-23,2025-09-12,6,38,19.6,3,230.23,6.33,38.37,0
U001643,Direct,Mobile,New Consumer,2025-09-28,2025-10-25,11,78,26.02,4,471.15,7.09,42.83,0
U001644,Referral,Mobile,Deal Seeker,2025-09-24,2025-09-30,2,13,5.67,3,185.59,6.5,92.8,1
U001645,Social,Mobile,Returning Browser,2025-07-26,2025-08-06,3,9,10.6,2,155.77,3.0,51.92,0
U001646,Organic Search,Tablet,Returning Browser,2025-09-15,2025-09-24,3,21,8.76,1,61.94,7.0,20.65,0
U001647,Direct,Desktop,New Consumer,2025-06-07,2025-06-14,3,19,6.24,4,100.96,6.33,33.65,1
U001648,Social,Desktop,New Consumer,2025-07-06,2025-07-20,4,37,13.31,6,375.97,9.25,93.99,0
U001649,Social,Desktop,New Consumer,2025-10-09,2025-10-17,3,19,7.96,3,117.18,6.33,39.06,0
U001650,Email,Desktop,Returning Browser,2025-06-30,2025-07-09,2,13,9.0,2,91.74,6.5,45.87,0
U001651,Paid Search,Mobile,High Intent,2025-07-16,2025-07-30,4,20,13.76,3,271.4,5.0,67.85,0
U001652,Organic Search,Mobile,New Consumer,2025-09-28,2025-10-10,7,49,11.52,2,191.81,7.0,27.4,0
U001653,Referral,Mobile,Returning Browser,2025-07-18,2025-08-02,6,32,14.86,4,254.99,5.33,42.5,0
U001654,Referral,Desktop,New Consumer,2025-10-07,2025-10-15,2,14,7.92,2,111.31,7.0,55.66,0
U001655,Referral,Mobile,New Consumer,2025-08-20,2025-09-06,8,47,16.39,4,241.41,5.88,30.18,0
U001656,Social,Mobile,Returning Browser,2025-07-31,2025-08-24,6,30,23.27,2,60.85,5.0,10.14,0
U001657,Organic Search,Mobile,New Consumer,2025-09-07,2025-09-17,2,15,9.83,3,67.01,7.5,33.51,0
U001658,Email,Mobile,New Consumer,2025-04-30,2025-05-16,5,42,15.73,1,47.57,8.4,9.51,0
U001659,Paid Search,Mobile,New Consumer,2025-04-02,2025-04-17,3,27,14.08,2,156.9,9.0,52.3,0
U001660,Paid Search,Mobile,High Intent,2025-01-07,2025-01-18,3,19,10.28,3,170.85,6.33,56.95,0
U001661,Paid Search,Mobile,New Consumer,2025-06-17,2025-06-28,3,15,10.21,5,294.4,5.0,98.13,0
U001662,Referral,Desktop,New Consumer,2025-08-31,2025-09-07,2,15,6.13,1,58.46,7.5,29.23,1
U001663,Referral,Mobile,New Consumer,2025-10-12,2025-10-27,3,16,14.98,4,95.7,5.33,31.9,0
U001664,Direct,Desktop,New Consumer,2025-10-27,2025-11-07,3,18,10.66,3,183.1,6.0,61.03,0
U001665,Organic Search,Desktop,High Intent,2025-09-28,2025-10-11,2,16,12.5,2,199.27,8.0,99.64,0
U001666,Paid Search,Desktop,Returning Browser,2025-06-28,2025-07-11,3,25,12.56,2,191.52,8.33,63.84,0
U001667,Paid Search,Mobile,Deal Seeker,2025-01-30,2025-02-07,3,22,7.61,3,197.32,7.33,65.77,0
U001668,Organic Search,Desktop,New Consumer,2025-10-11,2025-10-21,2,18,9.84,4,320.02,9.0,160.01,0
U001669,Email,Mobile,High Intent,2025-01-16,2025-02-01,3,26,15.11,3,175.82,8.67,58.61,0
U001670,Organic Search,Mobile,New Consumer,2025-08-15,2025-09-13,10,82,28.76,2,75.24,8.2,7.52,0
U001671,Referral,Tablet,High Intent,2025-06-06,2025-06-26,6,16,19.41,3,154.93,2.67,25.82,0
U001672,Referral,Mobile,Deal Seeker,2025-10-02,2025-10-14,5,24,11.12,1,53.89,4.8,10.78,0
U001673,Social,Desktop,High Intent,2025-06-30,2025-08-02,7,55,32.13,1,39.63,7.86,5.66,0
U001674,Organic Search,Mobile,Deal Seeker,2025-04-25,2025-05-08,4,21,12.18,2,63.82,5.25,15.96,0
U001675,Organic Search,Desktop,New Consumer,2025-04-05,2025-04-23,6,34,17.67,1,70.1,5.67,11.68,0
U001676,Paid Search,Mobile,High Intent,2025-05-02,2025-05-25,8,68,23.0,1,48.64,8.5,6.08,0
U001677,Organic Search,Tablet,Deal Seeker,2025-04-06,2025-05-02,7,42,25.87,2,207.08,6.0,29.58,0
U001678,Organic Search,Mobile,New Consumer,2025-09-17,2025-09-29,6,32,11.32,2,145.89,5.33,24.32,0
U001679,Direct,Mobile,New Consumer,2025-05-11,2025-05-25,5,25,13.88,3,151.55,5.0,30.31,0
U001680,Organic Search,Desktop,New Consumer,2025-01-07,2025-01-15,2,9,7.17,4,85.32,4.5,42.66,0
U001681,Paid Search,Mobile,Deal Seeker,2025-03-26,2025-04-15,7,40,19.78,3,113.56,5.71,16.22,0
U001682,Organic Search,Desktop,New Consumer,2025-10-07,2025-10-10,1,9,2.85,3,125.83,9.0,125.83,1
U001683,Direct,Mobile,New Consumer,2025-07-30,2025-08-07,3,22,7.16,3,230.88,7.33,76.96,0
U001684,Paid Search,Mobile,Returning Browser,2025-04-01,2025-04-07,3,19,5.34,3,237.51,6.33,79.17,1
U001685,Referral,Mobile,New Consumer,2025-08-02,2025-08-14,3,11,11.42,2,216.37,3.67,72.12,0
U001686,Direct,Tablet,High Intent,2025-07-20,2025-07-29,2,16,8.02,3,246.27,8.0,123.14,0
U001687,Organic Search,Desktop,New Consumer,2025-04-25,2025-05-01,3,19,5.63,2,92.55,6.33,30.85,1
U001688,Email,Mobile,Deal Seeker,2025-09-16,2025-09-25,4,29,8.71,2,147.25,7.25,36.81,0
U001689,Email,Desktop,Deal Seeker,2025-09-05,2025-09-13,4,15,7.54,5,516.1,3.75,129.02,0
U001690,Paid Search,Mobile,High Intent,2025-07-16,2025-07-22,2,15,5.95,1,91.7,7.5,45.85,1
U001691,Paid Search,Mobile,Deal Seeker,2025-04-04,2025-04-22,5,24,17.36,3,162.72,4.8,32.54,0
U001692,Email,Tablet,High Intent,2025-10-04,2025-10-15,3,17,10.29,4,404.21,5.67,134.74,0
U001693,Social,Mobile,New Consumer,2025-10-22,2025-10-31,3,22,8.85,1,69.43,7.33,23.14,0
U001694,Organic Search,Mobile,Returning Browser,2025-01-03,2025-01-18,4,20,14.26,2,209.32,5.0,52.33,0
U001695,Social,Tablet,High Intent,2025-08-13,2025-08-25,3,19,11.86,3,116.13,6.33,38.71,0
U001696,Organic Search,Mobile,High Intent,2025-05-11,2025-05-15,1,10,3.38,4,296.15,10.0,296.15,1
U001697,Email,Mobile,New Consumer,2025-02-07,2025-02-24,6,35,16.37,6,486.77,5.83,81.13,0
U001698,Organic Search,Mobile,High Intent,2025-02-24,2025-03-09,3,25,12.2,1,37.42,8.33,12.47,0
U001699,Paid Search,Tablet,New Consumer,2025-03-27,2025-04-19,5,17,22.32,4,275.07,3.4,55.01,0
U001700,Social,Desktop,New Consumer,2025-09-06,2025-09-30,6,31,23.74,4,238.12,5.17,39.69,0
U001701,Organic Search,Desktop,Returning Browser,2025-06-07,2025-06-16,3,13,8.92,2,160.48,4.33,53.49,0
U001702,Email,Desktop,New Consumer,2025-04-23,2025-04-27,2,14,3.23,2,79.98,7.0,39.99,1
U001703,Email,Desktop,Returning Browser,2025-07-21,2025-08-01,3,28,10.17,2,124.99,9.33,41.66,0
U001704,Referral,Desktop,Deal Seeker,2025-05-06,2025-05-29,6,29,22.38,1,59.5,4.83,9.92,0
U001705,Direct,Mobile,Returning Browser,2025-07-23,2025-08-10,6,34,17.35,1,46.21,5.67,7.7,0
U001706,Paid Search,Mobile,Returning Browser,2025-06-03,2025-06-22,4,21,18.2,3,274.91,5.25,68.73,0
U001707,Referral,Mobile,New Consumer,2025-09-28,2025-10-05,3,16,6.23,2,146.52,5.33,48.84,1
U001708,Social,Desktop,High Intent,2025-07-23,2025-07-30,1,7,6.51,1,55.46,7.0,55.46,1
U001709,Social,Mobile,Deal Seeker,2025-06-04,2025-06-23,6,30,19.0,4,261.45,5.0,43.58,0
U001710,Email,Mobile,Returning Browser,2025-06-06,2025-06-22,5,26,15.16,1,96.23,5.2,19.25,0
U001711,Paid Search,Desktop,High Intent,2025-06-19,2025-07-01,4,21,11.38,3,159.27,5.25,39.82,0
U001712,Organic Search,Mobile,High Intent,2025-08-25,2025-09-01,1,3,6.17,4,115.42,3.0,115.42,1
U001713,Referral,Mobile,New Consumer,2025-06-22,2025-07-14,6,37,21.16,3,187.21,6.17,31.2,0
U001714,Organic Search,Desktop,Returning Browser,2025-08-12,2025-08-19,3,16,6.33,1,111.91,5.33,37.3,1
U001715,Organic Search,Mobile,Deal Seeker,2025-04-18,2025-05-11,7,45,22.4,1,52.61,6.43,7.52,0
U001716,Referral,Desktop,New Consumer,2025-01-06,2025-01-16,2,8,9.83,2,131.55,4.0,65.78,0
U001717,Direct,Desktop,High Intent,2025-01-04,2025-01-15,3,19,10.65,2,78.9,6.33,26.3,0
U001718,Referral,Mobile,Returning Browser,2025-04-10,2025-04-20,4,32,9.4,2,128.31,8.0,32.08,0
U001719,Paid Search,Desktop,Deal Seeker,2025-01-07,2025-01-27,6,34,19.02,2,197.88,5.67,32.98,0
U001720,Organic Search,Desktop,New Consumer,2025-10-11,2025-10-23,3,15,11.19,2,138.43,5.0,46.14,0
U001721,Organic Search,Desktop,New Consumer,2025-03-05,2025-03-11,2,6,5.56,1,65.01,3.0,32.51,1
U001722,Organic Search,Mobile,New Consumer,2025-08-29,2025-09-17,5,18,18.12,2,137.57,3.6,27.51,0
U001723,Social,Desktop,High Intent,2025-03-02,2025-03-19,6,40,16.85,6,403.44,6.67,67.24,0
U001724,Paid Search,Mobile,New Consumer,2025-02-11,2025-02-27,4,31,15.5,1,88.45,7.75,22.11,0
U001725,Social,Mobile,Returning Browser,2025-08-09,2025-08-17,3,22,7.4,3,329.68,7.33,109.89,0
U001726,Organic Search,Tablet,High Intent,2025-04-13,2025-04-19,1,10,5.28,3,328.5,10.0,328.5,1
U001727,Paid Search,Desktop,New Consumer,2025-05-29,2025-06-03,3,18,4.22,1,24.06,6.0,8.02,1
U001728,Paid Search,Mobile,Deal Seeker,2025-02-05,2025-02-12,4,34,6.94,1,78.75,8.5,19.69,1
U001729,Organic Search,Mobile,Deal Seeker,2025-07-06,2025-07-26,5,26,19.05,2,79.53,5.2,15.91,0
U001730,Social,Mobile,High Intent,2025-02-12,2025-02-19,2,7,6.8,5,325.31,3.5,162.66,1
U001731,Email,Mobile,Returning Browser,2025-03-10,2025-03-24,5,24,13.09,3,158.95,4.8,31.79,0
U001732,Email,Desktop,High Intent,2025-04-04,2025-04-16,3,22,11.25,2,76.03,7.33,25.34,0
U001733,Organic Search,Mobile,Deal Seeker,2025-08-27,2025-09-17,6,31,20.27,1,82.04,5.17,13.67,0
U001734,Paid Search,Desktop,Deal Seeker,2025-01-23,2025-02-01,3,25,8.48,3,179.3,8.33,59.77,0
U001735,Email,Mobile,Returning Browser,2025-08-06,2025-08-16,3,22,9.94,2,170.92,7.33,56.97,0
U001736,Organic Search,Desktop,Returning Browser,2025-07-06,2025-07-16,3,19,9.23,2,135.42,6.33,45.14,0
U001737,Social,Mobile,New Consumer,2025-01-19,2025-02-10,6,27,21.38,3,260.69,4.5,43.45,0
U001738,Paid Search,Desktop,Deal Seeker,2025-09-15,2025-09-25,2,15,9.43,3,232.93,7.5,116.46,0
U001739,Referral,Desktop,Returning Browser,2025-02-20,2025-03-11,4,32,18.65,2,195.83,8.0,48.96,0
U001740,Email,Desktop,New Consumer,2025-03-07,2025-03-24,4,20,16.55,3,214.79,5.0,53.7,0
U001741,Organic Search,Desktop,Returning Browser,2025-03-02,2025-03-21,5,34,18.55,2,104.83,6.8,20.97,0
U001742,Paid Search,Desktop,New Consumer,2025-04-22,2025-05-01,3,24,8.94,2,136.24,8.0,45.41,0
U001743,Organic Search,Mobile,New Consumer,2025-02-25,2025-03-17,4,20,19.22,1,85.63,5.0,21.41,0
U001744,Email,Mobile,Returning Browser,2025-01-01,2025-01-08,5,32,6.32,3,224.54,6.4,44.91,1
U001745,Social,Desktop,High Intent,2025-10-12,2025-10-24,2,16,11.93,1,98.82,8.0,49.41,0
U001746,Referral,Mobile,Returning Browser,2025-05-21,2025-06-14,8,40,23.65,2,133.9,5.0,16.74,0
U001747,Organic Search,Mobile,New Consumer,2025-01-11,2025-02-09,7,34,28.65,1,86.29,4.86,12.33,0
U001748,Referral,Desktop,High Intent,2025-06-20,2025-06-27,1,5,6.48,1,51.64,5.0,51.64,1
U001749,Social,Mobile,Deal Seeker,2025-06-18,2025-06-24,4,21,5.33,5,325.96,5.25,81.49,1
U001750,Email,Mobile,Returning Browser,2025-08-12,2025-08-18,3,23,5.02,4,221.29,7.67,73.76,1
U001751,Direct,Desktop,Returning Browser,2025-08-14,2025-09-02,6,46,18.1,4,371.9,7.67,61.98,0
U001752,Organic Search,Mobile,Deal Seeker,2025-07-01,2025-07-15,4,35,13.64,3,153.45,8.75,38.36,0
U001753,Paid Search,Mobile,New Consumer,2025-06-06,2025-06-17,3,17,10.56,4,271.0,5.67,90.33,0
U001754,Paid Search,Mobile,New Consumer,2025-03-03,2025-03-19,6,32,15.36,1,55.32,5.33,9.22,0
U001755,Organic Search,Desktop,Returning Browser,2025-09-03,2025-09-09,3,28,5.8,2,50.76,9.33,16.92,1
U001756,Organic Search,Desktop,High Intent,2025-09-15,2025-09-19,2,18,3.35,2,202.61,9.0,101.3,1
U001757,Organic Search,Desktop,New Consumer,2025-10-17,2025-11-09,12,61,22.47,2,217.95,5.08,18.16,0
U001758,Social,Mobile,High Intent,2025-06-19,2025-06-27,2,19,7.77,1,86.2,9.5,43.1,0
U001759,Social,Tablet,Returning Browser,2025-05-09,2025-06-06,5,34,27.32,7,84.0,6.8,16.8,0
U001760,Email,Desktop,High Intent,2025-06-30,2025-07-09,2,10,8.36,4,157.06,5.0,78.53,0
U001761,Referral,Desktop,New Consumer,2025-09-20,2025-09-24,1,10,3.45,4,185.1,10.0,185.1,1
U001762,Paid Search,Desktop,Returning Browser,2025-04-29,2025-05-09,3,15,9.74,4,280.28,5.0,93.43,0
U001763,Organic Search,Mobile,High Intent,2025-05-02,2025-05-25,5,29,22.76,2,73.29,5.8,14.66,0
U001764,Email,Mobile,Returning Browser,2025-05-11,2025-05-30,5,29,18.14,4,196.14,5.8,39.23,0
U001765,Referral,Desktop,New Consumer,2025-06-28,2025-07-10,4,27,11.48,2,109.66,6.75,27.42,0
U001766,Direct,Desktop,New Consumer,2025-02-01,2025-02-14,4,26,12.2,2,64.97,6.5,16.24,0
U001767,Email,Desktop,New Consumer,2025-05-07,2025-05-19,3,15,11.87,2,190.64,5.0,63.55,0
U001768,Organic Search,Mobile,Returning Browser,2025-07-25,2025-08-04,3,19,9.69,2,164.7,6.33,54.9,0
U001769,Referral,Mobile,Deal Seeker,2025-10-15,2025-10-22,2,14,6.45,3,213.57,7.0,106.78,1
U001770,Email,Mobile,New Consumer,2025-05-12,2025-05-25,3,22,12.04,2,101.73,7.33,33.91,0
U001771,Organic Search,Desktop,Returning Browser,2025-01-24,2025-02-05,3,11,11.89,2,115.8,3.67,38.6,0
U001772,Organic Search,Desktop,Returning Browser,2025-07-02,2025-07-24,7,32,21.13,3,263.82,4.57,37.69,0
U001773,Referral,Desktop,Deal Seeker,2025-06-01,2025-06-10,6,25,8.56,3,221.22,4.17,36.87,0
U001774,Organic Search,Desktop,New Consumer,2025-09-08,2025-09-14,3,25,5.06,3,101.19,8.33,33.73,1
U001775,Paid Search,Desktop,Returning Browser,2025-04-03,2025-04-18,5,35,14.99,2,159.04,7.0,31.81,0
U001776,Email,Desktop,Deal Seeker,2025-09-08,2025-09-15,4,24,6.58,4,285.64,6.0,71.41,1
U001777,Organic Search,Desktop,High Intent,2025-07-30,2025-08-06,2,14,6.7,1,26.47,7.0,13.24,1
U001778,Referral,Mobile,High Intent,2025-03-29,2025-04-05,2,19,6.2,3,253.01,9.5,126.5,1
U001779,Email,Mobile,High Intent,2025-06-28,2025-07-14,4,22,15.21,1,64.3,5.5,16.08,0
U001780,Paid Search,Desktop,High Intent,2025-02-14,2025-02-20,2,17,5.65,2,177.42,8.5,88.71,1
U001781,Referral,Mobile,New Consumer,2025-06-23,2025-07-03,2,7,9.71,2,68.56,3.5,34.28,0
U001782,Organic Search,Desktop,New Consumer,2025-07-20,2025-07-29,2,13,8.41,2,132.55,6.5,66.28,0
U001783,Organic Search,Tablet,High Intent,2025-01-27,2025-02-04,2,15,7.3,1,73.16,7.5,36.58,0
U001784,Referral,Desktop,Deal Seeker,2025-02-25,2025-03-05,2,11,7.61,6,364.75,5.5,182.38,0
U001785,Direct,Desktop,New Consumer,2025-06-02,2025-06-20,4,20,17.51,1,75.03,5.0,18.76,0
U001786,Email,Desktop,New Consumer,2025-10-14,2025-10-28,5,37,13.9,1,41.48,7.4,8.3,0
U001787,Social,Mobile,New Consumer,2025-04-08,2025-04-25,3,25,16.92,1,50.36,8.33,16.79,0
U001788,Social,Mobile,High Intent,2025-08-14,2025-08-22,2,9,7.58,2,135.99,4.5,68.0,0
U001789,Organic Search,Mobile,Deal Seeker,2025-10-17,2025-10-31,4,16,13.12,1,119.98,4.0,30.0,0
U001790,Email,Mobile,High Intent,2025-06-20,2025-06-28,3,30,7.26,3,209.76,10.0,69.92,0
U001791,Email,Desktop,Returning Browser,2025-07-07,2025-07-12,1,6,4.56,4,156.7,6.0,156.7,1
U001792,Paid Search,Desktop,New Consumer,2025-03-07,2025-03-24,4,29,16.22,4,280.38,7.25,70.1,0
U001793,Paid Search,Desktop,New Consumer,2025-03-23,2025-04-05,4,28,12.17,2,78.85,7.0,19.71,0
U001794,Organic Search,Mobile,High Intent,2025-08-30,2025-09-08,3,21,8.8,1,67.29,7.0,22.43,0
U001795,Email,Mobile,Returning Browser,2025-10-05,2025-10-12,3,10,6.05,3,71.28,3.33,23.76,1
U001796,Organic Search,Desktop,New Consumer,2025-02-08,2025-02-19,4,22,10.96,1,61.29,5.5,15.32,0
U001797,Direct,Mobile,New Consumer,2025-07-07,2025-07-29,6,44,21.6,4,273.82,7.33,45.64,0
U001798,Organic Search,Mobile,New Consumer,2025-04-12,2025-04-24,2,18,11.92,2,72.92,9.0,36.46,0
U001799,Direct,Mobile,New Consumer,2025-02-09,2025-03-09,7,40,27.34,3,161.4,5.71,23.06,0
U001800,Referral,Mobile,High Intent,2025-06-12,2025-06-19,3,14,6.06,2,122.03,4.67,40.68,1
U001801,Email,Mobile,High Intent,2025-01-20,2025-02-07,7,37,17.93,2,100.06,5.29,14.29,0
U001802,Paid Search,Mobile,High Intent,2025-01-01,2025-01-16,4,36,14.88,1,90.05,9.0,22.51,0
U001803,Referral,Mobile,New Consumer,2025-09-09,2025-09-26,3,24,16.25,3,180.0,8.0,60.0,0
U001804,Organic Search,Desktop,New Consumer,2025-02-07,2025-02-19,5,20,11.66,4,218.28,4.0,43.66,0
U001805,Social,Mobile,High Intent,2025-04-26,2025-05-06,2,14,9.67,1,102.61,7.0,51.3,0
U001806,Organic Search,Mobile,Returning Browser,2025-07-14,2025-08-02,5,23,18.47,1,58.44,4.6,11.69,0
U001807,Social,Tablet,Returning Browser,2025-04-29,2025-05-10,5,34,10.77,2,110.19,6.8,22.04,0
U001808,Paid Search,Tablet,New Consumer,2025-02-21,2025-02-28,2,18,6.25,2,112.51,9.0,56.26,1
U001809,Organic Search,Mobile,Returning Browser,2025-01-31,2025-02-14,4,26,13.87,5,277.7,6.5,69.42,0
U001810,Referral,Desktop,New Consumer,2025-04-25,2025-05-05,5,24,9.46,1,49.55,4.8,9.91,0
U001811,Paid Search,Desktop,New Consumer,2025-08-27,2025-09-05,3,19,8.13,5,198.95,6.33,66.32,0
U001812,Social,Desktop,Returning Browser,2025-09-07,2025-09-15,3,13,7.91,2,96.66,4.33,32.22,0
U001813,Paid Search,Desktop,Returning Browser,2025-04-09,2025-04-18,3,14,8.66,4,384.35,4.67,128.12,0
U001814,Paid Search,Desktop,High Intent,2025-01-20,2025-01-26,1,4,5.31,2,35.73,4.0,35.73,1
U001815,Paid Search,Tablet,New Consumer,2025-03-13,2025-03-24,3,23,10.1,1,49.72,7.67,16.57,0
U001816,Referral,Desktop,Returning Browser,2025-09-04,2025-09-11,2,19,6.58,2,179.88,9.5,89.94,1
U001817,Organic Search,Desktop,Returning Browser,2025-05-19,2025-05-31,3,25,11.28,1,47.95,8.33,15.98,0
U001818,Paid Search,Desktop,Deal Seeker,2025-03-04,2025-03-17,4,23,12.78,3,264.57,5.75,66.14,0
U001819,Organic Search,Mobile,Deal Seeker,2025-08-12,2025-08-26,4,26,13.4,2,132.98,6.5,33.24,0
U001820,Paid Search,Desktop,Returning Browser,2025-09-11,2025-09-25,3,22,13.46,4,186.11,7.33,62.04,0
U001821,Organic Search,Desktop,High Intent,2025-10-14,2025-11-01,4,32,17.31,4,243.01,8.0,60.75,0
U001822,Organic Search,Mobile,Deal Seeker,2025-09-02,2025-09-12,3,22,9.61,3,246.03,7.33,82.01,0
U001823,Organic Search,Desktop,New Consumer,2025-09-30,2025-10-08,2,13,7.41,3,202.26,6.5,101.13,0
U001824,Organic Search,Desktop,New Consumer,2025-02-15,2025-03-04,4,26,16.03,4,235.54,6.5,58.88,0
U001825,Social,Desktop,New Consumer,2025-01-15,2025-01-24,2,8,8.18,1,48.24,4.0,24.12,0
U001826,Email,Desktop,High Intent,2025-05-28,2025-06-08,3,19,10.73,4,335.45,6.33,111.82,0
U001827,Email,Mobile,Returning Browser,2025-10-10,2025-10-17,3,22,6.73,2,103.93,7.33,34.64,1
U001828,Social,Desktop,Returning Browser,2025-10-26,2025-11-07,3,21,11.86,4,202.34,7.0,67.45,0
U001829,Social,Mobile,New Consumer,2025-01-15,2025-02-01,5,31,16.69,2,108.68,6.2,21.74,0
U001830,Referral,Mobile,New Consumer,2025-07-31,2025-08-05,3,26,4.35,4,269.84,8.67,89.95,1
U001831,Referral,Mobile,Deal Seeker,2025-01-12,2025-01-26,7,42,13.66,3,178.16,6.0,25.45,0
U001832,Social,Desktop,New Consumer,2025-10-15,2025-11-03,4,11,18.06,2,233.64,2.75,58.41,0
U001833,Paid Search,Desktop,New Consumer,2025-02-06,2025-02-23,5,21,16.51,2,117.68,4.2,23.54,0
U001834,Direct,Mobile,New Consumer,2025-02-21,2025-03-04,3,22,10.51,1,101.61,7.33,33.87,0
U001835,Direct,Mobile,Returning Browser,2025-07-05,2025-07-12,2,11,6.24,2,95.1,5.5,47.55,1
U001836,Direct,Tablet,New Consumer,2025-03-04,2025-03-11,2,15,6.93,1,66.65,7.5,33.33,1
U001837,Organic Search,Mobile,New Consumer,2025-09-04,2025-09-14,3,32,9.36,3,176.76,10.67,58.92,0
U001838,Referral,Desktop,High Intent,2025-08-26,2025-08-29,1,6,2.98,3,174.9,6.0,174.9,1
U001839,Social,Desktop,New Consumer,2025-08-20,2025-09-05,4,23,15.25,3,212.91,5.75,53.23,0
U001840,Organic Search,Mobile,Returning Browser,2025-01-29,2025-02-11,4,34,12.49,3,162.63,8.5,40.66,0
U001841,Organic Search,Desktop,Deal Seeker,2025-02-27,2025-03-09,3,16,9.61,2,129.56,5.33,43.19,0
U001842,Paid Search,Mobile,Returning Browser,2025-10-26,2025-11-08,4,30,12.72,2,100.71,7.5,25.18,0
U001843,Organic Search,Desktop,High Intent,2025-08-28,2025-09-01,1,6,3.24,3,232.91,6.0,232.91,1
U001844,Paid Search,Mobile,New Consumer,2025-09-15,2025-10-02,5,25,16.34,2,150.12,5.0,30.02,0
U001845,Organic Search,Desktop,Deal Seeker,2025-07-29,2025-08-04,2,18,5.33,1,59.72,9.0,29.86,1
U001846,Paid Search,Desktop,High Intent,2025-10-14,2025-10-25,3,18,10.65,2,113.94,6.0,37.98,0
U001847,Organic Search,Desktop,High Intent,2025-01-09,2025-01-14,1,14,4.95,5,329.25,14.0,329.25,1
U001848,Paid Search,Mobile,New Consumer,2025-09-12,2025-09-24,4,37,11.65,2,170.7,9.25,42.68,0
U001849,Direct,Mobile,New Consumer,2025-08-23,2025-09-01,3,27,8.24,1,54.0,9.0,18.0,0
U001850,Organic Search,Desktop,Returning Browser,2025-08-06,2025-08-15,3,10,8.58,3,245.69,3.33,81.9,0
U001851,Social,Mobile,Deal Seeker,2025-03-13,2025-03-23,4,25,9.82,4,114.7,6.25,28.68,0
U001852,Social,Tablet,Returning Browser,2025-07-07,2025-07-18,3,21,10.24,5,362.59,7.0,120.86,0
U001853,Social,Mobile,High Intent,2025-06-27,2025-07-06,3,20,8.55,3,110.46,6.67,36.82,0
U001854,Paid Search,Tablet,New Consumer,2025-03-16,2025-03-22,2,20,5.76,3,161.3,10.0,80.65,1
U001855,Paid Search,Mobile,New Consumer,2025-05-11,2025-05-22,9,64,10.72,1,43.73,7.11,4.86,0
U001856,Social,Mobile,New Consumer,2025-03-09,2025-03-22,3,24,12.34,2,116.49,8.0,38.83,0
U001857,Direct,Mobile,New Consumer,2025-05-30,2025-06-11,3,19,11.3,3,207.36,6.33,69.12,0
U001858,Email,Mobile,High Intent,2025-07-01,2025-07-07,1,3,5.82,3,233.23,3.0,233.23,1
U001859,Social,Mobile,New Consumer,2025-09-26,2025-10-18,4,30,21.01,2,70.03,7.5,17.51,0
U001860,Email,Desktop,New Consumer,2025-01-03,2025-01-12,3,15,8.49,2,154.98,5.0,51.66,0
U001861,Paid Search,Mobile,Returning Browser,2025-10-25,2025-11-20,7,55,25.72,2,208.17,7.86,29.74,0
U001862,Social,Mobile,Deal Seeker,2025-04-22,2025-05-08,4,32,15.69,2,162.36,8.0,40.59,0
U001863,Paid Search,Mobile,Deal Seeker,2025-01-29,2025-02-11,3,17,12.89,3,272.11,5.67,90.7,0
U001864,Referral,Mobile,New Consumer,2025-07-13,2025-07-25,3,22,11.61,1,82.19,7.33,27.4,0
U001865,Social,Desktop,New Consumer,2025-02-24,2025-03-26,10,55,29.86,3,180.41,5.5,18.04,0
U001866,Organic Search,Mobile,Deal Seeker,2025-10-02,2025-10-12,3,23,9.8,2,177.67,7.67,59.22,0
U001867,Organic Search,Desktop,New Consumer,2025-07-12,2025-07-23,4,27,10.45,1,58.62,6.75,14.66,0
U001868,Organic Search,Desktop,Deal Seeker,2025-05-02,2025-05-12,2,8,9.08,1,53.49,4.0,26.74,0
U001869,Email,Desktop,High Intent,2025-07-12,2025-07-17,1,6,4.88,2,140.16,6.0,140.16,1
U001870,Referral,Mobile,Returning Browser,2025-07-10,2025-07-18,2,12,7.86,4,263.67,6.0,131.84,0
U001871,Paid Search,Mobile,Returning Browser,2025-09-03,2025-09-22,8,48,18.8,1,59.73,6.0,7.47,0
U001872,Direct,Mobile,Returning Browser,2025-08-20,2025-09-01,4,22,11.96,4,299.92,5.5,74.98,0
U001873,Email,Mobile,New Consumer,2025-09-19,2025-09-26,5,27,6.17,1,74.94,5.4,14.99,1
U001874,Organic Search,Desktop,New Consumer,2025-06-07,2025-06-25,4,24,17.63,2,115.31,6.0,28.83,0
U001875,Referral,Desktop,Returning Browser,2025-07-21,2025-07-31,3,26,9.82,3,133.19,8.67,44.4,0
U001876,Organic Search,Mobile,New Consumer,2025-10-11,2025-10-27,4,27,15.66,1,58.72,6.75,14.68,0
U001877,Email,Mobile,Returning Browser,2025-02-04,2025-02-17,3,20,12.47,2,179.12,6.67,59.71,0
U001878,Referral,Desktop,New Consumer,2025-05-20,2025-05-27,2,17,6.19,3,149.48,8.5,74.74,1
U001879,Social,Desktop,Deal Seeker,2025-08-19,2025-09-07,4,17,18.2,1,87.61,4.25,21.9,0
U001880,Social,Mobile,High Intent,2025-06-17,2025-07-11,7,55,23.79,4,368.08,7.86,52.58,0
U001881,Social,Tablet,High Intent,2025-06-22,2025-07-03,4,27,10.88,2,98.5,6.75,24.62,0
U001882,Referral,Mobile,Returning Browser,2025-09-18,2025-10-03,4,12,14.47,4,164.37,3.0,41.09,0
U001883,Direct,Mobile,New Consumer,2025-04-22,2025-04-28,2,17,5.23,1,80.15,8.5,40.08,1
U001884,Organic Search,Mobile,Returning Browser,2025-08-20,2025-08-27,4,29,6.76,1,62.67,7.25,15.67,1
U001885,Email,Mobile,Deal Seeker,2025-09-30,2025-10-11,3,13,10.9,2,142.86,4.33,47.62,0
U001886,Email,Mobile,New Consumer,2025-01-06,2025-01-21,3,21,14.1,2,159.28,7.0,53.09,0
U001887,Organic Search,Desktop,Deal Seeker,2025-08-30,2025-09-15,6,32,15.41,2,135.51,5.33,22.58,0
U001888,Organic Search,Desktop,Returning Browser,2025-06-07,2025-06-14,2,7,6.94,3,134.18,3.5,67.09,1
U001889,Organic Search,Desktop,New Consumer,2025-08-01,2025-08-23,8,44,21.44,1,58.68,5.5,7.34,0
U001890,Organic Search,Mobile,Deal Seeker,2025-10-27,2025-11-18,6,38,21.23,2,188.19,6.33,31.36,0
U001891,Referral,Mobile,Returning Browser,2025-09-12,2025-09-19,3,22,6.53,3,328.55,7.33,109.52,1
U001892,Email,Desktop,New Consumer,2025-02-03,2025-02-14,5,32,10.89,2,175.83,6.4,35.17,0
U001893,Paid Search,Desktop,New Consumer,2025-03-31,2025-04-13,4,18,12.57,3,226.33,4.5,56.58,0
U001894,Referral,Mobile,Deal Seeker,2025-07-19,2025-08-09,5,29,20.48,4,179.64,5.8,35.93,0
U001895,Organic Search,Tablet,New Consumer,2025-10-06,2025-10-17,4,17,10.75,3,322.15,4.25,80.54,0
U001896,Social,Desktop,New Consumer,2025-02-09,2025-02-16,4,26,6.61,1,54.6,6.5,13.65,1
U001897,Organic Search,Mobile,High Intent,2025-08-14,2025-08-24,3,17,9.19,4,242.79,5.67,80.93,0
U001898,Organic Search,Mobile,Deal Seeker,2025-02-17,2025-02-23,4,36,5.38,2,179.86,9.0,44.96,1
U001899,Email,Mobile,Deal Seeker,2025-06-27,2025-07-05,2,9,7.44,2,157.1,4.5,78.55,0
U001900,Social,Mobile,Deal Seeker,2025-03-21,2025-04-11,6,22,20.67,4,125.92,3.67,20.99,0
U001901,Direct,Desktop,New Consumer,2025-07-04,2025-07-18,4,27,13.25,3,108.41,6.75,27.1,0
U001902,Referral,Desktop,Returning Browser,2025-08-24,2025-09-04,3,12,10.63,2,114.77,4.0,38.26,0
U001903,Paid Search,Desktop,Returning Browser,2025-10-10,2025-11-08,6,36,28.83,4,188.17,6.0,31.36,0
U001904,Referral,Desktop,Returning Browser,2025-01-12,2025-01-25,5,23,12.2,2,126.79,4.6,25.36,0
U001905,Paid Search,Mobile,New Consumer,2025-10-15,2025-10-28,3,21,12.4,3,218.21,7.0,72.74,0
U001906,Organic Search,Mobile,New Consumer,2025-03-09,2025-03-21,3,23,11.34,3,252.03,7.67,84.01,0
U001907,Email,Tablet,New Consumer,2025-03-29,2025-04-04,2,17,5.26,2,158.46,8.5,79.23,1
U001908,Direct,Desktop,New Consumer,2025-07-20,2025-08-01,2,15,11.67,3,259.31,7.5,129.66,0
U001909,Organic Search,Mobile,Returning Browser,2025-02-19,2025-03-05,3,11,13.05,2,112.74,3.67,37.58,0
U001910,Email,Desktop,New Consumer,2025-01-15,2025-01-25,3,16,9.68,1,52.27,5.33,17.42,0
U001911,Paid Search,Tablet,New Consumer,2025-09-15,2025-09-28,3,19,12.37,2,105.32,6.33,35.11,0
U001912,Referral,Mobile,New Consumer,2025-02-27,2025-03-12,6,26,12.5,5,369.24,4.33,61.54,0
U001913,Organic Search,Desktop,New Consumer,2025-05-28,2025-06-02,2,14,4.94,2,185.79,7.0,92.9,1
U001914,Organic Search,Mobile,New Consumer,2025-08-09,2025-08-30,6,38,20.86,2,221.85,6.33,36.98,0
U001915,Direct,Mobile,High Intent,2025-03-11,2025-03-28,5,34,16.81,3,268.68,6.8,53.74,0
U001916,Organic Search,Desktop,New Consumer,2025-04-30,2025-05-05,2,8,4.53,1,21.66,4.0,10.83,1
U001917,Referral,Desktop,High Intent,2025-08-05,2025-08-12,2,14,6.93,2,125.28,7.0,62.64,1
U001918,Paid Search,Desktop,High Intent,2025-02-12,2025-02-27,3,16,14.59,2,112.98,5.33,37.66,0
U001919,Email,Desktop,Deal Seeker,2025-08-16,2025-08-29,4,27,12.63,3,72.81,6.75,18.2,0
U001920,Email,Mobile,Returning Browser,2025-06-05,2025-06-16,3,16,10.08,3,146.34,5.33,48.78,0
U001921,Social,Tablet,New Consumer,2025-07-14,2025-07-26,3,20,11.34,3,113.31,6.67,37.77,0
U001922,Organic Search,Tablet,New Consumer,2025-09-30,2025-10-11,3,20,10.17,1,45.01,6.67,15.0,0
U001923,Paid Search,Desktop,High Intent,2025-07-26,2025-08-23,8,44,27.74,1,54.21,5.5,6.78,0
U001924,Direct,Mobile,Returning Browser,2025-07-08,2025-07-18,3,27,9.48,3,156.12,9.0,52.04,0
U001925,Organic Search,Desktop,High Intent,2025-08-24,2025-09-03,3,20,9.38,3,81.52,6.67,27.17,0
U001926,Social,Desktop,Returning Browser,2025-05-06,2025-05-20,4,29,13.38,3,198.33,7.25,49.58,0
U001927,Social,Desktop,New Consumer,2025-09-26,2025-10-05,2,13,8.51,4,379.81,6.5,189.9,0
U001928,Social,Desktop,Returning Browser,2025-06-08,2025-06-22,3,22,13.27,2,122.84,7.33,40.95,0
U001929,Direct,Tablet,New Consumer,2025-01-16,2025-01-24,2,15,7.93,1,42.5,7.5,21.25,0
U001930,Email,Tablet,Returning Browser,2025-03-31,2025-04-06,1,15,5.6,3,250.55,15.0,250.55,1
U001931,Social,Desktop,New Consumer,2025-09-01,2025-09-10,3,21,8.79,1,50.89,7.0,16.96,0
U001932,Organic Search,Mobile,Deal Seeker,2025-09-24,2025-10-03,4,23,8.11,2,67.92,5.75,16.98,0
U001933,Email,Mobile,Returning Browser,2025-09-11,2025-09-20,3,16,8.64,3,249.82,5.33,83.27,0
U001934,Organic Search,Desktop,New Consumer,2025-03-16,2025-03-24,3,22,7.77,3,298.03,7.33,99.34,0
U001935,Paid Search,Desktop,High Intent,2025-10-24,2025-10-28,1,9,3.68,2,73.24,9.0,73.24,1
U001936,Email,Desktop,New Consumer,2025-05-08,2025-05-28,5,29,19.27,1,71.87,5.8,14.37,0
U001937,Paid Search,Mobile,Returning Browser,2025-06-14,2025-06-22,3,22,7.48,1,60.3,7.33,20.1,0
U001938,Email,Desktop,New Consumer,2025-03-21,2025-03-30,2,11,8.67,2,125.72,5.5,62.86,0
U001939,Referral,Mobile,High Intent,2025-05-30,2025-06-03,2,18,3.35,1,43.35,9.0,21.68,1
U001940,Social,Desktop,Returning Browser,2025-03-17,2025-04-09,5,32,22.5,2,155.57,6.4,31.11,0
U001941,Email,Mobile,Returning Browser,2025-09-03,2025-09-17,4,12,13.97,3,53.37,3.0,13.34,0
U001942,Organic Search,Desktop,New Consumer,2025-06-12,2025-06-19,2,13,6.02,2,109.66,6.5,54.83,1
U001943,Organic Search,Desktop,Deal Seeker,2025-05-26,2025-06-07,4,20,11.37,4,256.39,5.0,64.1,0
U001944,Direct,Mobile,Returning Browser,2025-06-12,2025-06-19,4,25,6.4,3,253.28,6.25,63.32,1
U001945,Email,Desktop,High Intent,2025-02-13,2025-02-24,4,31,10.33,1,80.65,7.75,20.16,0
U001946,Referral,Desktop,High Intent,2025-09-07,2025-09-12,1,3,4.37,2,113.2,3.0,113.2,1
U001947,Organic Search,Desktop,New Consumer,2025-05-14,2025-05-29,5,40,14.29,3,213.86,8.0,42.77,0
U001948,Email,Mobile,New Consumer,2025-01-19,2025-02-07,4,29,18.83,1,57.34,7.25,14.34,0
U001949,Referral,Tablet,New Consumer,2025-01-25,2025-02-02,2,13,7.8,2,78.11,6.5,39.06,0
U001950,Referral,Desktop,New Consumer,2025-06-27,2025-07-16,4,30,18.27,1,63.56,7.5,15.89,0
U001951,Paid Search,Desktop,New Consumer,2025-10-24,2025-11-21,7,35,27.94,2,162.34,5.0,23.19,0
U001952,Organic Search,Desktop,Returning Browser,2025-04-10,2025-04-19,2,12,8.44,3,144.25,6.0,72.12,0
U001953,Referral,Desktop,Deal Seeker,2025-06-04,2025-06-08,3,21,3.83,2,180.88,7.0,60.29,1
U001954,Organic Search,Mobile,New Consumer,2025-08-13,2025-08-28,7,48,14.63,2,121.11,6.86,17.3,0
U001955,Email,Desktop,New Consumer,2025-04-24,2025-04-29,3,12,4.06,2,256.77,4.0,85.59,1
U001956,Organic Search,Mobile,Deal Seeker,2025-01-02,2025-01-25,9,51,22.23,5,510.43,5.67,56.71,0
U001957,Organic Search,Desktop,New Consumer,2025-10-24,2025-11-11,6,46,17.4,2,144.5,7.67,24.08,0
U001958,Email,Mobile,New Consumer,2025-09-26,2025-10-11,4,29,14.38,3,236.01,7.25,59.0,0
U001959,Paid Search,Mobile,New Consumer,2025-01-07,2025-01-22,3,18,14.92,2,103.95,6.0,34.65,0
U001960,Organic Search,Mobile,New Consumer,2025-05-02,2025-05-19,5,28,16.73,1,71.13,5.6,14.23,0
U001961,Paid Search,Desktop,High Intent,2025-05-29,2025-06-17,8,29,18.26,3,139.97,3.62,17.5,0
U001962,Email,Desktop,New Consumer,2025-04-14,2025-04-30,6,32,15.01,1,37.92,5.33,6.32,0
U001963,Organic Search,Tablet,New Consumer,2025-01-11,2025-01-21,2,16,9.86,2,148.67,8.0,74.33,0
U001964,Direct,Mobile,Returning Browser,2025-04-26,2025-05-03,2,12,6.55,2,115.91,6.0,57.96,1
U001965,Email,Mobile,New Consumer,2025-02-26,2025-03-16,5,34,17.73,2,184.52,6.8,36.9,0
U001966,Paid Search,Desktop,Returning Browser,2025-07-13,2025-08-10,7,43,27.76,1,46.03,6.14,6.58,0
U001967,Direct,Desktop,High Intent,2025-02-12,2025-02-22,2,12,9.52,2,145.32,6.0,72.66,0
U001968,Social,Desktop,Returning Browser,2025-10-25,2025-11-08,2,17,13.95,1,72.53,8.5,36.26,0
U001969,Paid Search,Desktop,New Consumer,2025-04-10,2025-04-23,3,26,12.13,2,182.41,8.67,60.8,0
U001970,Email,Mobile,New Consumer,2025-08-12,2025-08-19,3,31,6.59,2,111.84,10.33,37.28,1
U001971,Direct,Mobile,Deal Seeker,2025-06-06,2025-06-16,3,26,9.22,2,169.04,8.67,56.35,0
U001972,Social,Desktop,High Intent,2025-06-16,2025-06-23,3,27,6.66,3,172.47,9.0,57.49,1
U001973,Email,Mobile,Deal Seeker,2025-02-04,2025-02-18,4,26,13.88,2,137.94,6.5,34.48,0
U001974,Referral,Mobile,High Intent,2025-09-21,2025-10-10,7,29,18.87,4,362.29,4.14,51.76,0
U001975,Email,Mobile,High Intent,2025-04-12,2025-04-21,2,15,8.1,3,243.68,7.5,121.84,0
U001976,Social,Mobile,New Consumer,2025-01-06,2025-01-20,4,24,13.72,2,217.82,6.0,54.46,0
U001977,Email,Mobile,Returning Browser,2025-01-18,2025-01-23,2,11,4.12,1,81.62,5.5,40.81,1
U001978,Paid Search,Mobile,New Consumer,2025-09-12,2025-09-25,4,21,12.04,2,140.61,5.25,35.15,0
U001979,Referral,Mobile,New Consumer,2025-05-09,2025-06-12,8,46,33.14,4,54.62,5.75,6.83,0
U001980,Paid Search,Tablet,High Intent,2025-03-08,2025-03-20,3,23,11.24,2,162.21,7.67,54.07,0
U001981,Paid Search,Mobile,Returning Browser,2025-02-28,2025-03-10,6,45,9.31,3,241.2,7.5,40.2,0
U001982,Social,Desktop,New Consumer,2025-03-21,2025-04-05,5,23,14.78,1,65.1,4.6,13.02,0
U001983,Email,Mobile,Returning Browser,2025-01-08,2025-01-22,3,18,13.47,1,67.72,6.0,22.57,0
U001984,Direct,Mobile,New Consumer,2025-10-27,2025-11-05,3,18,8.6,2,108.76,6.0,36.25,0
U001985,Email,Desktop,Deal Seeker,2025-08-07,2025-08-23,5,32,15.2,4,255.08,6.4,51.02,0
U001986,Organic Search,Mobile,Deal Seeker,2025-04-03,2025-04-12,2,18,8.84,2,131.92,9.0,65.96,0
U001987,Referral,Mobile,High Intent,2025-08-02,2025-08-25,6,35,22.87,2,133.88,5.83,22.31,0
U001988,Direct,Desktop,Deal Seeker,2025-02-25,2025-03-03,2,16,5.86,6,570.5,8.0,285.25,1
U001989,Email,Desktop,New Consumer,2025-05-23,2025-06-01,2,3,8.14,4,318.55,1.5,159.28,0
U001990,Social,Desktop,New Consumer,2025-01-31,2025-02-09,3,19,8.55,4,124.93,6.33,41.64,0
U001991,Social,Mobile,Returning Browser,2025-02-20,2025-03-05,4,25,12.1,1,33.72,6.25,8.43,0
U001992,Referral,Mobile,New Consumer,2025-01-02,2025-01-13,2,13,10.3,2,191.81,6.5,95.9,0
U001993,Paid Search,Desktop,Returning Browser,2025-03-22,2025-04-02,2,12,10.18,2,161.39,6.0,80.69,0
U001994,Paid Search,Desktop,High Intent,2025-05-03,2025-05-14,4,17,10.31,3,280.95,4.25,70.24,0
U001995,Referral,Mobile,New Consumer,2025-10-18,2025-10-30,5,27,11.56,1,67.73,5.4,13.55,0
U001996,Organic Search,Mobile,New Consumer,2025-01-13,2025-01-24,3,23,10.57,3,186.02,7.67,62.01,0
U001997,Direct,Mobile,Returning Browser,2025-07-19,2025-08-04,6,54,15.33,2,106.15,9.0,17.69,0
U001998,Referral,Mobile,High Intent,2025-09-29,2025-10-06,2,12,6.55,3,130.54,6.0,65.27,1
U001999,Direct,Mobile,Returning Browser,2025-09-25,2025-10-08,4,18,12.91,2,200.06,4.5,50.02,0
U002000,Paid Search,Mobile,New Consumer,2025-02-27,2025-03-09,4,22,9.53,1,62.32,5.5,15.58,0
U002001,Paid Search,Desktop,Returning Browser,2025-06-14,2025-06-27,3,20,12.06,3,315.91,6.67,105.3,0
U002002,Referral,Mobile,New Consumer,2025-04-05,2025-04-25,5,34,19.24,3,226.56,6.8,45.31,0
U002003,Email,Desktop,New Consumer,2025-07-29,2025-08-05,2,10,6.55,1,78.23,5.0,39.12,1
U002004,Organic Search,Mobile,New Consumer,2025-08-18,2025-08-24,2,15,5.28,1,60.33,7.5,30.16,1
U002005,Direct,Mobile,Returning Browser,2025-04-14,2025-05-02,7,50,17.52,4,280.8,7.14,40.11,0
U002006,Organic Search,Desktop,Returning Browser,2025-07-08,2025-07-15,3,22,6.2,1,78.8,7.33,26.27,1
U002007,Paid Search,Mobile,Deal Seeker,2025-10-07,2025-10-16,5,25,8.05,1,77.07,5.0,15.41,0
U002008,Email,Mobile,Returning Browser,2025-06-04,2025-06-08,1,7,3.28,2,158.38,7.0,158.38,1
U002009,Organic Search,Desktop,High Intent,2025-07-22,2025-07-27,1,11,4.41,3,189.55,11.0,189.55,1
U002010,Referral,Desktop,High Intent,2025-08-16,2025-08-20,1,11,3.11,4,185.03,11.0,185.03,1
U002011,Referral,Tablet,Returning Browser,2025-04-13,2025-04-18,1,6,4.57,1,63.81,6.0,63.81,1
U002012,Referral,Mobile,High Intent,2025-05-05,2025-05-13,3,17,7.21,1,91.75,5.67,30.58,0
U002013,Email,Mobile,New Consumer,2025-02-01,2025-02-13,4,35,11.35,1,68.03,8.75,17.01,0
U002014,Paid Search,Mobile,New Consumer,2025-09-01,2025-09-08,4,29,6.56,2,147.29,7.25,36.82,1
U002015,Organic Search,Mobile,High Intent,2025-10-03,2025-10-19,5,28,15.33,4,352.35,5.6,70.47,0
U002016,Organic Search,Desktop,Returning Browser,2025-06-20,2025-06-30,4,16,9.9,4,190.4,4.0,47.6,0
U002017,Direct,Mobile,Returning Browser,2025-10-15,2025-10-24,3,15,9.0,1,79.01,5.0,26.34,0
U002018,Social,Mobile,Deal Seeker,2025-02-10,2025-03-13,12,84,30.56,2,122.5,7.0,10.21,0
U002019,Organic Search,Desktop,New Consumer,2025-07-30,2025-08-27,7,45,27.92,1,16.13,6.43,2.3,0
U002020,Organic Search,Mobile,Returning Browser,2025-05-19,2025-05-25,3,19,5.32,3,139.77,6.33,46.59,1
U002021,Paid Search,Mobile,High Intent,2025-05-25,2025-06-01,2,12,6.34,2,106.18,6.0,53.09,1
U002022,Paid Search,Desktop,Returning Browser,2025-01-18,2025-02-08,7,38,20.21,3,286.27,5.43,40.9,0
U002023,Referral,Mobile,Deal Seeker,2025-01-31,2025-02-16,6,28,15.58,2,154.23,4.67,25.7,0
U002024,Email,Tablet,Returning Browser,2025-07-21,2025-07-30,2,17,8.59,2,48.26,8.5,24.13,0
U002025,Social,Mobile,New Consumer,2025-09-17,2025-09-30,4,27,12.41,2,64.47,6.75,16.12,0
U002026,Paid Search,Mobile,Returning Browser,2025-02-23,2025-03-06,5,24,10.4,2,139.59,4.8,27.92,0
U002027,Organic Search,Desktop,New Consumer,2025-09-16,2025-09-25,4,37,8.27,1,74.9,9.25,18.73,0
U002028,Organic Search,Desktop,High Intent,2025-01-05,2025-01-08,1,6,2.87,3,283.15,6.0,283.15,1
U002029,Referral,Desktop,High Intent,2025-06-11,2025-06-22,3,17,10.96,2,155.33,5.67,51.78,0
U002030,Organic Search,Mobile,New Consumer,2025-06-11,2025-06-26,3,23,14.01,3,229.9,7.67,76.63,0
U002031,Organic Search,Mobile,High Intent,2025-06-14,2025-06-21,2,11,6.3,4,285.04,5.5,142.52,1
U002032,Organic Search,Desktop,Deal Seeker,2025-06-28,2025-07-16,7,42,17.86,2,128.35,6.0,18.34,0
U002033,Paid Search,Tablet,New Consumer,2025-03-19,2025-04-03,5,40,14.04,4,199.56,8.0,39.91,0
U002034,Referral,Tablet,New Consumer,2025-05-24,2025-06-02,3,20,8.77,2,59.85,6.67,19.95,0
U002035,Social,Mobile,Deal Seeker,2025-01-27,2025-02-21,7,34,24.35,2,206.02,4.86,29.43,0
U002036,Referral,Mobile,High Intent,2025-03-29,2025-04-17,4,29,18.23,5,318.71,7.25,79.68,0
U002037,Paid Search,Desktop,Returning Browser,2025-10-27,2025-11-08,4,24,11.13,3,189.9,6.0,47.48,0
U002038,Paid Search,Mobile,High Intent,2025-01-04,2025-01-19,3,17,14.52,4,216.88,5.67,72.29,0
U002039,Social,Desktop,New Consumer,2025-05-24,2025-06-06,3,28,12.3,2,220.16,9.33,73.39,0
U002040,Paid Search,Mobile,New Consumer,2025-05-21,2025-06-02,4,24,11.66,2,97.96,6.0,24.49,0
U002041,Direct,Desktop,High Intent,2025-02-18,2025-03-04,5,32,13.04,3,232.17,6.4,46.43,0
U002042,Email,Desktop,Returning Browser,2025-01-15,2025-01-25,1,9,9.01,1,38.33,9.0,38.33,0
U002043,Email,Mobile,High Intent,2025-02-27,2025-04-03,7,56,34.44,3,117.26,8.0,16.75,0
U002044,Social,Mobile,Returning Browser,2025-04-27,2025-05-10,6,43,12.23,4,187.64,7.17,31.27,0
U002045,Social,Desktop,New Consumer,2025-07-22,2025-07-30,8,47,7.42,2,85.79,5.88,10.72,0
U002046,Referral,Mobile,Returning Browser,2025-09-25,2025-10-04,3,22,8.93,3,248.76,7.33,82.92,0
U002047,Social,Mobile,New Consumer,2025-08-01,2025-08-07,3,7,5.95,1,88.69,2.33,29.56,1
U002048,Email,Mobile,New Consumer,2025-06-08,2025-06-24,5,41,15.07,2,127.44,8.2,25.49,0
U002049,Social,Mobile,High Intent,2025-03-26,2025-04-04,2,12,8.34,3,186.4,6.0,93.2,0
U002050,Paid Search,Desktop,New Consumer,2025-02-01,2025-02-23,5,33,21.02,3,310.13,6.6,62.03,0
U002051,Direct,Desktop,New Consumer,2025-01-06,2025-01-11,1,7,4.92,2,158.55,7.0,158.55,1
U002052,Social,Desktop,High Intent,2025-04-25,2025-05-04,3,25,8.86,3,201.67,8.33,67.22,0
U002053,Organic Search,Mobile,Returning Browser,2025-08-22,2025-09-01,3,19,9.25,1,53.96,6.33,17.99,0
U002054,Email,Mobile,New Consumer,2025-06-13,2025-06-24,4,26,10.54,3,185.29,6.5,46.32,0
U002055,Social,Tablet,New Consumer,2025-09-27,2025-10-10,6,28,12.63,2,127.06,4.67,21.18,0
U002056,Email,Mobile,Deal Seeker,2025-08-31,2025-09-06,3,17,5.47,3,267.41,5.67,89.14,1
U002057,Paid Search,Mobile,Deal Seeker,2025-10-08,2025-10-31,8,63,22.03,2,139.33,7.88,17.42,0
U002058,Referral,Desktop,Returning Browser,2025-05-07,2025-05-10,1,9,2.86,1,67.52,9.0,67.52,1
U002059,Email,Desktop,New Consumer,2025-04-25,2025-05-03,2,11,7.74,2,140.15,5.5,70.08,0
U002060,Direct,Desktop,New Consumer,2025-06-03,2025-07-07,7,31,33.76,2,177.92,4.43,25.42,0
U002061,Social,Mobile,New Consumer,2025-07-04,2025-07-17,4,23,12.82,3,136.45,5.75,34.11,0
U002062,Organic Search,Mobile,New Consumer,2025-09-11,2025-09-23,2,20,11.95,2,126.94,10.0,63.47,0
U002063,Organic Search,Mobile,New Consumer,2025-05-19,2025-05-23,2,14,3.6,1,46.78,7.0,23.39,1
U002064,Social,Tablet,New Consumer,2025-01-07,2025-01-21,5,30,13.86,3,206.55,6.0,41.31,0
U002065,Email,Tablet,Returning Browser,2025-06-14,2025-06-27,4,24,12.86,4,263.81,6.0,65.95,0
U002066,Email,Mobile,New Consumer,2025-10-12,2025-10-25,3,19,12.08,3,180.18,6.33,60.06,0
U002067,Organic Search,Tablet,High Intent,2025-10-24,2025-11-11,5,24,17.32,4,225.24,4.8,45.05,0
U002068,Paid Search,Desktop,New Consumer,2025-10-11,2025-11-01,9,62,20.89,2,147.75,6.89,16.42,0
U002069,Organic Search,Desktop,High Intent,2025-08-03,2025-08-20,4,23,16.57,4,293.46,5.75,73.36,0
U002070,Email,Desktop,New Consumer,2025-08-21,2025-09-02,4,33,11.19,1,33.66,8.25,8.41,0
U002071,Email,Mobile,New Consumer,2025-09-29,2025-10-15,10,77,15.16,3,170.3,7.7,17.03,0
U002072,Email,Mobile,New Consumer,2025-09-08,2025-09-22,4,29,13.96,3,218.86,7.25,54.72,0
U002073,Paid Search,Mobile,Deal Seeker,2025-08-21,2025-09-01,5,24,10.73,2,184.45,4.8,36.89,0
U002074,Organic Search,Mobile,High Intent,2025-07-20,2025-07-25,1,6,4.63,3,180.44,6.0,180.44,1
U002075,Email,Mobile,New Consumer,2025-09-30,2025-10-10,4,18,9.43,4,394.68,4.5,98.67,0
U002076,Referral,Desktop,New Consumer,2025-06-13,2025-06-20,2,18,6.22,1,59.1,9.0,29.55,1
U002077,Referral,Desktop,High Intent,2025-05-20,2025-05-26,2,6,5.33,1,81.45,3.0,40.72,1
U002078,Email,Mobile,High Intent,2025-08-20,2025-08-25,1,12,4.57,1,80.46,12.0,80.46,1
U002079,Email,Mobile,Deal Seeker,2025-08-03,2025-08-10,3,24,6.56,3,190.15,8.0,63.38,1
U002080,Email,Desktop,New Consumer,2025-04-06,2025-04-16,3,19,9.52,3,227.78,6.33,75.93,0
U002081,Referral,Mobile,High Intent,2025-07-27,2025-08-12,4,26,15.62,3,133.47,6.5,33.37,0
U002082,Organic Search,Mobile,High Intent,2025-04-04,2025-04-11,4,28,6.69,4,341.53,7.0,85.38,1
U002083,Social,Mobile,Returning Browser,2025-06-14,2025-06-22,2,16,7.72,1,60.34,8.0,30.17,0
U002084,Referral,Mobile,High Intent,2025-10-19,2025-11-17,7,38,28.57,3,250.37,5.43,35.77,0
U002085,Social,Desktop,New Consumer,2025-01-11,2025-01-29,8,53,17.39,2,198.69,6.62,24.84,0
U002086,Email,Mobile,New Consumer,2025-07-25,2025-08-04,3,14,9.96,4,248.08,4.67,82.69,0
U002087,Direct,Mobile,New Consumer,2025-09-08,2025-10-03,6,39,24.71,3,87.31,6.5,14.55,0
U002088,Organic Search,Desktop,Deal Seeker,2025-08-31,2025-09-16,4,19,15.14,3,229.02,4.75,57.26,0
U002089,Organic Search,Desktop,New Consumer,2025-07-13,2025-07-22,3,20,8.2,3,214.35,6.67,71.45,0
U002090,Social,Mobile,New Consumer,2025-01-27,2025-02-10,4,31,13.62,1,78.96,7.75,19.74,0
U002091,Referral,Mobile,Deal Seeker,2025-10-12,2025-10-26,5,35,13.04,3,156.97,7.0,31.39,0
U002092,Email,Mobile,Returning Browser,2025-03-08,2025-03-16,2,12,7.04,1,76.47,6.0,38.24,0
U002093,Paid Search,Desktop,New Consumer,2025-06-29,2025-07-09,4,28,9.79,2,176.65,7.0,44.16,0
U002094,Email,Mobile,New Consumer,2025-08-16,2025-08-24,2,15,7.42,1,72.5,7.5,36.25,0
U002095,Direct,Desktop,High Intent,2025-10-21,2025-10-30,2,16,8.93,2,166.9,8.0,83.45,0
U002096,Social,Tablet,Returning Browser,2025-10-05,2025-10-30,6,35,24.17,3,95.72,5.83,15.95,0
U002097,Organic Search,Desktop,Returning Browser,2025-04-21,2025-05-01,2,18,9.86,1,85.94,9.0,42.97,0
U002098,Organic Search,Desktop,Returning Browser,2025-10-02,2025-10-14,8,48,11.77,1,41.68,6.0,5.21,0
U002099,Referral,Mobile,New Consumer,2025-06-23,2025-07-04,3,24,10.51,1,77.16,8.0,25.72,0
U002100,Direct,Desktop,New Consumer,2025-03-12,2025-03-27,5,20,14.86,6,265.22,4.0,53.04,0
U002101,Referral,Desktop,New Consumer,2025-09-29,2025-10-07,8,44,7.87,3,153.98,5.5,19.25,0
U002102,Organic Search,Desktop,Returning Browser,2025-07-10,2025-07-27,3,25,16.46,5,176.99,8.33,59.0,0
U002103,Direct,Mobile,High Intent,2025-04-22,2025-05-04,5,24,11.2,1,68.01,4.8,13.6,0
U002104,Organic Search,Mobile,High Intent,2025-06-25,2025-07-05,5,27,9.73,2,139.87,5.4,27.97,0
U002105,Direct,Desktop,Deal Seeker,2025-03-26,2025-04-11,6,24,15.16,4,264.16,4.0,44.03,0
U002106,Social,Mobile,New Consumer,2025-05-13,2025-05-30,5,22,16.79,2,132.33,4.4,26.47,0
U002107,Referral,Desktop,New Consumer,2025-06-13,2025-06-20,4,20,6.44,3,177.88,5.0,44.47,1
U002108,Social,Tablet,Returning Browser,2025-02-13,2025-03-07,7,59,21.62,2,162.54,8.43,23.22,0
U002109,Paid Search,Tablet,Returning Browser,2025-06-17,2025-06-24,2,14,6.17,5,355.13,7.0,177.56,1
U002110,Organic Search,Mobile,Deal Seeker,2025-05-28,2025-06-16,5,39,18.07,3,181.09,7.8,36.22,0
U002111,Social,Mobile,New Consumer,2025-07-15,2025-08-01,5,30,16.29,1,47.35,6.0,9.47,0
U002112,Organic Search,Mobile,New Consumer,2025-03-22,2025-04-07,5,30,15.85,4,188.82,6.0,37.76,0
U002113,Paid Search,Mobile,New Consumer,2025-09-14,2025-09-26,4,31,11.12,3,264.99,7.75,66.25,0
U002114,Email,Mobile,New Consumer,2025-02-21,2025-03-04,3,19,10.96,4,156.53,6.33,52.18,0
U002115,Paid Search,Mobile,Returning Browser,2025-01-21,2025-02-10,5,32,19.73,2,138.14,6.4,27.63,0
U002116,Referral,Desktop,Deal Seeker,2025-07-02,2025-07-18,4,28,15.94,2,197.85,7.0,49.46,0
U002117,Referral,Tablet,New Consumer,2025-01-23,2025-02-02,3,23,9.87,4,293.25,7.67,97.75,0
U002118,Email,Desktop,Returning Browser,2025-06-09,2025-06-19,2,11,9.12,1,95.26,5.5,47.63,0
U002119,Direct,Mobile,Deal Seeker,2025-03-06,2025-03-17,5,25,10.77,4,97.31,5.0,19.46,0
U002120,Referral,Mobile,Deal Seeker,2025-06-22,2025-07-19,7,45,26.02,2,148.35,6.43,21.19,0
U002121,Social,Mobile,High Intent,2025-07-04,2025-07-12,2,17,7.79,3,142.86,8.5,71.43,0
U002122,Organic Search,Mobile,New Consumer,2025-06-03,2025-06-12,5,40,8.12,2,82.26,8.0,16.45,0
U002123,Paid Search,Mobile,New Consumer,2025-03-10,2025-04-11,6,22,31.3,1,66.72,3.67,11.12,0
U002124,Referral,Desktop,New Consumer,2025-10-02,2025-10-17,3,15,14.05,1,63.7,5.0,21.23,0
U002125,Social,Desktop,Returning Browser,2025-08-19,2025-08-27,2,14,7.78,3,203.78,7.0,101.89,0
U002126,Social,Mobile,Deal Seeker,2025-06-12,2025-07-05,7,29,22.41,6,591.58,4.14,84.51,0
U002127,Organic Search,Mobile,Returning Browser,2025-07-17,2025-08-02,6,42,15.24,5,299.38,7.0,49.9,0
U002128,Paid Search,Mobile,Returning Browser,2025-04-06,2025-04-23,5,35,16.86,2,144.93,7.0,28.99,0
U002129,Social,Mobile,High Intent,2025-06-08,2025-06-21,3,28,12.52,4,407.52,9.33,135.84,0
U002130,Direct,Desktop,Returning Browser,2025-05-22,2025-06-02,4,21,10.32,2,129.34,5.25,32.34,0
U002131,Email,Mobile,New Consumer,2025-02-09,2025-02-16,2,11,6.39,1,66.54,5.5,33.27,1
U002132,Organic Search,Desktop,New Consumer,2025-05-12,2025-05-21,3,28,8.67,2,153.5,9.33,51.17,0
U002133,Organic Search,Mobile,Deal Seeker,2025-01-29,2025-02-18,6,33,19.77,2,137.33,5.5,22.89,0
U002134,Organic Search,Desktop,Deal Seeker,2025-09-07,2025-09-17,3,22,9.34,1,69.17,7.33,23.06,0
U002135,Organic Search,Desktop,New Consumer,2025-03-13,2025-03-23,2,23,9.06,2,166.02,11.5,83.01,0
U002136,Social,Mobile,Deal Seeker,2025-06-25,2025-07-16,7,38,20.82,2,133.11,5.43,19.02,0
U002137,Organic Search,Mobile,New Consumer,2025-04-26,2025-05-11,5,33,14.99,2,24.0,6.6,4.8,0
U002138,Direct,Desktop,Returning Browser,2025-07-19,2025-07-29,3,20,9.52,3,257.23,6.67,85.74,0
U002139,Organic Search,Desktop,New Consumer,2025-05-12,2025-05-23,4,26,10.92,1,80.95,6.5,20.24,0
U002140,Social,Mobile,Returning Browser,2025-05-17,2025-06-01,5,29,14.79,3,245.75,5.8,49.15,0
U002141,Paid Search,Desktop,Returning Browser,2025-09-01,2025-09-08,4,24,6.31,2,149.3,6.0,37.33,1
U002142,Social,Desktop,Deal Seeker,2025-04-11,2025-04-23,3,26,11.71,3,223.51,8.67,74.5,0
U002143,Referral,Desktop,Returning Browser,2025-05-07,2025-05-16,3,22,8.88,3,186.07,7.33,62.02,0
U002144,Referral,Desktop,Returning Browser,2025-01-05,2025-01-25,4,23,19.67,4,258.76,5.75,64.69,0
U002145,Direct,Desktop,Deal Seeker,2025-01-16,2025-01-29,6,30,12.58,4,271.73,5.0,45.29,0
U002146,Paid Search,Mobile,High Intent,2025-03-22,2025-04-08,8,62,16.67,5,422.7,7.75,52.84,0
U002147,Email,Desktop,New Consumer,2025-07-31,2025-08-10,4,34,9.67,2,124.25,8.5,31.06,0
U002148,Paid Search,Mobile,High Intent,2025-07-29,2025-08-18,5,38,19.18,3,176.39,7.6,35.28,0
U002149,Social,Mobile,Deal Seeker,2025-04-15,2025-04-25,3,26,9.61,5,332.3,8.67,110.77,0
U002150,Email,Mobile,New Consumer,2025-01-18,2025-01-26,2,18,7.84,3,167.28,9.0,83.64,0
U002151,Organic Search,Mobile,New Consumer,2025-09-28,2025-10-26,12,57,27.5,2,136.85,4.75,11.4,0
U002152,Organic Search,Desktop,New Consumer,2025-08-25,2025-09-07,5,40,12.75,1,90.28,8.0,18.06,0
U002153,Referral,Mobile,Deal Seeker,2025-07-03,2025-07-26,7,34,22.67,7,282.71,4.86,40.39,0
U002154,Email,Desktop,Deal Seeker,2025-09-20,2025-10-02,3,15,11.01,1,71.85,5.0,23.95,0
U002155,Social,Mobile,High Intent,2025-06-06,2025-06-18,4,21,11.53,3,135.96,5.25,33.99,0
U002156,Paid Search,Mobile,New Consumer,2025-06-01,2025-06-16,4,28,14.98,2,302.82,7.0,75.7,0
U002157,Email,Mobile,New Consumer,2025-07-04,2025-07-14,5,25,9.21,3,155.39,5.0,31.08,0
U002158,Referral,Mobile,New Consumer,2025-09-11,2025-10-06,6,41,24.5,2,117.62,6.83,19.6,0
U002159,Referral,Mobile,New Consumer,2025-07-15,2025-07-19,2,5,3.35,2,218.53,2.5,109.26,1
U002160,Email,Mobile,New Consumer,2025-03-24,2025-04-10,4,28,16.38,2,138.91,7.0,34.73,0
U002161,Paid Search,Mobile,New Consumer,2025-02-28,2025-03-12,4,25,11.93,2,108.84,6.25,27.21,0
U002162,Email,Mobile,High Intent,2025-03-11,2025-03-19,2,11,7.38,2,165.66,5.5,82.83,0
U002163,Direct,Desktop,New Consumer,2025-05-04,2025-05-13,2,13,8.28,1,55.89,6.5,27.94,0
U002164,Paid Search,Mobile,New Consumer,2025-09-23,2025-10-13,6,29,19.41,3,139.58,4.83,23.26,0
U002165,Paid Search,Mobile,New Consumer,2025-07-13,2025-07-22,3,16,8.54,2,103.73,5.33,34.58,0
U002166,Organic Search,Desktop,High Intent,2025-03-23,2025-04-03,3,24,10.88,6,608.41,8.0,202.8,0
U002167,Paid Search,Mobile,Deal Seeker,2025-09-06,2025-10-02,10,63,25.6,2,96.4,6.3,9.64,0
U002168,Referral,Desktop,High Intent,2025-09-30,2025-10-08,2,9,7.19,1,26.91,4.5,13.46,0
U002169,Referral,Mobile,Returning Browser,2025-08-16,2025-08-23,2,16,6.87,2,182.42,8.0,91.21,1
U002170,Direct,Mobile,New Consumer,2025-07-18,2025-08-22,10,55,35.0,2,161.4,5.5,16.14,0
U002171,Social,Mobile,Deal Seeker,2025-05-05,2025-05-20,4,26,14.05,5,277.6,6.5,69.4,0
U002172,Referral,Desktop,Deal Seeker,2025-03-22,2025-03-27,2,10,4.75,1,42.65,5.0,21.32,1
U002173,Email,Mobile,New Consumer,2025-09-21,2025-10-06,5,22,14.3,2,126.47,4.4,25.29,0
U002174,Paid Search,Mobile,High Intent,2025-09-01,2025-09-08,4,28,6.78,4,225.13,7.0,56.28,1
U002175,Organic Search,Mobile,High Intent,2025-02-15,2025-02-26,5,39,10.24,5,152.58,7.8,30.52,0
U002176,Organic Search,Desktop,High Intent,2025-05-29,2025-06-02,1,9,3.28,1,65.49,9.0,65.49,1
U002177,Organic Search,Mobile,New Consumer,2025-09-07,2025-09-12,2,17,4.9,1,79.85,8.5,39.92,1
U002178,Organic Search,Mobile,New Consumer,2025-05-31,2025-06-17,4,17,16.43,2,127.44,4.25,31.86,0
U002179,Referral,Tablet,Returning Browser,2025-07-20,2025-07-30,1,3,9.08,3,185.78,3.0,185.78,0
U002180,Organic Search,Desktop,Returning Browser,2025-02-24,2025-03-08,2,17,11.69,1,77.01,8.5,38.51,0
U002181,Direct,Mobile,High Intent,2025-07-25,2025-08-06,3,20,11.22,2,193.34,6.67,64.45,0
U002182,Email,Mobile,New Consumer,2025-07-02,2025-07-13,3,24,10.41,2,176.41,8.0,58.8,0
U002183,Organic Search,Mobile,New Consumer,2025-04-21,2025-04-29,3,18,7.78,2,118.82,6.0,39.61,0
U002184,Referral,Desktop,Returning Browser,2025-06-22,2025-07-05,4,34,12.84,2,143.07,8.5,35.77,0
U002185,Social,Mobile,Deal Seeker,2025-03-07,2025-03-26,6,36,18.48,2,188.14,6.0,31.36,0
U002186,Organic Search,Tablet,New Consumer,2025-02-13,2025-02-19,2,17,5.65,3,227.36,8.5,113.68,1
U002187,Direct,Desktop,High Intent,2025-07-06,2025-07-12,2,12,5.07,1,53.3,6.0,26.65,1
U002188,Direct,Tablet,New Consumer,2025-01-11,2025-01-21,4,26,9.91,3,203.59,6.5,50.9,0
U002189,Organic Search,Mobile,Returning Browser,2025-05-24,2025-06-15,5,31,21.13,1,60.92,6.2,12.18,0
U002190,Social,Mobile,High Intent,2025-07-08,2025-07-24,5,22,15.01,2,131.59,4.4,26.32,0
U002191,Paid Search,Mobile,New Consumer,2025-03-26,2025-04-13,5,34,17.56,2,110.86,6.8,22.17,0
U002192,Social,Mobile,Returning Browser,2025-08-04,2025-08-15,7,39,10.3,1,60.08,5.57,8.58,0
U002193,Referral,Desktop,Returning Browser,2025-04-29,2025-05-12,4,22,12.09,1,56.29,5.5,14.07,0
U002194,Paid Search,Desktop,High Intent,2025-08-28,2025-09-14,6,41,16.94,1,89.64,6.83,14.94,0
U002195,Social,Desktop,New Consumer,2025-06-15,2025-06-25,4,27,9.33,1,86.93,6.75,21.73,0
U002196,Direct,Mobile,Deal Seeker,2025-05-04,2025-05-11,4,26,6.65,4,271.82,6.5,67.96,1
U002197,Social,Desktop,High Intent,2025-08-05,2025-08-13,4,21,7.07,2,120.25,5.25,30.06,0
U002198,Organic Search,Mobile,High Intent,2025-02-21,2025-02-27,2,9,5.71,2,148.49,4.5,74.24,1
U002199,Organic Search,Mobile,New Consumer,2025-05-17,2025-06-18,7,27,31.32,3,218.45,3.86,31.21,0
U002200,Referral,Mobile,Deal Seeker,2025-01-29,2025-02-10,4,27,11.49,4,140.4,6.75,35.1,0
U002201,Referral,Mobile,High Intent,2025-01-31,2025-02-11,2,13,10.74,3,146.54,6.5,73.27,0
U002202,Referral,Mobile,Deal Seeker,2025-07-30,2025-08-07,3,28,7.25,2,140.48,9.33,46.83,0
U002203,Email,Mobile,High Intent,2025-04-21,2025-04-26,1,12,4.75,4,399.48,12.0,399.48,1
U002204,Organic Search,Mobile,Deal Seeker,2025-09-30,2025-10-06,2,13,5.16,3,184.52,6.5,92.26,1
U002205,Social,Mobile,New Consumer,2025-06-14,2025-07-01,5,30,16.57,4,245.61,6.0,49.12,0
U002206,Email,Mobile,High Intent,2025-10-24,2025-11-02,1,3,8.4,2,219.11,3.0,219.11,0
U002207,Email,Desktop,Deal Seeker,2025-08-22,2025-08-28,1,13,5.25,2,137.64,13.0,137.64,1
U002208,Email,Mobile,Returning Browser,2025-04-11,2025-04-18,2,11,6.63,5,299.26,5.5,149.63,1
U002209,Paid Search,Tablet,Returning Browser,2025-09-22,2025-10-16,6,20,23.19,2,138.81,3.33,23.14,0
U002210,Organic Search,Mobile,High Intent,2025-01-31,2025-02-17,5,33,16.06,2,110.53,6.6,22.11,0
U002211,Email,Desktop,High Intent,2025-01-21,2025-01-31,3,19,9.93,3,181.42,6.33,60.47,0
U002212,Organic Search,Mobile,Returning Browser,2025-06-17,2025-06-27,3,19,9.66,3,154.79,6.33,51.6,0
U002213,Organic Search,Mobile,High Intent,2025-03-28,2025-04-13,5,33,15.81,1,70.95,6.6,14.19,0
U002214,Paid Search,Desktop,Deal Seeker,2025-07-25,2025-08-06,4,29,11.87,1,51.0,7.25,12.75,0
U002215,Referral,Desktop,Returning Browser,2025-02-12,2025-02-17,1,3,4.82,2,46.36,3.0,46.36,1
U002216,Social,Tablet,High Intent,2025-02-03,2025-02-17,3,19,13.54,3,162.52,6.33,54.17,0
U002217,Direct,Desktop,High Intent,2025-04-25,2025-04-29,2,11,3.02,4,265.72,5.5,132.86,1
U002218,Direct,Desktop,New Consumer,2025-03-31,2025-04-08,3,18,7.5,4,134.99,6.0,45.0,0
U002219,Direct,Mobile,Deal Seeker,2025-10-19,2025-10-30,6,34,10.27,4,233.25,5.67,38.88,0
U002220,Organic Search,Desktop,Returning Browser,2025-03-10,2025-03-25,7,56,14.65,2,129.9,8.0,18.56,0
U002221,Email,Mobile,New Consumer,2025-05-09,2025-05-17,2,15,7.67,3,103.1,7.5,51.55,0
U002222,Referral,Mobile,High Intent,2025-09-27,2025-10-03,1,8,5.24,2,53.84,8.0,53.84,1
U002223,Email,Tablet,High Intent,2025-08-18,2025-08-25,2,9,6.43,2,136.51,4.5,68.26,1
U002224,Direct,Desktop,Returning Browser,2025-08-26,2025-09-30,9,66,35.0,2,171.99,7.33,19.11,0
U002225,Paid Search,Mobile,New Consumer,2025-06-20,2025-07-10,5,40,19.37,2,161.98,8.0,32.4,0
U002226,Social,Desktop,Deal Seeker,2025-10-09,2025-10-24,7,37,14.8,2,154.14,5.29,22.02,0
U002227,Referral,Tablet,Deal Seeker,2025-07-21,2025-07-31,5,44,9.92,2,57.01,8.8,11.4,0
U002228,Email,Mobile,Deal Seeker,2025-04-28,2025-05-21,7,44,22.81,2,152.92,6.29,21.85,0
U002229,Referral,Tablet,High Intent,2025-05-27,2025-05-31,1,9,3.72,3,197.72,9.0,197.72,1
U002230,Direct,Desktop,New Consumer,2025-08-19,2025-08-24,5,35,4.83,1,74.67,7.0,14.93,1
U002231,Email,Mobile,New Consumer,2025-07-14,2025-08-07,10,51,23.88,2,137.22,5.1,13.72,0
U002232,Organic Search,Mobile,Deal Seeker,2025-02-16,2025-02-27,5,28,10.87,5,384.7,5.6,76.94,0
U002233,Social,Mobile,Deal Seeker,2025-09-27,2025-10-04,11,70,6.74,3,125.37,6.36,11.4,1
U002234,Email,Mobile,High Intent,2025-08-05,2025-08-11,1,7,5.6,1,71.62,7.0,71.62,1
U002235,Organic Search,Desktop,Returning Browser,2025-03-14,2025-03-25,3,17,10.39,1,79.59,5.67,26.53,0
U002236,Paid Search,Mobile,New Consumer,2025-07-17,2025-07-31,4,20,13.37,2,24.0,5.0,6.0,0
U002237,Organic Search,Desktop,New Consumer,2025-02-06,2025-02-20,5,12,13.05,1,48.52,2.4,9.7,0
U002238,Organic Search,Mobile,Returning Browser,2025-01-22,2025-02-06,4,26,14.98,2,167.83,6.5,41.96,0
U002239,Organic Search,Mobile,High Intent,2025-09-09,2025-09-17,2,17,7.82,2,144.22,8.5,72.11,0
U002240,Organic Search,Desktop,Returning Browser,2025-08-12,2025-08-31,8,51,18.38,3,190.5,6.38,23.81,0
U002241,Social,Mobile,High Intent,2025-10-05,2025-10-10,3,31,4.12,3,251.35,10.33,83.78,1
U002242,Social,Mobile,High Intent,2025-02-18,2025-02-23,3,15,4.8,2,118.18,5.0,39.39,1
U002243,Organic Search,Mobile,High Intent,2025-08-07,2025-08-15,2,18,7.54,1,106.8,9.0,53.4,0
U002244,Paid Search,Desktop,Deal Seeker,2025-02-09,2025-02-16,2,12,6.89,1,70.66,6.0,35.33,1
U002245,Organic Search,Mobile,New Consumer,2025-03-14,2025-03-26,3,18,11.34,3,106.65,6.0,35.55,0
U002246,Paid Search,Mobile,New Consumer,2025-01-03,2025-01-19,7,43,15.88,1,89.23,6.14,12.75,0
U002247,Paid Search,Mobile,Returning Browser,2025-09-15,2025-09-25,5,21,9.39,4,352.57,4.2,70.51,0
U002248,Paid Search,Mobile,New Consumer,2025-08-21,2025-09-10,6,28,19.99,1,111.21,4.67,18.54,0
U002249,Organic Search,Mobile,New Consumer,2025-05-18,2025-06-04,4,18,16.7,1,30.23,4.5,7.56,0
U002250,Organic Search,Mobile,New Consumer,2025-09-17,2025-09-27,6,39,9.91,3,170.5,6.5,28.42,0
U002251,Email,Mobile,Deal Seeker,2025-01-02,2025-01-11,3,13,8.53,1,74.21,4.33,24.74,0
U002252,Organic Search,Desktop,New Consumer,2025-10-11,2025-10-23,5,27,11.33,2,99.94,5.4,19.99,0
U002253,Referral,Mobile,Returning Browser,2025-04-03,2025-04-19,4,33,15.78,2,194.68,8.25,48.67,0
U002254,Social,Mobile,Returning Browser,2025-05-22,2025-06-03,3,19,11.98,3,207.44,6.33,69.15,0
U002255,Organic Search,Mobile,Deal Seeker,2025-01-18,2025-02-05,5,31,17.23,4,120.13,6.2,24.03,0
U002256,Organic Search,Desktop,New Consumer,2025-08-25,2025-09-05,2,10,10.22,1,70.57,5.0,35.28,0
U002257,Referral,Mobile,High Intent,2025-09-23,2025-10-08,4,22,14.43,2,109.16,5.5,27.29,0
U002258,Email,Desktop,High Intent,2025-04-06,2025-04-23,5,27,16.29,3,326.67,5.4,65.33,0
U002259,Social,Desktop,New Consumer,2025-04-25,2025-05-16,6,41,20.49,3,268.9,6.83,44.82,0
U002260,Referral,Mobile,New Consumer,2025-06-13,2025-06-25,3,19,11.2,1,40.27,6.33,13.42,0
U002261,Organic Search,Mobile,New Consumer,2025-10-02,2025-10-10,2,16,7.33,3,170.5,8.0,85.25,0
U002262,Social,Desktop,Returning Browser,2025-06-16,2025-06-30,5,36,13.78,3,371.45,7.2,74.29,0
U002263,Social,Mobile,New Consumer,2025-02-06,2025-02-21,4,24,14.04,3,205.3,6.0,51.32,0
U002264,Direct,Mobile,New Consumer,2025-04-05,2025-04-29,7,45,23.63,4,209.23,6.43,29.89,0
U002265,Referral,Mobile,New Consumer,2025-04-12,2025-04-20,2,18,7.18,1,42.3,9.0,21.15,0
U002266,Organic Search,Tablet,New Consumer,2025-01-17,2025-02-01,4,28,14.95,3,192.12,7.0,48.03,0
U002267,Paid Search,Desktop,Returning Browser,2025-05-28,2025-06-03,2,15,5.77,4,329.79,7.5,164.9,1
U002268,Social,Desktop,New Consumer,2025-09-19,2025-10-03,4,25,13.02,3,219.81,6.25,54.95,0
U002269,Email,Mobile,New Consumer,2025-10-13,2025-10-27,5,39,13.66,5,125.93,7.8,25.19,0
U002270,Paid Search,Tablet,New Consumer,2025-01-29,2025-02-07,3,24,8.29,1,66.5,8.0,22.17,0
U002271,Paid Search,Desktop,New Consumer,2025-05-10,2025-05-25,4,30,14.42,3,185.83,7.5,46.46,0
U002272,Social,Desktop,New Consumer,2025-03-25,2025-04-05,6,42,10.57,1,63.48,7.0,10.58,0
U002273,Email,Desktop,Returning Browser,2025-10-25,2025-11-04,2,16,9.25,1,72.16,8.0,36.08,0
U002274,Paid Search,Desktop,Returning Browser,2025-07-17,2025-07-29,4,27,11.64,5,288.31,6.75,72.08,0
U002275,Organic Search,Mobile,High Intent,2025-05-27,2025-06-03,1,5,6.9,3,117.19,5.0,117.19,1
U002276,Organic Search,Mobile,Returning Browser,2025-05-30,2025-06-07,5,32,7.77,2,188.34,6.4,37.67,0
U002277,Organic Search,Desktop,New Consumer,2025-10-20,2025-10-30,2,12,9.3,1,41.69,6.0,20.84,0
U002278,Email,Mobile,Returning Browser,2025-06-13,2025-06-27,6,44,13.51,3,91.85,7.33,15.31,0
U002279,Paid Search,Tablet,High Intent,2025-07-29,2025-08-15,5,27,16.94,3,162.29,5.4,32.46,0
U002280,Referral,Mobile,Returning Browser,2025-05-05,2025-05-14,3,20,8.46,4,264.43,6.67,88.14,0
U002281,Email,Mobile,New Consumer,2025-09-25,2025-10-04,2,14,8.24,3,245.27,7.0,122.64,0
U002282,Email,Mobile,Deal Seeker,2025-01-09,2025-01-18,2,18,8.33,4,272.81,9.0,136.4,0
U002283,Direct,Desktop,Returning Browser,2025-02-04,2025-02-13,4,24,8.39,2,117.65,6.0,29.41,0
U002284,Email,Desktop,Returning Browser,2025-08-09,2025-08-15,4,25,5.97,5,402.36,6.25,100.59,1
U002285,Paid Search,Mobile,Deal Seeker,2025-07-11,2025-07-20,2,17,8.72,2,158.75,8.5,79.38,0
U002286,Organic Search,Mobile,Returning Browser,2025-08-24,2025-09-06,4,24,12.12,2,80.82,6.0,20.2,0
U002287,Organic Search,Mobile,Deal Seeker,2025-02-28,2025-03-18,6,41,17.06,1,50.15,6.83,8.36,0
U002288,Paid Search,Mobile,High Intent,2025-03-16,2025-03-22,1,7,5.75,5,490.97,7.0,490.97,1
U002289,Email,Desktop,New Consumer,2025-08-16,2025-08-20,4,27,3.82,2,165.0,6.75,41.25,1
U002290,Direct,Mobile,New Consumer,2025-03-19,2025-03-26,2,14,6.95,2,172.58,7.0,86.29,1
U002291,Paid Search,Mobile,New Consumer,2025-10-09,2025-10-16,3,17,6.62,2,189.98,5.67,63.33,1
U002292,Social,Mobile,Deal Seeker,2025-01-21,2025-01-29,4,37,7.43,1,64.31,9.25,16.08,0
U002293,Referral,Mobile,Deal Seeker,2025-07-29,2025-08-14,5,30,15.7,4,311.1,6.0,62.22,0
U002294,Paid Search,Mobile,Returning Browser,2025-04-25,2025-05-09,3,11,13.98,2,65.6,3.67,21.87,0
U002295,Email,Mobile,Returning Browser,2025-09-09,2025-09-16,2,9,6.7,2,158.32,4.5,79.16,1
U002296,Paid Search,Mobile,New Consumer,2025-05-08,2025-05-21,4,20,12.38,5,269.62,5.0,67.4,0
U002297,Paid Search,Mobile,New Consumer,2025-07-23,2025-08-15,7,47,22.36,3,315.1,6.71,45.01,0
U002298,Paid Search,Mobile,High Intent,2025-09-18,2025-10-10,7,36,21.14,3,170.34,5.14,24.33,0
U002299,Paid Search,Desktop,Deal Seeker,2025-06-04,2025-06-22,4,24,17.94,3,212.63,6.0,53.16,0
U002300,Email,Mobile,High Intent,2025-09-11,2025-09-22,3,17,10.96,2,101.96,5.67,33.99,0
U002301,Paid Search,Mobile,New Consumer,2025-01-19,2025-02-06,5,33,17.34,2,113.45,6.6,22.69,0
U002302,Direct,Mobile,New Consumer,2025-09-22,2025-10-01,4,24,8.0,1,62.37,6.0,15.59,0
U002303,Organic Search,Mobile,New Consumer,2025-05-29,2025-06-09,2,18,10.05,4,193.34,9.0,96.67,0
U002304,Social,Tablet,Deal Seeker,2025-04-22,2025-05-21,5,29,28.84,1,72.96,5.8,14.59,0
U002305,Organic Search,Tablet,New Consumer,2025-05-01,2025-05-21,5,42,19.62,3,120.83,8.4,24.17,0
U002306,Paid Search,Desktop,Returning Browser,2025-07-15,2025-08-04,5,29,19.74,2,189.93,5.8,37.99,0
U002307,Paid Search,Desktop,High Intent,2025-03-20,2025-04-06,4,14,16.41,1,72.15,3.5,18.04,0
U002308,Email,Mobile,Deal Seeker,2025-05-26,2025-06-02,2,14,6.6,2,89.82,7.0,44.91,1
U002309,Social,Mobile,New Consumer,2025-09-17,2025-09-30,4,18,12.41,2,189.08,4.5,47.27,0
U002310,Organic Search,Mobile,Deal Seeker,2025-09-29,2025-10-07,4,31,7.31,3,164.88,7.75,41.22,0
U002311,Email,Mobile,New Consumer,2025-09-02,2025-09-15,4,29,12.96,2,54.94,7.25,13.74,0
U002312,Organic Search,Desktop,New Consumer,2025-10-14,2025-10-23,4,17,8.42,1,77.83,4.25,19.46,0
U002313,Organic Search,Mobile,New Consumer,2025-03-26,2025-04-02,4,28,6.08,3,291.63,7.0,72.91,1
U002314,Social,Desktop,New Consumer,2025-05-12,2025-05-23,4,38,10.8,3,157.65,9.5,39.41,0
U002315,Email,Tablet,New Consumer,2025-05-04,2025-05-12,2,11,7.37,5,155.87,5.5,77.94,0
U002316,Organic Search,Mobile,High Intent,2025-03-19,2025-03-27,4,26,7.86,2,201.82,6.5,50.46,0
U002317,Paid Search,Tablet,Deal Seeker,2025-03-22,2025-04-03,3,19,11.35,4,277.76,6.33,92.59,0
U002318,Organic Search,Desktop,Returning Browser,2025-06-30,2025-07-13,3,15,12.87,3,210.47,5.0,70.16,0
U002319,Organic Search,Tablet,New Consumer,2025-07-20,2025-07-28,2,21,7.83,1,61.69,10.5,30.84,0
U002320,Paid Search,Desktop,New Consumer,2025-02-01,2025-02-09,3,11,7.0,4,237.78,3.67,79.26,0
U002321,Paid Search,Mobile,New Consumer,2025-03-28,2025-04-09,5,21,11.83,2,222.39,4.2,44.48,0
U002322,Paid Search,Desktop,New Consumer,2025-01-18,2025-01-29,2,14,10.07,1,45.08,7.0,22.54,0
U002323,Paid Search,Mobile,High Intent,2025-09-05,2025-09-17,2,17,11.2,1,75.93,8.5,37.97,0
U002324,Social,Mobile,New Consumer,2025-03-15,2025-03-24,7,37,8.84,3,260.84,5.29,37.26,0
U002325,Email,Desktop,New Consumer,2025-03-31,2025-04-11,5,32,10.5,2,135.3,6.4,27.06,0
U002326,Social,Mobile,New Consumer,2025-02-06,2025-03-06,7,44,27.98,1,49.79,6.29,7.11,0
U002327,Direct,Desktop,New Consumer,2025-04-26,2025-05-21,5,28,24.46,2,34.99,5.6,7.0,0
U002328,Direct,Mobile,New Consumer,2025-04-03,2025-04-12,3,15,8.53,1,114.23,5.0,38.08,0
U002329,Direct,Mobile,High Intent,2025-01-14,2025-01-20,1,7,5.64,2,80.8,7.0,80.8,1
U002330,Email,Tablet,Returning Browser,2025-05-16,2025-05-24,4,13,7.6,1,42.07,3.25,10.52,0
U002331,Paid Search,Mobile,High Intent,2025-06-18,2025-07-02,5,20,13.07,2,153.24,4.0,30.65,0
U002332,Organic Search,Desktop,Deal Seeker,2025-05-14,2025-05-25,3,26,10.46,2,95.8,8.67,31.93,0
U002333,Paid Search,Mobile,High Intent,2025-05-25,2025-06-28,9,69,33.91,2,109.34,7.67,12.15,0
U002334,Email,Mobile,Deal Seeker,2025-10-06,2025-10-14,2,16,7.11,4,154.2,8.0,77.1,0
U002335,Social,Mobile,Deal Seeker,2025-01-08,2025-02-06,9,79,28.65,1,83.5,8.78,9.28,0
U002336,Paid Search,Mobile,Returning Browser,2025-10-10,2025-10-28,4,16,17.22,1,12.0,4.0,3.0,0
U002337,Paid Search,Mobile,Returning Browser,2025-04-24,2025-05-28,10,39,33.13,2,143.15,3.9,14.32,0
U002338,Referral,Mobile,New Consumer,2025-02-10,2025-02-15,4,28,4.63,4,358.78,7.0,89.7,1
U002339,Email,Desktop,Returning Browser,2025-07-14,2025-07-29,4,20,14.09,2,24.0,5.0,6.0,0
U002340,Email,Desktop,Returning Browser,2025-05-26,2025-06-14,6,31,18.81,3,353.14,5.17,58.86,0
U002341,Organic Search,Tablet,New Consumer,2025-04-07,2025-04-21,6,36,13.18,2,125.41,6.0,20.9,0
U002342,Paid Search,Desktop,Deal Seeker,2025-03-02,2025-03-10,2,9,7.55,2,192.34,4.5,96.17,0
U002343,Paid Search,Desktop,High Intent,2025-08-13,2025-08-26,3,31,12.48,2,178.92,10.33,59.64,0
U002344,Organic Search,Mobile,Returning Browser,2025-09-10,2025-09-19,3,13,8.24,1,59.23,4.33,19.74,0
U002345,Paid Search,Mobile,New Consumer,2025-01-26,2025-02-04,3,16,8.93,1,89.64,5.33,29.88,0
U002346,Paid Search,Mobile,Deal Seeker,2025-05-05,2025-05-17,4,34,11.35,1,91.78,8.5,22.94,0
U002347,Organic Search,Desktop,New Consumer,2025-10-07,2025-10-18,3,15,10.7,2,201.25,5.0,67.08,0
U002348,Paid Search,Mobile,Returning Browser,2025-01-11,2025-01-19,3,15,7.14,5,212.44,5.0,70.81,0
U002349,Email,Tablet,New Consumer,2025-10-04,2025-10-11,2,19,6.75,2,173.17,9.5,86.58,1
U002350,Email,Desktop,New Consumer,2025-01-15,2025-01-22,2,14,6.35,1,38.22,7.0,19.11,1
U002351,Organic Search,Desktop,High Intent,2025-04-02,2025-04-05,1,5,2.39,1,65.21,5.0,65.21,1
U002352,Social,Tablet,Returning Browser,2025-05-26,2025-06-29,9,70,33.5,2,108.97,7.78,12.11,0
U002353,Referral,Desktop,Returning Browser,2025-01-29,2025-02-17,5,35,18.02,1,77.01,7.0,15.4,0
U002354,Email,Desktop,High Intent,2025-08-10,2025-08-17,1,15,6.22,1,47.73,15.0,47.73,1
U002355,Paid Search,Mobile,High Intent,2025-05-17,2025-05-27,3,8,10.0,3,179.6,2.67,59.87,0
U002356,Referral,Mobile,New Consumer,2025-06-05,2025-06-26,6,31,20.07,4,469.96,5.17,78.33,0
U002357,Referral,Desktop,Returning Browser,2025-06-01,2025-06-07,2,15,5.03,3,184.76,7.5,92.38,1
U002358,Organic Search,Desktop,Returning Browser,2025-01-31,2025-02-04,1,8,3.43,2,193.61,8.0,193.61,1
U002359,Organic Search,Mobile,Deal Seeker,2025-02-24,2025-03-09,5,33,12.69,3,168.54,6.6,33.71,0
U002360,Organic Search,Tablet,Deal Seeker,2025-01-29,2025-02-11,4,33,12.58,2,115.73,8.25,28.93,0
U002361,Email,Desktop,New Consumer,2025-09-03,2025-09-10,2,9,6.78,3,153.35,4.5,76.68,1
U002362,Paid Search,Mobile,New Consumer,2025-07-31,2025-08-21,6,24,20.16,2,117.87,4.0,19.64,0
U002363,Organic Search,Desktop,Deal Seeker,2025-02-07,2025-02-12,2,14,4.93,3,290.17,7.0,145.08,1
U002364,Social,Mobile,New Consumer,2025-03-31,2025-04-19,4,23,18.49,2,137.31,5.75,34.33,0
U002365,Direct,Tablet,New Consumer,2025-03-07,2025-03-25,10,56,17.58,3,262.84,5.6,26.28,0
U002366,Email,Mobile,High Intent,2025-05-19,2025-05-29,2,13,9.98,2,168.54,6.5,84.27,0
U002367,Organic Search,Desktop,Deal Seeker,2025-04-15,2025-05-07,6,44,21.21,1,95.92,7.33,15.99,0
U002368,Organic Search,Mobile,Deal Seeker,2025-10-08,2025-10-19,2,6,10.64,2,93.91,3.0,46.96,0
U002369,Organic Search,Mobile,New Consumer,2025-10-05,2025-10-21,3,19,15.23,3,97.89,6.33,32.63,0
U002370,Organic Search,Mobile,Returning Browser,2025-06-25,2025-06-30,2,11,4.36,3,132.65,5.5,66.32,1
U002371,Paid Search,Desktop,High Intent,2025-09-11,2025-09-23,3,22,11.51,3,188.73,7.33,62.91,0
U002372,Paid Search,Desktop,New Consumer,2025-03-28,2025-03-31,2,4,2.29,1,52.9,2.0,26.45,1
U002373,Organic Search,Mobile,Deal Seeker,2025-05-23,2025-06-06,4,34,13.81,2,102.88,8.5,25.72,0
U002374,Organic Search,Mobile,New Consumer,2025-09-06,2025-09-24,9,53,17.66,2,99.85,5.89,11.09,0
U002375,Email,Desktop,Returning Browser,2025-03-23,2025-04-01,2,16,8.85,2,177.4,8.0,88.7,0
U002376,Email,Mobile,New Consumer,2025-07-02,2025-07-12,5,32,9.4,2,71.99,6.4,14.4,0
U002377,Email,Desktop,Returning Browser,2025-02-24,2025-03-04,2,10,7.51,2,162.98,5.0,81.49,0
U002378,Paid Search,Mobile,New Consumer,2025-06-14,2025-06-27,4,31,12.07,2,96.98,7.75,24.24,0
U002379,Referral,Mobile,Deal Seeker,2025-03-31,2025-05-05,12,82,35.0,3,100.56,6.83,8.38,0
U002380,Email,Desktop,New Consumer,2025-08-03,2025-08-14,3,21,10.87,2,201.03,7.0,67.01,0
U002381,Organic Search,Desktop,High Intent,2025-07-11,2025-07-21,1,9,9.04,1,87.46,9.0,87.46,0
U002382,Organic Search,Mobile,Deal Seeker,2025-04-17,2025-04-28,4,23,10.03,3,156.52,5.75,39.13,0
U002383,Social,Desktop,Deal Seeker,2025-09-16,2025-09-27,6,40,10.57,1,40.87,6.67,6.81,0
U002384,Direct,Mobile,High Intent,2025-08-09,2025-08-21,3,18,11.12,4,221.23,6.0,73.74,0
U002385,Paid Search,Desktop,Returning Browser,2025-02-24,2025-03-24,6,40,27.42,2,171.12,6.67,28.52,0
U002386,Organic Search,Mobile,New Consumer,2025-09-30,2025-10-17,4,42,16.13,3,193.54,10.5,48.38,0
U002387,Social,Desktop,New Consumer,2025-07-12,2025-07-21,3,22,8.01,2,153.31,7.33,51.1,0
U002388,Organic Search,Desktop,Deal Seeker,2025-08-17,2025-09-08,11,91,21.67,2,101.8,8.27,9.25,0
U002389,Direct,Mobile,High Intent,2025-05-18,2025-06-07,7,38,19.8,4,84.9,5.43,12.13,0
U002390,Social,Mobile,Returning Browser,2025-06-12,2025-06-25,3,30,12.51,7,548.24,10.0,182.75,0
U002391,Email,Desktop,High Intent,2025-05-19,2025-05-25,1,5,5.35,3,164.23,5.0,164.23,1
U002392,Social,Mobile,New Consumer,2025-03-03,2025-03-18,5,39,14.5,3,240.83,7.8,48.17,0
U002393,Direct,Desktop,High Intent,2025-07-13,2025-07-18,1,6,4.5,2,153.98,6.0,153.98,1
U002394,Email,Tablet,Deal Seeker,2025-01-28,2025-03-04,11,45,35.0,1,66.19,4.09,6.02,0
U002395,Organic Search,Mobile,High Intent,2025-03-14,2025-03-22,1,13,7.76,1,75.57,13.0,75.57,0
U002396,Direct,Desktop,New Consumer,2025-02-07,2025-02-17,3,18,9.87,2,135.54,6.0,45.18,0
U002397,Direct,Desktop,Returning Browser,2025-05-29,2025-06-02,1,10,3.27,1,21.77,10.0,21.77,1
U002398,Direct,Mobile,New Consumer,2025-04-20,2025-04-29,3,23,8.49,3,266.24,7.67,88.75,0
U002399,Organic Search,Desktop,Returning Browser,2025-07-28,2025-08-03,2,16,5.59,1,46.3,8.0,23.15,1
U002400,Paid Search,Desktop,Deal Seeker,2025-07-29,2025-08-21,9,56,22.38,2,108.29,6.22,12.03,0
U002401,Organic Search,Mobile,New Consumer,2025-06-22,2025-07-04,4,18,11.25,2,122.22,4.5,30.56,0
U002402,Organic Search,Mobile,New Consumer,2025-06-01,2025-06-23,6,37,21.29,1,41.07,6.17,6.84,0
U002403,Referral,Desktop,High Intent,2025-04-22,2025-04-26,1,3,3.22,3,195.93,3.0,195.93,1
U002404,Social,Mobile,New Consumer,2025-06-05,2025-07-02,7,39,26.2,2,134.18,5.57,19.17,0
U002405,Organic Search,Mobile,New Consumer,2025-01-30,2025-02-11,3,19,11.39,1,49.57,6.33,16.52,0
U002406,Email,Desktop,Returning Browser,2025-06-18,2025-06-27,3,20,8.83,1,83.09,6.67,27.7,0
U002407,Paid Search,Mobile,New Consumer,2025-08-04,2025-08-30,8,52,25.71,2,89.71,6.5,11.21,0
U002408,Email,Tablet,Deal Seeker,2025-07-09,2025-07-24,4,35,14.48,2,132.36,8.75,33.09,0
U002409,Referral,Mobile,New Consumer,2025-03-31,2025-04-10,3,18,9.05,3,236.21,6.0,78.74,0
U002410,Direct,Mobile,New Consumer,2025-08-28,2025-09-22,7,37,24.37,2,211.62,5.29,30.23,0
U002411,Social,Desktop,Deal Seeker,2025-09-25,2025-10-09,3,22,13.51,2,110.4,7.33,36.8,0
U002412,Paid Search,Desktop,New Consumer,2025-02-09,2025-03-05,6,46,23.31,3,161.6,7.67,26.93,0
U002413,Paid Search,Mobile,Returning Browser,2025-04-25,2025-05-15,8,58,19.63,1,65.56,7.25,8.2,0
U002414,Social,Desktop,Returning Browser,2025-06-22,2025-06-26,2,12,3.29,3,142.21,6.0,71.1,1
U002415,Social,Desktop,High Intent,2025-06-12,2025-06-27,3,18,14.19,3,219.05,6.0,73.02,0
U002416,Organic Search,Mobile,Deal Seeker,2025-06-23,2025-07-06,3,24,12.51,5,264.2,8.0,88.07,0
U002417,Organic Search,Mobile,New Consumer,2025-09-05,2025-09-29,8,56,23.11,2,103.53,7.0,12.94,0
U002418,Referral,Tablet,Returning Browser,2025-10-26,2025-11-06,6,23,10.26,3,110.39,3.83,18.4,0
U002419,Direct,Desktop,New Consumer,2025-01-28,2025-02-06,3,18,8.72,3,259.63,6.0,86.54,0
U002420,Direct,Mobile,New Consumer,2025-09-11,2025-09-25,5,28,13.81,4,335.74,5.6,67.15,0
U002421,Email,Tablet,Returning Browser,2025-03-17,2025-03-27,2,18,9.83,2,94.46,9.0,47.23,0
U002422,Organic Search,Mobile,New Consumer,2025-06-24,2025-07-06,3,18,11.55,4,257.4,6.0,85.8,0
U002423,Organic Search,Mobile,New Consumer,2025-04-30,2025-05-09,3,23,8.17,2,178.79,7.67,59.6,0
U002424,Paid Search,Desktop,Deal Seeker,2025-01-04,2025-01-11,3,7,6.89,2,79.19,2.33,26.4,1
U002425,Organic Search,Tablet,New Consumer,2025-08-03,2025-08-08,2,12,4.62,2,137.19,6.0,68.6,1
U002426,Direct,Mobile,High Intent,2025-07-30,2025-08-11,2,11,11.02,3,198.52,5.5,99.26,0
U002427,Social,Desktop,New Consumer,2025-10-18,2025-10-26,3,20,7.19,1,90.26,6.67,30.09,0
U002428,Paid Search,Mobile,New Consumer,2025-01-28,2025-02-08,5,32,10.97,1,61.76,6.4,12.35,0
U002429,Direct,Mobile,Returning Browser,2025-01-04,2025-01-12,2,4,7.6,1,62.27,2.0,31.14,0
U002430,Organic Search,Mobile,New Consumer,2025-01-11,2025-01-25,3,18,13.28,3,144.42,6.0,48.14,0
U002431,Email,Desktop,New Consumer,2025-07-12,2025-07-18,2,16,5.98,2,121.07,8.0,60.54,1
U002432,Organic Search,Mobile,New Consumer,2025-03-02,2025-03-24,9,36,21.13,2,173.87,4.0,19.32,0
U002433,Paid Search,Mobile,Deal Seeker,2025-08-14,2025-08-23,3,17,8.35,1,51.08,5.67,17.03,0
U002434,Social,Mobile,Returning Browser,2025-04-25,2025-05-16,7,34,20.07,1,66.56,4.86,9.51,0
U002435,Referral,Tablet,High Intent,2025-02-21,2025-02-25,1,8,3.02,1,90.12,8.0,90.12,1
U002436,Social,Mobile,Returning Browser,2025-05-13,2025-05-29,4,25,15.13,2,46.54,6.25,11.64,0
U002437,Email,Mobile,Returning Browser,2025-04-02,2025-04-20,6,44,17.18,1,66.13,7.33,11.02,0
U002438,Organic Search,Desktop,High Intent,2025-06-29,2025-07-02,1,11,2.99,2,96.22,11.0,96.22,1
U002439,Organic Search,Mobile,New Consumer,2025-07-15,2025-07-24,3,23,8.9,1,44.68,7.67,14.89,0
U002440,Organic Search,Desktop,Returning Browser,2025-09-12,2025-09-25,4,34,12.63,3,178.88,8.5,44.72,0
U002441,Organic Search,Mobile,Deal Seeker,2025-06-12,2025-06-29,5,28,16.47,2,153.51,5.6,30.7,0
U002442,Email,Desktop,Returning Browser,2025-09-29,2025-10-03,1,8,3.85,1,76.59,8.0,76.59,1
U002443,Referral,Desktop,Returning Browser,2025-06-19,2025-06-25,1,4,5.02,2,219.85,4.0,219.85,1
U002444,Organic Search,Mobile,Returning Browser,2025-02-09,2025-02-22,3,26,12.42,2,106.89,8.67,35.63,0
U002445,Social,Mobile,Returning Browser,2025-07-22,2025-08-06,4,19,14.79,1,55.89,4.75,13.97,0
U002446,Social,Desktop,New Consumer,2025-07-16,2025-08-01,3,22,15.07,3,199.96,7.33,66.65,0
U002447,Direct,Desktop,New Consumer,2025-08-14,2025-08-23,3,26,8.32,2,143.98,8.67,47.99,0
U002448,Organic Search,Desktop,New Consumer,2025-03-17,2025-03-22,2,23,4.74,2,129.74,11.5,64.87,1
U002449,Direct,Tablet,New Consumer,2025-04-08,2025-04-16,4,31,7.64,1,92.25,7.75,23.06,0
U002450,Social,Mobile,Returning Browser,2025-04-21,2025-04-30,3,20,8.06,5,322.36,6.67,107.45,0
U002451,Organic Search,Desktop,New Consumer,2025-02-26,2025-03-13,3,13,14.5,3,159.98,4.33,53.33,0
U002452,Referral,Desktop,High Intent,2025-08-05,2025-08-12,1,7,6.16,2,96.69,7.0,96.69,1
U002453,Organic Search,Mobile,High Intent,2025-09-08,2025-09-18,3,17,9.14,2,65.36,5.67,21.79,0
U002454,Organic Search,Mobile,New Consumer,2025-08-07,2025-08-16,3,16,8.59,2,156.97,5.33,52.32,0
U002455,Email,Mobile,Returning Browser,2025-10-07,2025-11-02,6,52,25.52,4,246.8,8.67,41.13,0
U002456,Paid Search,Mobile,New Consumer,2025-06-04,2025-06-13,4,26,8.22,1,57.84,6.5,14.46,0
U002457,Paid Search,Mobile,New Consumer,2025-02-26,2025-03-06,4,39,7.9,1,78.21,9.75,19.55,0
U002458,Paid Search,Desktop,New Consumer,2025-07-22,2025-08-01,6,48,9.32,3,215.11,8.0,35.85,0
U002459,Direct,Desktop,New Consumer,2025-05-14,2025-05-23,4,14,8.38,3,37.77,3.5,9.44,0
U002460,Social,Mobile,High Intent,2025-09-23,2025-10-06,7,31,12.75,1,54.97,4.43,7.85,0
U002461,Social,Mobile,Deal Seeker,2025-06-23,2025-07-03,3,13,9.64,3,250.12,4.33,83.37,0
U002462,Paid Search,Desktop,High Intent,2025-10-19,2025-10-30,3,24,10.01,2,113.98,8.0,37.99,0
U002463,Paid Search,Mobile,New Consumer,2025-09-16,2025-10-07,5,29,20.23,4,212.57,5.8,42.51,0
U002464,Social,Mobile,New Consumer,2025-10-08,2025-11-02,8,53,24.31,2,108.66,6.62,13.58,0
U002465,Organic Search,Mobile,Deal Seeker,2025-07-28,2025-08-16,6,30,18.16,3,264.96,5.0,44.16,0
U002466,Social,Mobile,New Consumer,2025-10-16,2025-11-07,6,24,21.06,4,231.79,4.0,38.63,0
U002467,Organic Search,Desktop,High Intent,2025-03-11,2025-03-29,4,16,17.49,4,200.95,4.0,50.24,0
U002468,Referral,Mobile,New Consumer,2025-08-10,2025-08-31,5,24,20.89,1,105.75,4.8,21.15,0
U002469,Paid Search,Desktop,Returning Browser,2025-08-15,2025-09-04,6,36,19.87,3,201.47,6.0,33.58,0
U002470,Referral,Mobile,New Consumer,2025-06-10,2025-07-10,7,43,29.68,1,84.33,6.14,12.05,0
U002471,Referral,Desktop,High Intent,2025-03-27,2025-04-01,1,4,4.89,3,176.07,4.0,176.07,1
U002472,Direct,Mobile,Returning Browser,2025-03-20,2025-04-03,3,21,13.69,1,67.48,7.0,22.49,0
U002473,Paid Search,Mobile,High Intent,2025-05-27,2025-06-09,5,20,12.08,3,191.27,4.0,38.25,0
U002474,Paid Search,Desktop,New Consumer,2025-06-09,2025-06-18,3,20,8.02,2,24.0,6.67,8.0,0
U002475,Social,Mobile,High Intent,2025-06-20,2025-07-06,4,26,15.43,2,89.07,6.5,22.27,0
U002476,Organic Search,Mobile,New Consumer,2025-05-05,2025-05-20,3,24,14.26,2,105.14,8.0,35.05,0
U002477,Paid Search,Tablet,New Consumer,2025-08-22,2025-09-16,6,26,24.81,3,161.77,4.33,26.96,0
U002478,Email,Desktop,Returning Browser,2025-05-12,2025-05-26,4,21,13.98,4,179.08,5.25,44.77,0
U002479,Paid Search,Mobile,New Consumer,2025-10-13,2025-10-25,3,20,11.02,2,170.9,6.67,56.97,0
U002480,Organic Search,Mobile,High Intent,2025-06-18,2025-06-24,2,19,5.9,3,151.68,9.5,75.84,1
U002481,Referral,Desktop,Returning Browser,2025-08-30,2025-09-10,4,14,10.57,1,69.15,3.5,17.29,0
U002482,Referral,Mobile,Returning Browser,2025-10-13,2025-10-26,4,24,12.65,2,151.39,6.0,37.85,0
U002483,Organic Search,Mobile,New Consumer,2025-05-22,2025-06-04,5,34,12.85,6,343.89,6.8,68.78,0
U002484,Organic Search,Mobile,High Intent,2025-10-21,2025-10-28,1,8,6.15,4,315.6,8.0,315.6,1
U002485,Organic Search,Desktop,High Intent,2025-02-27,2025-03-04,1,12,4.54,2,144.2,12.0,144.2,1
U002486,Organic Search,Mobile,New Consumer,2025-07-21,2025-08-06,5,37,15.26,3,250.49,7.4,50.1,0
U002487,Referral,Desktop,Deal Seeker,2025-08-22,2025-09-07,6,32,15.02,2,173.76,5.33,28.96,0
U002488,Organic Search,Desktop,High Intent,2025-08-30,2025-09-06,2,18,6.9,2,156.13,9.0,78.06,1
U002489,Organic Search,Desktop,Returning Browser,2025-07-25,2025-08-02,2,16,7.98,3,120.27,8.0,60.14,0
U002490,Social,Desktop,New Consumer,2025-05-21,2025-06-08,5,36,17.39,1,80.19,7.2,16.04,0
U002491,Organic Search,Mobile,New Consumer,2025-02-02,2025-02-20,8,25,17.71,2,111.29,3.12,13.91,0
U002492,Organic Search,Desktop,Deal Seeker,2025-03-05,2025-03-29,6,42,23.14,2,47.04,7.0,7.84,0
U002493,Direct,Mobile,Deal Seeker,2025-04-13,2025-04-17,3,17,3.69,5,398.57,5.67,132.86,1
U002494,Organic Search,Mobile,New Consumer,2025-03-16,2025-03-21,2,11,4.63,3,184.39,5.5,92.2,1
U002495,Referral,Tablet,Returning Browser,2025-09-23,2025-10-07,6,23,13.96,4,221.69,3.83,36.95,0
U002496,Paid Search,Mobile,High Intent,2025-04-29,2025-05-18,7,34,18.62,4,361.72,4.86,51.67,0
U002497,Email,Desktop,New Consumer,2025-05-31,2025-06-07,2,11,6.95,2,157.84,5.5,78.92,1
U002498,Paid Search,Mobile,Returning Browser,2025-04-07,2025-04-23,5,21,15.99,3,198.05,4.2,39.61,0
U002499,Referral,Mobile,High Intent,2025-07-04,2025-07-10,2,15,5.63,3,222.11,7.5,111.06,1
U002500,Direct,Mobile,New Consumer,2025-08-22,2025-09-13,9,68,21.77,1,75.14,7.56,8.35,0
U002501,Organic Search,Tablet,Returning Browser,2025-08-08,2025-08-21,3,15,12.92,4,281.24,5.0,93.75,0
U002502,Organic Search,Mobile,New Consumer,2025-03-15,2025-03-24,2,10,8.29,2,97.78,5.0,48.89,0
U002503,Referral,Mobile,New Consumer,2025-06-26,2025-07-10,4,25,13.27,1,42.84,6.25,10.71,0
U002504,Paid Search,Desktop,New Consumer,2025-10-02,2025-10-22,4,33,19.93,1,34.02,8.25,8.51,0
U002505,Email,Mobile,High Intent,2025-10-17,2025-10-25,2,18,7.47,3,205.55,9.0,102.78,0
U002506,Email,Tablet,Deal Seeker,2025-09-21,2025-10-13,8,42,21.04,3,227.02,5.25,28.38,0
U002507,Direct,Mobile,Returning Browser,2025-09-13,2025-09-19,2,7,5.13,3,217.74,3.5,108.87,1
U002508,Email,Mobile,New Consumer,2025-07-23,2025-08-03,2,10,10.43,1,42.56,5.0,21.28,0
U002509,Paid Search,Mobile,New Consumer,2025-06-21,2025-07-08,4,24,16.47,1,78.51,6.0,19.63,0
U002510,Referral,Desktop,Deal Seeker,2025-01-19,2025-01-28,2,15,8.18,2,125.74,7.5,62.87,0
U002511,Organic Search,Desktop,New Consumer,2025-04-27,2025-05-02,2,5,4.83,2,141.91,2.5,70.96,1
U002512,Paid Search,Mobile,New Consumer,2025-01-12,2025-01-19,2,15,6.19,2,128.47,7.5,64.24,1
U002513,Email,Desktop,High Intent,2025-03-03,2025-03-11,6,35,7.88,3,152.09,5.83,25.35,0
U002514,Organic Search,Mobile,High Intent,2025-08-09,2025-08-16,7,28,6.9,1,91.8,4.0,13.11,1
U002515,Email,Desktop,New Consumer,2025-03-14,2025-03-25,2,17,10.69,5,358.44,8.5,179.22,0
U002516,Organic Search,Desktop,High Intent,2025-08-03,2025-08-09,1,7,5.97,1,16.54,7.0,16.54,1
U002517,Paid Search,Mobile,New Consumer,2025-05-09,2025-05-17,3,20,7.7,3,190.64,6.67,63.55,0
U002518,Organic Search,Mobile,High Intent,2025-09-29,2025-10-10,3,23,10.83,3,264.15,7.67,88.05,0
U002519,Social,Mobile,Returning Browser,2025-06-11,2025-06-24,5,31,12.37,3,179.58,6.2,35.92,0
U002520,Referral,Mobile,New Consumer,2025-01-25,2025-02-19,5,28,24.04,2,66.87,5.6,13.37,0
U002521,Organic Search,Mobile,New Consumer,2025-09-24,2025-10-03,2,12,8.56,1,107.78,6.0,53.89,0
U002522,Paid Search,Mobile,New Consumer,2025-03-02,2025-03-18,8,49,15.4,6,236.52,6.12,29.56,0
U002523,Referral,Desktop,Deal Seeker,2025-04-04,2025-04-16,5,38,11.02,2,181.77,7.6,36.35,0
U002524,Social,Desktop,Returning Browser,2025-04-27,2025-06-01,8,65,35.0,1,39.29,8.12,4.91,0
U002525,Organic Search,Desktop,Returning Browser,2025-04-11,2025-04-18,2,8,6.78,1,42.25,4.0,21.12,1
U002526,Organic Search,Mobile,Returning Browser,2025-04-15,2025-04-24,3,20,8.03,2,131.28,6.67,43.76,0
U002527,Paid Search,Mobile,New Consumer,2025-06-13,2025-07-05,5,19,21.27,2,121.3,3.8,24.26,0
U002528,Referral,Mobile,New Consumer,2025-05-13,2025-05-23,2,13,9.2,1,82.54,6.5,41.27,0
U002529,Direct,Mobile,Returning Browser,2025-02-01,2025-02-16,4,28,14.19,1,59.3,7.0,14.82,0
U002530,Paid Search,Desktop,Returning Browser,2025-04-30,2025-05-09,3,32,8.34,3,148.75,10.67,49.58,0
U002531,Organic Search,Mobile,High Intent,2025-10-10,2025-10-18,2,11,7.64,3,252.33,5.5,126.16,0
U002532,Organic Search,Desktop,Deal Seeker,2025-10-27,2025-11-03,2,14,6.75,4,261.59,7.0,130.79,1
U002533,Organic Search,Desktop,Deal Seeker,2025-01-18,2025-01-26,2,13,7.8,4,306.9,6.5,153.45,0
U002534,Organic Search,Desktop,Deal Seeker,2025-05-16,2025-05-24,3,21,7.3,3,309.43,7.0,103.14,0
U002535,Organic Search,Desktop,Deal Seeker,2025-09-01,2025-09-13,4,33,11.28,1,32.47,8.25,8.12,0
U002536,Organic Search,Desktop,Returning Browser,2025-01-23,2025-02-05,3,25,12.53,3,143.04,8.33,47.68,0
U002537,Organic Search,Mobile,New Consumer,2025-08-15,2025-08-27,3,18,11.12,4,250.7,6.0,83.57,0
U002538,Email,Desktop,Deal Seeker,2025-02-25,2025-03-04,2,10,6.99,4,237.73,5.0,118.86,1
U002539,Organic Search,Desktop,High Intent,2025-07-07,2025-07-19,6,43,11.77,2,152.76,7.17,25.46,0
U002540,Organic Search,Mobile,High Intent,2025-05-02,2025-05-15,4,30,12.25,1,23.72,7.5,5.93,0
U002541,Paid Search,Mobile,New Consumer,2025-10-21,2025-10-29,5,35,7.59,4,269.91,7.0,53.98,0
U002542,Organic Search,Desktop,New Consumer,2025-05-29,2025-06-13,5,36,14.22,4,134.29,7.2,26.86,0
U002543,Social,Desktop,New Consumer,2025-04-15,2025-04-21,2,17,5.95,2,129.8,8.5,64.9,1
U002544,Social,Tablet,High Intent,2025-02-14,2025-02-25,4,24,10.52,2,150.01,6.0,37.5,0
U002545,Organic Search,Desktop,Returning Browser,2025-07-19,2025-07-23,1,7,3.56,3,124.62,7.0,124.62,1
U002546,Email,Mobile,New Consumer,2025-05-09,2025-05-31,6,44,21.17,2,132.27,7.33,22.04,0
U002547,Direct,Mobile,Deal Seeker,2025-07-18,2025-07-30,4,14,11.95,4,180.63,3.5,45.16,0
U002548,Email,Desktop,New Consumer,2025-02-03,2025-02-08,1,13,4.54,1,33.84,13.0,33.84,1
U002549,Paid Search,Desktop,High Intent,2025-01-28,2025-02-01,2,10,3.78,1,12.0,5.0,6.0,1
U002550,Organic Search,Mobile,Deal Seeker,2025-06-21,2025-07-04,3,19,12.91,1,45.96,6.33,15.32,0
U002551,Paid Search,Mobile,Returning Browser,2025-01-26,2025-02-02,2,19,6.14,4,349.2,9.5,174.6,1
U002552,Social,Desktop,High Intent,2025-06-04,2025-06-12,2,9,7.89,5,243.94,4.5,121.97,0
U002553,Social,Desktop,Returning Browser,2025-09-18,2025-09-29,3,19,10.89,3,242.91,6.33,80.97,0
U002554,Paid Search,Desktop,Returning Browser,2025-05-12,2025-05-29,7,38,16.93,2,138.87,5.43,19.84,0
U002555,Direct,Mobile,Returning Browser,2025-01-21,2025-02-04,5,27,13.57,3,107.05,5.4,21.41,0
U002556,Referral,Desktop,High Intent,2025-02-23,2025-03-01,1,10,5.16,4,315.17,10.0,315.17,1
U002557,Direct,Mobile,New Consumer,2025-05-08,2025-05-20,3,16,11.48,2,105.22,5.33,35.07,0
U002558,Referral,Desktop,Deal Seeker,2025-05-20,2025-06-15,6,36,25.84,1,65.98,6.0,11.0,0
U002559,Email,Mobile,High Intent,2025-09-08,2025-09-16,2,17,7.28,1,48.55,8.5,24.28,0
U002560,Organic Search,Mobile,Returning Browser,2025-01-04,2025-01-15,4,24,10.45,3,163.34,6.0,40.84,0
U002561,Referral,Mobile,New Consumer,2025-03-14,2025-03-30,6,46,15.83,3,251.92,7.67,41.99,0
U002562,Referral,Mobile,New Consumer,2025-09-14,2025-09-23,3,22,8.79,1,68.27,7.33,22.76,0
U002563,Direct,Desktop,New Consumer,2025-06-18,2025-07-10,6,39,21.35,1,80.19,6.5,13.36,0
U002564,Paid Search,Mobile,New Consumer,2025-09-09,2025-09-28,7,47,18.79,4,309.1,6.71,44.16,0
U002565,Social,Mobile,Returning Browser,2025-08-18,2025-08-27,3,21,8.21,1,67.08,7.0,22.36,0
U002566,Paid Search,Mobile,High Intent,2025-10-26,2025-11-01,2,13,5.75,3,146.44,6.5,73.22,1
U002567,Social,Desktop,Deal Seeker,2025-03-03,2025-03-11,4,22,7.1,5,342.69,5.5,85.67,0
U002568,Social,Desktop,New Consumer,2025-10-07,2025-10-18,5,31,10.89,4,245.05,6.2,49.01,0
U002569,Referral,Desktop,Deal Seeker,2025-07-29,2025-08-05,2,14,6.15,1,70.76,7.0,35.38,1
U002570,Direct,Desktop,High Intent,2025-05-24,2025-06-01,3,26,7.78,4,404.76,8.67,134.92,0
U002571,Paid Search,Desktop,New Consumer,2025-05-30,2025-06-17,5,39,17.92,3,139.26,7.8,27.85,0
U002572,Organic Search,Desktop,Returning Browser,2025-01-17,2025-02-14,8,50,28.0,2,55.22,6.25,6.9,0
U002573,Referral,Desktop,Deal Seeker,2025-07-19,2025-07-30,4,25,10.31,1,63.86,6.25,15.96,0
U002574,Organic Search,Mobile,High Intent,2025-03-28,2025-04-11,5,33,13.8,3,184.8,6.6,36.96,0
U002575,Email,Mobile,New Consumer,2025-04-12,2025-04-15,3,19,2.85,5,369.05,6.33,123.02,1
U002576,Organic Search,Mobile,High Intent,2025-05-25,2025-06-01,4,27,6.28,1,66.34,6.75,16.58,1
U002577,Paid Search,Mobile,Returning Browser,2025-05-04,2025-05-17,4,25,12.31,3,177.55,6.25,44.39,0
U002578,Referral,Desktop,New Consumer,2025-06-28,2025-07-07,2,18,8.6,3,308.26,9.0,154.13,0
U002579,Social,Desktop,Returning Browser,2025-01-05,2025-01-13,2,21,7.11,1,60.06,10.5,30.03,0
U002580,Organic Search,Desktop,New Consumer,2025-07-09,2025-08-13,12,75,35.0,4,156.13,6.25,13.01,0
U002581,Email,Mobile,New Consumer,2025-10-01,2025-10-16,5,21,14.35,1,111.08,4.2,22.22,0
U002582,Email,Desktop,Deal Seeker,2025-06-15,2025-06-21,2,11,5.83,2,139.81,5.5,69.9,1
U002583,Paid Search,Desktop,New Consumer,2025-02-18,2025-02-27,8,38,8.21,2,119.1,4.75,14.89,0
U002584,Paid Search,Desktop,New Consumer,2025-06-23,2025-06-30,2,14,6.91,3,122.77,7.0,61.38,1
U002585,Paid Search,Mobile,Returning Browser,2025-10-03,2025-10-17,4,17,13.29,2,143.13,4.25,35.78,0
U002586,Organic Search,Desktop,Returning Browser,2025-08-12,2025-08-20,2,15,7.13,3,173.71,7.5,86.86,0
U002587,Social,Mobile,New Consumer,2025-04-29,2025-05-15,10,63,15.95,4,208.44,6.3,20.84,0
U002588,Paid Search,Desktop,New Consumer,2025-07-30,2025-08-14,4,23,14.8,2,121.89,5.75,30.47,0
U002589,Organic Search,Desktop,New Consumer,2025-09-10,2025-09-23,3,21,12.62,3,48.06,7.0,16.02,0
U002590,Referral,Desktop,Returning Browser,2025-10-08,2025-10-20,3,15,11.28,4,161.1,5.0,53.7,0
U002591,Referral,Mobile,Returning Browser,2025-08-19,2025-09-08,4,16,19.24,5,358.76,4.0,89.69,0
U002592,Direct,Desktop,New Consumer,2025-03-31,2025-04-15,4,22,14.48,1,47.07,5.5,11.77,0
U002593,Social,Desktop,New Consumer,2025-03-31,2025-04-16,5,25,15.13,4,200.62,5.0,40.12,0
U002594,Email,Desktop,New Consumer,2025-02-15,2025-02-24,2,12,8.19,3,207.56,6.0,103.78,0
U002595,Paid Search,Mobile,Returning Browser,2025-08-20,2025-08-31,3,18,10.86,1,106.61,6.0,35.54,0
U002596,Email,Desktop,New Consumer,2025-08-01,2025-08-07,2,15,5.21,2,202.83,7.5,101.42,1
U002597,Organic Search,Desktop,Returning Browser,2025-10-03,2025-10-08,1,8,4.29,2,185.98,8.0,185.98,1
U002598,Organic Search,Desktop,High Intent,2025-01-23,2025-01-28,1,3,4.99,1,22.41,3.0,22.41,1
U002599,Direct,Desktop,Deal Seeker,2025-05-11,2025-06-04,10,56,23.9,2,155.46,5.6,15.55,0
U002600,Email,Mobile,New Consumer,2025-04-08,2025-04-30,7,50,21.35,2,110.73,7.14,15.82,0
U002601,Paid Search,Mobile,New Consumer,2025-07-10,2025-07-24,4,23,13.5,3,141.54,5.75,35.38,0
U002602,Organic Search,Mobile,Returning Browser,2025-01-04,2025-01-12,6,40,7.38,2,181.04,6.67,30.17,0
U002603,Paid Search,Tablet,Returning Browser,2025-04-15,2025-05-13,6,41,27.04,1,72.1,6.83,12.02,0
U002604,Email,Mobile,New Consumer,2025-07-25,2025-07-29,2,14,3.23,1,82.28,7.0,41.14,1
U002605,Referral,Mobile,New Consumer,2025-02-09,2025-03-04,7,55,22.79,3,304.15,7.86,43.45,0
U002606,Direct,Mobile,New Consumer,2025-05-02,2025-05-08,2,8,5.8,1,51.7,4.0,25.85,1
U002607,Paid Search,Tablet,Deal Seeker,2025-02-15,2025-03-18,10,53,30.24,2,168.28,5.3,16.83,0
U002608,Email,Desktop,High Intent,2025-07-24,2025-08-01,1,12,7.57,3,218.0,12.0,218.0,0
U002609,Direct,Mobile,New Consumer,2025-05-09,2025-05-22,5,41,12.27,1,24.28,8.2,4.86,0
U002610,Organic Search,Mobile,Returning Browser,2025-01-04,2025-01-21,5,35,16.24,5,107.95,7.0,21.59,0
U002611,Organic Search,Mobile,Returning Browser,2025-05-26,2025-06-05,3,16,9.52,1,35.24,5.33,11.75,0
U002612,Organic Search,Mobile,New Consumer,2025-03-29,2025-04-16,6,34,17.94,4,158.12,5.67,26.35,0
U002613,Social,Desktop,New Consumer,2025-08-11,2025-08-31,7,41,19.86,3,157.72,5.86,22.53,0
U002614,Social,Mobile,Returning Browser,2025-05-04,2025-05-16,4,23,11.08,1,45.47,5.75,11.37,0
U002615,Direct,Mobile,Deal Seeker,2025-08-05,2025-08-12,2,19,6.84,2,167.99,9.5,84.0,1
U002616,Organic Search,Mobile,Returning Browser,2025-01-16,2025-01-29,4,33,12.11,2,99.64,8.25,24.91,0
U002617,Organic Search,Mobile,New Consumer,2025-01-12,2025-02-03,7,59,21.35,2,114.12,8.43,16.3,0
U002618,Paid Search,Desktop,Returning Browser,2025-09-13,2025-10-06,6,38,22.59,1,51.25,6.33,8.54,0
U002619,Paid Search,Mobile,Returning Browser,2025-08-03,2025-08-22,9,48,18.58,2,99.47,5.33,11.05,0
U002620,Organic Search,Mobile,Returning Browser,2025-06-19,2025-06-28,2,7,8.41,3,335.0,3.5,167.5,0
U002621,Organic Search,Mobile,Returning Browser,2025-06-30,2025-07-12,3,16,11.66,3,227.43,5.33,75.81,0
U002622,Email,Desktop,New Consumer,2025-04-04,2025-04-19,6,33,14.62,4,153.21,5.5,25.54,0
U002623,Email,Mobile,Deal Seeker,2025-02-25,2025-03-09,4,23,11.54,2,147.66,5.75,36.92,0
U002624,Organic Search,Desktop,New Consumer,2025-08-29,2025-09-09,3,17,10.05,2,52.08,5.67,17.36,0
U002625,Direct,Desktop,New Consumer,2025-07-04,2025-07-24,4,24,19.04,2,184.06,6.0,46.02,0
U002626,Paid Search,Mobile,High Intent,2025-05-14,2025-05-22,3,22,7.73,1,45.84,7.33,15.28,0
U002627,Email,Desktop,New Consumer,2025-07-19,2025-07-31,4,30,11.42,1,50.62,7.5,12.66,0
U002628,Direct,Mobile,Deal Seeker,2025-10-17,2025-10-27,3,21,9.19,2,106.31,7.0,35.44,0
U002629,Direct,Mobile,New Consumer,2025-03-27,2025-04-01,3,12,4.64,2,128.7,4.0,42.9,1
U002630,Social,Mobile,Returning Browser,2025-10-19,2025-10-26,3,24,6.7,2,141.01,8.0,47.0,1
U002631,Email,Desktop,High Intent,2025-02-24,2025-03-01,3,19,4.99,1,94.1,6.33,31.37,1
U002632,Email,Mobile,Deal Seeker,2025-02-06,2025-02-12,2,15,5.87,3,57.95,7.5,28.98,1
U002633,Email,Desktop,Returning Browser,2025-08-16,2025-08-28,5,22,11.7,4,241.12,4.4,48.22,0
U002634,Paid Search,Mobile,New Consumer,2025-06-20,2025-07-06,6,44,15.64,3,262.46,7.33,43.74,0
U002635,Direct,Tablet,New Consumer,2025-07-15,2025-07-20,2,14,4.98,2,146.15,7.0,73.08,1
U002636,Organic Search,Mobile,New Consumer,2025-10-12,2025-10-20,3,26,7.13,3,266.39,8.67,88.8,0
U002637,Organic Search,Mobile,Deal Seeker,2025-08-16,2025-08-22,3,16,5.96,2,140.25,5.33,46.75,1
U002638,Email,Mobile,Deal Seeker,2025-09-17,2025-10-10,8,62,22.06,3,161.2,7.75,20.15,0
U002639,Email,Mobile,New Consumer,2025-03-26,2025-04-09,4,27,13.01,1,65.67,6.75,16.42,0
U002640,Organic Search,Mobile,Deal Seeker,2025-05-21,2025-06-12,7,46,21.46,1,81.74,6.57,11.68,0
U002641,Organic Search,Mobile,High Intent,2025-06-29,2025-07-09,4,19,9.0,3,180.0,4.75,45.0,0
U002642,Email,Mobile,New Consumer,2025-01-08,2025-01-15,2,8,6.51,3,185.12,4.0,92.56,1
U002643,Social,Desktop,New Consumer,2025-07-14,2025-07-31,5,17,16.16,1,48.65,3.4,9.73,0
U002644,Referral,Mobile,Deal Seeker,2025-02-20,2025-02-27,3,21,6.79,1,73.24,7.0,24.41,1
U002645,Organic Search,Desktop,Returning Browser,2025-10-12,2025-10-19,1,3,6.5,1,99.15,3.0,99.15,1
U002646,Direct,Mobile,Returning Browser,2025-06-04,2025-07-03,7,54,28.38,1,24.53,7.71,3.5,0
U002647,Paid Search,Mobile,Returning Browser,2025-06-08,2025-06-23,5,37,14.82,2,185.79,7.4,37.16,0
U002648,Referral,Mobile,New Consumer,2025-09-28,2025-11-02,10,69,35.0,5,362.48,6.9,36.25,0
U002649,Organic Search,Mobile,Deal Seeker,2025-03-12,2025-04-16,12,89,35.0,1,108.21,7.42,9.02,0
U002650,Email,Mobile,Deal Seeker,2025-02-24,2025-03-31,10,72,35.0,2,91.74,7.2,9.17,0
U002651,Organic Search,Mobile,High Intent,2025-03-25,2025-04-08,4,29,13.22,2,181.58,7.25,45.4,0
U002652,Paid Search,Desktop,New Consumer,2025-03-04,2025-03-10,2,15,5.73,2,172.99,7.5,86.5,1
U002653,Organic Search,Desktop,Deal Seeker,2025-10-20,2025-11-08,5,31,18.86,4,318.08,6.2,63.62,0
U002654,Organic Search,Mobile,High Intent,2025-01-22,2025-01-30,1,4,7.08,3,132.56,4.0,132.56,0
U002655,Social,Mobile,Deal Seeker,2025-02-15,2025-03-04,6,29,16.77,1,38.61,4.83,6.44,0
U002656,Paid Search,Desktop,High Intent,2025-10-25,2025-11-02,1,9,7.87,4,238.71,9.0,238.71,0
U002657,Direct,Desktop,New Consumer,2025-07-15,2025-07-20,2,13,4.67,1,78.31,6.5,39.16,1
U002658,Email,Mobile,New Consumer,2025-02-27,2025-03-21,4,20,21.66,4,216.27,5.0,54.07,0
U002659,Organic Search,Tablet,Deal Seeker,2025-02-26,2025-03-09,7,37,10.47,4,176.03,5.29,25.15,0
U002660,Social,Mobile,New Consumer,2025-06-21,2025-06-27,4,20,5.57,4,60.39,5.0,15.1,1
U002661,Paid Search,Mobile,New Consumer,2025-02-26,2025-03-09,7,40,10.56,2,126.91,5.71,18.13,0
U002662,Organic Search,Mobile,High Intent,2025-01-17,2025-01-26,2,13,8.13,4,268.87,6.5,134.44,0
U002663,Organic Search,Desktop,High Intent,2025-10-12,2025-10-22,2,20,9.32,3,160.26,10.0,80.13,0
U002664,Direct,Tablet,New Consumer,2025-08-03,2025-08-06,2,12,2.93,1,54.29,6.0,27.14,1
U002665,Paid Search,Desktop,New Consumer,2025-05-10,2025-05-15,3,21,4.92,3,147.43,7.0,49.14,1
U002666,Referral,Desktop,New Consumer,2025-05-23,2025-06-03,4,15,10.72,2,147.23,3.75,36.81,0
U002667,Organic Search,Mobile,New Consumer,2025-09-09,2025-09-19,2,14,9.39,2,148.08,7.0,74.04,0
U002668,Email,Mobile,New Consumer,2025-07-19,2025-07-28,2,9,8.86,3,67.08,4.5,33.54,0
U002669,Email,Mobile,New Consumer,2025-07-08,2025-07-28,5,32,19.37,3,268.89,6.4,53.78,0
U002670,Social,Mobile,New Consumer,2025-07-30,2025-08-25,8,61,25.34,2,147.61,7.62,18.45,0
U002671,Referral,Desktop,New Consumer,2025-04-07,2025-04-11,5,33,3.08,2,105.94,6.6,21.19,1
U002672,Email,Mobile,New Consumer,2025-04-13,2025-04-27,9,56,13.92,2,137.68,6.22,15.3,0
U002673,Social,Desktop,New Consumer,2025-08-08,2025-08-26,5,31,17.61,3,159.78,6.2,31.96,0
U002674,Organic Search,Mobile,Returning Browser,2025-01-01,2025-01-08,2,19,6.85,1,65.44,9.5,32.72,1
U002675,Referral,Mobile,New Consumer,2025-08-07,2025-08-12,2,16,4.53,6,210.81,8.0,105.4,1
U002676,Direct,Mobile,Deal Seeker,2025-05-01,2025-05-11,3,15,9.14,1,40.69,5.0,13.56,0
U002677,Organic Search,Desktop,Deal Seeker,2025-02-04,2025-02-12,2,13,7.86,1,37.91,6.5,18.95,0
U002678,Organic Search,Mobile,Deal Seeker,2025-01-08,2025-01-16,3,15,7.08,3,261.29,5.0,87.1,0
U002679,Direct,Desktop,New Consumer,2025-02-08,2025-02-22,4,33,13.93,4,377.59,8.25,94.4,0
U002680,Social,Mobile,New Consumer,2025-01-05,2025-01-14,4,20,8.36,3,197.48,5.0,49.37,0
U002681,Direct,Desktop,New Consumer,2025-01-13,2025-01-23,3,18,9.71,1,96.35,6.0,32.12,0
U002682,Social,Desktop,Returning Browser,2025-01-15,2025-01-22,2,10,6.89,1,72.05,5.0,36.02,1
U002683,Organic Search,Mobile,High Intent,2025-06-30,2025-07-08,4,17,7.89,2,154.18,4.25,38.54,0
U002684,Social,Desktop,High Intent,2025-09-09,2025-09-14,1,7,4.37,1,82.11,7.0,82.11,1
U002685,Paid Search,Desktop,New Consumer,2025-06-22,2025-07-09,5,23,16.75,4,169.21,4.6,33.84,0
U002686,Email,Desktop,New Consumer,2025-04-12,2025-04-20,1,8,7.57,2,109.84,8.0,109.84,0
U002687,Organic Search,Desktop,Returning Browser,2025-03-03,2025-03-14,2,14,10.81,3,206.31,7.0,103.16,0
U002688,Direct,Mobile,New Consumer,2025-03-07,2025-03-18,3,23,10.14,2,183.6,7.67,61.2,0
U002689,Organic Search,Desktop,Returning Browser,2025-07-25,2025-08-03,4,31,8.15,2,111.2,7.75,27.8,0
U002690,Organic Search,Mobile,New Consumer,2025-07-05,2025-07-20,4,27,14.31,2,187.01,6.75,46.75,0
U002691,Paid Search,Mobile,Deal Seeker,2025-04-06,2025-04-19,5,22,12.39,4,319.28,4.4,63.86,0
U002692,Organic Search,Desktop,High Intent,2025-10-03,2025-10-11,2,16,7.28,1,52.59,8.0,26.3,0
U002693,Paid Search,Mobile,New Consumer,2025-01-03,2025-01-14,5,29,10.61,3,191.07,5.8,38.21,0
U002694,Organic Search,Mobile,Returning Browser,2025-06-24,2025-07-04,3,18,9.28,1,97.6,6.0,32.53,0
U002695,Organic Search,Mobile,New Consumer,2025-04-10,2025-05-04,5,28,23.99,1,59.57,5.6,11.91,0
U002696,Referral,Mobile,New Consumer,2025-01-02,2025-01-14,3,27,11.53,3,277.19,9.0,92.4,0
U002697,Social,Mobile,New Consumer,2025-10-22,2025-10-31,3,27,8.8,5,285.06,9.0,95.02,0
U002698,Referral,Desktop,Deal Seeker,2025-06-15,2025-07-02,4,18,16.01,1,52.56,4.5,13.14,0
U002699,Organic Search,Mobile,High Intent,2025-04-01,2025-04-27,6,36,25.23,2,158.35,6.0,26.39,0
U002700,Email,Mobile,New Consumer,2025-03-24,2025-04-03,3,5,9.93,1,28.8,1.67,9.6,0
U002701,Social,Mobile,New Consumer,2025-08-23,2025-08-30,3,22,6.91,1,80.69,7.33,26.9,1
U002702,Paid Search,Tablet,New Consumer,2025-06-02,2025-06-19,5,31,16.59,4,225.19,6.2,45.04,0
U002703,Direct,Desktop,New Consumer,2025-01-27,2025-02-18,5,25,21.62,3,205.91,5.0,41.18,0
U002704,Email,Mobile,New Consumer,2025-06-14,2025-07-09,8,64,24.12,1,68.53,8.0,8.57,0
U002705,Social,Mobile,New Consumer,2025-03-22,2025-04-26,9,70,34.03,2,88.5,7.78,9.83,0
U002706,Social,Desktop,Returning Browser,2025-09-11,2025-10-08,6,36,26.5,1,68.13,6.0,11.35,0
U002707,Direct,Tablet,New Consumer,2025-03-18,2025-04-08,6,19,20.15,3,187.77,3.17,31.3,0
U002708,Organic Search,Tablet,New Consumer,2025-07-26,2025-08-07,5,32,11.6,2,146.53,6.4,29.31,0
U002709,Organic Search,Mobile,New Consumer,2025-03-25,2025-04-09,3,23,14.39,1,69.89,7.67,23.3,0
U002710,Paid Search,Desktop,High Intent,2025-09-22,2025-10-02,2,12,9.65,2,83.34,6.0,41.67,0
U002711,Social,Desktop,Deal Seeker,2025-09-28,2025-10-08,3,17,9.41,2,183.29,5.67,61.1,0
U002712,Referral,Desktop,High Intent,2025-10-26,2025-11-03,2,10,7.05,4,338.5,5.0,169.25,0
U002713,Social,Desktop,Returning Browser,2025-07-03,2025-07-27,9,71,23.69,3,207.96,7.89,23.11,0
U002714,Email,Mobile,High Intent,2025-08-08,2025-08-19,3,15,10.98,3,255.6,5.0,85.2,0
U002715,Social,Mobile,Returning Browser,2025-04-07,2025-04-21,7,46,13.47,4,133.93,6.57,19.13,0
U002716,Referral,Mobile,New Consumer,2025-02-19,2025-03-12,5,24,20.45,1,73.99,4.8,14.8,0
U002717,Organic Search,Mobile,New Consumer,2025-08-27,2025-09-08,4,27,11.83,1,62.46,6.75,15.62,0
U002718,Referral,Desktop,Returning Browser,2025-06-24,2025-07-04,3,17,9.87,2,209.79,5.67,69.93,0
U002719,Social,Mobile,Deal Seeker,2025-08-31,2025-09-11,4,18,10.26,2,152.96,4.5,38.24,0
U002720,Referral,Mobile,Returning Browser,2025-08-06,2025-08-29,6,45,22.73,4,245.36,7.5,40.89,0
U002721,Organic Search,Mobile,Deal Seeker,2025-10-22,2025-10-30,7,39,7.02,2,118.59,5.57,16.94,0
U002722,Email,Mobile,New Consumer,2025-02-15,2025-02-27,3,15,11.57,2,102.5,5.0,34.17,0
U002723,Paid Search,Mobile,High Intent,2025-06-25,2025-07-09,6,33,13.18,4,206.28,5.5,34.38,0
U002724,Organic Search,Desktop,New Consumer,2025-01-23,2025-01-27,2,10,3.83,2,178.47,5.0,89.24,1
U002725,Organic Search,Mobile,High Intent,2025-03-11,2025-03-25,4,20,13.5,4,249.76,5.0,62.44,0
U002726,Email,Desktop,High Intent,2025-09-05,2025-09-15,3,16,9.37,3,175.47,5.33,58.49,0
U002727,Organic Search,Mobile,New Consumer,2025-08-22,2025-09-01,3,18,9.93,2,98.59,6.0,32.86,0
U002728,Organic Search,Mobile,High Intent,2025-03-28,2025-04-29,9,68,31.07,3,281.0,7.56,31.22,0
U002729,Direct,Mobile,New Consumer,2025-05-24,2025-05-29,2,12,4.83,3,227.44,6.0,113.72,1
U002730,Email,Desktop,New Consumer,2025-02-28,2025-03-08,3,23,7.37,1,68.31,7.67,22.77,0
U002731,Referral,Mobile,High Intent,2025-10-16,2025-10-24,3,26,7.35,2,128.43,8.67,42.81,0
U002732,Paid Search,Tablet,Deal Seeker,2025-03-27,2025-04-03,2,13,6.53,1,49.99,6.5,25.0,1
U002733,Paid Search,Mobile,New Consumer,2025-04-12,2025-04-22,3,21,9.12,3,211.2,7.0,70.4,0
U002734,Social,Mobile,Returning Browser,2025-08-23,2025-08-30,4,34,6.22,2,240.1,8.5,60.02,1
U002735,Direct,Desktop,High Intent,2025-02-10,2025-02-16,1,11,5.54,2,123.9,11.0,123.9,1
U002736,Social,Mobile,High Intent,2025-08-21,2025-08-29,3,17,7.77,4,219.39,5.67,73.13,0
U002737,Referral,Mobile,New Consumer,2025-07-22,2025-07-31,2,12,8.81,1,57.12,6.0,28.56,0
U002738,Organic Search,Mobile,New Consumer,2025-06-15,2025-06-29,4,20,13.18,4,231.76,5.0,57.94,0
U002739,Social,Mobile,New Consumer,2025-03-27,2025-04-11,5,34,14.14,1,81.25,6.8,16.25,0
U002740,Referral,Desktop,New Consumer,2025-07-14,2025-07-21,2,19,6.86,2,156.68,9.5,78.34,1
U002741,Social,Mobile,New Consumer,2025-05-13,2025-05-27,5,25,13.45,3,153.51,5.0,30.7,0
U002742,Organic Search,Desktop,Deal Seeker,2025-02-14,2025-03-01,3,26,14.57,5,341.93,8.67,113.98,0
U002743,Organic Search,Mobile,Deal Seeker,2025-10-09,2025-10-24,5,26,14.94,5,151.23,5.2,30.25,0
U002744,Organic Search,Mobile,New Consumer,2025-05-05,2025-05-24,5,20,18.34,2,115.66,4.0,23.13,0
U002745,Paid Search,Tablet,Deal Seeker,2025-08-08,2025-08-17,4,26,8.13,3,242.76,6.5,60.69,0
U002746,Organic Search,Desktop,Returning Browser,2025-04-04,2025-05-03,7,48,28.04,2,122.71,6.86,17.53,0
U002747,Organic Search,Tablet,Returning Browser,2025-10-06,2025-10-11,1,4,4.44,1,58.99,4.0,58.99,1
U002748,Referral,Desktop,Deal Seeker,2025-04-01,2025-04-16,5,25,14.89,6,626.45,5.0,125.29,0
U002749,Organic Search,Mobile,New Consumer,2025-07-03,2025-08-07,12,69,35.0,5,279.08,5.75,23.26,0
U002750,Referral,Mobile,Returning Browser,2025-03-08,2025-03-12,1,11,3.29,1,45.24,11.0,45.24,1
U002751,Direct,Desktop,New Consumer,2025-05-30,2025-06-13,4,20,13.73,2,146.99,5.0,36.75,0
U002752,Paid Search,Mobile,High Intent,2025-07-22,2025-08-02,4,30,10.71,4,229.2,7.5,57.3,0
U002753,Organic Search,Mobile,New Consumer,2025-02-05,2025-02-14,4,17,8.39,2,210.11,4.25,52.53,0
U002754,Email,Desktop,Returning Browser,2025-09-29,2025-10-04,1,3,4.86,2,94.58,3.0,94.58,1
U002755,Direct,Desktop,High Intent,2025-06-18,2025-07-04,7,38,15.16,3,190.92,5.43,27.27,0
U002756,Email,Mobile,Returning Browser,2025-04-15,2025-04-27,4,36,11.97,1,44.11,9.0,11.03,0
U002757,Referral,Mobile,New Consumer,2025-01-24,2025-02-01,4,26,7.93,3,130.71,6.5,32.68,0
U002758,Organic Search,Desktop,Deal Seeker,2025-03-06,2025-03-30,6,35,23.89,6,413.84,5.83,68.97,0
U002759,Referral,Desktop,Returning Browser,2025-05-12,2025-05-27,3,20,14.88,2,125.83,6.67,41.94,0
U002760,Organic Search,Mobile,High Intent,2025-04-16,2025-04-27,3,19,10.06,2,145.95,6.33,48.65,0
U002761,Email,Mobile,New Consumer,2025-01-28,2025-02-10,4,27,12.81,1,36.27,6.75,9.07,0
U002762,Referral,Mobile,Deal Seeker,2025-07-27,2025-08-07,3,15,10.26,4,282.16,5.0,94.05,0
U002763,Social,Tablet,Returning Browser,2025-10-08,2025-10-21,3,22,12.8,2,107.88,7.33,35.96,0
U002764,Direct,Mobile,New Consumer,2025-08-28,2025-09-14,5,28,16.13,1,44.96,5.6,8.99,0
U002765,Social,Mobile,New Consumer,2025-08-09,2025-08-25,5,37,15.17,1,76.79,7.4,15.36,0
U002766,Organic Search,Desktop,New Consumer,2025-05-31,2025-06-22,5,28,21.13,1,36.5,5.6,7.3,0
U002767,Organic Search,Mobile,Returning Browser,2025-09-06,2025-09-30,6,23,23.24,2,113.02,3.83,18.84,0
U002768,Organic Search,Desktop,New Consumer,2025-10-24,2025-11-01,3,16,7.58,2,129.32,5.33,43.11,0
U002769,Referral,Tablet,Deal Seeker,2025-07-23,2025-08-06,5,31,13.89,3,384.15,6.2,76.83,0
U002770,Paid Search,Mobile,New Consumer,2025-03-07,2025-03-14,4,26,6.8,1,76.48,6.5,19.12,1
U002771,Direct,Mobile,New Consumer,2025-08-19,2025-09-08,7,44,19.41,1,82.31,6.29,11.76,0
U002772,Paid Search,Desktop,Returning Browser,2025-08-28,2025-09-09,3,16,11.07,1,12.0,5.33,4.0,0
U002773,Organic Search,Mobile,New Consumer,2025-06-04,2025-06-18,4,21,13.09,4,293.1,5.25,73.28,0
U002774,Organic Search,Mobile,New Consumer,2025-09-28,2025-10-08,2,19,9.75,2,118.44,9.5,59.22,0
U002775,Referral,Desktop,Returning Browser,2025-03-04,2025-03-09,2,13,4.76,1,76.3,6.5,38.15,1
U002776,Social,Desktop,High Intent,2025-05-20,2025-05-31,5,33,10.75,3,202.94,6.6,40.59,0
U002777,Direct,Mobile,Returning Browser,2025-09-13,2025-10-10,7,48,26.2,4,176.49,6.86,25.21,0
U002778,Paid Search,Mobile,New Consumer,2025-10-21,2025-10-30,5,25,8.45,1,72.68,5.0,14.54,0
U002779,Organic Search,Mobile,New Consumer,2025-05-25,2025-06-06,3,23,11.82,2,137.17,7.67,45.72,0
U002780,Email,Desktop,Deal Seeker,2025-04-14,2025-04-21,2,12,6.42,1,52.85,6.0,26.42,1
U002781,Organic Search,Mobile,New Consumer,2025-05-09,2025-06-04,8,65,25.21,3,183.81,8.12,22.98,0
U002782,Organic Search,Tablet,New Consumer,2025-03-28,2025-04-12,3,12,14.75,2,107.94,4.0,35.98,0
U002783,Organic Search,Mobile,New Consumer,2025-02-25,2025-03-06,3,19,8.78,2,70.19,6.33,23.4,0
U002784,Paid Search,Desktop,New Consumer,2025-03-13,2025-03-25,3,16,11.27,1,86.39,5.33,28.8,0
U002785,Paid Search,Mobile,Deal Seeker,2025-06-09,2025-06-25,5,18,15.73,4,211.59,3.6,42.32,0
U002786,Organic Search,Desktop,New Consumer,2025-03-04,2025-03-15,3,16,10.72,3,175.66,5.33,58.55,0
U002787,Social,Mobile,New Consumer,2025-09-30,2025-10-21,5,25,20.07,1,72.6,5.0,14.52,0
U002788,Email,Mobile,High Intent,2025-05-18,2025-05-27,2,12,8.75,2,92.67,6.0,46.34,0
U002789,Referral,Mobile,High Intent,2025-10-02,2025-10-22,6,28,19.27,3,154.96,4.67,25.83,0
U002790,Referral,Mobile,Returning Browser,2025-05-03,2025-05-14,2,6,10.43,2,89.92,3.0,44.96,0
U002791,Organic Search,Desktop,Returning Browser,2025-10-21,2025-10-31,3,16,9.49,3,163.35,5.33,54.45,0
U002792,Organic Search,Mobile,New Consumer,2025-09-25,2025-10-08,4,34,12.71,2,61.69,8.5,15.42,0
U002793,Organic Search,Desktop,Returning Browser,2025-05-21,2025-05-26,2,13,4.94,2,140.37,6.5,70.18,1
U002794,Referral,Mobile,Returning Browser,2025-10-19,2025-10-26,2,14,6.91,2,134.45,7.0,67.22,1
U002795,Paid Search,Mobile,New Consumer,2025-09-15,2025-10-07,7,33,21.17,4,233.92,4.71,33.42,0
U002796,Social,Mobile,New Consumer,2025-05-24,2025-05-31,3,26,6.44,1,57.64,8.67,19.21,1
U002797,Referral,Desktop,High Intent,2025-08-15,2025-08-22,2,8,6.97,1,72.1,4.0,36.05,1
U002798,Direct,Tablet,New Consumer,2025-05-02,2025-05-13,2,11,10.7,2,143.89,5.5,71.94,0
U002799,Social,Mobile,Returning Browser,2025-06-12,2025-06-27,6,40,14.99,2,193.79,6.67,32.3,0
U002800,Direct,Mobile,High Intent,2025-05-29,2025-06-07,2,15,8.25,3,182.78,7.5,91.39,0
U002801,Paid Search,Desktop,Returning Browser,2025-04-25,2025-05-10,5,40,14.57,1,58.71,8.0,11.74,0
U002802,Social,Tablet,Deal Seeker,2025-02-16,2025-03-08,5,36,19.46,2,129.98,7.2,26.0,0
U002803,Organic Search,Desktop,New Consumer,2025-08-15,2025-08-21,2,15,5.84,3,148.8,7.5,74.4,1
U002804,Social,Desktop,High Intent,2025-10-22,2025-11-06,4,25,14.99,6,419.63,6.25,104.91,0
U002805,Email,Desktop,New Consumer,2025-04-01,2025-04-12,2,18,10.06,3,184.5,9.0,92.25,0
U002806,Organic Search,Tablet,New Consumer,2025-06-08,2025-06-28,7,42,19.55,2,88.08,6.0,12.58,0
U002807,Direct,Desktop,New Consumer,2025-10-10,2025-10-17,2,12,6.2,3,255.29,6.0,127.64,1
U002808,Email,Mobile,Returning Browser,2025-08-24,2025-09-06,4,26,12.43,2,53.93,6.5,13.48,0
U002809,Organic Search,Mobile,New Consumer,2025-08-20,2025-09-01,4,25,11.32,3,219.84,6.25,54.96,0
U002810,Paid Search,Mobile,New Consumer,2025-05-30,2025-06-22,8,57,22.57,1,38.31,7.12,4.79,0
U002811,Email,Mobile,Deal Seeker,2025-05-19,2025-06-04,4,33,15.91,4,252.87,8.25,63.22,0
U002812,Paid Search,Desktop,Deal Seeker,2025-06-11,2025-07-01,5,32,19.82,1,53.1,6.4,10.62,0
U002813,Organic Search,Mobile,New Consumer,2025-09-14,2025-09-27,3,21,12.06,3,175.45,7.0,58.48,0
U002814,Email,Mobile,New Consumer,2025-03-15,2025-03-27,4,30,11.64,7,385.61,7.5,96.4,0
U002815,Organic Search,Mobile,High Intent,2025-04-24,2025-05-01,2,16,6.1,3,135.84,8.0,67.92,1
U002816,Referral,Mobile,Deal Seeker,2025-08-18,2025-09-22,10,59,35.0,1,81.57,5.9,8.16,0
U002817,Direct,Desktop,New Consumer,2025-09-02,2025-10-03,10,56,30.08,1,31.86,5.6,3.19,0
U002818,Paid Search,Mobile,Returning Browser,2025-08-26,2025-09-07,5,30,11.26,1,84.37,6.0,16.87,0
U002819,Referral,Desktop,Deal Seeker,2025-07-24,2025-08-04,3,14,10.09,2,126.39,4.67,42.13,0
U002820,Paid Search,Tablet,Returning Browser,2025-07-16,2025-07-26,8,55,9.49,2,85.85,6.88,10.73,0
U002821,Organic Search,Desktop,New Consumer,2025-07-30,2025-08-09,2,10,9.31,1,74.37,5.0,37.18,0
U002822,Social,Desktop,New Consumer,2025-08-19,2025-08-27,2,6,7.48,2,193.36,3.0,96.68,0
U002823,Organic Search,Desktop,New Consumer,2025-05-28,2025-06-13,3,14,15.3,3,238.19,4.67,79.4,0
U002824,Organic Search,Mobile,New Consumer,2025-04-28,2025-05-19,8,35,20.61,2,131.51,4.38,16.44,0
U002825,Social,Desktop,Returning Browser,2025-02-23,2025-03-12,6,45,16.37,2,96.56,7.5,16.09,0
U002826,Referral,Mobile,Returning Browser,2025-09-18,2025-09-30,4,33,11.92,3,141.71,8.25,35.43,0
U002827,Social,Desktop,High Intent,2025-08-12,2025-08-20,3,20,7.4,1,12.0,6.67,4.0,0
U002828,Email,Desktop,Deal Seeker,2025-08-14,2025-08-27,4,25,12.6,5,371.99,6.25,93.0,0
U002829,Organic Search,Desktop,New Consumer,2025-07-08,2025-08-10,11,72,32.24,2,144.7,6.55,13.15,0
U002830,Email,Tablet,New Consumer,2025-02-24,2025-03-05,2,11,8.71,3,106.87,5.5,53.44,0
U002831,Social,Mobile,Deal Seeker,2025-08-25,2025-09-06,5,30,11.55,3,245.19,6.0,49.04,0
U002832,Organic Search,Mobile,Deal Seeker,2025-10-13,2025-10-26,4,25,12.94,2,177.07,6.25,44.27,0
U002833,Paid Search,Mobile,High Intent,2025-10-01,2025-10-30,7,46,28.47,2,40.63,6.57,5.8,0
U002834,Email,Desktop,Returning Browser,2025-08-06,2025-08-13,1,6,6.4,4,169.44,6.0,169.44,1
U002835,Organic Search,Mobile,Returning Browser,2025-03-06,2025-03-13,2,15,6.45,2,84.86,7.5,42.43,1
U002836,Referral,Mobile,Returning Browser,2025-09-02,2025-09-07,2,19,4.95,2,24.0,9.5,12.0,1
U002837,Organic Search,Tablet,High Intent,2025-09-08,2025-09-18,3,20,9.65,3,287.82,6.67,95.94,0
U002838,Organic Search,Mobile,Returning Browser,2025-04-24,2025-05-01,3,21,7.0,2,110.94,7.0,36.98,1
U002839,Email,Mobile,New Consumer,2025-03-07,2025-03-14,3,23,6.25,3,183.38,7.67,61.13,1
U002840,Direct,Mobile,Deal Seeker,2025-06-28,2025-07-08,3,22,9.87,3,167.8,7.33,55.93,0
U002841,Email,Desktop,New Consumer,2025-08-27,2025-09-01,1,8,4.17,3,108.33,8.0,108.33,1
U002842,Direct,Desktop,New Consumer,2025-05-16,2025-05-24,2,13,7.96,2,66.72,6.5,33.36,0
U002843,Organic Search,Desktop,Returning Browser,2025-09-18,2025-09-24,2,16,5.28,5,166.0,8.0,83.0,1
U002844,Referral,Mobile,New Consumer,2025-01-24,2025-02-09,5,37,15.29,2,166.43,7.4,33.29,0
U002845,Referral,Tablet,Deal Seeker,2025-03-29,2025-04-10,3,22,11.77,3,239.31,7.33,79.77,0
U002846,Referral,Mobile,Returning Browser,2025-04-04,2025-04-12,2,8,7.89,2,48.78,4.0,24.39,0
U002847,Organic Search,Mobile,New Consumer,2025-01-23,2025-01-30,3,19,6.6,3,224.86,6.33,74.95,1
U002848,Email,Mobile,Returning Browser,2025-01-20,2025-02-02,4,20,12.1,3,150.98,5.0,37.74,0
U002849,Paid Search,Mobile,High Intent,2025-01-20,2025-01-29,5,37,8.57,3,220.68,7.4,44.14,0
U002850,Direct,Tablet,High Intent,2025-06-05,2025-06-10,1,11,4.79,4,180.48,11.0,180.48,1
U002851,Paid Search,Desktop,New Consumer,2025-09-27,2025-10-07,2,18,9.53,4,260.39,9.0,130.2,0
U002852,Social,Desktop,High Intent,2025-01-18,2025-02-02,4,25,14.42,2,106.04,6.25,26.51,0
U002853,Referral,Mobile,New Consumer,2025-08-29,2025-09-18,5,42,19.96,4,232.03,8.4,46.41,0
U002854,Social,Desktop,New Consumer,2025-07-12,2025-08-16,7,52,34.11,3,166.35,7.43,23.76,0
U002855,Direct,Mobile,New Consumer,2025-10-10,2025-10-19,3,16,8.86,1,33.69,5.33,11.23,0
U002856,Organic Search,Desktop,High Intent,2025-07-25,2025-08-12,5,28,17.51,3,225.44,5.6,45.09,0
U002857,Referral,Desktop,New Consumer,2025-02-01,2025-02-11,6,46,9.64,3,252.57,7.67,42.1,0
U002858,Social,Mobile,Deal Seeker,2025-03-30,2025-04-11,6,41,11.99,3,282.32,6.83,47.05,0
U002859,Email,Desktop,High Intent,2025-05-27,2025-06-13,5,32,16.91,2,69.42,6.4,13.88,0
U002860,Social,Mobile,Returning Browser,2025-04-16,2025-04-29,4,16,12.28,2,139.56,4.0,34.89,0
U002861,Organic Search,Mobile,New Consumer,2025-08-04,2025-08-14,2,21,9.99,1,62.63,10.5,31.32,0
U002862,Direct,Mobile,High Intent,2025-10-20,2025-10-31,3,25,10.93,4,359.59,8.33,119.86,0
U002863,Paid Search,Mobile,High Intent,2025-06-03,2025-06-10,2,14,6.12,3,246.42,7.0,123.21,1
U002864,Organic Search,Mobile,New Consumer,2025-08-30,2025-09-09,5,17,9.43,1,36.55,3.4,7.31,0
U002865,Organic Search,Desktop,New Consumer,2025-08-23,2025-08-30,2,15,6.75,1,81.24,7.5,40.62,1
U002866,Paid Search,Mobile,High Intent,2025-09-10,2025-09-27,4,29,16.45,4,204.7,7.25,51.18,0
U002867,Social,Mobile,New Consumer,2025-03-12,2025-03-26,6,30,13.9,3,113.98,5.0,19.0,0
U002868,Direct,Desktop,New Consumer,2025-04-10,2025-04-22,5,45,11.97,4,299.38,9.0,59.88,0
U002869,Organic Search,Mobile,Returning Browser,2025-07-23,2025-08-05,3,25,12.25,4,278.57,8.33,92.86,0
U002870,Social,Mobile,Returning Browser,2025-05-09,2025-05-16,2,14,6.3,5,368.03,7.0,184.02,1
U002871,Referral,Desktop,High Intent,2025-03-09,2025-03-15,2,16,5.99,3,82.5,8.0,41.25,1
U002872,Direct,Mobile,New Consumer,2025-07-14,2025-08-01,6,26,17.88,1,75.51,4.33,12.58,0
U002873,Paid Search,Mobile,Deal Seeker,2025-01-03,2025-01-20,6,47,16.64,2,125.18,7.83,20.86,0
U002874,Email,Mobile,Deal Seeker,2025-03-15,2025-03-21,5,42,5.7,3,161.04,8.4,32.21,1
U002875,Email,Mobile,New Consumer,2025-04-10,2025-04-19,3,19,8.24,2,121.3,6.33,40.43,0
U002876,Direct,Tablet,High Intent,2025-10-12,2025-10-19,4,28,6.54,2,187.95,7.0,46.99,1
U002877,Referral,Mobile,Returning Browser,2025-07-21,2025-08-02,4,12,11.43,3,171.86,3.0,42.96,0
U002878,Direct,Desktop,Returning Browser,2025-07-01,2025-07-10,2,12,8.15,2,98.43,6.0,49.22,0
U002879,Paid Search,Mobile,New Consumer,2025-01-21,2025-01-27,3,23,5.95,2,211.15,7.67,70.38,1
U002880,Paid Search,Mobile,New Consumer,2025-01-27,2025-02-10,3,19,13.67,2,24.0,6.33,8.0,0
U002881,Referral,Desktop,High Intent,2025-08-20,2025-08-26,2,17,5.62,3,103.88,8.5,51.94,1
U002882,Organic Search,Mobile,Returning Browser,2025-09-11,2025-09-18,2,15,6.21,2,158.22,7.5,79.11,1
U002883,Email,Mobile,High Intent,2025-08-31,2025-09-07,1,8,6.3,3,191.86,8.0,191.86,1
U002884,Social,Mobile,New Consumer,2025-02-05,2025-02-16,4,18,10.55,1,34.97,4.5,8.74,0
U002885,Direct,Mobile,New Consumer,2025-01-29,2025-02-10,5,45,11.49,3,140.15,9.0,28.03,0
U002886,Organic Search,Desktop,Returning Browser,2025-03-02,2025-03-09,2,17,6.46,1,33.49,8.5,16.74,1
U002887,Paid Search,Mobile,New Consumer,2025-01-21,2025-02-16,5,37,25.26,1,72.73,7.4,14.55,0
U002888,Social,Mobile,New Consumer,2025-10-09,2025-10-14,4,16,4.84,2,134.38,4.0,33.6,1
U002889,Organic Search,Mobile,Deal Seeker,2025-06-24,2025-07-03,3,12,8.66,2,187.74,4.0,62.58,0
U002890,Paid Search,Mobile,New Consumer,2025-09-16,2025-09-23,3,16,6.08,1,66.61,5.33,22.2,1
U002891,Organic Search,Mobile,Returning Browser,2025-04-12,2025-04-20,2,13,7.84,3,120.73,6.5,60.36,0
U002892,Social,Mobile,High Intent,2025-03-08,2025-03-20,3,18,11.88,2,126.21,6.0,42.07,0
U002893,Paid Search,Desktop,High Intent,2025-07-08,2025-07-17,4,31,8.05,2,180.28,7.75,45.07,0
U002894,Referral,Mobile,New Consumer,2025-08-11,2025-08-28,4,28,16.87,5,326.24,7.0,81.56,0
U002895,Organic Search,Desktop,Returning Browser,2025-04-11,2025-04-20,3,18,8.22,3,218.51,6.0,72.84,0
U002896,Referral,Desktop,Returning Browser,2025-01-30,2025-02-06,1,3,6.82,2,99.09,3.0,99.09,1
U002897,Paid Search,Desktop,New Consumer,2025-05-31,2025-06-06,2,14,5.39,1,47.67,7.0,23.84,1
U002898,Organic Search,Mobile,Returning Browser,2025-09-24,2025-10-11,4,26,16.0,2,183.66,6.5,45.92,0
U002899,Social,Mobile,Returning Browser,2025-09-15,2025-10-10,5,18,24.54,1,13.86,3.6,2.77,0
U002900,Social,Mobile,New Consumer,2025-09-07,2025-09-21,5,28,13.28,2,178.92,5.6,35.78,0
U002901,Direct,Desktop,New Consumer,2025-05-09,2025-05-16,2,18,6.4,3,130.1,9.0,65.05,1
U002902,Social,Tablet,Returning Browser,2025-01-25,2025-02-02,3,19,7.61,4,196.15,6.33,65.38,0
U002903,Paid Search,Mobile,New Consumer,2025-06-13,2025-06-27,4,17,13.51,2,142.08,4.25,35.52,0
U002904,Referral,Mobile,Returning Browser,2025-02-28,2025-03-07,3,19,6.04,4,169.07,6.33,56.36,1
U002905,Email,Mobile,Deal Seeker,2025-01-15,2025-01-25,3,18,9.67,3,281.79,6.0,93.93,0
U002906,Direct,Mobile,High Intent,2025-09-25,2025-10-10,4,29,14.63,1,78.46,7.25,19.61,0
U002907,Organic Search,Tablet,Returning Browser,2025-09-25,2025-10-06,3,21,10.04,3,171.23,7.0,57.08,0
U002908,Email,Mobile,New Consumer,2025-07-15,2025-07-22,2,14,6.23,3,157.71,7.0,78.86,1
U002909,Organic Search,Mobile,New Consumer,2025-08-26,2025-09-02,5,27,6.13,2,87.73,5.4,17.55,1
U002910,Organic Search,Desktop,New Consumer,2025-05-15,2025-05-29,3,22,13.47,1,69.21,7.33,23.07,0
U002911,Email,Mobile,New Consumer,2025-09-11,2025-10-07,7,53,25.54,1,84.7,7.57,12.1,0
U002912,Email,Mobile,New Consumer,2025-10-17,2025-11-17,12,66,30.19,2,131.34,5.5,10.94,0
U002913,Paid Search,Desktop,New Consumer,2025-03-23,2025-04-03,3,21,10.61,2,264.23,7.0,88.08,0
U002914,Organic Search,Desktop,High Intent,2025-06-03,2025-06-07,1,9,3.43,2,76.87,9.0,76.87,1
U002915,Email,Mobile,High Intent,2025-06-15,2025-06-24,4,17,8.69,1,75.39,4.25,18.85,0
U002916,Paid Search,Desktop,New Consumer,2025-02-03,2025-02-22,5,33,18.17,1,12.0,6.6,2.4,0
U002917,Social,Mobile,Returning Browser,2025-08-05,2025-08-14,4,29,8.43,3,118.67,7.25,29.67,0
U002918,Direct,Desktop,New Consumer,2025-09-02,2025-09-14,3,20,11.43,1,135.05,6.67,45.02,0
U002919,Referral,Desktop,Deal Seeker,2025-04-26,2025-05-10,3,18,13.79,2,189.92,6.0,63.31,0
U002920,Email,Desktop,New Consumer,2025-07-21,2025-08-06,7,38,15.77,2,143.21,5.43,20.46,0
U002921,Email,Mobile,New Consumer,2025-01-02,2025-01-16,3,20,13.17,2,141.74,6.67,47.25,0
U002922,Direct,Desktop,High Intent,2025-03-30,2025-04-08,2,8,8.16,6,531.12,4.0,265.56,0
U002923,Social,Mobile,New Consumer,2025-08-20,2025-08-31,5,40,10.19,1,52.49,8.0,10.5,0
U002924,Organic Search,Mobile,Returning Browser,2025-05-27,2025-06-10,6,54,13.07,3,310.91,9.0,51.82,0
U002925,Paid Search,Mobile,High Intent,2025-08-19,2025-08-29,4,30,9.74,1,68.17,7.5,17.04,0
U002926,Organic Search,Desktop,High Intent,2025-02-21,2025-02-27,1,9,5.74,2,106.75,9.0,106.75,1
U002927,Paid Search,Mobile,New Consumer,2025-07-25,2025-08-01,3,19,6.78,2,163.61,6.33,54.54,1
U002928,Referral,Mobile,New Consumer,2025-03-13,2025-04-06,5,34,23.06,3,113.52,6.8,22.7,0
U002929,Organic Search,Tablet,Returning Browser,2025-06-20,2025-07-02,3,28,11.13,1,81.23,9.33,27.08,0
U002930,Organic Search,Desktop,High Intent,2025-06-25,2025-07-04,3,20,8.85,3,297.26,6.67,99.09,0
U002931,Email,Mobile,Deal Seeker,2025-03-28,2025-04-10,5,39,12.84,2,113.96,7.8,22.79,0
U002932,Social,Desktop,Deal Seeker,2025-03-30,2025-04-16,6,30,16.55,2,30.57,5.0,5.1,0
U002933,Email,Mobile,New Consumer,2025-03-28,2025-04-14,5,34,16.2,2,46.09,6.8,9.22,0
U002934,Organic Search,Mobile,New Consumer,2025-07-07,2025-07-11,3,24,3.36,1,110.55,8.0,36.85,1
U002935,Direct,Mobile,High Intent,2025-02-14,2025-02-22,2,12,7.27,3,210.38,6.0,105.19,0
U002936,Email,Mobile,New Consumer,2025-07-08,2025-07-14,2,11,5.33,4,226.81,5.5,113.4,1
U002937,Organic Search,Mobile,New Consumer,2025-08-16,2025-08-28,3,17,11.45,2,65.09,5.67,21.7,0
U002938,Referral,Desktop,Returning Browser,2025-08-04,2025-08-13,3,27,8.55,3,109.41,9.0,36.47,0
U002939,Social,Mobile,New Consumer,2025-05-22,2025-06-03,3,25,11.02,1,50.26,8.33,16.75,0
U002940,Organic Search,Mobile,Returning Browser,2025-09-12,2025-09-30,5,34,17.91,1,68.65,6.8,13.73,0
U002941,Paid Search,Mobile,New Consumer,2025-02-10,2025-02-21,5,26,10.36,2,161.65,5.2,32.33,0
U002942,Organic Search,Desktop,Returning Browser,2025-03-05,2025-03-09,1,9,3.87,2,204.42,9.0,204.42,1
U002943,Paid Search,Desktop,New Consumer,2025-04-04,2025-04-17,3,28,12.95,1,77.61,9.33,25.87,0
U002944,Organic Search,Mobile,New Consumer,2025-06-01,2025-06-16,6,33,14.43,1,90.0,5.5,15.0,0
U002945,Email,Mobile,Deal Seeker,2025-07-06,2025-07-16,3,24,9.11,5,359.0,8.0,119.67,0
U002946,Organic Search,Desktop,New Consumer,2025-05-04,2025-05-20,3,18,15.01,1,26.28,6.0,8.76,0
U002947,Referral,Mobile,New Consumer,2025-01-31,2025-02-14,3,17,13.04,4,190.7,5.67,63.57,0
U002948,Email,Desktop,New Consumer,2025-08-27,2025-09-05,2,18,8.52,4,299.59,9.0,149.79,0
U002949,Organic Search,Mobile,High Intent,2025-09-20,2025-10-10,5,25,19.58,1,65.62,5.0,13.12,0
U002950,Organic Search,Desktop,New Consumer,2025-09-05,2025-09-16,3,24,10.54,1,52.26,8.0,17.42,0
U002951,Email,Mobile,New Consumer,2025-06-08,2025-06-19,7,44,10.12,3,79.02,6.29,11.29,0
U002952,Paid Search,Mobile,New Consumer,2025-04-24,2025-05-08,4,18,13.13,1,51.5,4.5,12.88,0
U002953,Direct,Tablet,Deal Seeker,2025-04-27,2025-05-08,3,11,10.31,1,88.23,3.67,29.41,0
U002954,Social,Mobile,Deal Seeker,2025-06-23,2025-07-14,9,67,20.58,1,75.33,7.44,8.37,0
U002955,Direct,Desktop,New Consumer,2025-03-09,2025-03-16,2,21,6.01,2,74.92,10.5,37.46,1
U002956,Organic Search,Mobile,New Consumer,2025-03-17,2025-03-27,4,24,9.72,5,386.72,6.0,96.68,0
U002957,Paid Search,Mobile,High Intent,2025-04-22,2025-05-04,3,22,11.4,1,75.68,7.33,25.23,0
U002958,Referral,Mobile,Deal Seeker,2025-01-20,2025-02-04,4,32,14.09,1,61.05,8.0,15.26,0
U002959,Paid Search,Desktop,High Intent,2025-04-03,2025-04-08,2,18,4.06,1,80.43,9.0,40.22,1
U002960,Referral,Tablet,Returning Browser,2025-05-17,2025-06-06,4,29,19.14,1,79.94,7.25,19.98,0
U002961,Referral,Mobile,New Consumer,2025-01-16,2025-02-02,5,30,16.78,4,272.93,6.0,54.59,0
U002962,Organic Search,Desktop,New Consumer,2025-02-10,2025-03-02,5,41,19.11,2,72.98,8.2,14.6,0
U002963,Email,Desktop,New Consumer,2025-01-15,2025-01-26,2,13,10.41,1,82.94,6.5,41.47,0
U002964,Email,Desktop,High Intent,2025-02-05,2025-02-09,1,9,3.13,2,67.52,9.0,67.52,1
U002965,Paid Search,Mobile,New Consumer,2025-01-03,2025-01-09,2,10,5.67,1,84.11,5.0,42.06,1
U002966,Email,Desktop,Returning Browser,2025-07-18,2025-08-09,4,30,21.42,3,114.49,7.5,28.62,0
U002967,Paid Search,Mobile,New Consumer,2025-07-11,2025-07-21,3,16,9.35,3,150.28,5.33,50.09,0
U002968,Organic Search,Tablet,New Consumer,2025-02-24,2025-03-19,9,61,22.45,5,450.66,6.78,50.07,0
U002969,Organic Search,Mobile,High Intent,2025-03-13,2025-03-30,5,32,16.93,2,119.86,6.4,23.97,0
U002970,Direct,Mobile,High Intent,2025-05-04,2025-05-11,3,27,6.7,2,24.0,9.0,8.0,1
U002971,Referral,Mobile,New Consumer,2025-08-23,2025-08-30,3,21,6.37,2,184.53,7.0,61.51,1
U002972,Organic Search,Mobile,New Consumer,2025-01-30,2025-02-10,3,18,10.93,2,169.17,6.0,56.39,0
U002973,Organic Search,Desktop,New Consumer,2025-06-17,2025-07-05,7,39,17.91,1,95.88,5.57,13.7,0
U002974,Direct,Desktop,Deal Seeker,2025-07-03,2025-07-15,3,19,11.47,1,101.29,6.33,33.76,0
U002975,Email,Desktop,New Consumer,2025-04-01,2025-04-15,4,20,13.48,2,179.05,5.0,44.76,0
U002976,Direct,Mobile,New Consumer,2025-01-07,2025-01-13,2,11,5.61,1,73.18,5.5,36.59,1
U002977,Social,Mobile,Deal Seeker,2025-09-24,2025-10-13,6,33,18.19,4,223.48,5.5,37.25,0
U002978,Email,Desktop,Deal Seeker,2025-04-04,2025-04-15,2,17,10.4,1,89.85,8.5,44.92,0
U002979,Paid Search,Desktop,New Consumer,2025-02-27,2025-03-05,2,22,5.66,2,37.69,11.0,18.84,1
U002980,Social,Tablet,High Intent,2025-02-13,2025-02-20,3,21,6.42,1,69.61,7.0,23.2,1
U002981,Email,Mobile,High Intent,2025-03-14,2025-03-31,4,27,16.78,2,230.87,6.75,57.72,0
U002982,Referral,Mobile,New Consumer,2025-07-18,2025-07-26,3,10,7.88,3,50.27,3.33,16.76,0
U002983,Paid Search,Mobile,New Consumer,2025-04-07,2025-04-30,6,44,22.89,1,65.79,7.33,10.97,0
U002984,Referral,Desktop,New Consumer,2025-02-24,2025-02-28,2,14,3.28,4,290.24,7.0,145.12,1
U002985,Paid Search,Mobile,High Intent,2025-02-05,2025-02-14,2,15,8.96,4,337.96,7.5,168.98,0
U002986,Social,Tablet,High Intent,2025-03-19,2025-03-30,4,18,10.91,1,94.84,4.5,23.71,0
U002987,Paid Search,Desktop,Returning Browser,2025-01-13,2025-01-27,3,21,13.21,2,126.34,7.0,42.11,0
U002988,Paid Search,Mobile,New Consumer,2025-05-06,2025-05-18,5,15,11.57,3,177.75,3.0,35.55,0
U002989,Email,Desktop,New Consumer,2025-09-01,2025-09-23,6,30,21.05,3,256.68,5.0,42.78,0
U002990,Direct,Mobile,Returning Browser,2025-03-15,2025-04-01,4,29,16.08,2,137.73,7.25,34.43,0
U002991,Social,Mobile,High Intent,2025-06-26,2025-07-08,2,13,11.01,3,297.59,6.5,148.79,0
U002992,Email,Desktop,Deal Seeker,2025-03-24,2025-04-22,7,48,28.47,1,83.53,6.86,11.93,0
U002993,Paid Search,Tablet,Returning Browser,2025-01-08,2025-01-15,2,9,6.69,2,105.98,4.5,52.99,1
U002994,Direct,Tablet,High Intent,2025-10-13,2025-10-31,10,59,17.76,4,221.94,5.9,22.19,0
U002995,Organic Search,Desktop,New Consumer,2025-01-08,2025-01-17,2,8,8.09,2,135.77,4.0,67.89,0
U002996,Email,Mobile,Deal Seeker,2025-08-29,2025-09-16,4,38,17.82,2,173.02,9.5,43.26,0
U002997,Paid Search,Mobile,Returning Browser,2025-09-14,2025-09-22,3,21,7.83,2,72.82,7.0,24.27,0
U002998,Paid Search,Mobile,Deal Seeker,2025-03-23,2025-04-07,7,41,14.29,1,93.33,5.86,13.33,0
U002999,Direct,Mobile,Deal Seeker,2025-09-20,2025-10-01,4,30,10.31,4,113.79,7.5,28.45,0
U003000,Organic Search,Mobile,New Consumer,2025-02-12,2025-02-22,5,39,9.19,2,107.47,7.8,21.49,0
