event_date,user_id,event_name,plan_type,acquisition_channel,revenue_usd
2025-09-25,283,app_open,Basic,Organic Search,0.0
2025-09-25,1016,export_clip,Basic,Paid Ads,0.0
2025-09-25,484,upload_video,Free,Referral,0.0
2025-09-25,982,create_project,Free,Email,0.0
2025-09-25,18,subscribe,Free,Email,0.0
2025-09-25,673,upload_video,Free,Organic Search,0.0
2025-09-25,444,upload_video,Free,Paid Ads,0.0
2025-09-25,991,create_project,Free,Organic Search,0.0
2025-09-25,596,create_project,Basic,Organic Search,0.0
2025-09-25,91,app_open,Free,Organic Search,0.0
2025-09-25,249,export_clip,Free,Social Media,0.0
2025-09-25,219,create_project,Basic,Organic Search,0.0
2025-09-25,376,create_project,Free,Email,39.09
2025-09-25,907,subscribe,Basic,Organic Search,18.23
2025-09-25,273,upload_video,Free,Social Media,0.0
2025-09-25,919,cancel_subscription,Enterprise,Email,33.51
2025-09-25,618,upload_video,Free,Organic Search,0.0
2025-09-25,1112,cancel_subscription,Pro,Social Media,0.0
2025-09-25,360,upload_video,Basic,Referral,0.0
2025-09-25,406,export_clip,Free,Organic Search,0.0
2025-09-25,748,app_open,Free,Social Media,0.0
2025-09-25,828,export_clip,Free,Email,18.45
2025-09-25,1153,create_project,Basic,Organic Search,0.0
2025-09-25,301,upload_video,Basic,Organic Search,0.0
2025-09-25,445,cancel_subscription,Free,Email,0.0
2025-09-25,229,upload_video,Basic,Referral,0.0
2025-09-25,180,export_clip,Pro,Social Media,0.0
2025-09-25,925,upload_video,Free,Paid Ads,0.0
2025-09-25,856,upload_video,Free,Referral,0.0
2025-09-25,23,app_open,Enterprise,Email,0.0
2025-09-25,551,export_clip,Pro,Paid Ads,0.0
2025-09-25,594,subscribe,Pro,Referral,60.27
2025-09-25,246,app_open,Free,Organic Search,40.38
2025-09-25,524,app_open,Free,Organic Search,0.0
2025-09-25,327,export_clip,Pro,Email,0.0
2025-09-25,63,subscribe,Free,Social Media,0.0
2025-09-25,933,subscribe,Basic,Email,20.92
2025-09-25,748,upload_video,Basic,Social Media,0.0
2025-09-25,214,app_open,Free,Organic Search,0.0
2025-09-25,198,cancel_subscription,Pro,Organic Search,0.0
2025-09-25,599,upload_video,Free,Paid Ads,0.0
2025-09-25,889,cancel_subscription,Pro,Referral,0.0
2025-09-25,1147,create_project,Basic,Referral,0.0
2025-09-25,657,subscribe,Pro,Organic Search,54.75
2025-09-25,746,cancel_subscription,Basic,Email,0.0
2025-09-25,44,app_open,Free,Organic Search,0.0
2025-09-26,1188,cancel_subscription,Enterprise,Referral,0.0
2025-09-26,413,create_project,Pro,Organic Search,0.0
2025-09-26,333,app_open,Basic,Social Media,0.0
2025-09-26,503,create_project,Basic,Organic Search,0.0
2025-09-26,672,upload_video,Pro,Referral,0.0
2025-09-26,262,create_project,Basic,Social Media,0.0
2025-09-26,958,export_clip,Basic,Email,0.0
2025-09-26,263,subscribe,Basic,Organic Search,17.24
2025-09-26,991,cancel_subscription,Basic,Referral,0.0
2025-09-26,181,subscribe,Basic,Referral,18.45
2025-09-26,609,app_open,Free,Email,0.0
2025-09-26,277,upload_video,Free,Paid Ads,0.0
2025-09-26,462,subscribe,Free,Referral,0.0
2025-09-26,910,export_clip,Pro,Paid Ads,0.0
2025-09-26,1164,upload_video,Basic,Organic Search,0.0
2025-09-26,1160,app_open,Basic,Paid Ads,37.13
2025-09-26,1170,export_clip,Basic,Email,0.0
2025-09-26,651,export_clip,Free,Social Media,0.0
2025-09-26,965,export_clip,Basic,Organic Search,0.0
2025-09-26,163,create_project,Free,Referral,0.0
2025-09-26,173,app_open,Basic,Paid Ads,0.0
2025-09-26,747,app_open,Basic,Organic Search,0.0
2025-09-26,46,subscribe,Free,Organic Search,0.0
2025-09-26,600,export_clip,Pro,Organic Search,0.0
2025-09-26,227,app_open,Free,Organic Search,0.0
2025-09-26,768,upload_video,Enterprise,Email,0.0
2025-09-26,291,upload_video,Free,Paid Ads,0.0
2025-09-26,911,upload_video,Basic,Organic Search,0.0
2025-09-26,273,subscribe,Free,Referral,0.0
2025-09-26,705,app_open,Free,Referral,0.0
2025-09-26,117,subscribe,Free,Organic Search,0.0
2025-09-26,560,upload_video,Free,Referral,0.0
2025-09-26,1083,upload_video,Pro,Organic Search,0.0
2025-09-26,565,export_clip,Enterprise,Organic Search,0.0
2025-09-26,373,create_project,Basic,Email,0.0
2025-09-26,44,export_clip,Free,Organic Search,0.0
2025-09-26,1012,subscribe,Basic,Referral,18.51
2025-09-26,60,app_open,Pro,Email,0.0
2025-09-26,864,upload_video,Basic,Referral,0.0
2025-09-26,34,app_open,Free,Social Media,0.0
2025-09-26,1147,upload_video,Basic,Organic Search,0.0
2025-09-26,134,subscribe,Basic,Referral,13.16
2025-09-26,908,upload_video,Pro,Paid Ads,0.0
2025-09-26,718,upload_video,Basic,Paid Ads,0.0
2025-09-26,660,subscribe,Enterprise,Email,143.78
2025-09-26,792,export_clip,Pro,Referral,0.0
2025-09-26,1112,cancel_subscription,Free,Organic Search,0.0
2025-09-26,29,export_clip,Basic,Referral,0.0
2025-09-26,792,cancel_subscription,Free,Organic Search,0.0
2025-09-26,997,app_open,Pro,Referral,0.0
2025-09-26,35,cancel_subscription,Basic,Referral,0.0
2025-09-26,222,upload_video,Free,Referral,0.0
2025-09-26,34,upload_video,Basic,Social Media,0.0
2025-09-26,340,subscribe,Basic,Social Media,19.76
2025-09-26,942,subscribe,Enterprise,Email,137.55
2025-09-26,503,subscribe,Basic,Referral,16.51
2025-09-26,1008,cancel_subscription,Free,Email,0.0
2025-09-26,1011,export_clip,Basic,Paid Ads,0.0
2025-09-26,447,upload_video,Free,Email,0.0
2025-09-26,288,app_open,Basic,Organic Search,0.0
2025-09-26,37,upload_video,Pro,Email,0.0
2025-09-26,363,subscribe,Free,Organic Search,0.0
2025-09-27,619,export_clip,Free,Social Media,0.0
2025-09-27,1169,upload_video,Free,Paid Ads,0.0
2025-09-27,424,upload_video,Free,Email,0.0
2025-09-27,1179,create_project,Basic,Referral,0.0
2025-09-27,656,create_project,Free,Email,0.0
2025-09-27,128,upload_video,Free,Paid Ads,0.0
2025-09-27,723,subscribe,Free,Paid Ads,0.0
2025-09-27,928,app_open,Free,Referral,0.0
2025-09-27,161,create_project,Pro,Organic Search,0.0
2025-09-27,410,export_clip,Free,Social Media,0.0
2025-09-27,972,app_open,Free,Referral,0.0
2025-09-27,1013,create_project,Free,Email,0.0
2025-09-27,180,create_project,Basic,Social Media,0.0
2025-09-27,43,export_clip,Pro,Social Media,0.0
2025-09-27,272,create_project,Free,Paid Ads,0.0
2025-09-27,881,cancel_subscription,Free,Social Media,0.0
2025-09-27,1082,create_project,Free,Organic Search,0.0
2025-09-27,1053,subscribe,Basic,Social Media,19.76
2025-09-27,953,upload_video,Pro,Organic Search,0.0
2025-09-27,475,app_open,Enterprise,Social Media,0.0
2025-09-27,231,export_clip,Free,Organic Search,0.0
2025-09-27,172,app_open,Free,Organic Search,41.79
2025-09-27,454,upload_video,Basic,Referral,0.0
2025-09-27,621,upload_video,Free,Organic Search,0.0
2025-09-27,68,cancel_subscription,Free,Paid Ads,0.0
2025-09-27,594,create_project,Free,Paid Ads,57.22
2025-09-27,1128,upload_video,Free,Social Media,0.0
2025-09-27,126,create_project,Enterprise,Referral,0.0
2025-09-27,1027,upload_video,Pro,Social Media,0.0
2025-09-27,392,upload_video,Basic,Organic Search,0.0
2025-09-27,659,subscribe,Free,Email,0.0
2025-09-27,40,app_open,Basic,Social Media,0.0
2025-09-27,22,export_clip,Free,Referral,0.0
2025-09-27,786,app_open,Free,Paid Ads,0.0
2025-09-27,1067,upload_video,Free,Email,0.0
2025-09-27,449,upload_video,Basic,Organic Search,0.0
2025-09-27,488,upload_video,Free,Social Media,0.0
2025-09-27,535,app_open,Basic,Paid Ads,0.0
2025-09-27,258,export_clip,Free,Referral,0.0
2025-09-27,176,app_open,Free,Email,0.0
2025-09-27,788,app_open,Pro,Social Media,0.0
2025-09-27,548,upload_video,Basic,Organic Search,0.0
2025-09-27,994,upload_video,Enterprise,Organic Search,0.0
2025-09-27,1028,subscribe,Free,Social Media,0.0
2025-09-27,685,upload_video,Basic,Referral,0.0
2025-09-28,1177,app_open,Pro,Paid Ads,0.0
2025-09-28,649,upload_video,Free,Email,0.0
2025-09-28,935,export_clip,Free,Organic Search,0.0
2025-09-28,746,create_project,Pro,Referral,0.0
2025-09-28,209,upload_video,Basic,Organic Search,0.0
2025-09-28,1131,app_open,Free,Paid Ads,0.0
2025-09-28,850,app_open,Pro,Paid Ads,0.0
2025-09-28,1034,create_project,Basic,Organic Search,0.0
2025-09-28,130,cancel_subscription,Basic,Organic Search,0.0
2025-09-28,711,subscribe,Basic,Paid Ads,20.24
2025-09-28,828,cancel_subscription,Free,Paid Ads,0.0
2025-09-28,688,create_project,Free,Organic Search,0.0
2025-09-28,1135,subscribe,Free,Email,0.0
2025-09-28,623,export_clip,Free,Organic Search,0.0
2025-09-28,655,create_project,Basic,Organic Search,0.0
2025-09-28,1008,export_clip,Pro,Referral,0.0
2025-09-28,418,upload_video,Basic,Organic Search,0.0
2025-09-28,323,subscribe,Free,Social Media,0.0
2025-09-28,1094,upload_video,Basic,Paid Ads,0.0
2025-09-28,39,export_clip,Free,Organic Search,0.0
2025-09-28,654,upload_video,Free,Paid Ads,0.0
2025-09-28,1182,export_clip,Free,Paid Ads,0.0
2025-09-28,91,cancel_subscription,Pro,Email,0.0
2025-09-28,133,create_project,Free,Social Media,0.0
2025-09-28,906,export_clip,Free,Organic Search,0.0
2025-09-28,608,upload_video,Free,Referral,0.0
2025-09-28,490,create_project,Basic,Referral,0.0
2025-09-28,1147,export_clip,Basic,Organic Search,0.0
2025-09-28,105,app_open,Pro,Email,0.0
2025-09-28,773,subscribe,Basic,Organic Search,21.06
2025-09-28,174,app_open,Free,Referral,0.0
2025-09-28,199,upload_video,Pro,Paid Ads,0.0
2025-09-28,456,create_project,Enterprise,Social Media,0.0
2025-09-28,69,subscribe,Basic,Email,19.05
2025-09-28,371,cancel_subscription,Free,Social Media,0.0
2025-09-28,379,app_open,Free,Organic Search,0.0
2025-09-28,1009,create_project,Free,Referral,0.0
2025-09-28,139,create_project,Basic,Referral,0.0
2025-09-28,458,upload_video,Pro,Organic Search,0.0
2025-09-28,375,upload_video,Pro,Email,0.0
2025-09-28,763,upload_video,Basic,Social Media,0.0
2025-09-28,495,subscribe,Free,Email,0.0
2025-09-28,1194,export_clip,Free,Paid Ads,0.0
2025-09-28,1188,subscribe,Basic,Paid Ads,18.16
2025-09-28,939,subscribe,Free,Social Media,0.0
2025-09-29,447,app_open,Basic,Social Media,0.0
2025-09-29,786,upload_video,Basic,Social Media,0.0
2025-09-29,889,subscribe,Free,Organic Search,0.0
2025-09-29,642,export_clip,Free,Paid Ads,0.0
2025-09-29,906,app_open,Free,Email,0.0
2025-09-29,1084,app_open,Free,Social Media,0.0
2025-09-29,67,upload_video,Basic,Paid Ads,0.0
2025-09-29,115,app_open,Enterprise,Email,48.12
2025-09-29,515,upload_video,Basic,Referral,0.0
2025-09-29,885,subscribe,Free,Email,0.0
2025-09-29,480,upload_video,Free,Organic Search,0.0
2025-09-29,426,cancel_subscription,Free,Referral,0.0
2025-09-29,1102,cancel_subscription,Basic,Organic Search,0.0
2025-09-29,1155,upload_video,Enterprise,Email,0.0
2025-09-29,59,subscribe,Free,Referral,0.0
2025-09-29,816,app_open,Free,Social Media,0.0
2025-09-29,921,app_open,Free,Email,0.0
2025-09-29,1174,upload_video,Enterprise,Organic Search,0.0
2025-09-29,444,upload_video,Enterprise,Social Media,0.0
2025-09-29,904,app_open,Free,Organic Search,0.0
2025-09-29,1005,cancel_subscription,Free,Organic Search,0.0
2025-09-29,1001,upload_video,Basic,Organic Search,0.0
2025-09-29,86,export_clip,Free,Paid Ads,0.0
2025-09-29,505,app_open,Free,Organic Search,0.0
2025-09-29,187,upload_video,Free,Organic Search,0.0
2025-09-29,417,cancel_subscription,Free,Email,0.0
2025-09-29,134,upload_video,Free,Organic Search,0.0
2025-09-29,921,upload_video,Basic,Organic Search,0.0
2025-09-29,277,app_open,Enterprise,Referral,0.0
2025-09-29,588,app_open,Basic,Referral,0.0
2025-09-29,733,app_open,Free,Social Media,0.0
2025-09-29,280,upload_video,Free,Paid Ads,0.0
2025-09-29,1172,subscribe,Free,Organic Search,0.0
2025-09-29,441,app_open,Free,Email,0.0
2025-09-29,1192,cancel_subscription,Free,Referral,0.0
2025-09-29,274,subscribe,Free,Paid Ads,0.0
2025-09-29,1136,export_clip,Pro,Organic Search,0.0
2025-09-29,1024,app_open,Free,Organic Search,0.0
2025-09-29,10,app_open,Pro,Paid Ads,0.0
2025-09-29,802,upload_video,Basic,Paid Ads,0.0
2025-09-29,577,export_clip,Basic,Email,0.0
2025-09-29,455,cancel_subscription,Free,Referral,0.0
2025-09-29,197,create_project,Basic,Referral,0.0
2025-09-29,428,subscribe,Pro,Email,51.24
2025-09-29,123,create_project,Pro,Paid Ads,0.0
2025-09-29,1056,cancel_subscription,Free,Referral,0.0
2025-09-29,1159,subscribe,Free,Referral,0.0
2025-09-29,230,upload_video,Pro,Referral,0.0
2025-09-29,699,subscribe,Pro,Referral,46.07
2025-09-29,183,export_clip,Free,Email,0.0
2025-09-29,696,export_clip,Free,Referral,0.0
2025-09-29,413,export_clip,Pro,Email,0.0
2025-09-29,132,export_clip,Free,Organic Search,0.0
2025-09-29,497,upload_video,Free,Social Media,0.0
2025-09-29,411,subscribe,Free,Referral,0.0
2025-09-29,1146,upload_video,Basic,Organic Search,0.0
2025-09-29,38,cancel_subscription,Free,Social Media,0.0
2025-09-29,905,export_clip,Basic,Organic Search,0.0
2025-09-30,629,export_clip,Free,Email,0.0
2025-09-30,646,export_clip,Basic,Social Media,0.0
2025-09-30,714,upload_video,Basic,Email,0.0
2025-09-30,4,app_open,Basic,Email,0.0
2025-09-30,859,upload_video,Free,Paid Ads,0.0
2025-09-30,65,subscribe,Free,Email,0.0
2025-09-30,356,upload_video,Basic,Organic Search,0.0
2025-09-30,227,export_clip,Pro,Social Media,0.0
2025-09-30,758,app_open,Free,Email,0.0
2025-09-30,831,upload_video,Basic,Organic Search,0.0
2025-09-30,1078,export_clip,Free,Organic Search,0.0
2025-09-30,962,upload_video,Free,Email,0.0
2025-09-30,581,subscribe,Basic,Social Media,20.26
2025-09-30,1131,app_open,Free,Organic Search,0.0
2025-09-30,389,create_project,Pro,Social Media,0.0
2025-09-30,86,upload_video,Free,Referral,0.0
2025-09-30,422,upload_video,Basic,Referral,0.0
2025-09-30,958,subscribe,Free,Paid Ads,0.0
2025-09-30,856,export_clip,Free,Organic Search,31.74
2025-09-30,611,upload_video,Free,Referral,0.0
2025-09-30,1118,subscribe,Free,Organic Search,0.0
2025-09-30,47,export_clip,Free,Social Media,0.0
2025-09-30,392,export_clip,Basic,Paid Ads,28.98
2025-09-30,1015,subscribe,Free,Email,0.0
2025-09-30,777,app_open,Basic,Social Media,0.0
2025-09-30,1029,cancel_subscription,Free,Email,0.0
2025-09-30,465,upload_video,Free,Organic Search,0.0
2025-09-30,92,create_project,Pro,Email,0.0
2025-09-30,845,app_open,Pro,Organic Search,0.0
2025-09-30,685,upload_video,Basic,Paid Ads,0.0
2025-09-30,483,app_open,Free,Email,0.0
2025-09-30,435,app_open,Free,Paid Ads,0.0
2025-09-30,299,export_clip,Free,Referral,0.0
2025-09-30,1107,subscribe,Free,Social Media,0.0
2025-09-30,499,upload_video,Free,Organic Search,0.0
2025-09-30,767,create_project,Basic,Organic Search,0.0
2025-09-30,252,export_clip,Free,Organic Search,0.0
2025-09-30,1064,cancel_subscription,Free,Email,0.0
2025-09-30,1098,app_open,Basic,Social Media,0.0
2025-09-30,261,create_project,Pro,Organic Search,0.0
2025-09-30,545,app_open,Free,Email,0.0
2025-09-30,504,upload_video,Free,Organic Search,0.0
2025-09-30,92,export_clip,Free,Referral,0.0
2025-09-30,978,app_open,Basic,Paid Ads,49.88
2025-09-30,576,export_clip,Free,Social Media,0.0
2025-09-30,861,cancel_subscription,Free,Email,0.0
2025-09-30,780,app_open,Free,Referral,0.0
2025-09-30,47,subscribe,Enterprise,Email,147.55
2025-09-30,853,create_project,Free,Paid Ads,0.0
2025-10-01,1145,create_project,Free,Referral,0.0
2025-10-01,835,subscribe,Pro,Social Media,40.11
2025-10-01,927,upload_video,Basic,Organic Search,55.22
2025-10-01,1030,upload_video,Basic,Email,0.0
2025-10-01,393,subscribe,Free,Organic Search,28.57
2025-10-01,1182,upload_video,Pro,Organic Search,0.0
2025-10-01,161,export_clip,Free,Paid Ads,0.0
2025-10-01,1173,app_open,Basic,Referral,0.0
2025-10-01,1006,subscribe,Basic,Social Media,17.86
2025-10-01,87,create_project,Free,Social Media,0.0
2025-10-01,736,create_project,Pro,Paid Ads,0.0
2025-10-01,454,upload_video,Free,Organic Search,0.0
2025-10-01,459,subscribe,Basic,Organic Search,19.55
2025-10-01,1152,cancel_subscription,Free,Organic Search,0.0
2025-10-01,706,app_open,Basic,Email,0.0
2025-10-01,263,upload_video,Basic,Email,0.0
2025-10-01,282,export_clip,Enterprise,Social Media,0.0
2025-10-01,379,app_open,Basic,Paid Ads,0.0
2025-10-01,788,subscribe,Free,Organic Search,0.0
2025-10-01,750,create_project,Basic,Referral,0.0
2025-10-01,374,subscribe,Enterprise,Organic Search,129.04
2025-10-01,478,create_project,Basic,Organic Search,0.0
2025-10-01,208,create_project,Pro,Organic Search,0.0
2025-10-01,845,subscribe,Basic,Referral,20.28
2025-10-01,687,app_open,Basic,Social Media,0.0
2025-10-01,494,upload_video,Free,Social Media,0.0
2025-10-01,274,app_open,Basic,Social Media,0.0
2025-10-01,927,app_open,Free,Email,0.0
2025-10-01,348,upload_video,Basic,Referral,0.0
2025-10-01,142,upload_video,Basic,Referral,0.0
2025-10-01,326,subscribe,Basic,Organic Search,19.11
2025-10-01,178,upload_video,Basic,Social Media,0.0
2025-10-01,485,app_open,Free,Organic Search,0.0
2025-10-01,284,subscribe,Basic,Email,17.15
2025-10-01,961,subscribe,Free,Referral,0.0
2025-10-01,585,upload_video,Basic,Social Media,0.0
2025-10-01,211,subscribe,Basic,Paid Ads,18.88
2025-10-01,446,create_project,Basic,Organic Search,0.0
2025-10-01,107,app_open,Basic,Paid Ads,0.0
2025-10-01,1167,create_project,Enterprise,Referral,0.0
2025-10-01,869,upload_video,Pro,Social Media,0.0
2025-10-01,278,upload_video,Free,Organic Search,0.0
2025-10-02,10,subscribe,Free,Organic Search,0.0
2025-10-02,690,upload_video,Pro,Email,0.0
2025-10-02,1041,upload_video,Free,Social Media,0.0
2025-10-02,726,cancel_subscription,Free,Referral,0.0
2025-10-02,935,upload_video,Free,Paid Ads,0.0
2025-10-02,228,subscribe,Basic,Organic Search,20.45
2025-10-02,590,cancel_subscription,Free,Organic Search,0.0
2025-10-02,133,create_project,Pro,Social Media,0.0
2025-10-02,768,export_clip,Pro,Referral,0.0
2025-10-02,19,app_open,Basic,Organic Search,0.0
2025-10-02,940,cancel_subscription,Free,Email,0.0
2025-10-02,35,upload_video,Free,Organic Search,0.0
2025-10-02,429,cancel_subscription,Pro,Paid Ads,0.0
2025-10-02,888,create_project,Free,Referral,0.0
2025-10-02,359,upload_video,Basic,Organic Search,0.0
2025-10-02,1174,create_project,Free,Paid Ads,0.0
2025-10-02,764,export_clip,Pro,Email,0.0
2025-10-02,912,upload_video,Free,Organic Search,0.0
2025-10-02,57,export_clip,Enterprise,Email,0.0
2025-10-02,712,app_open,Pro,Social Media,0.0
2025-10-02,1198,upload_video,Free,Email,0.0
2025-10-02,964,upload_video,Pro,Email,0.0
2025-10-02,1158,cancel_subscription,Basic,Paid Ads,0.0
2025-10-02,345,export_clip,Free,Referral,0.0
2025-10-02,1010,subscribe,Free,Organic Search,0.0
2025-10-02,1068,subscribe,Free,Social Media,0.0
2025-10-02,78,create_project,Free,Social Media,0.0
2025-10-02,672,upload_video,Basic,Paid Ads,0.0
2025-10-02,509,export_clip,Free,Organic Search,0.0
2025-10-02,314,upload_video,Free,Paid Ads,0.0
2025-10-02,399,upload_video,Pro,Organic Search,0.0
2025-10-02,801,subscribe,Free,Organic Search,0.0
2025-10-02,858,upload_video,Free,Email,0.0
2025-10-02,1186,subscribe,Pro,Referral,54.01
2025-10-02,772,upload_video,Pro,Email,0.0
2025-10-02,131,subscribe,Basic,Organic Search,19.57
2025-10-02,1051,cancel_subscription,Enterprise,Email,0.0
2025-10-02,850,upload_video,Free,Organic Search,0.0
2025-10-02,806,subscribe,Basic,Social Media,16.75
2025-10-02,934,upload_video,Basic,Referral,0.0
2025-10-02,510,upload_video,Free,Social Media,0.0
2025-10-02,579,subscribe,Enterprise,Organic Search,172.95
2025-10-02,964,create_project,Basic,Organic Search,0.0
2025-10-02,105,create_project,Free,Email,0.0
2025-10-02,604,create_project,Free,Social Media,0.0
2025-10-02,136,create_project,Free,Paid Ads,0.0
2025-10-03,144,export_clip,Free,Social Media,0.0
2025-10-03,675,app_open,Free,Organic Search,0.0
2025-10-03,732,subscribe,Free,Email,0.0
2025-10-03,830,upload_video,Basic,Social Media,0.0
2025-10-03,793,upload_video,Free,Email,0.0
2025-10-03,367,cancel_subscription,Free,Email,0.0
2025-10-03,38,create_project,Free,Organic Search,0.0
2025-10-03,1084,app_open,Basic,Referral,0.0
2025-10-03,784,subscribe,Basic,Email,17.63
2025-10-03,122,export_clip,Free,Email,0.0
2025-10-03,1050,upload_video,Free,Organic Search,0.0
2025-10-03,475,app_open,Pro,Referral,0.0
2025-10-03,1102,upload_video,Pro,Email,0.0
2025-10-03,569,upload_video,Free,Email,0.0
2025-10-03,270,app_open,Enterprise,Email,0.0
2025-10-03,242,subscribe,Enterprise,Organic Search,135.93
2025-10-03,693,create_project,Free,Social Media,0.0
2025-10-03,238,export_clip,Basic,Paid Ads,0.0
2025-10-03,1096,cancel_subscription,Basic,Organic Search,0.0
2025-10-03,732,subscribe,Pro,Organic Search,59.89
2025-10-03,780,upload_video,Free,Organic Search,0.0
2025-10-03,306,create_project,Free,Referral,0.0
2025-10-03,209,export_clip,Basic,Organic Search,0.0
2025-10-03,83,subscribe,Free,Organic Search,0.0
2025-10-03,1046,upload_video,Pro,Referral,0.0
2025-10-03,237,cancel_subscription,Free,Social Media,0.0
2025-10-03,472,app_open,Free,Email,0.0
2025-10-03,772,create_project,Pro,Organic Search,0.0
2025-10-03,475,subscribe,Basic,Referral,21.32
2025-10-03,641,app_open,Free,Paid Ads,0.0
2025-10-03,218,export_clip,Pro,Organic Search,0.0
2025-10-03,882,export_clip,Free,Paid Ads,0.0
2025-10-03,908,upload_video,Pro,Organic Search,0.0
2025-10-03,1172,export_clip,Pro,Email,0.0
2025-10-03,803,upload_video,Free,Email,0.0
2025-10-03,82,upload_video,Pro,Email,0.0
2025-10-03,486,upload_video,Free,Social Media,0.0
2025-10-03,384,create_project,Free,Paid Ads,0.0
2025-10-03,50,upload_video,Basic,Email,0.0
2025-10-03,105,app_open,Free,Paid Ads,0.0
2025-10-03,819,create_project,Basic,Organic Search,0.0
2025-10-03,274,export_clip,Basic,Referral,0.0
2025-10-03,762,cancel_subscription,Free,Email,0.0
2025-10-03,371,export_clip,Basic,Referral,0.0
2025-10-03,768,app_open,Basic,Organic Search,0.0
2025-10-03,197,app_open,Free,Paid Ads,0.0
2025-10-03,1022,upload_video,Free,Organic Search,0.0
2025-10-03,177,export_clip,Enterprise,Referral,0.0
2025-10-03,981,create_project,Pro,Organic Search,0.0
2025-10-03,605,upload_video,Free,Organic Search,0.0
2025-10-03,372,create_project,Free,Social Media,0.0
2025-10-03,160,app_open,Basic,Paid Ads,0.0
2025-10-03,168,export_clip,Free,Referral,0.0
2025-10-03,239,export_clip,Enterprise,Referral,0.0
2025-10-03,23,export_clip,Free,Organic Search,0.0
2025-10-04,289,app_open,Basic,Paid Ads,0.0
2025-10-04,1145,app_open,Free,Organic Search,0.0
2025-10-04,710,export_clip,Free,Email,0.0
2025-10-04,340,export_clip,Free,Organic Search,0.0
2025-10-04,1177,upload_video,Enterprise,Organic Search,55.72
2025-10-04,349,app_open,Free,Social Media,0.0
2025-10-04,470,export_clip,Free,Referral,0.0
2025-10-04,468,app_open,Free,Email,0.0
2025-10-04,99,export_clip,Free,Paid Ads,0.0
2025-10-04,497,subscribe,Basic,Email,18.79
2025-10-04,1158,upload_video,Basic,Social Media,0.0
2025-10-04,377,create_project,Pro,Email,0.0
2025-10-04,841,app_open,Pro,Paid Ads,0.0
2025-10-04,454,app_open,Basic,Organic Search,0.0
2025-10-04,379,export_clip,Free,Email,0.0
2025-10-04,584,upload_video,Free,Email,0.0
2025-10-04,67,app_open,Free,Organic Search,0.0
2025-10-04,1119,create_project,Enterprise,Paid Ads,0.0
2025-10-04,748,app_open,Free,Email,0.0
2025-10-04,733,subscribe,Pro,Referral,39.86
2025-10-04,607,cancel_subscription,Enterprise,Paid Ads,0.0
2025-10-04,211,upload_video,Basic,Referral,0.0
2025-10-04,356,upload_video,Pro,Social Media,0.0
2025-10-04,870,app_open,Basic,Organic Search,0.0
2025-10-04,762,export_clip,Pro,Social Media,0.0
2025-10-04,577,create_project,Free,Organic Search,0.0
2025-10-04,691,export_clip,Pro,Email,0.0
2025-10-04,267,subscribe,Free,Organic Search,0.0
2025-10-04,425,upload_video,Basic,Organic Search,71.74
2025-10-04,1095,create_project,Basic,Referral,0.0
2025-10-04,333,cancel_subscription,Free,Referral,0.0
2025-10-04,990,upload_video,Free,Organic Search,0.0
2025-10-04,1100,cancel_subscription,Enterprise,Organic Search,0.0
2025-10-04,591,upload_video,Free,Social Media,0.0
2025-10-04,64,subscribe,Basic,Email,20.47
2025-10-04,1035,upload_video,Free,Organic Search,0.0
2025-10-04,682,upload_video,Free,Email,0.0
2025-10-04,131,cancel_subscription,Basic,Organic Search,0.0
2025-10-04,428,create_project,Pro,Social Media,0.0
2025-10-04,1059,create_project,Basic,Paid Ads,0.0
2025-10-04,327,cancel_subscription,Basic,Social Media,0.0
2025-10-04,963,app_open,Free,Email,0.0
2025-10-04,1195,upload_video,Free,Social Media,0.0
2025-10-04,558,create_project,Pro,Email,0.0
2025-10-04,476,app_open,Free,Social Media,0.0
2025-10-04,937,subscribe,Basic,Organic Search,15.33
2025-10-04,913,subscribe,Basic,Organic Search,22.85
2025-10-04,1050,create_project,Free,Referral,0.0
2025-10-04,1113,app_open,Basic,Referral,0.0
2025-10-04,639,subscribe,Free,Email,0.0
2025-10-04,855,subscribe,Pro,Paid Ads,45.79
2025-10-04,1121,upload_video,Pro,Organic Search,0.0
2025-10-05,622,cancel_subscription,Free,Paid Ads,0.0
2025-10-05,969,upload_video,Basic,Referral,0.0
2025-10-05,1047,create_project,Basic,Social Media,0.0
2025-10-05,638,export_clip,Basic,Organic Search,0.0
2025-10-05,525,create_project,Free,Email,0.0
2025-10-05,354,create_project,Basic,Referral,0.0
2025-10-05,67,upload_video,Free,Social Media,0.0
2025-10-05,962,create_project,Pro,Organic Search,0.0
2025-10-05,246,app_open,Free,Email,0.0
2025-10-05,890,create_project,Pro,Paid Ads,0.0
2025-10-05,857,cancel_subscription,Free,Social Media,0.0
2025-10-05,779,upload_video,Free,Organic Search,0.0
2025-10-05,604,upload_video,Pro,Paid Ads,0.0
2025-10-05,628,export_clip,Basic,Organic Search,0.0
2025-10-05,101,cancel_subscription,Free,Social Media,0.0
2025-10-05,1156,upload_video,Pro,Referral,0.0
2025-10-05,885,upload_video,Basic,Social Media,0.0
2025-10-05,531,export_clip,Free,Social Media,0.0
2025-10-05,372,upload_video,Free,Paid Ads,0.0
2025-10-05,104,subscribe,Basic,Social Media,21.09
2025-10-05,913,app_open,Free,Paid Ads,0.0
2025-10-05,166,app_open,Basic,Email,0.0
2025-10-05,447,subscribe,Free,Paid Ads,0.0
2025-10-05,243,create_project,Free,Referral,0.0
2025-10-05,711,subscribe,Basic,Organic Search,13.84
2025-10-05,368,export_clip,Free,Organic Search,0.0
2025-10-05,316,app_open,Basic,Social Media,0.0
2025-10-05,529,upload_video,Basic,Social Media,0.0
2025-10-05,300,app_open,Pro,Organic Search,0.0
2025-10-05,709,export_clip,Free,Organic Search,0.0
2025-10-05,541,subscribe,Free,Organic Search,0.0
2025-10-05,105,upload_video,Pro,Email,0.0
2025-10-05,904,app_open,Free,Email,0.0
2025-10-05,412,export_clip,Free,Social Media,0.0
2025-10-05,1115,create_project,Pro,Social Media,0.0
2025-10-05,571,upload_video,Free,Referral,0.0
2025-10-05,286,export_clip,Basic,Organic Search,0.0
2025-10-05,1161,app_open,Basic,Social Media,0.0
2025-10-05,319,cancel_subscription,Basic,Referral,0.0
2025-10-05,2,upload_video,Pro,Email,0.0
2025-10-05,643,cancel_subscription,Basic,Email,0.0
2025-10-05,337,subscribe,Free,Organic Search,0.0
2025-10-05,215,subscribe,Basic,Social Media,14.47
2025-10-05,803,subscribe,Basic,Referral,18.18
2025-10-05,426,create_project,Basic,Social Media,0.0
2025-10-05,445,create_project,Pro,Organic Search,0.0
2025-10-05,970,upload_video,Basic,Organic Search,0.0
2025-10-05,449,upload_video,Basic,Paid Ads,0.0
2025-10-05,816,app_open,Pro,Referral,0.0
2025-10-05,903,subscribe,Free,Paid Ads,0.0
2025-10-05,340,create_project,Free,Organic Search,0.0
2025-10-05,13,upload_video,Basic,Social Media,0.0
2025-10-05,528,create_project,Free,Email,0.0
2025-10-05,69,upload_video,Pro,Paid Ads,0.0
2025-10-05,1009,cancel_subscription,Basic,Referral,0.0
2025-10-05,281,subscribe,Free,Organic Search,0.0
2025-10-05,1037,upload_video,Basic,Organic Search,0.0
2025-10-06,289,cancel_subscription,Basic,Organic Search,0.0
2025-10-06,1000,create_project,Basic,Social Media,0.0
2025-10-06,175,subscribe,Free,Paid Ads,0.0
2025-10-06,505,cancel_subscription,Pro,Organic Search,0.0
2025-10-06,977,export_clip,Free,Email,0.0
2025-10-06,60,upload_video,Basic,Organic Search,0.0
2025-10-06,670,subscribe,Free,Email,0.0
2025-10-06,150,upload_video,Basic,Referral,0.0
2025-10-06,570,create_project,Basic,Email,0.0
2025-10-06,99,cancel_subscription,Free,Social Media,0.0
2025-10-06,369,export_clip,Free,Social Media,0.0
2025-10-06,846,app_open,Free,Social Media,0.0
2025-10-06,578,subscribe,Free,Social Media,0.0
2025-10-06,697,export_clip,Free,Referral,0.0
2025-10-06,382,upload_video,Basic,Organic Search,0.0
2025-10-06,1074,app_open,Free,Organic Search,0.0
2025-10-06,900,app_open,Free,Email,0.0
2025-10-06,31,app_open,Basic,Email,0.0
2025-10-06,911,app_open,Free,Paid Ads,0.0
2025-10-06,786,create_project,Pro,Referral,0.0
2025-10-06,1120,create_project,Free,Organic Search,0.0
2025-10-06,64,cancel_subscription,Free,Email,0.0
2025-10-06,829,create_project,Basic,Social Media,0.0
2025-10-06,1131,create_project,Free,Organic Search,0.0
2025-10-06,172,export_clip,Free,Paid Ads,0.0
2025-10-06,36,subscribe,Free,Email,0.0
2025-10-06,1117,export_clip,Pro,Social Media,0.0
2025-10-06,580,export_clip,Free,Organic Search,0.0
2025-10-06,413,export_clip,Pro,Referral,0.0
2025-10-06,721,create_project,Basic,Email,0.0
2025-10-06,1103,create_project,Free,Organic Search,0.0
2025-10-06,346,app_open,Pro,Email,0.0
2025-10-06,22,app_open,Free,Email,0.0
2025-10-06,1199,app_open,Pro,Social Media,0.0
2025-10-06,40,subscribe,Free,Paid Ads,0.0
2025-10-06,767,cancel_subscription,Basic,Paid Ads,0.0
2025-10-06,1003,cancel_subscription,Free,Organic Search,0.0
2025-10-06,409,upload_video,Pro,Referral,0.0
2025-10-06,1123,cancel_subscription,Free,Email,0.0
2025-10-06,444,app_open,Pro,Organic Search,0.0
2025-10-06,888,app_open,Free,Paid Ads,0.0
2025-10-06,850,app_open,Free,Referral,0.0
2025-10-06,937,upload_video,Pro,Referral,0.0
2025-10-06,28,app_open,Free,Email,0.0
2025-10-06,523,app_open,Basic,Paid Ads,0.0
2025-10-06,482,create_project,Free,Referral,0.0
2025-10-06,374,app_open,Free,Email,0.0
2025-10-06,750,app_open,Free,Email,0.0
2025-10-06,138,app_open,Enterprise,Organic Search,0.0
2025-10-06,199,create_project,Free,Email,45.07
2025-10-06,733,app_open,Basic,Social Media,0.0
2025-10-06,678,export_clip,Free,Email,0.0
2025-10-07,899,cancel_subscription,Basic,Organic Search,0.0
2025-10-07,183,export_clip,Pro,Referral,0.0
2025-10-07,155,cancel_subscription,Basic,Social Media,0.0
2025-10-07,1071,upload_video,Basic,Organic Search,0.0
2025-10-07,104,upload_video,Enterprise,Referral,0.0
2025-10-07,917,export_clip,Enterprise,Email,0.0
2025-10-07,157,export_clip,Basic,Referral,0.0
2025-10-07,791,export_clip,Basic,Organic Search,0.0
2025-10-07,1196,export_clip,Free,Paid Ads,0.0
2025-10-07,957,create_project,Enterprise,Referral,0.0
2025-10-07,462,upload_video,Basic,Social Media,0.0
2025-10-07,849,export_clip,Free,Organic Search,0.0
2025-10-07,621,export_clip,Free,Organic Search,0.0
2025-10-07,56,export_clip,Free,Organic Search,0.0
2025-10-07,951,export_clip,Basic,Email,0.0
2025-10-07,425,export_clip,Free,Referral,0.0
2025-10-07,1100,subscribe,Free,Organic Search,0.0
2025-10-07,654,upload_video,Free,Referral,0.0
2025-10-07,664,cancel_subscription,Enterprise,Email,0.0
2025-10-07,49,export_clip,Free,Paid Ads,0.0
2025-10-07,612,create_project,Free,Email,0.0
2025-10-07,822,upload_video,Pro,Organic Search,0.0
2025-10-07,10,create_project,Pro,Paid Ads,0.0
2025-10-07,545,create_project,Free,Organic Search,0.0
2025-10-07,937,export_clip,Free,Social Media,0.0
2025-10-07,102,export_clip,Basic,Social Media,0.0
2025-10-07,72,app_open,Free,Paid Ads,26.2
2025-10-07,54,cancel_subscription,Basic,Email,52.98
2025-10-07,1073,upload_video,Basic,Referral,61.96
2025-10-07,303,subscribe,Enterprise,Referral,169.25
2025-10-07,5,cancel_subscription,Basic,Referral,0.0
2025-10-07,926,create_project,Enterprise,Email,0.0
2025-10-07,711,export_clip,Pro,Social Media,0.0
2025-10-07,471,upload_video,Pro,Email,0.0
2025-10-07,86,app_open,Basic,Organic Search,0.0
2025-10-07,1058,create_project,Pro,Email,0.0
2025-10-07,280,upload_video,Basic,Organic Search,0.0
2025-10-07,414,create_project,Enterprise,Referral,0.0
2025-10-07,694,subscribe,Pro,Referral,46.62
2025-10-07,148,export_clip,Pro,Referral,0.0
2025-10-07,849,export_clip,Pro,Email,0.0
2025-10-07,861,export_clip,Free,Organic Search,0.0
2025-10-07,1092,app_open,Enterprise,Social Media,0.0
2025-10-07,824,upload_video,Free,Email,0.0
2025-10-07,1173,cancel_subscription,Pro,Organic Search,0.0
2025-10-07,655,subscribe,Basic,Email,17.49
2025-10-07,810,export_clip,Free,Paid Ads,0.0
2025-10-07,843,upload_video,Basic,Paid Ads,0.0
2025-10-07,635,app_open,Enterprise,Email,0.0
2025-10-07,594,upload_video,Basic,Email,0.0
2025-10-07,63,create_project,Free,Social Media,0.0
2025-10-07,910,upload_video,Free,Social Media,0.0
2025-10-07,460,create_project,Basic,Email,0.0
2025-10-07,761,app_open,Pro,Organic Search,0.0
2025-10-07,440,export_clip,Basic,Email,61.01
2025-10-07,882,export_clip,Basic,Referral,0.0
2025-10-08,623,export_clip,Basic,Email,65.51
2025-10-08,594,upload_video,Free,Organic Search,0.0
2025-10-08,1057,app_open,Free,Paid Ads,0.0
2025-10-08,125,upload_video,Basic,Organic Search,0.0
2025-10-08,782,upload_video,Basic,Email,0.0
2025-10-08,822,subscribe,Enterprise,Social Media,173.06
2025-10-08,473,subscribe,Basic,Paid Ads,16.78
2025-10-08,1123,create_project,Basic,Organic Search,0.0
2025-10-08,935,export_clip,Free,Social Media,0.0
2025-10-08,319,export_clip,Pro,Organic Search,0.0
2025-10-08,512,app_open,Basic,Organic Search,0.0
2025-10-08,61,subscribe,Pro,Email,53.32
2025-10-08,851,app_open,Free,Organic Search,0.0
2025-10-08,144,app_open,Free,Email,0.0
2025-10-08,742,subscribe,Pro,Organic Search,45.13
2025-10-08,1133,export_clip,Free,Referral,0.0
2025-10-08,616,create_project,Enterprise,Paid Ads,0.0
2025-10-08,1115,upload_video,Basic,Organic Search,0.0
2025-10-08,193,upload_video,Basic,Organic Search,0.0
2025-10-08,286,subscribe,Enterprise,Social Media,145.07
2025-10-08,21,export_clip,Basic,Organic Search,0.0
2025-10-08,176,app_open,Basic,Social Media,0.0
2025-10-08,100,create_project,Free,Referral,41.94
2025-10-08,839,create_project,Free,Organic Search,0.0
2025-10-08,560,upload_video,Pro,Organic Search,0.0
2025-10-08,164,upload_video,Free,Organic Search,0.0
2025-10-08,505,upload_video,Free,Organic Search,0.0
2025-10-08,555,create_project,Basic,Organic Search,0.0
2025-10-08,1189,export_clip,Free,Referral,0.0
2025-10-08,716,upload_video,Free,Referral,0.0
2025-10-08,826,cancel_subscription,Free,Email,0.0
2025-10-08,293,cancel_subscription,Free,Email,0.0
2025-10-08,943,export_clip,Free,Email,0.0
2025-10-08,207,upload_video,Free,Organic Search,0.0
2025-10-08,358,upload_video,Free,Social Media,0.0
2025-10-08,44,create_project,Pro,Social Media,0.0
2025-10-08,103,app_open,Basic,Organic Search,0.0
2025-10-08,787,create_project,Pro,Referral,0.0
2025-10-08,25,create_project,Basic,Organic Search,0.0
2025-10-08,875,cancel_subscription,Free,Referral,0.0
2025-10-08,492,upload_video,Pro,Paid Ads,0.0
2025-10-08,808,upload_video,Free,Email,0.0
2025-10-08,514,subscribe,Basic,Email,20.54
2025-10-08,330,upload_video,Free,Referral,0.0
2025-10-08,404,upload_video,Free,Email,0.0
2025-10-08,982,subscribe,Enterprise,Paid Ads,162.36
2025-10-08,437,upload_video,Free,Paid Ads,0.0
2025-10-08,353,app_open,Free,Social Media,0.0
2025-10-08,807,app_open,Basic,Email,0.0
2025-10-08,402,subscribe,Free,Social Media,0.0
2025-10-08,1120,export_clip,Free,Email,0.0
2025-10-08,933,cancel_subscription,Free,Referral,0.0
2025-10-08,585,upload_video,Pro,Email,0.0
2025-10-09,26,app_open,Basic,Paid Ads,0.0
2025-10-09,559,upload_video,Pro,Referral,0.0
2025-10-09,794,export_clip,Basic,Organic Search,0.0
2025-10-09,617,create_project,Basic,Email,0.0
2025-10-09,268,create_project,Basic,Email,0.0
2025-10-09,589,subscribe,Free,Paid Ads,0.0
2025-10-09,368,create_project,Free,Paid Ads,0.0
2025-10-09,833,create_project,Basic,Paid Ads,0.0
2025-10-09,309,export_clip,Free,Organic Search,0.0
2025-10-09,606,export_clip,Pro,Social Media,0.0
2025-10-09,449,subscribe,Free,Referral,0.0
2025-10-09,780,cancel_subscription,Free,Email,0.0
2025-10-09,116,export_clip,Basic,Organic Search,0.0
2025-10-09,127,upload_video,Basic,Email,0.0
2025-10-09,107,upload_video,Basic,Paid Ads,0.0
2025-10-09,1093,upload_video,Basic,Paid Ads,0.0
2025-10-09,147,create_project,Basic,Social Media,0.0
2025-10-09,1004,subscribe,Free,Email,0.0
2025-10-09,218,subscribe,Pro,Paid Ads,55.7
2025-10-09,530,create_project,Pro,Referral,0.0
2025-10-09,327,export_clip,Free,Organic Search,0.0
2025-10-09,652,app_open,Free,Social Media,0.0
2025-10-09,301,subscribe,Free,Organic Search,0.0
2025-10-09,112,app_open,Pro,Paid Ads,0.0
2025-10-09,893,export_clip,Free,Social Media,0.0
2025-10-09,1150,upload_video,Free,Email,0.0
2025-10-09,597,subscribe,Basic,Organic Search,18.92
2025-10-09,1076,export_clip,Free,Email,0.0
2025-10-09,653,create_project,Basic,Email,0.0
2025-10-09,994,app_open,Free,Email,0.0
2025-10-09,54,upload_video,Basic,Social Media,0.0
2025-10-09,160,export_clip,Basic,Referral,0.0
2025-10-09,1177,upload_video,Free,Paid Ads,0.0
2025-10-09,364,upload_video,Basic,Referral,0.0
2025-10-09,1027,upload_video,Pro,Social Media,0.0
2025-10-09,1073,export_clip,Pro,Organic Search,0.0
2025-10-09,736,create_project,Pro,Referral,0.0
2025-10-09,71,export_clip,Free,Email,0.0
2025-10-09,370,create_project,Pro,Organic Search,0.0
2025-10-09,1009,subscribe,Free,Referral,0.0
2025-10-09,886,create_project,Enterprise,Paid Ads,0.0
2025-10-09,716,export_clip,Free,Social Media,0.0
2025-10-09,1128,create_project,Free,Organic Search,0.0
2025-10-09,506,export_clip,Free,Referral,0.0
2025-10-09,148,upload_video,Basic,Paid Ads,0.0
2025-10-09,672,subscribe,Free,Email,0.0
2025-10-09,208,cancel_subscription,Free,Email,0.0
2025-10-09,1097,create_project,Free,Email,0.0
2025-10-09,1030,app_open,Free,Organic Search,0.0
2025-10-09,1069,app_open,Basic,Referral,0.0
2025-10-09,1032,export_clip,Free,Organic Search,0.0
2025-10-09,850,export_clip,Free,Organic Search,0.0
2025-10-09,293,subscribe,Pro,Email,40.51
2025-10-09,339,create_project,Basic,Organic Search,0.0
2025-10-09,499,upload_video,Free,Paid Ads,0.0
2025-10-09,1065,export_clip,Basic,Social Media,0.0
2025-10-09,164,upload_video,Free,Referral,0.0
2025-10-09,45,export_clip,Free,Referral,0.0
2025-10-09,74,app_open,Free,Email,0.0
2025-10-09,79,upload_video,Enterprise,Social Media,0.0
2025-10-10,42,subscribe,Free,Referral,0.0
2025-10-10,404,cancel_subscription,Free,Social Media,0.0
2025-10-10,504,app_open,Basic,Email,0.0
2025-10-10,74,upload_video,Free,Organic Search,0.0
2025-10-10,103,create_project,Basic,Paid Ads,0.0
2025-10-10,1098,cancel_subscription,Basic,Organic Search,0.0
2025-10-10,1090,subscribe,Enterprise,Email,155.51
2025-10-10,297,app_open,Enterprise,Social Media,0.0
2025-10-10,642,upload_video,Pro,Paid Ads,0.0
2025-10-10,1066,create_project,Free,Social Media,39.79
2025-10-10,334,app_open,Basic,Referral,0.0
2025-10-10,932,create_project,Basic,Email,0.0
2025-10-10,587,upload_video,Free,Email,0.0
2025-10-10,602,export_clip,Basic,Organic Search,0.0
2025-10-10,1138,upload_video,Basic,Referral,0.0
2025-10-10,230,export_clip,Free,Organic Search,0.0
2025-10-10,614,create_project,Basic,Referral,0.0
2025-10-10,148,app_open,Free,Email,0.0
2025-10-10,178,subscribe,Basic,Paid Ads,19.94
2025-10-10,556,upload_video,Basic,Organic Search,0.0
2025-10-10,482,export_clip,Free,Organic Search,0.0
2025-10-10,147,export_clip,Basic,Organic Search,0.0
2025-10-10,125,app_open,Basic,Email,0.0
2025-10-10,682,cancel_subscription,Free,Organic Search,0.0
2025-10-10,34,upload_video,Basic,Referral,0.0
2025-10-10,300,upload_video,Free,Organic Search,0.0
2025-10-10,382,app_open,Enterprise,Email,0.0
2025-10-10,907,app_open,Pro,Organic Search,0.0
2025-10-10,440,subscribe,Free,Paid Ads,0.0
2025-10-10,680,app_open,Free,Referral,0.0
2025-10-10,517,cancel_subscription,Free,Organic Search,0.0
2025-10-10,128,export_clip,Free,Social Media,0.0
2025-10-10,812,export_clip,Free,Email,0.0
2025-10-10,441,app_open,Basic,Organic Search,0.0
2025-10-10,314,export_clip,Basic,Social Media,0.0
2025-10-10,735,upload_video,Free,Referral,0.0
2025-10-10,762,export_clip,Free,Organic Search,0.0
2025-10-10,102,cancel_subscription,Enterprise,Organic Search,0.0
2025-10-10,1073,app_open,Free,Paid Ads,0.0
2025-10-10,905,app_open,Free,Organic Search,0.0
2025-10-10,520,app_open,Basic,Email,0.0
2025-10-10,564,subscribe,Free,Social Media,0.0
2025-10-10,1191,subscribe,Basic,Email,14.68
2025-10-10,922,upload_video,Enterprise,Referral,0.0
2025-10-10,943,upload_video,Pro,Organic Search,0.0
2025-10-11,414,app_open,Pro,Paid Ads,0.0
2025-10-11,449,subscribe,Pro,Social Media,56.73
2025-10-11,355,export_clip,Pro,Paid Ads,0.0
2025-10-11,850,create_project,Free,Social Media,62.12
2025-10-11,1149,export_clip,Basic,Paid Ads,0.0
2025-10-11,185,create_project,Basic,Referral,0.0
2025-10-11,689,upload_video,Enterprise,Referral,0.0
2025-10-11,535,export_clip,Pro,Organic Search,0.0
2025-10-11,949,app_open,Free,Social Media,0.0
2025-10-11,284,cancel_subscription,Free,Organic Search,0.0
2025-10-11,629,upload_video,Pro,Social Media,0.0
2025-10-11,758,export_clip,Basic,Organic Search,0.0
2025-10-11,337,export_clip,Basic,Paid Ads,0.0
2025-10-11,199,cancel_subscription,Basic,Social Media,0.0
2025-10-11,457,subscribe,Basic,Organic Search,21.38
2025-10-11,371,cancel_subscription,Free,Paid Ads,0.0
2025-10-11,1009,upload_video,Pro,Organic Search,0.0
2025-10-11,851,upload_video,Enterprise,Social Media,0.0
2025-10-11,948,export_clip,Pro,Referral,0.0
2025-10-11,1156,app_open,Free,Organic Search,0.0
2025-10-11,522,app_open,Free,Paid Ads,0.0
2025-10-11,1063,app_open,Free,Paid Ads,0.0
2025-10-11,962,export_clip,Basic,Organic Search,0.0
2025-10-11,302,subscribe,Enterprise,Paid Ads,180.46
2025-10-11,1137,create_project,Free,Email,0.0
2025-10-11,352,app_open,Pro,Organic Search,0.0
2025-10-11,1005,app_open,Free,Social Media,0.0
2025-10-11,153,export_clip,Free,Social Media,0.0
2025-10-11,539,create_project,Basic,Referral,0.0
2025-10-11,955,export_clip,Free,Email,0.0
2025-10-11,778,create_project,Basic,Referral,0.0
2025-10-11,557,create_project,Free,Email,0.0
2025-10-11,1147,app_open,Free,Social Media,0.0
2025-10-11,807,upload_video,Basic,Organic Search,0.0
2025-10-11,286,app_open,Basic,Paid Ads,0.0
2025-10-11,534,upload_video,Free,Organic Search,0.0
2025-10-11,1047,create_project,Free,Organic Search,0.0
2025-10-11,355,app_open,Basic,Referral,0.0
2025-10-11,41,upload_video,Free,Social Media,0.0
2025-10-11,593,app_open,Basic,Paid Ads,0.0
2025-10-12,907,subscribe,Pro,Email,53.27
2025-10-12,927,export_clip,Enterprise,Organic Search,0.0
2025-10-12,578,upload_video,Free,Paid Ads,0.0
2025-10-12,3,create_project,Basic,Paid Ads,0.0
2025-10-12,1017,upload_video,Enterprise,Paid Ads,0.0
2025-10-12,907,upload_video,Free,Organic Search,0.0
2025-10-12,516,cancel_subscription,Basic,Social Media,0.0
2025-10-12,554,cancel_subscription,Pro,Organic Search,0.0
2025-10-12,724,app_open,Free,Organic Search,0.0
2025-10-12,836,create_project,Free,Referral,0.0
2025-10-12,520,subscribe,Basic,Email,18.57
2025-10-12,605,subscribe,Free,Organic Search,0.0
2025-10-12,274,app_open,Free,Email,0.0
2025-10-12,1086,upload_video,Basic,Email,0.0
2025-10-12,659,export_clip,Pro,Paid Ads,0.0
2025-10-12,470,upload_video,Free,Paid Ads,0.0
2025-10-12,1174,app_open,Basic,Organic Search,0.0
2025-10-12,703,upload_video,Free,Organic Search,0.0
2025-10-12,387,export_clip,Free,Social Media,0.0
2025-10-12,597,subscribe,Basic,Organic Search,21.66
2025-10-12,1065,export_clip,Free,Paid Ads,0.0
2025-10-12,191,create_project,Basic,Social Media,0.0
2025-10-12,1166,app_open,Free,Organic Search,0.0
2025-10-12,103,app_open,Free,Email,0.0
2025-10-12,289,create_project,Basic,Referral,0.0
2025-10-12,1062,create_project,Pro,Social Media,0.0
2025-10-12,651,app_open,Pro,Email,0.0
2025-10-12,993,export_clip,Basic,Email,0.0
2025-10-12,688,app_open,Free,Paid Ads,0.0
2025-10-12,911,export_clip,Basic,Email,0.0
2025-10-12,197,create_project,Basic,Organic Search,0.0
2025-10-12,1120,export_clip,Free,Paid Ads,0.0
2025-10-12,358,upload_video,Free,Social Media,0.0
2025-10-12,827,upload_video,Basic,Social Media,0.0
2025-10-12,72,upload_video,Free,Social Media,0.0
2025-10-12,97,app_open,Pro,Paid Ads,45.67
2025-10-12,647,create_project,Basic,Paid Ads,0.0
2025-10-12,372,create_project,Free,Referral,0.0
2025-10-12,953,create_project,Pro,Paid Ads,0.0
2025-10-12,172,app_open,Pro,Paid Ads,0.0
2025-10-12,711,upload_video,Free,Social Media,0.0
2025-10-12,1003,create_project,Pro,Email,0.0
2025-10-12,770,app_open,Enterprise,Email,0.0
2025-10-12,1187,upload_video,Basic,Social Media,0.0
2025-10-12,422,cancel_subscription,Pro,Referral,0.0
2025-10-12,993,upload_video,Basic,Organic Search,0.0
2025-10-13,431,export_clip,Free,Organic Search,0.0
2025-10-13,812,upload_video,Pro,Email,0.0
2025-10-13,769,upload_video,Pro,Email,0.0
2025-10-13,873,app_open,Pro,Organic Search,0.0
2025-10-13,768,app_open,Pro,Email,0.0
2025-10-13,1002,app_open,Free,Social Media,0.0
2025-10-13,995,upload_video,Pro,Organic Search,0.0
2025-10-13,318,subscribe,Basic,Email,15.98
2025-10-13,252,export_clip,Enterprise,Organic Search,14.87
2025-10-13,40,subscribe,Pro,Social Media,45.22
2025-10-13,994,subscribe,Free,Email,0.0
2025-10-13,708,cancel_subscription,Pro,Social Media,0.0
2025-10-13,974,export_clip,Pro,Email,0.0
2025-10-13,523,create_project,Enterprise,Organic Search,0.0
2025-10-13,283,app_open,Pro,Email,0.0
2025-10-13,939,create_project,Basic,Referral,80.23
2025-10-13,177,cancel_subscription,Free,Organic Search,0.0
2025-10-13,1051,subscribe,Basic,Email,17.61
2025-10-13,1137,export_clip,Basic,Organic Search,0.0
2025-10-13,756,upload_video,Free,Email,0.0
2025-10-13,185,app_open,Pro,Organic Search,6.63
2025-10-13,43,export_clip,Free,Social Media,0.0
2025-10-13,1059,app_open,Free,Email,0.0
2025-10-13,226,export_clip,Pro,Social Media,0.0
2025-10-13,360,cancel_subscription,Free,Organic Search,0.0
2025-10-13,700,upload_video,Free,Social Media,14.23
2025-10-13,258,upload_video,Basic,Paid Ads,0.0
2025-10-13,525,upload_video,Free,Organic Search,0.0
2025-10-13,148,export_clip,Free,Social Media,0.0
2025-10-13,790,app_open,Free,Organic Search,0.0
2025-10-13,1100,app_open,Free,Organic Search,0.0
2025-10-13,871,app_open,Free,Organic Search,0.0
2025-10-13,364,app_open,Free,Email,0.0
2025-10-13,1115,upload_video,Free,Paid Ads,0.0
2025-10-13,465,export_clip,Basic,Organic Search,0.0
2025-10-13,9,app_open,Free,Referral,0.0
2025-10-13,1195,upload_video,Pro,Referral,0.0
2025-10-13,415,upload_video,Basic,Organic Search,0.0
2025-10-13,367,export_clip,Basic,Email,0.0
2025-10-13,13,subscribe,Free,Email,0.0
2025-10-13,326,upload_video,Basic,Organic Search,0.0
2025-10-13,789,app_open,Enterprise,Email,0.0
2025-10-13,575,cancel_subscription,Enterprise,Organic Search,0.0
2025-10-13,898,subscribe,Free,Paid Ads,0.0
2025-10-13,64,upload_video,Free,Organic Search,0.0
2025-10-13,80,upload_video,Enterprise,Email,0.0
2025-10-13,1184,create_project,Basic,Referral,0.0
2025-10-13,750,upload_video,Pro,Social Media,0.0
2025-10-13,552,upload_video,Pro,Organic Search,0.0
2025-10-13,592,subscribe,Free,Organic Search,0.0
2025-10-13,912,app_open,Free,Email,0.0
2025-10-14,494,export_clip,Free,Organic Search,0.0
2025-10-14,675,app_open,Free,Organic Search,0.0
2025-10-14,998,app_open,Pro,Organic Search,0.0
2025-10-14,671,upload_video,Free,Email,0.0
2025-10-14,254,upload_video,Basic,Email,0.0
2025-10-14,97,cancel_subscription,Free,Organic Search,0.0
2025-10-14,459,upload_video,Basic,Email,0.0
2025-10-14,805,app_open,Free,Social Media,0.0
2025-10-14,690,create_project,Basic,Email,0.0
2025-10-14,623,create_project,Free,Social Media,0.0
2025-10-14,269,export_clip,Basic,Email,99.67
2025-10-14,1038,export_clip,Pro,Email,0.0
2025-10-14,598,subscribe,Basic,Referral,21.66
2025-10-14,587,upload_video,Basic,Email,0.0
2025-10-14,407,export_clip,Free,Referral,0.0
2025-10-14,809,create_project,Basic,Organic Search,0.0
2025-10-14,264,app_open,Pro,Email,0.0
2025-10-14,231,upload_video,Pro,Email,0.0
2025-10-14,294,app_open,Free,Referral,0.0
2025-10-14,788,export_clip,Pro,Organic Search,0.0
2025-10-14,1127,app_open,Pro,Email,0.0
2025-10-14,900,create_project,Enterprise,Organic Search,0.0
2025-10-14,541,upload_video,Free,Organic Search,0.0
2025-10-14,519,upload_video,Free,Referral,0.0
2025-10-14,702,subscribe,Pro,Organic Search,53.98
2025-10-14,123,create_project,Free,Social Media,0.0
2025-10-14,661,export_clip,Basic,Paid Ads,0.0
2025-10-14,344,export_clip,Pro,Organic Search,0.0
2025-10-14,775,create_project,Basic,Organic Search,0.0
2025-10-14,573,create_project,Free,Email,0.0
2025-10-14,33,create_project,Enterprise,Email,0.0
2025-10-14,1182,subscribe,Pro,Organic Search,40.88
2025-10-14,593,upload_video,Basic,Referral,0.0
2025-10-14,146,create_project,Basic,Social Media,0.0
2025-10-14,1170,create_project,Free,Social Media,0.0
2025-10-14,300,upload_video,Free,Paid Ads,0.0
2025-10-14,730,cancel_subscription,Pro,Email,0.0
2025-10-14,802,export_clip,Basic,Referral,0.0
2025-10-14,924,create_project,Free,Referral,0.0
2025-10-14,68,app_open,Pro,Email,64.89
2025-10-14,940,export_clip,Basic,Social Media,18.17
2025-10-14,1191,cancel_subscription,Basic,Organic Search,0.0
2025-10-14,983,export_clip,Free,Organic Search,0.0
2025-10-14,961,app_open,Pro,Paid Ads,0.0
2025-10-14,283,export_clip,Pro,Organic Search,0.0
2025-10-14,269,cancel_subscription,Free,Referral,0.0
2025-10-14,906,create_project,Basic,Paid Ads,0.0
2025-10-14,919,create_project,Free,Social Media,0.0
2025-10-15,242,upload_video,Free,Social Media,0.0
2025-10-15,428,create_project,Free,Organic Search,0.0
2025-10-15,315,app_open,Pro,Email,0.0
2025-10-15,837,upload_video,Basic,Referral,0.0
2025-10-15,804,subscribe,Free,Social Media,0.0
2025-10-15,157,cancel_subscription,Basic,Organic Search,0.0
2025-10-15,397,subscribe,Free,Paid Ads,0.0
2025-10-15,108,app_open,Basic,Organic Search,0.0
2025-10-15,195,cancel_subscription,Free,Social Media,0.0
2025-10-15,704,app_open,Enterprise,Social Media,0.0
2025-10-15,315,subscribe,Free,Email,0.0
2025-10-15,1107,app_open,Free,Organic Search,0.0
2025-10-15,28,app_open,Pro,Email,0.0
2025-10-15,1129,create_project,Basic,Referral,0.0
2025-10-15,622,upload_video,Free,Organic Search,0.0
2025-10-15,305,export_clip,Free,Email,0.0
2025-10-15,1094,cancel_subscription,Basic,Paid Ads,0.0
2025-10-15,1064,app_open,Free,Paid Ads,0.0
2025-10-15,967,app_open,Free,Referral,46.82
2025-10-15,1068,app_open,Basic,Email,0.0
2025-10-15,1175,upload_video,Basic,Paid Ads,0.0
2025-10-15,989,app_open,Free,Social Media,0.0
2025-10-15,38,upload_video,Basic,Organic Search,0.0
2025-10-15,1120,app_open,Pro,Paid Ads,0.0
2025-10-15,1117,cancel_subscription,Free,Organic Search,0.0
2025-10-15,790,upload_video,Pro,Social Media,0.0
2025-10-15,819,upload_video,Pro,Email,0.0
2025-10-15,515,export_clip,Basic,Paid Ads,0.0
2025-10-15,24,upload_video,Free,Referral,0.0
2025-10-15,136,upload_video,Free,Referral,0.0
2025-10-15,32,export_clip,Basic,Social Media,0.0
2025-10-15,157,subscribe,Free,Social Media,0.0
2025-10-15,1046,create_project,Free,Organic Search,0.0
2025-10-15,1128,app_open,Basic,Organic Search,0.0
2025-10-15,115,upload_video,Pro,Organic Search,0.0
2025-10-15,1147,cancel_subscription,Free,Email,0.0
2025-10-15,493,export_clip,Basic,Organic Search,0.0
2025-10-15,989,app_open,Free,Paid Ads,0.0
2025-10-15,625,app_open,Basic,Social Media,0.0
2025-10-15,314,upload_video,Pro,Email,0.0
2025-10-15,153,create_project,Basic,Referral,0.0
2025-10-15,644,upload_video,Basic,Email,0.0
2025-10-15,1002,upload_video,Enterprise,Paid Ads,0.0
2025-10-15,468,upload_video,Pro,Email,0.0
2025-10-15,1137,app_open,Pro,Organic Search,0.0
2025-10-16,708,create_project,Pro,Organic Search,0.0
2025-10-16,325,upload_video,Free,Organic Search,0.0
2025-10-16,913,app_open,Basic,Organic Search,0.0
2025-10-16,1151,create_project,Free,Referral,0.0
2025-10-16,477,app_open,Free,Referral,0.0
2025-10-16,272,upload_video,Enterprise,Referral,67.46
2025-10-16,691,upload_video,Pro,Social Media,0.0
2025-10-16,890,upload_video,Pro,Paid Ads,0.0
2025-10-16,894,upload_video,Pro,Paid Ads,0.0
2025-10-16,788,app_open,Basic,Email,53.42
2025-10-16,1037,app_open,Free,Referral,0.0
2025-10-16,665,export_clip,Basic,Referral,0.0
2025-10-16,659,cancel_subscription,Free,Referral,0.0
2025-10-16,54,upload_video,Free,Social Media,0.0
2025-10-16,1044,upload_video,Free,Paid Ads,0.0
2025-10-16,432,subscribe,Pro,Email,48.21
2025-10-16,791,create_project,Free,Organic Search,0.0
2025-10-16,703,cancel_subscription,Basic,Referral,0.0
2025-10-16,90,create_project,Basic,Organic Search,0.0
2025-10-16,1181,create_project,Free,Organic Search,0.0
2025-10-16,1199,create_project,Enterprise,Organic Search,0.0
2025-10-16,61,create_project,Free,Referral,0.0
2025-10-16,612,subscribe,Basic,Referral,16.97
2025-10-16,480,upload_video,Free,Referral,0.0
2025-10-16,1122,export_clip,Pro,Organic Search,0.0
2025-10-16,103,app_open,Free,Social Media,0.0
2025-10-16,509,export_clip,Free,Paid Ads,0.0
2025-10-16,1083,upload_video,Free,Referral,0.0
2025-10-16,326,cancel_subscription,Basic,Organic Search,0.0
2025-10-16,1077,app_open,Free,Organic Search,0.0
2025-10-16,736,export_clip,Basic,Social Media,0.0
2025-10-16,1070,app_open,Basic,Referral,0.0
2025-10-16,420,app_open,Enterprise,Organic Search,0.0
2025-10-16,1083,export_clip,Basic,Email,0.0
2025-10-16,285,cancel_subscription,Basic,Email,0.0
2025-10-16,530,app_open,Enterprise,Email,0.0
2025-10-16,253,app_open,Basic,Organic Search,0.0
2025-10-16,156,app_open,Enterprise,Referral,0.0
2025-10-16,151,create_project,Basic,Organic Search,0.0
2025-10-16,516,export_clip,Basic,Email,0.0
2025-10-16,243,app_open,Free,Organic Search,0.0
2025-10-16,953,app_open,Pro,Social Media,0.0
2025-10-16,363,create_project,Basic,Paid Ads,0.0
2025-10-16,577,export_clip,Enterprise,Social Media,0.0
2025-10-16,98,subscribe,Basic,Email,20.75
2025-10-16,814,export_clip,Free,Social Media,0.0
2025-10-16,770,create_project,Pro,Organic Search,0.0
2025-10-16,1150,create_project,Free,Email,0.0
2025-10-16,483,export_clip,Free,Referral,0.0
2025-10-16,10,export_clip,Pro,Referral,0.0
2025-10-17,993,create_project,Basic,Organic Search,0.0
2025-10-17,413,create_project,Pro,Organic Search,0.0
2025-10-17,608,cancel_subscription,Free,Organic Search,0.0
2025-10-17,1113,upload_video,Free,Organic Search,0.0
2025-10-17,628,app_open,Free,Referral,0.0
2025-10-17,192,upload_video,Free,Paid Ads,0.0
2025-10-17,767,upload_video,Pro,Social Media,0.0
2025-10-17,901,cancel_subscription,Free,Paid Ads,0.0
2025-10-17,1114,app_open,Free,Social Media,0.0
2025-10-17,1,cancel_subscription,Pro,Paid Ads,0.0
2025-10-17,598,upload_video,Pro,Organic Search,0.0
2025-10-17,755,app_open,Basic,Organic Search,0.0
2025-10-17,66,app_open,Basic,Email,0.0
2025-10-17,1070,app_open,Free,Paid Ads,0.0
2025-10-17,1115,create_project,Free,Organic Search,0.0
2025-10-17,94,create_project,Basic,Email,0.0
2025-10-17,398,subscribe,Pro,Social Media,47.49
2025-10-17,252,app_open,Pro,Referral,0.0
2025-10-17,270,create_project,Basic,Referral,0.0
2025-10-17,1032,app_open,Free,Organic Search,0.0
2025-10-17,12,subscribe,Pro,Social Media,51.88
2025-10-17,877,app_open,Basic,Referral,0.0
2025-10-17,1071,create_project,Free,Organic Search,0.0
2025-10-17,428,app_open,Enterprise,Organic Search,0.0
2025-10-17,599,upload_video,Enterprise,Referral,27.77
2025-10-17,504,app_open,Pro,Email,0.0
2025-10-17,455,upload_video,Basic,Referral,0.0
2025-10-17,592,upload_video,Free,Organic Search,0.0
2025-10-17,707,create_project,Free,Organic Search,0.0
2025-10-17,552,cancel_subscription,Basic,Referral,0.0
2025-10-17,187,subscribe,Free,Referral,0.0
2025-10-17,368,upload_video,Free,Referral,0.0
2025-10-17,336,upload_video,Free,Email,0.0
2025-10-17,896,upload_video,Pro,Email,0.0
2025-10-17,701,cancel_subscription,Free,Paid Ads,0.0
2025-10-17,721,cancel_subscription,Pro,Social Media,0.0
2025-10-17,567,export_clip,Enterprise,Paid Ads,0.0
2025-10-17,74,cancel_subscription,Basic,Paid Ads,0.0
2025-10-17,619,upload_video,Basic,Paid Ads,0.0
2025-10-17,237,upload_video,Free,Email,0.0
2025-10-17,300,subscribe,Basic,Organic Search,19.56
2025-10-18,474,create_project,Free,Paid Ads,0.0
2025-10-18,317,cancel_subscription,Pro,Organic Search,0.0
2025-10-18,59,create_project,Basic,Referral,0.0
2025-10-18,562,subscribe,Free,Organic Search,0.0
2025-10-18,982,create_project,Pro,Social Media,0.0
2025-10-18,1075,export_clip,Basic,Referral,0.0
2025-10-18,175,create_project,Free,Referral,0.0
2025-10-18,664,upload_video,Free,Paid Ads,0.0
2025-10-18,711,upload_video,Free,Social Media,0.0
2025-10-18,75,create_project,Pro,Referral,0.0
2025-10-18,120,create_project,Enterprise,Email,0.0
2025-10-18,367,upload_video,Free,Referral,0.0
2025-10-18,515,create_project,Pro,Organic Search,0.0
2025-10-18,1076,subscribe,Free,Organic Search,0.0
2025-10-18,1097,subscribe,Basic,Email,20.66
2025-10-18,105,subscribe,Free,Email,0.0
2025-10-18,153,app_open,Basic,Organic Search,0.0
2025-10-18,1006,app_open,Free,Email,0.0
2025-10-18,1165,export_clip,Free,Organic Search,0.0
2025-10-18,993,upload_video,Basic,Referral,0.0
2025-10-18,286,export_clip,Pro,Social Media,0.0
2025-10-18,178,app_open,Free,Organic Search,0.0
2025-10-18,77,upload_video,Free,Email,0.0
2025-10-18,355,subscribe,Free,Organic Search,0.0
2025-10-18,77,upload_video,Free,Organic Search,0.0
2025-10-18,341,cancel_subscription,Free,Referral,0.0
2025-10-18,345,create_project,Pro,Paid Ads,0.0
2025-10-18,740,create_project,Free,Referral,0.0
2025-10-18,896,upload_video,Free,Paid Ads,0.0
2025-10-18,234,app_open,Pro,Email,0.0
2025-10-18,74,export_clip,Free,Organic Search,0.0
2025-10-18,169,subscribe,Free,Referral,0.0
2025-10-18,268,cancel_subscription,Free,Social Media,0.0
2025-10-18,340,upload_video,Pro,Referral,0.0
2025-10-18,87,subscribe,Basic,Email,15.76
2025-10-18,303,cancel_subscription,Free,Organic Search,0.0
2025-10-18,964,upload_video,Free,Organic Search,0.0
2025-10-18,766,export_clip,Pro,Referral,0.0
2025-10-18,375,export_clip,Free,Referral,0.0
2025-10-18,57,upload_video,Pro,Paid Ads,0.0
2025-10-18,579,subscribe,Enterprise,Organic Search,159.49
2025-10-18,238,subscribe,Basic,Social Media,19.08
2025-10-18,929,export_clip,Pro,Social Media,0.0
2025-10-18,311,export_clip,Free,Referral,0.0
2025-10-18,612,export_clip,Free,Referral,0.0
2025-10-18,614,upload_video,Pro,Organic Search,0.0
2025-10-19,729,app_open,Free,Social Media,0.0
2025-10-19,923,upload_video,Free,Organic Search,0.0
2025-10-19,504,cancel_subscription,Enterprise,Referral,0.0
2025-10-19,632,subscribe,Basic,Referral,22.23
2025-10-19,391,subscribe,Free,Referral,0.0
2025-10-19,778,export_clip,Free,Email,0.0
2025-10-19,177,cancel_subscription,Basic,Email,0.0
2025-10-19,929,app_open,Free,Social Media,0.0
2025-10-19,726,create_project,Free,Paid Ads,0.0
2025-10-19,636,export_clip,Free,Organic Search,0.0
2025-10-19,343,export_clip,Basic,Email,0.0
2025-10-19,598,subscribe,Enterprise,Referral,155.75
2025-10-19,760,upload_video,Pro,Social Media,0.0
2025-10-19,360,create_project,Pro,Paid Ads,0.0
2025-10-19,1148,subscribe,Basic,Referral,18.22
2025-10-19,229,create_project,Enterprise,Referral,0.0
2025-10-19,87,app_open,Free,Email,35.64
2025-10-19,823,export_clip,Free,Referral,0.0
2025-10-19,256,subscribe,Basic,Organic Search,20.57
2025-10-19,268,export_clip,Free,Referral,0.0
2025-10-19,6,export_clip,Basic,Organic Search,0.0
2025-10-19,343,subscribe,Free,Paid Ads,0.0
2025-10-19,613,app_open,Free,Social Media,0.0
2025-10-19,435,app_open,Free,Email,0.0
2025-10-19,431,subscribe,Free,Referral,0.0
2025-10-19,185,upload_video,Basic,Paid Ads,0.0
2025-10-19,1022,upload_video,Free,Email,64.89
2025-10-19,670,upload_video,Free,Social Media,0.0
2025-10-19,1148,app_open,Enterprise,Referral,0.0
2025-10-19,24,subscribe,Basic,Organic Search,17.02
2025-10-19,689,export_clip,Pro,Organic Search,0.0
2025-10-19,261,upload_video,Free,Email,0.0
2025-10-19,414,subscribe,Basic,Email,17.44
2025-10-19,296,upload_video,Free,Organic Search,0.0
2025-10-19,63,subscribe,Free,Social Media,0.0
2025-10-19,227,subscribe,Pro,Email,44.1
2025-10-19,607,export_clip,Free,Social Media,0.0
2025-10-19,981,cancel_subscription,Basic,Referral,0.0
2025-10-19,26,create_project,Free,Organic Search,0.0
2025-10-19,712,app_open,Pro,Social Media,0.0
2025-10-19,581,export_clip,Pro,Email,0.0
2025-10-19,72,upload_video,Basic,Paid Ads,0.0
2025-10-19,560,app_open,Basic,Social Media,0.0
2025-10-20,222,upload_video,Basic,Referral,0.0
2025-10-20,1109,create_project,Pro,Social Media,0.0
2025-10-20,221,export_clip,Free,Organic Search,0.0
2025-10-20,716,create_project,Free,Social Media,0.0
2025-10-20,824,app_open,Free,Paid Ads,0.0
2025-10-20,69,app_open,Pro,Email,0.0
2025-10-20,877,app_open,Basic,Organic Search,0.0
2025-10-20,1063,app_open,Free,Referral,0.0
2025-10-20,861,app_open,Free,Referral,0.0
2025-10-20,145,app_open,Free,Organic Search,0.0
2025-10-20,247,app_open,Free,Referral,0.0
2025-10-20,750,subscribe,Basic,Paid Ads,17.74
2025-10-20,496,create_project,Free,Organic Search,0.0
2025-10-20,704,upload_video,Free,Referral,0.0
2025-10-20,554,app_open,Pro,Referral,0.0
2025-10-20,165,cancel_subscription,Basic,Paid Ads,0.0
2025-10-20,796,create_project,Free,Email,0.0
2025-10-20,1032,subscribe,Free,Email,0.0
2025-10-20,137,create_project,Basic,Referral,0.0
2025-10-20,460,subscribe,Basic,Referral,15.32
2025-10-20,748,app_open,Basic,Email,0.0
2025-10-20,1023,upload_video,Free,Email,0.0
2025-10-20,16,subscribe,Pro,Paid Ads,37.61
2025-10-20,846,app_open,Basic,Paid Ads,0.0
2025-10-20,1193,app_open,Free,Social Media,0.0
2025-10-20,1194,upload_video,Pro,Social Media,0.0
2025-10-20,90,upload_video,Free,Paid Ads,0.0
2025-10-20,318,upload_video,Enterprise,Email,0.0
2025-10-20,211,subscribe,Basic,Email,19.97
2025-10-20,158,subscribe,Free,Email,0.0
2025-10-20,442,subscribe,Free,Referral,0.0
2025-10-20,923,app_open,Basic,Email,0.0
2025-10-20,984,create_project,Free,Organic Search,0.0
2025-10-20,655,create_project,Free,Referral,0.0
2025-10-20,304,upload_video,Basic,Referral,0.0
2025-10-20,723,app_open,Basic,Email,0.0
2025-10-20,941,export_clip,Free,Organic Search,0.0
2025-10-20,945,subscribe,Free,Paid Ads,0.0
2025-10-20,673,app_open,Pro,Organic Search,0.0
2025-10-20,456,subscribe,Basic,Organic Search,18.38
2025-10-21,953,export_clip,Pro,Referral,0.0
2025-10-21,640,subscribe,Basic,Email,18.37
2025-10-21,703,export_clip,Free,Referral,0.0
2025-10-21,437,export_clip,Enterprise,Paid Ads,0.0
2025-10-21,986,subscribe,Free,Organic Search,0.0
2025-10-21,1155,cancel_subscription,Basic,Referral,0.0
2025-10-21,796,export_clip,Free,Email,0.0
2025-10-21,798,export_clip,Pro,Paid Ads,0.0
2025-10-21,742,create_project,Basic,Paid Ads,0.0
2025-10-21,507,upload_video,Free,Social Media,0.0
2025-10-21,769,subscribe,Basic,Paid Ads,18.02
2025-10-21,442,create_project,Free,Paid Ads,0.0
2025-10-21,393,app_open,Pro,Organic Search,0.0
2025-10-21,907,upload_video,Free,Email,0.0
2025-10-21,879,export_clip,Free,Paid Ads,0.0
2025-10-21,1065,create_project,Basic,Email,0.0
2025-10-21,102,app_open,Pro,Organic Search,0.0
2025-10-21,1145,app_open,Pro,Referral,0.0
2025-10-21,453,app_open,Free,Email,0.0
2025-10-21,1159,app_open,Basic,Organic Search,0.0
2025-10-21,1073,subscribe,Free,Organic Search,0.0
2025-10-21,615,cancel_subscription,Free,Email,0.0
2025-10-21,419,subscribe,Free,Organic Search,0.0
2025-10-21,608,create_project,Free,Organic Search,0.0
2025-10-21,1143,app_open,Basic,Email,0.0
2025-10-21,721,export_clip,Pro,Email,0.0
2025-10-21,1127,app_open,Basic,Organic Search,0.0
2025-10-21,252,create_project,Basic,Organic Search,0.0
2025-10-21,1160,upload_video,Free,Email,0.0
2025-10-21,1080,upload_video,Free,Social Media,0.0
2025-10-21,1152,subscribe,Pro,Email,56.88
2025-10-21,826,app_open,Free,Organic Search,0.0
2025-10-21,41,export_clip,Pro,Email,0.0
2025-10-21,473,export_clip,Enterprise,Email,0.0
2025-10-21,563,export_clip,Basic,Email,0.0
2025-10-21,392,app_open,Basic,Paid Ads,0.0
2025-10-21,1080,upload_video,Free,Referral,0.0
2025-10-21,421,create_project,Free,Email,0.0
2025-10-21,891,upload_video,Basic,Social Media,0.0
2025-10-21,656,cancel_subscription,Free,Paid Ads,0.0
2025-10-21,67,cancel_subscription,Free,Organic Search,0.0
2025-10-21,303,upload_video,Pro,Referral,0.0
2025-10-21,701,cancel_subscription,Basic,Organic Search,0.0
2025-10-21,610,cancel_subscription,Basic,Paid Ads,0.0
2025-10-21,357,app_open,Pro,Referral,0.0
2025-10-21,866,upload_video,Basic,Referral,56.2
2025-10-21,187,create_project,Basic,Social Media,0.0
2025-10-21,391,subscribe,Free,Organic Search,0.0
2025-10-21,167,app_open,Free,Email,0.0
2025-10-22,100,app_open,Free,Social Media,0.0
2025-10-22,267,upload_video,Pro,Paid Ads,0.0
2025-10-22,398,subscribe,Free,Paid Ads,0.0
2025-10-22,515,create_project,Free,Organic Search,0.0
2025-10-22,890,subscribe,Free,Organic Search,0.0
2025-10-22,490,app_open,Free,Email,0.0
2025-10-22,538,app_open,Free,Social Media,0.0
2025-10-22,1071,upload_video,Pro,Paid Ads,0.0
2025-10-22,912,cancel_subscription,Free,Social Media,0.0
2025-10-22,30,export_clip,Free,Paid Ads,0.0
2025-10-22,544,app_open,Pro,Organic Search,0.0
2025-10-22,3,create_project,Free,Social Media,0.0
2025-10-22,1076,create_project,Free,Organic Search,0.0
2025-10-22,950,upload_video,Free,Social Media,0.0
2025-10-22,1102,export_clip,Pro,Organic Search,0.0
2025-10-22,218,app_open,Pro,Organic Search,0.0
2025-10-22,585,upload_video,Free,Organic Search,0.0
2025-10-22,57,cancel_subscription,Basic,Organic Search,0.0
2025-10-22,350,subscribe,Free,Organic Search,0.0
2025-10-22,135,subscribe,Basic,Email,16.51
2025-10-22,497,upload_video,Basic,Referral,0.0
2025-10-22,644,export_clip,Free,Organic Search,0.0
2025-10-22,651,create_project,Free,Email,0.0
2025-10-22,919,upload_video,Basic,Email,0.0
2025-10-22,729,cancel_subscription,Basic,Email,0.0
2025-10-22,567,cancel_subscription,Pro,Paid Ads,0.0
2025-10-22,710,subscribe,Pro,Paid Ads,47.08
2025-10-22,171,export_clip,Free,Email,0.0
2025-10-22,997,upload_video,Free,Organic Search,0.0
2025-10-22,169,upload_video,Basic,Social Media,0.0
2025-10-22,647,create_project,Basic,Email,0.0
2025-10-22,426,create_project,Pro,Referral,0.0
2025-10-22,772,upload_video,Pro,Social Media,0.0
2025-10-22,135,export_clip,Pro,Organic Search,0.0
2025-10-22,450,create_project,Pro,Organic Search,0.0
2025-10-22,711,app_open,Pro,Email,0.0
2025-10-22,791,app_open,Free,Email,0.0
2025-10-22,823,app_open,Free,Email,0.0
2025-10-22,438,upload_video,Free,Social Media,0.0
2025-10-22,55,upload_video,Free,Social Media,0.0
2025-10-22,1111,subscribe,Enterprise,Organic Search,149.39
2025-10-22,112,upload_video,Free,Social Media,0.0
2025-10-22,529,app_open,Free,Organic Search,44.25
2025-10-22,874,create_project,Basic,Social Media,0.0
2025-10-22,1093,export_clip,Basic,Email,0.0
2025-10-22,1117,create_project,Free,Social Media,0.0
2025-10-22,146,subscribe,Free,Referral,0.0
2025-10-23,466,app_open,Pro,Organic Search,0.0
2025-10-23,463,app_open,Free,Organic Search,0.0
2025-10-23,423,create_project,Free,Organic Search,71.77
2025-10-23,590,app_open,Basic,Referral,0.0
2025-10-23,839,app_open,Free,Social Media,0.0
2025-10-23,618,upload_video,Free,Organic Search,0.0
2025-10-23,973,export_clip,Free,Social Media,0.0
2025-10-23,442,cancel_subscription,Free,Referral,0.0
2025-10-23,754,export_clip,Pro,Email,0.0
2025-10-23,36,export_clip,Free,Organic Search,0.0
2025-10-23,488,export_clip,Free,Referral,0.0
2025-10-23,1157,app_open,Pro,Referral,0.0
2025-10-23,1116,create_project,Free,Email,0.0
2025-10-23,1043,export_clip,Free,Email,0.0
2025-10-23,983,subscribe,Free,Paid Ads,0.0
2025-10-23,414,app_open,Free,Paid Ads,0.0
2025-10-23,1001,app_open,Basic,Referral,0.0
2025-10-23,1007,create_project,Free,Social Media,0.0
2025-10-23,1091,app_open,Basic,Organic Search,0.0
2025-10-23,147,app_open,Free,Organic Search,0.0
2025-10-23,30,create_project,Pro,Organic Search,0.0
2025-10-23,745,export_clip,Basic,Social Media,0.0
2025-10-23,865,export_clip,Free,Referral,0.0
2025-10-23,932,export_clip,Basic,Email,0.0
2025-10-23,569,cancel_subscription,Free,Email,0.0
2025-10-23,938,export_clip,Free,Organic Search,0.0
2025-10-23,134,upload_video,Pro,Referral,0.0
2025-10-23,668,upload_video,Pro,Social Media,0.0
2025-10-23,562,export_clip,Free,Social Media,0.0
2025-10-23,694,app_open,Free,Email,0.0
2025-10-23,843,app_open,Free,Referral,0.0
2025-10-23,1196,subscribe,Basic,Organic Search,17.57
2025-10-23,109,export_clip,Free,Organic Search,0.0
2025-10-23,120,upload_video,Enterprise,Referral,0.0
2025-10-23,424,subscribe,Free,Organic Search,0.0
2025-10-23,131,upload_video,Free,Email,0.0
2025-10-23,961,app_open,Free,Email,0.0
2025-10-23,1084,export_clip,Basic,Email,0.0
2025-10-23,761,upload_video,Free,Email,0.0
2025-10-23,394,upload_video,Free,Paid Ads,0.0
2025-10-23,573,app_open,Free,Organic Search,0.0
2025-10-24,525,subscribe,Pro,Email,48.36
2025-10-24,634,app_open,Basic,Organic Search,40.01
2025-10-24,287,upload_video,Free,Organic Search,0.0
2025-10-24,473,app_open,Basic,Email,0.0
2025-10-24,12,upload_video,Free,Organic Search,0.0
2025-10-24,300,app_open,Free,Email,0.0
2025-10-24,313,upload_video,Pro,Organic Search,0.0
2025-10-24,1089,upload_video,Free,Organic Search,0.0
2025-10-24,234,cancel_subscription,Basic,Referral,0.0
2025-10-24,180,create_project,Basic,Email,0.0
2025-10-24,764,create_project,Pro,Referral,0.0
2025-10-24,756,upload_video,Free,Social Media,0.0
2025-10-24,339,app_open,Pro,Social Media,0.0
2025-10-24,518,export_clip,Enterprise,Email,0.0
2025-10-24,668,app_open,Free,Referral,0.0
2025-10-24,1175,cancel_subscription,Free,Organic Search,0.0
2025-10-24,1125,export_clip,Basic,Paid Ads,0.0
2025-10-24,654,create_project,Pro,Email,0.0
2025-10-24,1129,create_project,Basic,Organic Search,0.0
2025-10-24,762,cancel_subscription,Free,Referral,0.0
2025-10-24,504,upload_video,Pro,Organic Search,0.0
2025-10-24,657,create_project,Pro,Paid Ads,0.0
2025-10-24,819,upload_video,Free,Social Media,0.0
2025-10-24,224,subscribe,Enterprise,Organic Search,138.65
2025-10-24,31,create_project,Free,Organic Search,0.0
2025-10-24,328,export_clip,Basic,Referral,0.0
2025-10-24,978,subscribe,Basic,Referral,16.89
2025-10-24,870,create_project,Pro,Organic Search,0.0
2025-10-24,1167,app_open,Pro,Social Media,93.85
2025-10-24,443,create_project,Free,Organic Search,0.0
2025-10-24,45,subscribe,Pro,Organic Search,54.94
2025-10-24,863,app_open,Free,Email,0.0
2025-10-24,118,upload_video,Enterprise,Social Media,0.0
2025-10-24,512,subscribe,Pro,Email,46.87
2025-10-24,1082,cancel_subscription,Free,Organic Search,0.0
2025-10-24,1047,app_open,Free,Paid Ads,0.0
2025-10-24,1194,subscribe,Free,Social Media,0.0
2025-10-24,628,upload_video,Free,Organic Search,0.0
2025-10-24,1046,upload_video,Free,Email,0.0
2025-10-24,322,create_project,Pro,Organic Search,0.0
2025-10-24,652,upload_video,Enterprise,Paid Ads,0.0
2025-10-24,945,create_project,Free,Social Media,0.0
2025-10-24,11,create_project,Basic,Organic Search,0.0
2025-10-24,861,export_clip,Free,Referral,0.0
2025-10-25,814,subscribe,Free,Social Media,0.0
2025-10-25,260,app_open,Free,Paid Ads,0.0
2025-10-25,529,subscribe,Free,Referral,0.0
2025-10-25,917,create_project,Free,Email,0.0
2025-10-25,650,export_clip,Basic,Social Media,0.0
2025-10-25,843,export_clip,Pro,Organic Search,0.0
2025-10-25,719,create_project,Free,Organic Search,0.0
2025-10-25,328,upload_video,Basic,Referral,0.0
2025-10-25,426,create_project,Basic,Paid Ads,0.0
2025-10-25,614,export_clip,Free,Referral,0.0
2025-10-25,120,subscribe,Free,Referral,0.0
2025-10-25,1174,app_open,Enterprise,Organic Search,0.0
2025-10-25,246,cancel_subscription,Free,Paid Ads,0.0
2025-10-25,711,upload_video,Basic,Paid Ads,0.0
2025-10-25,741,upload_video,Free,Paid Ads,0.0
2025-10-25,27,export_clip,Free,Organic Search,0.0
2025-10-25,159,upload_video,Pro,Social Media,0.0
2025-10-25,625,cancel_subscription,Free,Referral,0.0
2025-10-25,496,create_project,Free,Paid Ads,0.0
2025-10-25,739,subscribe,Free,Email,0.0
2025-10-25,274,subscribe,Basic,Organic Search,17.38
2025-10-25,623,export_clip,Free,Organic Search,0.0
2025-10-25,995,app_open,Free,Referral,0.0
2025-10-25,819,app_open,Free,Organic Search,0.0
2025-10-25,883,create_project,Free,Organic Search,0.0
2025-10-25,1198,app_open,Free,Referral,0.0
2025-10-25,104,cancel_subscription,Free,Email,0.0
2025-10-25,892,create_project,Basic,Organic Search,0.0
2025-10-25,2,upload_video,Free,Email,0.0
2025-10-25,777,export_clip,Free,Social Media,0.0
2025-10-25,284,upload_video,Free,Referral,0.0
2025-10-25,875,upload_video,Free,Email,0.0
2025-10-25,722,export_clip,Free,Organic Search,0.0
2025-10-25,692,export_clip,Free,Email,0.0
2025-10-25,668,create_project,Free,Email,0.0
2025-10-25,1139,export_clip,Enterprise,Social Media,0.0
2025-10-25,1108,app_open,Basic,Social Media,0.0
2025-10-25,409,export_clip,Basic,Paid Ads,0.0
2025-10-25,19,app_open,Free,Organic Search,0.0
2025-10-25,1108,subscribe,Free,Social Media,0.0
2025-10-25,882,upload_video,Basic,Social Media,0.0
2025-10-25,1189,upload_video,Enterprise,Paid Ads,0.0
2025-10-25,335,create_project,Free,Paid Ads,0.0
2025-10-25,438,export_clip,Free,Organic Search,0.0
2025-10-25,266,upload_video,Free,Referral,0.0
2025-10-25,1005,export_clip,Basic,Organic Search,0.0
2025-10-25,930,upload_video,Basic,Referral,0.0
2025-10-25,78,create_project,Basic,Organic Search,0.0
2025-10-25,36,cancel_subscription,Basic,Email,0.0
2025-10-25,1023,app_open,Basic,Paid Ads,0.0
2025-10-26,110,cancel_subscription,Free,Social Media,0.0
2025-10-26,833,create_project,Free,Organic Search,0.0
2025-10-26,37,app_open,Basic,Email,0.0
2025-10-26,1161,create_project,Enterprise,Email,0.0
2025-10-26,140,upload_video,Enterprise,Referral,0.0
2025-10-26,784,export_clip,Free,Social Media,0.0
2025-10-26,439,subscribe,Basic,Organic Search,18.62
2025-10-26,260,export_clip,Free,Email,0.0
2025-10-26,242,export_clip,Free,Organic Search,0.0
2025-10-26,406,create_project,Free,Email,0.0
2025-10-26,711,app_open,Pro,Referral,0.0
2025-10-26,206,create_project,Free,Organic Search,0.0
2025-10-26,410,create_project,Pro,Organic Search,0.0
2025-10-26,585,subscribe,Free,Social Media,0.0
2025-10-26,287,subscribe,Pro,Email,49.71
2025-10-26,483,upload_video,Pro,Organic Search,0.0
2025-10-26,1008,export_clip,Free,Referral,0.0
2025-10-26,874,app_open,Basic,Organic Search,0.0
2025-10-26,950,export_clip,Free,Social Media,0.0
2025-10-26,10,export_clip,Basic,Email,0.0
2025-10-26,31,app_open,Pro,Social Media,0.0
2025-10-26,879,create_project,Pro,Referral,0.0
2025-10-26,832,app_open,Basic,Organic Search,0.0
2025-10-26,7,subscribe,Pro,Referral,49.67
2025-10-26,333,subscribe,Basic,Paid Ads,20.31
2025-10-26,362,create_project,Basic,Social Media,0.0
2025-10-26,892,upload_video,Basic,Organic Search,0.0
2025-10-26,805,upload_video,Enterprise,Paid Ads,0.0
2025-10-26,997,subscribe,Basic,Organic Search,17.86
2025-10-26,1032,export_clip,Free,Referral,0.0
2025-10-26,896,cancel_subscription,Basic,Organic Search,0.0
2025-10-26,1199,upload_video,Free,Email,0.0
2025-10-26,459,create_project,Free,Organic Search,0.0
2025-10-26,302,app_open,Pro,Social Media,0.0
2025-10-26,326,upload_video,Free,Email,0.0
2025-10-26,276,export_clip,Basic,Email,0.0
2025-10-26,21,export_clip,Pro,Organic Search,0.0
2025-10-26,207,create_project,Pro,Social Media,0.0
2025-10-26,251,subscribe,Free,Referral,0.0
2025-10-26,912,upload_video,Free,Email,0.0
2025-10-26,725,export_clip,Pro,Email,0.0
2025-10-26,646,app_open,Basic,Organic Search,0.0
2025-10-26,992,subscribe,Pro,Organic Search,43.88
2025-10-26,238,cancel_subscription,Free,Organic Search,0.0
2025-10-26,484,create_project,Free,Organic Search,0.0
2025-10-26,923,subscribe,Free,Organic Search,0.0
2025-10-26,928,subscribe,Pro,Referral,45.15
2025-10-26,1071,create_project,Basic,Referral,0.0
2025-10-26,268,upload_video,Pro,Paid Ads,0.0
2025-10-26,261,export_clip,Basic,Social Media,0.0
2025-10-26,940,export_clip,Free,Social Media,0.0
2025-10-27,652,export_clip,Basic,Email,46.72
2025-10-27,1144,subscribe,Free,Paid Ads,0.0
2025-10-27,340,upload_video,Free,Referral,0.0
2025-10-27,195,app_open,Free,Organic Search,0.0
2025-10-27,752,export_clip,Pro,Organic Search,0.0
2025-10-27,890,upload_video,Basic,Referral,0.0
2025-10-27,682,subscribe,Free,Email,0.0
2025-10-27,348,upload_video,Basic,Paid Ads,0.0
2025-10-27,661,upload_video,Free,Referral,0.0
2025-10-27,310,app_open,Free,Social Media,0.0
2025-10-27,738,app_open,Pro,Social Media,0.0
2025-10-27,158,cancel_subscription,Free,Email,0.0
2025-10-27,922,cancel_subscription,Free,Paid Ads,0.0
2025-10-27,607,export_clip,Free,Email,0.0
2025-10-27,899,app_open,Free,Email,0.0
2025-10-27,858,subscribe,Free,Social Media,0.0
2025-10-27,1034,create_project,Enterprise,Social Media,0.0
2025-10-27,1165,upload_video,Pro,Organic Search,0.0
2025-10-27,904,export_clip,Pro,Social Media,0.0
2025-10-27,52,create_project,Basic,Referral,0.0
2025-10-27,162,export_clip,Pro,Organic Search,0.0
2025-10-27,556,export_clip,Free,Email,0.0
2025-10-27,45,upload_video,Pro,Social Media,0.0
2025-10-27,170,export_clip,Basic,Social Media,0.0
2025-10-27,365,upload_video,Basic,Paid Ads,0.0
2025-10-27,822,app_open,Free,Referral,0.0
2025-10-27,900,create_project,Basic,Paid Ads,0.0
2025-10-27,316,cancel_subscription,Free,Organic Search,0.0
2025-10-27,172,create_project,Basic,Organic Search,0.0
2025-10-27,310,export_clip,Free,Referral,0.0
2025-10-27,1078,create_project,Free,Referral,0.0
2025-10-27,17,app_open,Free,Paid Ads,0.0
2025-10-27,863,cancel_subscription,Free,Email,0.0
2025-10-27,16,upload_video,Free,Social Media,0.0
2025-10-27,229,create_project,Free,Email,0.0
2025-10-27,821,cancel_subscription,Basic,Social Media,0.0
2025-10-27,1181,subscribe,Free,Paid Ads,0.0
2025-10-27,1138,create_project,Free,Social Media,0.0
2025-10-27,717,subscribe,Free,Social Media,0.0
2025-10-27,644,upload_video,Basic,Organic Search,0.0
2025-10-27,1165,subscribe,Enterprise,Paid Ads,171.42
2025-10-27,962,app_open,Basic,Paid Ads,0.0
2025-10-27,690,export_clip,Free,Organic Search,0.0
2025-10-27,257,subscribe,Enterprise,Referral,150.72
2025-10-27,982,app_open,Free,Referral,0.0
2025-10-27,345,subscribe,Basic,Organic Search,17.12
2025-10-27,314,export_clip,Free,Referral,0.0
2025-10-27,350,app_open,Basic,Organic Search,41.09
2025-10-27,16,create_project,Basic,Email,0.0
2025-10-27,795,app_open,Pro,Organic Search,0.0
2025-10-27,883,subscribe,Basic,Organic Search,16.36
2025-10-27,174,upload_video,Free,Organic Search,0.0
2025-10-27,225,subscribe,Enterprise,Email,130.23
2025-10-28,495,cancel_subscription,Pro,Organic Search,0.0
2025-10-28,657,upload_video,Free,Email,0.0
2025-10-28,2,upload_video,Basic,Email,0.0
2025-10-28,951,app_open,Pro,Social Media,49.62
2025-10-28,805,create_project,Pro,Referral,0.0
2025-10-28,412,upload_video,Basic,Referral,0.0
2025-10-28,67,upload_video,Basic,Email,0.0
2025-10-28,621,app_open,Free,Email,0.0
2025-10-28,1013,export_clip,Free,Paid Ads,0.0
2025-10-28,942,app_open,Pro,Organic Search,0.0
2025-10-28,1197,create_project,Basic,Referral,0.0
2025-10-28,261,cancel_subscription,Basic,Paid Ads,0.0
2025-10-28,856,export_clip,Free,Organic Search,0.0
2025-10-28,520,export_clip,Free,Organic Search,0.0
2025-10-28,142,subscribe,Enterprise,Organic Search,158.02
2025-10-28,865,export_clip,Free,Social Media,0.0
2025-10-28,25,subscribe,Basic,Organic Search,22.38
2025-10-28,41,upload_video,Basic,Referral,0.0
2025-10-28,1068,export_clip,Basic,Email,0.0
2025-10-28,1103,app_open,Pro,Organic Search,0.0
2025-10-28,366,app_open,Pro,Email,0.0
2025-10-28,525,subscribe,Free,Organic Search,0.0
2025-10-28,430,subscribe,Pro,Organic Search,50.38
2025-10-28,315,export_clip,Free,Referral,0.0
2025-10-28,659,create_project,Free,Organic Search,0.0
2025-10-28,920,export_clip,Basic,Email,0.0
2025-10-28,991,app_open,Free,Email,0.0
2025-10-28,1012,create_project,Free,Social Media,0.0
2025-10-28,331,export_clip,Free,Organic Search,0.0
2025-10-28,108,upload_video,Free,Email,0.0
2025-10-28,1127,export_clip,Basic,Paid Ads,0.0
2025-10-28,1187,app_open,Pro,Email,0.0
2025-10-28,381,app_open,Basic,Organic Search,0.0
2025-10-28,299,create_project,Free,Referral,0.0
2025-10-28,403,app_open,Free,Organic Search,0.0
2025-10-28,192,subscribe,Free,Organic Search,0.0
2025-10-28,1182,export_clip,Free,Organic Search,0.0
2025-10-28,475,upload_video,Free,Social Media,0.0
2025-10-28,353,export_clip,Free,Social Media,0.0
2025-10-28,825,export_clip,Free,Referral,0.0
2025-10-28,122,cancel_subscription,Free,Social Media,0.0
2025-10-28,997,app_open,Free,Referral,0.0
2025-10-28,371,app_open,Free,Email,0.0
2025-10-28,418,export_clip,Free,Social Media,0.0
2025-10-28,322,create_project,Basic,Email,0.0
2025-10-28,694,app_open,Pro,Email,0.0
2025-10-28,205,cancel_subscription,Free,Email,0.0
2025-10-28,1108,export_clip,Free,Organic Search,0.0
2025-10-28,426,subscribe,Free,Email,0.0
2025-10-28,403,app_open,Basic,Social Media,0.0
2025-10-28,1090,cancel_subscription,Free,Social Media,0.0
2025-10-28,379,create_project,Free,Referral,0.0
2025-10-28,178,upload_video,Basic,Social Media,0.0
2025-10-28,1033,subscribe,Pro,Organic Search,49.52
2025-10-28,1167,upload_video,Free,Social Media,0.0
2025-10-28,709,export_clip,Enterprise,Organic Search,0.0
2025-10-28,877,subscribe,Free,Social Media,0.0
2025-10-28,693,export_clip,Free,Email,0.0
2025-10-28,62,create_project,Free,Organic Search,0.0
2025-10-28,11,subscribe,Pro,Referral,44.88
2025-10-28,791,upload_video,Enterprise,Referral,57.91
2025-10-28,1168,cancel_subscription,Basic,Email,0.0
2025-10-28,263,subscribe,Free,Paid Ads,44.1
2025-10-28,1075,upload_video,Free,Social Media,0.0
2025-10-28,751,upload_video,Basic,Organic Search,0.0
2025-10-29,681,upload_video,Free,Paid Ads,0.0
2025-10-29,1089,subscribe,Free,Email,0.0
2025-10-29,269,upload_video,Basic,Organic Search,0.0
2025-10-29,501,cancel_subscription,Pro,Social Media,0.0
2025-10-29,196,upload_video,Pro,Organic Search,0.0
2025-10-29,434,upload_video,Basic,Social Media,0.0
2025-10-29,933,subscribe,Basic,Referral,19.54
2025-10-29,854,app_open,Free,Paid Ads,0.0
2025-10-29,574,app_open,Basic,Referral,0.0
2025-10-29,82,cancel_subscription,Pro,Email,0.0
2025-10-29,586,upload_video,Basic,Referral,0.0
2025-10-29,120,app_open,Free,Social Media,0.0
2025-10-29,105,cancel_subscription,Free,Organic Search,0.0
2025-10-29,509,create_project,Pro,Referral,0.0
2025-10-29,72,create_project,Basic,Social Media,0.0
2025-10-29,57,app_open,Free,Paid Ads,0.0
2025-10-29,1040,export_clip,Basic,Organic Search,0.0
2025-10-29,740,app_open,Free,Referral,0.0
2025-10-29,665,subscribe,Pro,Referral,59.51
2025-10-29,749,export_clip,Basic,Social Media,0.0
2025-10-29,641,subscribe,Basic,Paid Ads,16.86
2025-10-29,631,app_open,Pro,Social Media,0.0
2025-10-29,1195,app_open,Enterprise,Social Media,0.0
2025-10-29,688,app_open,Pro,Email,0.0
2025-10-29,994,export_clip,Free,Organic Search,0.0
2025-10-29,465,upload_video,Free,Referral,0.0
2025-10-29,1145,create_project,Free,Paid Ads,0.0
2025-10-29,269,app_open,Pro,Paid Ads,0.0
2025-10-29,789,upload_video,Free,Organic Search,0.0
2025-10-29,343,app_open,Pro,Paid Ads,0.0
2025-10-29,8,app_open,Free,Referral,0.0
2025-10-29,373,upload_video,Pro,Email,0.0
2025-10-29,713,subscribe,Free,Email,0.0
2025-10-29,234,export_clip,Basic,Organic Search,0.0
2025-10-29,1157,upload_video,Basic,Social Media,0.0
2025-10-29,138,upload_video,Free,Referral,0.0
2025-10-29,988,cancel_subscription,Free,Organic Search,0.0
2025-10-29,605,export_clip,Basic,Social Media,0.0
2025-10-29,197,app_open,Pro,Social Media,0.0
2025-10-29,1195,create_project,Free,Organic Search,0.0
2025-10-29,864,create_project,Basic,Social Media,0.0
2025-10-29,1161,export_clip,Free,Social Media,0.0
2025-10-29,500,app_open,Enterprise,Organic Search,0.0
2025-10-29,1138,subscribe,Free,Social Media,0.0
2025-10-29,398,upload_video,Free,Email,0.0
2025-10-29,92,app_open,Free,Email,0.0
2025-10-29,188,subscribe,Basic,Organic Search,17.39
2025-10-30,820,subscribe,Basic,Organic Search,18.31
2025-10-30,514,upload_video,Free,Email,0.0
2025-10-30,678,app_open,Free,Paid Ads,0.0
2025-10-30,329,cancel_subscription,Basic,Referral,0.0
2025-10-30,737,subscribe,Pro,Referral,43.36
2025-10-30,849,export_clip,Pro,Email,0.0
2025-10-30,525,subscribe,Enterprise,Social Media,119.71
2025-10-30,708,app_open,Pro,Social Media,0.0
2025-10-30,659,cancel_subscription,Pro,Organic Search,0.0
2025-10-30,535,app_open,Basic,Referral,36.48
2025-10-30,772,export_clip,Free,Email,0.0
2025-10-30,473,export_clip,Basic,Email,0.0
2025-10-30,196,app_open,Free,Referral,0.0
2025-10-30,909,app_open,Pro,Social Media,0.0
2025-10-30,788,export_clip,Basic,Email,0.0
2025-10-30,1191,app_open,Free,Social Media,0.0
2025-10-30,1001,export_clip,Pro,Email,0.0
2025-10-30,518,app_open,Enterprise,Organic Search,0.0
2025-10-30,724,subscribe,Pro,Paid Ads,40.0
2025-10-30,1108,create_project,Pro,Social Media,0.0
2025-10-30,726,upload_video,Basic,Referral,0.0
2025-10-30,52,create_project,Free,Referral,0.0
2025-10-30,675,export_clip,Pro,Organic Search,0.0
2025-10-30,1167,upload_video,Basic,Organic Search,0.0
2025-10-30,763,subscribe,Free,Referral,75.61
2025-10-30,1028,upload_video,Free,Organic Search,0.0
2025-10-30,1011,upload_video,Free,Organic Search,0.0
2025-10-30,938,upload_video,Free,Organic Search,0.0
2025-10-30,93,export_clip,Free,Email,0.0
2025-10-30,303,export_clip,Basic,Social Media,0.0
2025-10-30,531,export_clip,Free,Social Media,0.0
2025-10-30,261,cancel_subscription,Free,Organic Search,0.0
2025-10-30,386,create_project,Basic,Organic Search,0.0
2025-10-30,243,app_open,Enterprise,Organic Search,0.0
2025-10-30,844,subscribe,Pro,Paid Ads,42.89
2025-10-30,38,create_project,Basic,Organic Search,0.0
2025-10-30,130,cancel_subscription,Basic,Referral,0.0
2025-10-30,583,upload_video,Basic,Referral,0.0
2025-10-30,200,create_project,Enterprise,Organic Search,0.0
2025-10-30,564,create_project,Free,Email,0.0
2025-10-30,427,cancel_subscription,Free,Organic Search,0.0
2025-10-30,826,upload_video,Pro,Organic Search,0.0
2025-10-30,941,upload_video,Pro,Paid Ads,0.0
2025-10-31,548,upload_video,Free,Referral,0.0
2025-10-31,579,create_project,Enterprise,Organic Search,0.0
2025-10-31,429,cancel_subscription,Basic,Paid Ads,0.0
2025-10-31,939,upload_video,Free,Organic Search,0.0
2025-10-31,1127,create_project,Pro,Email,0.0
2025-10-31,284,app_open,Pro,Organic Search,0.0
2025-10-31,959,subscribe,Basic,Referral,17.06
2025-10-31,415,app_open,Basic,Social Media,0.0
2025-10-31,486,app_open,Free,Paid Ads,0.0
2025-10-31,1067,create_project,Basic,Organic Search,0.0
2025-10-31,743,export_clip,Basic,Organic Search,0.0
2025-10-31,2,upload_video,Pro,Email,0.0
2025-10-31,849,upload_video,Free,Social Media,0.0
2025-10-31,783,app_open,Free,Social Media,0.0
2025-10-31,628,app_open,Pro,Organic Search,0.0
2025-10-31,573,create_project,Free,Social Media,0.0
2025-10-31,374,upload_video,Basic,Email,0.0
2025-10-31,830,upload_video,Basic,Paid Ads,0.0
2025-10-31,711,subscribe,Basic,Organic Search,21.0
2025-10-31,548,upload_video,Basic,Social Media,0.0
2025-10-31,282,upload_video,Basic,Organic Search,0.0
2025-10-31,345,upload_video,Basic,Social Media,0.0
2025-10-31,656,upload_video,Free,Referral,42.16
2025-10-31,678,cancel_subscription,Free,Organic Search,0.0
2025-10-31,471,app_open,Basic,Paid Ads,0.0
2025-10-31,870,create_project,Free,Social Media,0.0
2025-10-31,372,app_open,Free,Paid Ads,0.0
2025-10-31,248,export_clip,Enterprise,Referral,0.0
2025-10-31,483,create_project,Free,Email,0.0
2025-10-31,860,upload_video,Basic,Social Media,0.0
2025-10-31,626,export_clip,Free,Referral,0.0
2025-10-31,338,export_clip,Basic,Organic Search,0.0
2025-10-31,1178,create_project,Free,Referral,0.0
2025-10-31,38,app_open,Basic,Organic Search,0.0
2025-10-31,13,upload_video,Free,Paid Ads,0.0
2025-10-31,778,cancel_subscription,Free,Paid Ads,0.0
2025-10-31,335,cancel_subscription,Free,Organic Search,0.0
2025-10-31,919,app_open,Free,Organic Search,0.0
2025-10-31,729,cancel_subscription,Pro,Organic Search,0.0
2025-10-31,585,upload_video,Basic,Social Media,0.0
2025-10-31,429,subscribe,Basic,Email,24.97
2025-10-31,369,app_open,Pro,Referral,0.0
2025-10-31,1145,create_project,Basic,Referral,0.0
2025-10-31,151,create_project,Pro,Paid Ads,0.0
2025-10-31,250,upload_video,Basic,Email,0.0
2025-10-31,439,export_clip,Basic,Referral,0.0
2025-10-31,618,create_project,Basic,Email,0.0
2025-10-31,680,export_clip,Enterprise,Organic Search,0.0
2025-10-31,366,export_clip,Free,Paid Ads,0.0
2025-10-31,270,app_open,Pro,Organic Search,0.0
2025-10-31,261,app_open,Free,Organic Search,0.0
2025-11-01,187,app_open,Pro,Email,0.0
2025-11-01,566,cancel_subscription,Pro,Referral,0.0
2025-11-01,536,subscribe,Free,Organic Search,0.0
2025-11-01,863,cancel_subscription,Free,Email,0.0
2025-11-01,642,upload_video,Basic,Organic Search,0.0
2025-11-01,1089,upload_video,Free,Organic Search,0.0
2025-11-01,228,create_project,Enterprise,Social Media,0.0
2025-11-01,1014,cancel_subscription,Basic,Organic Search,0.0
2025-11-01,940,app_open,Pro,Organic Search,0.0
2025-11-01,832,create_project,Basic,Paid Ads,0.0
2025-11-01,259,upload_video,Free,Referral,0.0
2025-11-01,648,app_open,Free,Social Media,0.0
2025-11-01,208,upload_video,Pro,Referral,0.0
2025-11-01,1067,create_project,Free,Email,0.0
2025-11-01,636,create_project,Enterprise,Email,0.0
2025-11-01,444,export_clip,Enterprise,Email,0.0
2025-11-01,1,subscribe,Basic,Organic Search,20.34
2025-11-01,76,cancel_subscription,Free,Email,0.0
2025-11-01,96,subscribe,Pro,Organic Search,36.91
2025-11-01,473,upload_video,Pro,Social Media,0.0
2025-11-01,366,create_project,Pro,Organic Search,0.0
2025-11-01,531,upload_video,Basic,Social Media,0.0
2025-11-01,641,export_clip,Basic,Social Media,0.0
2025-11-01,564,upload_video,Free,Social Media,0.0
2025-11-01,96,export_clip,Enterprise,Email,0.0
2025-11-01,720,export_clip,Free,Organic Search,0.0
2025-11-01,232,create_project,Free,Email,0.0
2025-11-01,306,app_open,Pro,Paid Ads,0.0
2025-11-01,1192,export_clip,Free,Paid Ads,0.0
2025-11-01,535,export_clip,Free,Organic Search,0.0
2025-11-01,31,app_open,Free,Organic Search,0.0
2025-11-01,392,app_open,Pro,Organic Search,0.0
2025-11-01,1036,cancel_subscription,Free,Email,0.0
2025-11-01,100,create_project,Basic,Paid Ads,0.0
2025-11-01,279,upload_video,Basic,Email,0.0
2025-11-01,436,app_open,Enterprise,Organic Search,0.0
2025-11-01,565,subscribe,Free,Email,0.0
2025-11-01,741,subscribe,Free,Organic Search,0.0
2025-11-01,927,upload_video,Basic,Email,0.0
2025-11-01,1114,subscribe,Free,Email,0.0
2025-11-01,895,app_open,Free,Social Media,0.0
2025-11-01,961,upload_video,Enterprise,Organic Search,0.0
2025-11-02,557,export_clip,Free,Organic Search,0.0
2025-11-02,879,export_clip,Pro,Referral,0.0
2025-11-02,348,subscribe,Basic,Email,21.12
2025-11-02,414,export_clip,Free,Paid Ads,0.0
2025-11-02,840,create_project,Free,Organic Search,0.0
2025-11-02,312,create_project,Pro,Email,0.0
2025-11-02,689,export_clip,Basic,Organic Search,0.0
2025-11-02,834,upload_video,Basic,Email,0.0
2025-11-02,122,app_open,Free,Email,0.0
2025-11-02,654,upload_video,Pro,Social Media,0.0
2025-11-02,148,create_project,Pro,Organic Search,0.0
2025-11-02,496,upload_video,Pro,Social Media,0.0
2025-11-02,384,subscribe,Basic,Organic Search,18.53
2025-11-02,942,create_project,Free,Social Media,0.0
2025-11-02,322,upload_video,Pro,Organic Search,0.0
2025-11-02,472,export_clip,Free,Organic Search,0.0
2025-11-02,200,cancel_subscription,Free,Referral,0.0
2025-11-02,653,upload_video,Free,Organic Search,0.0
2025-11-02,931,create_project,Basic,Paid Ads,0.0
2025-11-02,171,app_open,Basic,Paid Ads,0.0
2025-11-02,366,subscribe,Pro,Social Media,54.96
2025-11-02,556,app_open,Pro,Email,0.0
2025-11-02,941,app_open,Free,Organic Search,0.0
2025-11-02,1062,subscribe,Free,Referral,0.0
2025-11-02,996,upload_video,Basic,Organic Search,0.0
2025-11-02,269,upload_video,Free,Organic Search,0.0
2025-11-02,1090,export_clip,Free,Email,0.0
2025-11-02,757,export_clip,Enterprise,Email,0.0
2025-11-02,948,app_open,Basic,Social Media,0.0
2025-11-02,128,create_project,Free,Social Media,0.0
2025-11-02,805,app_open,Enterprise,Organic Search,0.0
2025-11-02,157,subscribe,Free,Social Media,0.0
2025-11-02,958,create_project,Free,Organic Search,0.0
2025-11-02,1092,export_clip,Basic,Paid Ads,0.0
2025-11-02,36,upload_video,Pro,Referral,0.0
2025-11-02,441,upload_video,Free,Referral,0.0
2025-11-02,596,cancel_subscription,Basic,Social Media,0.0
2025-11-02,680,create_project,Free,Organic Search,0.0
2025-11-02,292,subscribe,Free,Referral,0.0
2025-11-02,710,create_project,Free,Social Media,0.0
2025-11-02,985,export_clip,Free,Organic Search,0.0
2025-11-02,435,upload_video,Free,Referral,0.0
2025-11-02,226,upload_video,Pro,Email,0.0
2025-11-02,170,export_clip,Free,Referral,0.0
2025-11-02,289,app_open,Pro,Social Media,0.0
2025-11-02,1006,subscribe,Pro,Organic Search,51.34
2025-11-02,922,upload_video,Basic,Email,0.0
2025-11-02,1045,subscribe,Enterprise,Referral,169.59
2025-11-02,39,subscribe,Pro,Organic Search,50.82
2025-11-02,422,create_project,Enterprise,Paid Ads,0.0
2025-11-02,269,app_open,Free,Email,0.0
2025-11-02,802,export_clip,Basic,Referral,0.0
2025-11-02,203,export_clip,Basic,Referral,0.0
2025-11-02,310,create_project,Free,Social Media,0.0
2025-11-02,101,create_project,Free,Email,54.9
2025-11-02,648,upload_video,Free,Organic Search,0.0
2025-11-02,182,app_open,Enterprise,Email,0.0
2025-11-02,278,cancel_subscription,Free,Referral,46.05
2025-11-02,198,export_clip,Basic,Referral,0.0
2025-11-02,344,create_project,Basic,Organic Search,0.0
2025-11-02,547,upload_video,Free,Referral,0.0
2025-11-02,546,create_project,Pro,Paid Ads,0.0
2025-11-03,1022,app_open,Free,Email,0.0
2025-11-03,282,create_project,Basic,Email,0.0
2025-11-03,449,cancel_subscription,Basic,Organic Search,0.0
2025-11-03,183,app_open,Pro,Referral,0.0
2025-11-03,279,app_open,Free,Email,0.0
2025-11-03,782,app_open,Free,Social Media,0.0
2025-11-03,61,upload_video,Enterprise,Paid Ads,0.0
2025-11-03,592,upload_video,Basic,Email,0.0
2025-11-03,1064,upload_video,Free,Organic Search,0.0
2025-11-03,301,upload_video,Free,Organic Search,0.0
2025-11-03,1083,app_open,Pro,Paid Ads,0.0
2025-11-03,359,subscribe,Basic,Paid Ads,17.32
2025-11-03,519,cancel_subscription,Enterprise,Email,0.0
2025-11-03,321,export_clip,Pro,Referral,0.0
2025-11-03,779,upload_video,Basic,Referral,0.0
2025-11-03,181,subscribe,Free,Organic Search,0.0
2025-11-03,1050,subscribe,Basic,Organic Search,17.87
2025-11-03,746,create_project,Basic,Referral,0.0
2025-11-03,328,export_clip,Pro,Email,0.0
2025-11-03,34,cancel_subscription,Free,Referral,0.0
2025-11-03,562,subscribe,Basic,Organic Search,12.97
2025-11-03,680,upload_video,Pro,Organic Search,0.0
2025-11-03,324,export_clip,Free,Paid Ads,0.0
2025-11-03,628,subscribe,Free,Social Media,0.0
2025-11-03,888,subscribe,Free,Email,0.0
2025-11-03,586,subscribe,Basic,Organic Search,16.81
2025-11-03,192,cancel_subscription,Pro,Paid Ads,0.0
2025-11-03,1062,app_open,Free,Email,0.0
2025-11-03,141,create_project,Free,Referral,0.0
2025-11-03,68,upload_video,Free,Referral,0.0
2025-11-03,318,upload_video,Free,Organic Search,0.0
2025-11-03,13,export_clip,Free,Organic Search,0.0
2025-11-03,632,create_project,Free,Paid Ads,0.0
2025-11-03,957,app_open,Pro,Email,0.0
2025-11-03,1085,cancel_subscription,Basic,Organic Search,0.0
2025-11-03,365,app_open,Pro,Email,0.0
2025-11-03,195,subscribe,Free,Email,0.0
2025-11-03,1147,app_open,Pro,Organic Search,0.0
2025-11-03,478,export_clip,Pro,Email,0.0
2025-11-03,1095,cancel_subscription,Free,Organic Search,0.0
2025-11-03,1153,create_project,Free,Organic Search,0.0
2025-11-03,961,subscribe,Basic,Referral,19.17
2025-11-03,463,app_open,Basic,Social Media,0.0
2025-11-03,886,subscribe,Basic,Email,20.09
2025-11-03,425,create_project,Basic,Referral,0.0
2025-11-03,1033,cancel_subscription,Free,Referral,0.0
2025-11-03,322,upload_video,Free,Email,0.0
2025-11-03,1194,subscribe,Free,Referral,0.0
2025-11-03,746,export_clip,Basic,Referral,0.0
2025-11-03,477,app_open,Pro,Social Media,0.0
2025-11-03,75,upload_video,Free,Email,0.0
2025-11-03,655,export_clip,Basic,Social Media,0.0
2025-11-03,715,create_project,Free,Social Media,0.0
2025-11-03,737,cancel_subscription,Basic,Paid Ads,0.0
2025-11-03,308,export_clip,Pro,Email,0.0
2025-11-03,358,export_clip,Enterprise,Organic Search,0.0
2025-11-04,677,export_clip,Basic,Organic Search,0.0
2025-11-04,552,export_clip,Pro,Social Media,0.0
2025-11-04,244,upload_video,Free,Organic Search,0.0
2025-11-04,1103,export_clip,Basic,Organic Search,0.0
2025-11-04,1159,app_open,Pro,Referral,0.0
2025-11-04,303,create_project,Basic,Social Media,0.0
2025-11-04,875,create_project,Free,Social Media,0.0
2025-11-04,411,create_project,Free,Email,0.0
2025-11-04,1020,export_clip,Free,Email,0.0
2025-11-04,750,subscribe,Free,Organic Search,0.0
2025-11-04,792,app_open,Basic,Organic Search,0.0
2025-11-04,256,cancel_subscription,Free,Email,0.0
2025-11-04,938,create_project,Pro,Social Media,0.0
2025-11-04,1079,upload_video,Basic,Social Media,56.97
2025-11-04,740,create_project,Pro,Email,0.0
2025-11-04,965,upload_video,Enterprise,Referral,0.0
2025-11-04,106,export_clip,Free,Email,0.0
2025-11-04,1052,export_clip,Free,Paid Ads,0.0
2025-11-04,411,subscribe,Free,Email,0.0
2025-11-04,1141,create_project,Free,Social Media,0.0
2025-11-04,444,cancel_subscription,Free,Organic Search,0.0
2025-11-04,407,app_open,Free,Referral,0.0
2025-11-04,790,upload_video,Basic,Referral,0.0
2025-11-04,168,export_clip,Free,Paid Ads,0.0
2025-11-04,703,app_open,Basic,Social Media,0.0
2025-11-04,739,export_clip,Basic,Email,0.0
2025-11-04,111,upload_video,Free,Referral,28.89
2025-11-04,1198,upload_video,Free,Paid Ads,0.0
2025-11-04,437,cancel_subscription,Free,Organic Search,0.0
2025-11-04,691,create_project,Free,Organic Search,0.0
2025-11-04,596,upload_video,Free,Social Media,0.0
2025-11-04,643,app_open,Basic,Paid Ads,0.0
2025-11-04,309,upload_video,Free,Organic Search,0.0
2025-11-04,270,upload_video,Free,Email,0.0
2025-11-04,595,upload_video,Free,Referral,0.0
2025-11-04,686,cancel_subscription,Basic,Email,0.0
2025-11-04,1140,app_open,Pro,Organic Search,0.0
2025-11-04,2,create_project,Pro,Organic Search,0.0
2025-11-04,155,cancel_subscription,Pro,Organic Search,0.0
2025-11-04,420,upload_video,Free,Social Media,0.0
2025-11-04,995,app_open,Free,Referral,0.0
2025-11-04,278,app_open,Pro,Paid Ads,0.0
2025-11-04,475,create_project,Free,Referral,0.0
2025-11-04,626,cancel_subscription,Basic,Email,0.0
2025-11-04,546,upload_video,Pro,Paid Ads,22.54
2025-11-04,996,upload_video,Basic,Paid Ads,0.0
2025-11-04,558,cancel_subscription,Free,Organic Search,0.0
2025-11-04,93,create_project,Basic,Organic Search,0.0
2025-11-04,329,app_open,Enterprise,Organic Search,0.0
2025-11-04,664,upload_video,Free,Email,0.0
2025-11-04,663,upload_video,Enterprise,Email,0.0
2025-11-04,1183,subscribe,Free,Social Media,0.0
2025-11-04,76,export_clip,Basic,Social Media,65.3
2025-11-04,307,upload_video,Pro,Paid Ads,0.0
2025-11-04,551,upload_video,Basic,Paid Ads,0.0
2025-11-04,344,create_project,Free,Referral,0.0
2025-11-05,168,export_clip,Free,Referral,51.94
2025-11-05,1186,export_clip,Enterprise,Organic Search,0.0
2025-11-05,1114,create_project,Basic,Email,0.0
2025-11-05,260,upload_video,Free,Paid Ads,0.0
2025-11-05,222,create_project,Pro,Organic Search,0.0
2025-11-05,726,cancel_subscription,Free,Paid Ads,0.0
2025-11-05,306,create_project,Basic,Paid Ads,0.0
2025-11-05,886,export_clip,Enterprise,Social Media,0.0
2025-11-05,733,app_open,Basic,Referral,0.0
2025-11-05,839,create_project,Basic,Social Media,0.0
2025-11-05,547,create_project,Free,Organic Search,0.0
2025-11-05,90,create_project,Free,Paid Ads,0.0
2025-11-05,866,export_clip,Free,Email,0.0
2025-11-05,618,subscribe,Free,Paid Ads,0.0
2025-11-05,48,upload_video,Free,Organic Search,0.0
2025-11-05,841,create_project,Basic,Organic Search,0.0
2025-11-05,948,create_project,Basic,Organic Search,0.0
2025-11-05,833,app_open,Free,Organic Search,0.0
2025-11-05,638,app_open,Basic,Organic Search,0.0
2025-11-05,495,create_project,Free,Referral,0.0
2025-11-05,1118,export_clip,Free,Email,0.0
2025-11-05,1110,create_project,Free,Email,0.0
2025-11-05,959,upload_video,Free,Paid Ads,0.0
2025-11-05,312,upload_video,Basic,Organic Search,0.0
2025-11-05,1129,subscribe,Free,Referral,39.15
2025-11-05,522,upload_video,Free,Paid Ads,0.0
2025-11-05,585,subscribe,Pro,Organic Search,47.84
2025-11-05,88,cancel_subscription,Free,Organic Search,0.0
2025-11-05,514,subscribe,Free,Social Media,0.0
2025-11-05,75,upload_video,Enterprise,Email,0.0
2025-11-05,815,create_project,Basic,Referral,0.0
2025-11-05,171,upload_video,Free,Organic Search,0.0
2025-11-05,619,subscribe,Free,Email,0.0
2025-11-05,238,subscribe,Free,Social Media,0.0
2025-11-05,995,subscribe,Pro,Organic Search,53.65
2025-11-05,632,export_clip,Free,Social Media,0.0
2025-11-05,402,cancel_subscription,Free,Paid Ads,0.0
2025-11-05,672,upload_video,Free,Organic Search,0.0
2025-11-05,636,subscribe,Enterprise,Organic Search,158.58
2025-11-05,921,cancel_subscription,Pro,Paid Ads,0.0
2025-11-05,826,upload_video,Basic,Organic Search,0.0
2025-11-05,56,upload_video,Basic,Paid Ads,0.0
2025-11-05,465,subscribe,Free,Social Media,0.0
2025-11-05,63,cancel_subscription,Free,Paid Ads,0.0
2025-11-05,921,create_project,Pro,Email,0.0
2025-11-05,568,create_project,Basic,Paid Ads,0.0
2025-11-05,653,create_project,Free,Social Media,0.0
2025-11-05,1024,subscribe,Pro,Referral,48.93
2025-11-05,220,app_open,Pro,Referral,0.0
2025-11-05,906,upload_video,Basic,Organic Search,0.0
2025-11-05,995,upload_video,Pro,Organic Search,0.0
2025-11-05,685,upload_video,Free,Paid Ads,0.0
2025-11-05,609,app_open,Free,Email,0.0
2025-11-05,897,subscribe,Pro,Organic Search,45.17
2025-11-05,112,export_clip,Free,Email,0.0
2025-11-05,578,upload_video,Free,Social Media,0.0
2025-11-05,1190,app_open,Basic,Paid Ads,0.0
2025-11-06,436,create_project,Pro,Email,0.0
2025-11-06,643,cancel_subscription,Free,Email,0.0
2025-11-06,861,cancel_subscription,Pro,Organic Search,0.0
2025-11-06,1181,subscribe,Basic,Organic Search,17.5
2025-11-06,430,app_open,Pro,Paid Ads,0.0
2025-11-06,726,subscribe,Free,Referral,0.0
2025-11-06,464,create_project,Free,Referral,0.0
2025-11-06,967,app_open,Free,Organic Search,0.0
2025-11-06,1084,subscribe,Basic,Email,18.93
2025-11-06,20,upload_video,Basic,Paid Ads,0.0
2025-11-06,310,upload_video,Basic,Organic Search,0.0
2025-11-06,773,app_open,Free,Email,0.0
2025-11-06,688,export_clip,Free,Social Media,0.0
2025-11-06,541,export_clip,Free,Organic Search,0.0
2025-11-06,6,app_open,Free,Referral,0.0
2025-11-06,1175,cancel_subscription,Enterprise,Email,0.0
2025-11-06,568,subscribe,Free,Email,0.0
2025-11-06,256,export_clip,Basic,Email,0.0
2025-11-06,354,create_project,Pro,Social Media,0.0
2025-11-06,1026,create_project,Pro,Organic Search,0.0
2025-11-06,1042,export_clip,Free,Organic Search,0.0
2025-11-06,982,create_project,Free,Organic Search,0.0
2025-11-06,87,app_open,Pro,Social Media,0.0
2025-11-06,729,export_clip,Basic,Email,0.0
2025-11-06,300,upload_video,Free,Email,0.0
2025-11-06,214,export_clip,Free,Paid Ads,0.0
2025-11-06,703,create_project,Free,Organic Search,0.0
2025-11-06,1071,upload_video,Basic,Organic Search,0.0
2025-11-06,155,app_open,Basic,Organic Search,0.0
2025-11-06,945,upload_video,Free,Organic Search,0.0
2025-11-06,1066,export_clip,Enterprise,Social Media,27.98
2025-11-06,396,app_open,Free,Referral,0.0
2025-11-06,1097,upload_video,Basic,Organic Search,0.0
2025-11-06,1078,create_project,Free,Email,0.0
2025-11-06,695,create_project,Free,Paid Ads,0.0
2025-11-06,544,export_clip,Basic,Referral,0.0
2025-11-07,373,export_clip,Free,Paid Ads,0.0
2025-11-07,287,subscribe,Free,Referral,0.0
2025-11-07,287,app_open,Free,Organic Search,0.0
2025-11-07,106,upload_video,Free,Referral,0.0
2025-11-07,44,subscribe,Pro,Paid Ads,52.56
2025-11-07,152,upload_video,Free,Social Media,0.0
2025-11-07,911,export_clip,Basic,Referral,0.0
2025-11-07,503,upload_video,Free,Referral,0.0
2025-11-07,649,app_open,Free,Email,0.0
2025-11-07,292,cancel_subscription,Basic,Email,0.0
2025-11-07,738,subscribe,Basic,Social Media,19.45
2025-11-07,1158,subscribe,Free,Paid Ads,0.0
2025-11-07,1101,export_clip,Free,Organic Search,0.0
2025-11-07,703,upload_video,Basic,Referral,0.0
2025-11-07,441,app_open,Free,Referral,0.0
2025-11-07,708,create_project,Free,Email,0.0
2025-11-07,246,upload_video,Free,Email,0.0
2025-11-07,975,create_project,Basic,Email,0.0
2025-11-07,873,create_project,Basic,Organic Search,0.0
2025-11-07,1043,create_project,Free,Organic Search,0.0
2025-11-07,300,cancel_subscription,Free,Organic Search,0.0
2025-11-07,686,export_clip,Enterprise,Email,0.0
2025-11-07,381,cancel_subscription,Pro,Email,0.0
2025-11-07,579,subscribe,Basic,Social Media,19.48
2025-11-07,324,subscribe,Free,Organic Search,0.0
2025-11-07,820,app_open,Free,Email,0.0
2025-11-07,150,app_open,Enterprise,Social Media,0.0
2025-11-07,432,export_clip,Free,Organic Search,0.0
2025-11-07,109,app_open,Enterprise,Email,0.0
2025-11-07,1026,export_clip,Basic,Paid Ads,0.0
2025-11-07,64,create_project,Free,Email,0.0
2025-11-07,919,upload_video,Pro,Organic Search,0.0
2025-11-07,625,subscribe,Pro,Organic Search,47.29
2025-11-07,587,app_open,Pro,Social Media,0.0
2025-11-07,185,export_clip,Pro,Organic Search,0.0
2025-11-07,815,cancel_subscription,Basic,Email,0.0
2025-11-07,1198,cancel_subscription,Free,Referral,0.0
2025-11-07,623,create_project,Basic,Paid Ads,0.0
2025-11-07,974,app_open,Basic,Organic Search,0.0
2025-11-07,25,create_project,Basic,Paid Ads,0.0
2025-11-07,428,app_open,Free,Referral,0.0
2025-11-07,824,upload_video,Pro,Organic Search,0.0
2025-11-07,617,upload_video,Basic,Organic Search,0.0
2025-11-07,56,upload_video,Pro,Referral,0.0
2025-11-07,107,create_project,Free,Organic Search,0.0
2025-11-07,184,app_open,Basic,Organic Search,0.0
2025-11-07,413,app_open,Free,Referral,0.0
2025-11-07,602,upload_video,Free,Organic Search,0.0
2025-11-07,134,upload_video,Free,Organic Search,0.0
2025-11-07,290,upload_video,Basic,Referral,0.0
2025-11-07,783,export_clip,Free,Organic Search,0.0
2025-11-07,56,cancel_subscription,Basic,Email,0.0
2025-11-08,1075,upload_video,Free,Referral,0.0
2025-11-08,628,export_clip,Free,Social Media,0.0
2025-11-08,1128,export_clip,Basic,Referral,0.0
2025-11-08,953,export_clip,Basic,Organic Search,0.0
2025-11-08,71,create_project,Free,Email,0.0
2025-11-08,1118,cancel_subscription,Free,Email,0.0
2025-11-08,918,create_project,Free,Social Media,0.0
2025-11-08,179,upload_video,Basic,Referral,0.0
2025-11-08,96,create_project,Basic,Organic Search,0.0
2025-11-08,628,app_open,Enterprise,Social Media,0.0
2025-11-08,156,upload_video,Free,Referral,0.0
2025-11-08,513,app_open,Basic,Referral,0.0
2025-11-08,186,upload_video,Pro,Paid Ads,0.0
2025-11-08,841,export_clip,Basic,Paid Ads,0.0
2025-11-08,929,export_clip,Free,Referral,0.0
2025-11-08,422,upload_video,Pro,Organic Search,71.14
2025-11-08,1037,upload_video,Free,Social Media,0.0
2025-11-08,953,subscribe,Pro,Organic Search,48.94
2025-11-08,899,subscribe,Basic,Email,19.15
2025-11-08,1090,subscribe,Enterprise,Paid Ads,126.77
2025-11-08,539,export_clip,Basic,Paid Ads,0.0
2025-11-08,877,create_project,Free,Organic Search,0.0
2025-11-08,384,export_clip,Free,Organic Search,0.0
2025-11-08,487,create_project,Basic,Social Media,0.0
2025-11-08,399,create_project,Free,Organic Search,0.0
2025-11-08,515,create_project,Free,Social Media,0.0
2025-11-08,995,export_clip,Pro,Email,0.0
2025-11-08,100,upload_video,Basic,Organic Search,26.24
2025-11-08,681,subscribe,Basic,Social Media,16.31
2025-11-08,722,app_open,Enterprise,Social Media,0.0
2025-11-08,318,create_project,Free,Organic Search,0.0
2025-11-08,940,create_project,Free,Email,0.0
2025-11-08,961,upload_video,Basic,Organic Search,0.0
2025-11-08,1178,app_open,Basic,Paid Ads,0.0
2025-11-08,1053,cancel_subscription,Basic,Referral,0.0
2025-11-08,1001,app_open,Free,Email,0.0
2025-11-08,274,export_clip,Free,Email,0.0
2025-11-08,293,cancel_subscription,Pro,Paid Ads,0.0
2025-11-08,686,upload_video,Enterprise,Organic Search,0.0
2025-11-08,827,app_open,Basic,Social Media,0.0
2025-11-08,802,app_open,Basic,Email,0.0
2025-11-08,844,create_project,Pro,Email,0.0
2025-11-08,706,upload_video,Pro,Organic Search,0.0
2025-11-08,758,subscribe,Free,Email,0.0
2025-11-08,79,export_clip,Basic,Social Media,0.0
2025-11-08,159,upload_video,Free,Email,0.0
2025-11-08,215,export_clip,Pro,Email,0.0
2025-11-08,521,export_clip,Free,Email,0.0
2025-11-09,36,export_clip,Free,Organic Search,0.0
2025-11-09,330,create_project,Pro,Social Media,0.0
2025-11-09,56,export_clip,Enterprise,Paid Ads,0.0
2025-11-09,216,app_open,Basic,Organic Search,0.0
2025-11-09,25,subscribe,Free,Paid Ads,0.0
2025-11-09,1123,app_open,Enterprise,Referral,0.0
2025-11-09,281,create_project,Basic,Social Media,0.0
2025-11-09,287,upload_video,Pro,Organic Search,0.0
2025-11-09,57,create_project,Free,Referral,0.0
2025-11-09,1002,upload_video,Free,Social Media,0.0
2025-11-09,1153,cancel_subscription,Free,Organic Search,0.0
2025-11-09,592,export_clip,Free,Email,0.0
2025-11-09,1123,export_clip,Free,Social Media,0.0
2025-11-09,253,upload_video,Free,Email,0.0
2025-11-09,1156,export_clip,Basic,Organic Search,0.0
2025-11-09,105,upload_video,Free,Paid Ads,0.0
2025-11-09,437,upload_video,Free,Organic Search,0.0
2025-11-09,372,export_clip,Pro,Email,0.0
2025-11-09,450,export_clip,Basic,Organic Search,0.0
2025-11-09,832,cancel_subscription,Free,Organic Search,0.0
2025-11-09,337,subscribe,Basic,Paid Ads,23.61
2025-11-09,63,export_clip,Free,Social Media,0.0
2025-11-09,574,export_clip,Basic,Paid Ads,0.0
2025-11-09,727,export_clip,Free,Organic Search,27.87
2025-11-09,58,upload_video,Free,Email,0.0
2025-11-09,997,create_project,Pro,Paid Ads,0.0
2025-11-09,268,create_project,Pro,Email,0.0
2025-11-09,622,cancel_subscription,Basic,Email,0.0
2025-11-09,733,create_project,Basic,Social Media,0.0
2025-11-09,725,app_open,Free,Social Media,0.0
2025-11-09,142,app_open,Basic,Organic Search,0.0
2025-11-09,380,upload_video,Enterprise,Referral,0.0
2025-11-09,445,app_open,Free,Organic Search,16.98
2025-11-09,341,cancel_subscription,Basic,Referral,0.0
2025-11-09,886,cancel_subscription,Enterprise,Referral,0.0
2025-11-09,673,upload_video,Pro,Email,0.0
2025-11-10,709,export_clip,Basic,Email,0.0
2025-11-10,603,create_project,Free,Organic Search,0.0
2025-11-10,802,subscribe,Basic,Email,18.09
2025-11-10,501,app_open,Free,Organic Search,0.0
2025-11-10,316,create_project,Free,Organic Search,0.0
2025-11-10,135,export_clip,Free,Organic Search,0.0
2025-11-10,487,export_clip,Basic,Paid Ads,0.0
2025-11-10,53,subscribe,Free,Organic Search,0.0
2025-11-10,206,create_project,Basic,Email,0.0
2025-11-10,687,export_clip,Free,Organic Search,0.0
2025-11-10,1083,upload_video,Enterprise,Referral,0.0
2025-11-10,559,create_project,Pro,Paid Ads,0.0
2025-11-10,56,upload_video,Basic,Email,0.0
2025-11-10,1058,app_open,Pro,Organic Search,0.0
2025-11-10,352,upload_video,Enterprise,Organic Search,0.0
2025-11-10,250,upload_video,Free,Referral,0.0
2025-11-10,239,cancel_subscription,Enterprise,Social Media,0.0
2025-11-10,1057,create_project,Basic,Paid Ads,0.0
2025-11-10,651,export_clip,Free,Paid Ads,0.0
2025-11-10,785,upload_video,Basic,Social Media,0.0
2025-11-10,391,cancel_subscription,Basic,Organic Search,10.89
2025-11-10,804,cancel_subscription,Enterprise,Organic Search,0.0
2025-11-10,637,cancel_subscription,Basic,Referral,0.0
2025-11-10,506,upload_video,Pro,Email,0.0
2025-11-10,486,cancel_subscription,Enterprise,Email,0.0
2025-11-10,532,create_project,Free,Organic Search,0.0
2025-11-10,719,create_project,Basic,Social Media,0.0
2025-11-10,164,subscribe,Basic,Email,17.54
2025-11-10,909,export_clip,Basic,Organic Search,0.0
2025-11-10,650,create_project,Basic,Social Media,0.0
2025-11-10,767,cancel_subscription,Free,Organic Search,0.0
2025-11-10,39,upload_video,Free,Social Media,0.0
2025-11-10,913,subscribe,Free,Email,0.0
2025-11-10,1156,cancel_subscription,Free,Organic Search,0.0
2025-11-10,226,upload_video,Basic,Paid Ads,0.0
2025-11-10,408,upload_video,Basic,Paid Ads,0.0
2025-11-10,951,export_clip,Free,Email,0.0
2025-11-10,1023,export_clip,Basic,Organic Search,0.0
2025-11-10,580,upload_video,Basic,Organic Search,0.0
2025-11-10,396,upload_video,Free,Organic Search,0.0
2025-11-10,915,create_project,Enterprise,Email,0.0
2025-11-10,117,cancel_subscription,Free,Organic Search,0.0
2025-11-10,66,app_open,Basic,Paid Ads,0.0
2025-11-10,884,create_project,Pro,Paid Ads,0.0
2025-11-10,357,export_clip,Basic,Paid Ads,0.0
2025-11-10,980,export_clip,Pro,Organic Search,0.0
2025-11-10,369,create_project,Basic,Email,0.0
2025-11-10,357,export_clip,Pro,Paid Ads,0.0
2025-11-10,91,export_clip,Free,Email,0.0
2025-11-10,375,upload_video,Basic,Paid Ads,0.0
2025-11-10,576,upload_video,Basic,Social Media,0.0
2025-11-11,706,create_project,Pro,Social Media,0.0
2025-11-11,872,subscribe,Free,Referral,0.0
2025-11-11,999,create_project,Basic,Organic Search,0.0
2025-11-11,192,export_clip,Enterprise,Email,0.0
2025-11-11,731,upload_video,Free,Organic Search,0.0
2025-11-11,903,cancel_subscription,Basic,Organic Search,0.0
2025-11-11,610,app_open,Basic,Organic Search,0.0
2025-11-11,273,cancel_subscription,Free,Organic Search,0.0
2025-11-11,1112,create_project,Free,Organic Search,0.0
2025-11-11,389,upload_video,Basic,Organic Search,0.0
2025-11-11,1168,export_clip,Pro,Referral,0.0
2025-11-11,733,export_clip,Free,Social Media,0.0
2025-11-11,559,cancel_subscription,Pro,Social Media,0.0
2025-11-11,998,upload_video,Enterprise,Referral,0.0
2025-11-11,1122,app_open,Free,Email,0.0
2025-11-11,335,subscribe,Pro,Social Media,47.35
2025-11-11,697,app_open,Free,Social Media,0.0
2025-11-11,243,upload_video,Free,Organic Search,0.0
2025-11-11,82,subscribe,Free,Paid Ads,0.0
2025-11-11,311,subscribe,Basic,Referral,16.9
2025-11-11,297,export_clip,Basic,Organic Search,0.0
2025-11-11,452,subscribe,Free,Email,0.0
2025-11-11,594,app_open,Free,Organic Search,0.0
2025-11-11,837,subscribe,Pro,Referral,47.65
2025-11-11,1175,subscribe,Basic,Organic Search,16.96
2025-11-11,126,export_clip,Free,Email,0.0
2025-11-11,155,cancel_subscription,Pro,Referral,0.0
2025-11-11,354,export_clip,Free,Organic Search,0.0
2025-11-11,480,upload_video,Basic,Paid Ads,0.0
2025-11-11,652,subscribe,Free,Paid Ads,0.0
2025-11-11,301,subscribe,Free,Organic Search,0.0
2025-11-11,231,app_open,Basic,Referral,0.0
2025-11-11,1184,app_open,Basic,Referral,0.0
2025-11-11,238,cancel_subscription,Free,Social Media,0.0
2025-11-11,146,upload_video,Free,Organic Search,0.0
2025-11-11,715,subscribe,Free,Social Media,0.0
2025-11-11,272,subscribe,Basic,Organic Search,15.96
2025-11-11,595,create_project,Free,Email,42.27
2025-11-11,201,export_clip,Free,Organic Search,0.0
2025-11-11,1103,subscribe,Enterprise,Paid Ads,127.9
2025-11-11,867,upload_video,Pro,Paid Ads,0.0
2025-11-11,741,cancel_subscription,Pro,Referral,0.0
2025-11-11,1007,upload_video,Free,Email,0.0
2025-11-11,202,upload_video,Basic,Email,0.0
2025-11-11,832,subscribe,Free,Organic Search,0.0
2025-11-11,1030,upload_video,Free,Referral,0.0
2025-11-11,1132,create_project,Free,Email,0.0
2025-11-12,944,create_project,Free,Referral,0.0
2025-11-12,204,upload_video,Free,Email,0.0
2025-11-12,332,app_open,Free,Social Media,0.0
2025-11-12,907,app_open,Basic,Referral,4.96
2025-11-12,1107,cancel_subscription,Basic,Paid Ads,0.0
2025-11-12,91,create_project,Basic,Organic Search,0.0
2025-11-12,474,create_project,Free,Paid Ads,0.0
2025-11-12,992,upload_video,Pro,Organic Search,0.0
2025-11-12,806,export_clip,Free,Email,0.0
2025-11-12,316,cancel_subscription,Free,Organic Search,0.0
2025-11-12,434,create_project,Basic,Email,0.0
2025-11-12,552,subscribe,Basic,Social Media,20.13
2025-11-12,360,create_project,Basic,Organic Search,0.0
2025-11-12,933,cancel_subscription,Free,Paid Ads,0.0
2025-11-12,333,export_clip,Free,Email,0.0
2025-11-12,603,export_clip,Free,Organic Search,0.0
2025-11-12,129,create_project,Free,Referral,0.0
2025-11-12,769,app_open,Basic,Social Media,0.0
2025-11-12,688,export_clip,Free,Email,0.0
2025-11-12,687,upload_video,Enterprise,Email,0.0
2025-11-12,754,subscribe,Free,Social Media,0.0
2025-11-12,311,upload_video,Pro,Paid Ads,0.0
2025-11-12,489,upload_video,Pro,Social Media,0.0
2025-11-12,250,app_open,Free,Organic Search,35.45
2025-11-12,660,subscribe,Basic,Referral,19.2
2025-11-12,519,app_open,Pro,Referral,0.0
2025-11-12,1018,cancel_subscription,Pro,Organic Search,0.0
2025-11-12,167,export_clip,Free,Paid Ads,0.0
2025-11-12,322,create_project,Free,Paid Ads,0.0
2025-11-12,109,upload_video,Pro,Email,0.0
2025-11-12,792,upload_video,Free,Social Media,0.0
2025-11-12,1001,cancel_subscription,Pro,Paid Ads,0.0
2025-11-12,177,subscribe,Free,Referral,0.0
2025-11-12,951,subscribe,Free,Email,0.0
2025-11-12,959,create_project,Basic,Paid Ads,0.0
2025-11-12,109,create_project,Basic,Organic Search,0.0
2025-11-12,621,upload_video,Basic,Organic Search,0.0
2025-11-12,340,create_project,Free,Organic Search,0.0
2025-11-12,333,create_project,Free,Social Media,0.0
2025-11-12,600,app_open,Enterprise,Social Media,0.0
2025-11-12,1075,create_project,Basic,Email,0.0
2025-11-12,23,cancel_subscription,Pro,Email,0.0
2025-11-13,137,cancel_subscription,Free,Email,0.0
2025-11-13,724,create_project,Pro,Organic Search,0.0
2025-11-13,898,app_open,Basic,Email,0.0
2025-11-13,36,export_clip,Free,Paid Ads,0.0
2025-11-13,288,export_clip,Enterprise,Organic Search,0.0
2025-11-13,125,create_project,Basic,Referral,0.0
2025-11-13,703,export_clip,Basic,Paid Ads,0.0
2025-11-13,1184,cancel_subscription,Free,Paid Ads,0.0
2025-11-13,382,subscribe,Free,Referral,0.0
2025-11-13,1130,upload_video,Free,Organic Search,0.0
2025-11-13,655,upload_video,Enterprise,Email,0.0
2025-11-13,14,create_project,Free,Email,0.0
2025-11-13,957,create_project,Free,Referral,0.0
2025-11-13,152,app_open,Free,Organic Search,0.0
2025-11-13,43,app_open,Free,Organic Search,0.0
2025-11-13,167,app_open,Basic,Email,0.0
2025-11-13,389,app_open,Basic,Organic Search,0.0
2025-11-13,526,cancel_subscription,Free,Email,0.0
2025-11-13,890,app_open,Free,Social Media,0.0
2025-11-13,909,export_clip,Enterprise,Social Media,0.0
2025-11-13,585,app_open,Basic,Paid Ads,0.0
2025-11-13,291,create_project,Pro,Social Media,0.0
2025-11-13,338,export_clip,Free,Organic Search,0.0
2025-11-13,1026,export_clip,Basic,Organic Search,0.0
2025-11-13,245,cancel_subscription,Free,Organic Search,0.0
2025-11-13,297,upload_video,Free,Email,0.0
2025-11-13,189,create_project,Enterprise,Paid Ads,0.0
2025-11-13,255,subscribe,Free,Email,0.0
2025-11-13,285,export_clip,Basic,Organic Search,0.0
2025-11-13,1177,subscribe,Pro,Email,40.93
2025-11-13,711,upload_video,Free,Email,0.0
2025-11-13,755,export_clip,Free,Organic Search,7.43
2025-11-13,741,subscribe,Basic,Social Media,15.5
2025-11-13,334,export_clip,Free,Social Media,0.0
2025-11-13,1170,app_open,Free,Email,69.88
2025-11-13,153,upload_video,Basic,Referral,0.0
2025-11-13,703,cancel_subscription,Free,Referral,0.0
2025-11-13,704,export_clip,Basic,Email,0.0
2025-11-13,342,upload_video,Pro,Email,0.0
2025-11-13,390,export_clip,Free,Referral,0.0
2025-11-13,446,app_open,Basic,Organic Search,0.0
2025-11-13,353,export_clip,Basic,Paid Ads,0.0
2025-11-13,133,upload_video,Free,Referral,0.0
2025-11-13,567,app_open,Basic,Paid Ads,0.0
2025-11-13,547,create_project,Free,Organic Search,0.0
2025-11-13,1023,create_project,Free,Email,0.0
2025-11-13,1184,upload_video,Free,Social Media,0.0
2025-11-13,296,upload_video,Free,Organic Search,0.0
2025-11-13,88,create_project,Free,Email,0.0
2025-11-13,565,create_project,Pro,Organic Search,0.0
2025-11-13,1122,app_open,Basic,Organic Search,0.0
2025-11-13,290,subscribe,Enterprise,Referral,147.96
2025-11-14,84,create_project,Pro,Referral,0.0
2025-11-14,586,upload_video,Pro,Organic Search,0.0
2025-11-14,53,app_open,Free,Paid Ads,0.0
2025-11-14,711,cancel_subscription,Free,Email,0.0
2025-11-14,195,upload_video,Free,Referral,0.0
2025-11-14,964,create_project,Free,Email,0.0
2025-11-14,289,export_clip,Pro,Organic Search,0.0
2025-11-14,705,cancel_subscription,Free,Referral,0.0
2025-11-14,566,create_project,Pro,Email,0.0
2025-11-14,845,create_project,Free,Email,0.0
2025-11-14,1165,create_project,Basic,Paid Ads,0.0
2025-11-14,866,create_project,Free,Email,0.0
2025-11-14,947,app_open,Basic,Paid Ads,46.45
2025-11-14,217,app_open,Pro,Paid Ads,0.0
2025-11-14,1154,subscribe,Basic,Organic Search,18.65
2025-11-14,342,upload_video,Free,Organic Search,0.0
2025-11-14,1181,subscribe,Free,Social Media,0.0
2025-11-14,424,subscribe,Free,Referral,0.0
2025-11-14,785,export_clip,Basic,Organic Search,0.0
2025-11-14,637,export_clip,Basic,Email,0.0
2025-11-14,620,app_open,Free,Referral,0.0
2025-11-14,51,upload_video,Free,Organic Search,0.0
2025-11-14,91,export_clip,Free,Email,0.0
2025-11-14,171,create_project,Basic,Referral,0.0
2025-11-14,644,export_clip,Basic,Organic Search,0.0
2025-11-14,396,export_clip,Basic,Referral,0.0
2025-11-14,1136,upload_video,Basic,Paid Ads,0.0
2025-11-14,860,app_open,Pro,Organic Search,0.0
2025-11-14,719,upload_video,Basic,Email,0.0
2025-11-14,960,create_project,Free,Social Media,0.0
2025-11-14,58,export_clip,Free,Paid Ads,0.0
2025-11-14,465,app_open,Free,Social Media,0.0
2025-11-14,501,app_open,Pro,Paid Ads,0.0
2025-11-14,783,create_project,Basic,Organic Search,0.0
2025-11-14,783,subscribe,Free,Paid Ads,0.0
2025-11-14,347,app_open,Basic,Referral,0.0
2025-11-14,633,create_project,Basic,Referral,0.0
2025-11-14,298,app_open,Free,Organic Search,0.0
2025-11-14,411,upload_video,Free,Email,0.0
2025-11-14,1003,export_clip,Enterprise,Paid Ads,93.09
2025-11-14,110,app_open,Basic,Referral,0.0
2025-11-14,1149,app_open,Basic,Email,0.0
2025-11-14,1015,create_project,Pro,Email,0.0
2025-11-14,789,cancel_subscription,Enterprise,Social Media,0.0
2025-11-14,296,upload_video,Free,Referral,0.0
2025-11-14,362,export_clip,Free,Organic Search,0.0
2025-11-14,524,cancel_subscription,Free,Organic Search,0.0
2025-11-14,314,upload_video,Free,Referral,0.0
2025-11-14,379,upload_video,Basic,Referral,0.0
2025-11-14,1146,export_clip,Pro,Paid Ads,0.0
2025-11-15,908,upload_video,Free,Referral,0.0
2025-11-15,384,upload_video,Basic,Email,0.0
2025-11-15,358,subscribe,Free,Paid Ads,0.0
2025-11-15,7,subscribe,Free,Social Media,0.0
2025-11-15,999,subscribe,Basic,Organic Search,17.85
2025-11-15,828,upload_video,Free,Referral,0.0
2025-11-15,110,upload_video,Free,Organic Search,0.0
2025-11-15,52,export_clip,Basic,Email,0.0
2025-11-15,673,subscribe,Pro,Referral,46.81
2025-11-15,939,subscribe,Basic,Social Media,15.65
2025-11-15,753,subscribe,Free,Social Media,0.0
2025-11-15,464,upload_video,Free,Paid Ads,0.0
2025-11-15,219,export_clip,Basic,Organic Search,0.0
2025-11-15,573,export_clip,Basic,Email,0.0
2025-11-15,8,subscribe,Enterprise,Paid Ads,148.1
2025-11-15,845,export_clip,Free,Paid Ads,0.0
2025-11-15,388,app_open,Basic,Organic Search,0.0
2025-11-15,139,upload_video,Basic,Email,0.0
2025-11-15,465,app_open,Free,Email,0.0
2025-11-15,920,export_clip,Basic,Organic Search,0.0
2025-11-15,992,upload_video,Basic,Paid Ads,0.0
2025-11-15,199,upload_video,Free,Social Media,37.73
2025-11-15,859,create_project,Basic,Email,0.0
2025-11-15,400,subscribe,Free,Referral,0.0
2025-11-15,107,app_open,Free,Social Media,0.0
2025-11-15,945,upload_video,Pro,Organic Search,21.74
2025-11-15,1003,app_open,Free,Social Media,0.0
2025-11-15,1050,app_open,Basic,Email,0.0
2025-11-15,831,app_open,Pro,Social Media,0.0
2025-11-15,295,create_project,Free,Organic Search,0.0
2025-11-15,309,export_clip,Pro,Email,0.0
2025-11-15,50,create_project,Basic,Social Media,0.0
2025-11-15,803,upload_video,Basic,Organic Search,0.0
2025-11-15,129,export_clip,Enterprise,Social Media,0.0
2025-11-15,830,cancel_subscription,Free,Social Media,0.0
2025-11-15,275,create_project,Free,Social Media,0.0
2025-11-15,613,upload_video,Basic,Referral,0.0
2025-11-15,580,upload_video,Pro,Social Media,0.0
2025-11-15,271,export_clip,Enterprise,Organic Search,0.0
2025-11-15,85,subscribe,Free,Referral,0.0
2025-11-15,967,subscribe,Pro,Social Media,41.01
2025-11-15,769,upload_video,Free,Organic Search,0.0
2025-11-15,693,cancel_subscription,Pro,Organic Search,0.0
2025-11-15,138,upload_video,Free,Referral,0.0
2025-11-15,711,export_clip,Free,Paid Ads,0.0
2025-11-15,551,app_open,Pro,Email,0.0
2025-11-15,1132,export_clip,Free,Social Media,0.0
2025-11-15,1187,upload_video,Pro,Email,0.0
2025-11-15,355,export_clip,Free,Email,0.0
2025-11-15,484,app_open,Pro,Organic Search,0.0
2025-11-15,1112,cancel_subscription,Basic,Email,0.0
2025-11-15,852,app_open,Pro,Organic Search,0.0
2025-11-15,619,app_open,Basic,Organic Search,0.0
2025-11-15,1101,export_clip,Free,Email,0.0
2025-11-15,24,subscribe,Basic,Paid Ads,15.52
2025-11-15,867,export_clip,Free,Organic Search,0.0
2025-11-16,653,export_clip,Free,Organic Search,0.0
2025-11-16,365,export_clip,Free,Referral,0.0
2025-11-16,160,app_open,Free,Organic Search,0.0
2025-11-16,938,export_clip,Basic,Referral,0.0
2025-11-16,800,create_project,Free,Organic Search,0.0
2025-11-16,507,app_open,Free,Social Media,0.0
2025-11-16,104,cancel_subscription,Free,Referral,0.0
2025-11-16,521,upload_video,Free,Email,0.0
2025-11-16,837,upload_video,Free,Referral,0.0
2025-11-16,1000,create_project,Enterprise,Social Media,0.0
2025-11-16,765,app_open,Free,Social Media,0.0
2025-11-16,877,upload_video,Pro,Referral,0.0
2025-11-16,689,app_open,Free,Social Media,0.0
2025-11-16,773,export_clip,Free,Email,0.0
2025-11-16,530,subscribe,Pro,Social Media,52.79
2025-11-16,785,export_clip,Free,Organic Search,0.0
2025-11-16,532,export_clip,Free,Email,0.0
2025-11-16,72,export_clip,Free,Email,0.0
2025-11-16,102,subscribe,Free,Email,0.0
2025-11-16,308,create_project,Free,Paid Ads,0.0
2025-11-16,1014,export_clip,Free,Organic Search,0.0
2025-11-16,628,cancel_subscription,Enterprise,Email,0.0
2025-11-16,628,export_clip,Basic,Organic Search,0.0
2025-11-16,520,cancel_subscription,Free,Email,0.0
2025-11-16,968,app_open,Enterprise,Social Media,0.0
2025-11-16,244,subscribe,Free,Referral,0.0
2025-11-16,202,app_open,Basic,Organic Search,0.0
2025-11-16,1039,app_open,Enterprise,Email,0.0
2025-11-16,370,cancel_subscription,Pro,Referral,0.0
2025-11-16,721,upload_video,Basic,Referral,0.0
2025-11-16,383,app_open,Free,Organic Search,0.0
2025-11-16,457,app_open,Enterprise,Referral,0.0
2025-11-16,1040,export_clip,Basic,Referral,0.0
2025-11-16,1193,upload_video,Pro,Email,0.0
2025-11-16,340,create_project,Enterprise,Social Media,0.0
2025-11-16,236,subscribe,Pro,Referral,50.35
2025-11-16,40,create_project,Free,Email,0.0
2025-11-16,899,create_project,Basic,Email,0.0
2025-11-16,152,app_open,Free,Social Media,0.0
2025-11-16,483,upload_video,Free,Referral,0.0
2025-11-16,1193,upload_video,Free,Email,0.0
2025-11-16,226,create_project,Basic,Paid Ads,0.0
2025-11-16,141,upload_video,Free,Organic Search,0.0
2025-11-16,800,cancel_subscription,Basic,Email,0.0
2025-11-16,238,subscribe,Free,Email,0.0
2025-11-16,388,cancel_subscription,Free,Organic Search,0.0
2025-11-16,153,upload_video,Basic,Organic Search,0.0
2025-11-16,672,create_project,Basic,Email,0.0
2025-11-16,1054,export_clip,Basic,Social Media,0.0
2025-11-16,886,upload_video,Free,Organic Search,0.0
2025-11-16,250,export_clip,Free,Email,0.0
2025-11-16,614,export_clip,Free,Referral,0.0
2025-11-16,111,upload_video,Enterprise,Referral,49.73
2025-11-16,645,create_project,Enterprise,Email,0.0
2025-11-16,717,upload_video,Free,Social Media,0.0
2025-11-16,1089,export_clip,Pro,Paid Ads,0.0
2025-11-16,841,upload_video,Enterprise,Social Media,0.0
2025-11-16,515,subscribe,Basic,Social Media,18.73
2025-11-16,194,cancel_subscription,Pro,Email,0.0
2025-11-17,354,subscribe,Pro,Referral,49.57
2025-11-17,162,subscribe,Free,Email,0.0
2025-11-17,499,cancel_subscription,Free,Organic Search,0.0
2025-11-17,5,upload_video,Free,Email,0.0
2025-11-17,1131,cancel_subscription,Basic,Organic Search,0.0
2025-11-17,1026,app_open,Free,Referral,0.0
2025-11-17,452,export_clip,Enterprise,Paid Ads,0.0
2025-11-17,815,subscribe,Basic,Social Media,22.19
2025-11-17,310,app_open,Free,Email,0.0
2025-11-17,1011,export_clip,Enterprise,Email,0.0
2025-11-17,710,upload_video,Pro,Organic Search,0.0
2025-11-17,398,upload_video,Free,Paid Ads,0.0
2025-11-17,916,export_clip,Basic,Paid Ads,0.0
2025-11-17,711,subscribe,Free,Email,0.0
2025-11-17,669,upload_video,Pro,Email,0.0
2025-11-17,1143,app_open,Free,Organic Search,0.0
2025-11-17,897,app_open,Free,Social Media,0.0
2025-11-17,972,cancel_subscription,Basic,Email,0.0
2025-11-17,375,cancel_subscription,Free,Social Media,0.0
2025-11-17,1042,subscribe,Free,Organic Search,0.0
2025-11-17,350,create_project,Basic,Email,0.0
2025-11-17,595,app_open,Free,Paid Ads,0.0
2025-11-17,832,export_clip,Free,Referral,0.0
2025-11-17,604,app_open,Basic,Paid Ads,0.0
2025-11-17,683,subscribe,Free,Referral,0.0
2025-11-17,295,subscribe,Free,Referral,0.0
2025-11-17,1127,export_clip,Pro,Paid Ads,0.0
2025-11-17,1141,export_clip,Pro,Email,0.0
2025-11-17,517,cancel_subscription,Basic,Referral,0.0
2025-11-17,651,app_open,Basic,Organic Search,0.0
2025-11-17,240,export_clip,Free,Paid Ads,0.0
2025-11-17,816,app_open,Basic,Organic Search,65.99
2025-11-17,415,subscribe,Free,Organic Search,0.0
2025-11-17,1009,cancel_subscription,Basic,Email,0.0
2025-11-17,934,export_clip,Free,Email,0.0
2025-11-17,203,subscribe,Basic,Email,21.47
2025-11-17,650,export_clip,Basic,Email,0.0
2025-11-17,586,upload_video,Free,Social Media,0.0
2025-11-17,759,subscribe,Free,Organic Search,0.0
2025-11-17,1121,upload_video,Free,Organic Search,0.0
2025-11-17,1037,export_clip,Free,Social Media,0.0
2025-11-17,61,cancel_subscription,Enterprise,Organic Search,0.0
2025-11-17,506,export_clip,Free,Referral,0.0
2025-11-17,1165,upload_video,Basic,Organic Search,0.0
2025-11-17,858,upload_video,Free,Social Media,0.0
2025-11-17,642,upload_video,Free,Social Media,0.0
2025-11-17,341,create_project,Basic,Social Media,0.0
2025-11-17,1125,export_clip,Basic,Referral,0.0
2025-11-17,863,export_clip,Free,Email,0.0
2025-11-17,836,subscribe,Basic,Paid Ads,20.58
2025-11-17,700,upload_video,Basic,Referral,0.0
2025-11-18,462,upload_video,Free,Organic Search,45.53
2025-11-18,538,subscribe,Free,Organic Search,0.0
2025-11-18,254,app_open,Pro,Social Media,0.0
2025-11-18,941,cancel_subscription,Free,Social Media,0.0
2025-11-18,553,app_open,Free,Social Media,17.25
2025-11-18,413,create_project,Pro,Organic Search,0.0
2025-11-18,384,upload_video,Free,Referral,0.0
2025-11-18,439,create_project,Basic,Organic Search,0.0
2025-11-18,708,export_clip,Free,Email,0.0
2025-11-18,1069,app_open,Basic,Email,0.0
2025-11-18,489,app_open,Free,Organic Search,0.0
2025-11-18,160,app_open,Free,Email,0.0
2025-11-18,91,app_open,Free,Referral,0.0
2025-11-18,1114,subscribe,Pro,Organic Search,54.74
2025-11-18,1108,create_project,Free,Referral,0.0
2025-11-18,111,create_project,Basic,Organic Search,0.0
2025-11-18,772,subscribe,Pro,Organic Search,56.41
2025-11-18,230,app_open,Free,Social Media,0.0
2025-11-18,421,app_open,Free,Organic Search,0.0
2025-11-18,383,export_clip,Free,Referral,0.0
2025-11-18,1145,export_clip,Free,Referral,0.0
2025-11-18,361,app_open,Basic,Social Media,0.0
2025-11-18,454,subscribe,Basic,Paid Ads,14.87
2025-11-18,300,create_project,Basic,Referral,0.0
2025-11-18,69,export_clip,Free,Paid Ads,0.0
2025-11-18,1123,create_project,Free,Organic Search,0.0
2025-11-18,140,upload_video,Free,Paid Ads,0.0
2025-11-18,1113,subscribe,Basic,Paid Ads,18.8
2025-11-18,947,export_clip,Pro,Paid Ads,0.0
2025-11-18,343,create_project,Pro,Paid Ads,0.0
2025-11-18,1066,app_open,Free,Organic Search,0.0
2025-11-18,481,subscribe,Free,Paid Ads,0.0
2025-11-18,28,create_project,Free,Organic Search,0.0
2025-11-18,945,export_clip,Pro,Social Media,0.0
2025-11-18,414,export_clip,Pro,Referral,34.79
2025-11-18,559,export_clip,Basic,Social Media,0.0
2025-11-18,1100,upload_video,Free,Organic Search,0.0
2025-11-18,1144,export_clip,Free,Organic Search,0.0
2025-11-18,360,cancel_subscription,Pro,Paid Ads,0.0
2025-11-18,55,app_open,Enterprise,Organic Search,0.0
2025-11-18,1048,create_project,Free,Referral,0.0
2025-11-18,354,create_project,Free,Email,0.0
2025-11-18,214,upload_video,Free,Social Media,0.0
2025-11-18,234,app_open,Free,Referral,0.0
2025-11-18,440,export_clip,Free,Organic Search,14.55
2025-11-18,5,cancel_subscription,Basic,Social Media,0.0
2025-11-18,41,upload_video,Basic,Email,0.0
2025-11-18,774,subscribe,Free,Organic Search,0.0
2025-11-18,468,app_open,Pro,Organic Search,0.0
2025-11-18,672,export_clip,Free,Organic Search,0.0
2025-11-18,250,export_clip,Basic,Paid Ads,0.0
2025-11-18,616,create_project,Enterprise,Referral,0.0
2025-11-18,11,app_open,Pro,Social Media,0.0
2025-11-18,70,export_clip,Free,Email,0.0
2025-11-18,1170,app_open,Free,Referral,0.0
2025-11-18,997,create_project,Basic,Referral,0.0
2025-11-19,526,export_clip,Free,Organic Search,0.0
2025-11-19,149,export_clip,Free,Referral,0.0
2025-11-19,492,app_open,Free,Organic Search,0.0
2025-11-19,668,create_project,Basic,Email,0.0
2025-11-19,722,app_open,Basic,Paid Ads,0.0
2025-11-19,1081,export_clip,Enterprise,Email,0.0
2025-11-19,431,upload_video,Free,Referral,0.0
2025-11-19,1050,subscribe,Enterprise,Organic Search,155.88
2025-11-19,427,create_project,Free,Organic Search,0.0
2025-11-19,993,upload_video,Free,Paid Ads,0.0
2025-11-19,964,create_project,Free,Organic Search,0.0
2025-11-19,1068,upload_video,Basic,Paid Ads,0.0
2025-11-19,764,export_clip,Pro,Email,0.0
2025-11-19,893,create_project,Basic,Referral,0.0
2025-11-19,826,app_open,Free,Organic Search,0.0
2025-11-19,650,export_clip,Pro,Referral,0.0
2025-11-19,274,subscribe,Free,Organic Search,0.0
2025-11-19,320,export_clip,Free,Organic Search,0.0
2025-11-19,835,upload_video,Free,Paid Ads,0.0
2025-11-19,810,export_clip,Basic,Email,0.0
2025-11-19,10,subscribe,Free,Organic Search,0.0
2025-11-19,239,upload_video,Free,Organic Search,0.0
2025-11-19,909,app_open,Pro,Email,0.0
2025-11-19,600,cancel_subscription,Free,Organic Search,0.0
2025-11-19,1004,create_project,Free,Organic Search,0.0
2025-11-19,705,subscribe,Free,Email,32.76
2025-11-19,822,upload_video,Free,Email,0.0
2025-11-19,153,upload_video,Free,Organic Search,0.0
2025-11-19,244,create_project,Enterprise,Referral,0.0
2025-11-19,1104,export_clip,Basic,Social Media,0.0
2025-11-19,37,create_project,Free,Organic Search,0.0
2025-11-19,61,app_open,Basic,Referral,0.0
2025-11-19,107,upload_video,Basic,Paid Ads,0.0
2025-11-19,875,create_project,Free,Social Media,0.0
2025-11-19,925,export_clip,Basic,Email,0.0
2025-11-19,227,export_clip,Free,Referral,0.0
2025-11-19,1151,create_project,Basic,Social Media,0.0
2025-11-19,716,subscribe,Free,Email,0.0
2025-11-19,780,export_clip,Free,Referral,0.0
2025-11-19,359,create_project,Basic,Social Media,0.0
2025-11-19,920,upload_video,Free,Social Media,0.0
2025-11-19,612,app_open,Pro,Social Media,0.0
2025-11-19,603,app_open,Pro,Paid Ads,0.0
2025-11-19,914,subscribe,Basic,Organic Search,16.66
2025-11-19,329,upload_video,Free,Organic Search,0.0
2025-11-19,1159,subscribe,Free,Paid Ads,0.0
2025-11-19,794,export_clip,Basic,Referral,0.0
2025-11-19,564,create_project,Basic,Paid Ads,0.0
2025-11-19,125,export_clip,Basic,Social Media,0.0
2025-11-19,48,export_clip,Pro,Organic Search,0.0
2025-11-19,1028,create_project,Free,Paid Ads,0.0
2025-11-19,409,app_open,Free,Referral,0.0
2025-11-20,17,create_project,Pro,Email,0.0
2025-11-20,156,create_project,Basic,Organic Search,0.0
2025-11-20,919,app_open,Basic,Paid Ads,0.0
2025-11-20,219,export_clip,Basic,Paid Ads,0.0
2025-11-20,659,cancel_subscription,Free,Social Media,0.0
2025-11-20,378,create_project,Basic,Organic Search,0.0
2025-11-20,277,subscribe,Enterprise,Paid Ads,161.6
2025-11-20,987,create_project,Free,Email,0.0
2025-11-20,411,export_clip,Pro,Referral,0.0
2025-11-20,937,export_clip,Pro,Paid Ads,0.0
2025-11-20,774,upload_video,Free,Organic Search,0.0
2025-11-20,30,export_clip,Free,Social Media,0.0
2025-11-20,274,upload_video,Basic,Organic Search,0.0
2025-11-20,616,upload_video,Free,Social Media,0.0
2025-11-20,888,create_project,Pro,Referral,0.0
2025-11-20,31,upload_video,Pro,Referral,0.0
2025-11-20,1117,cancel_subscription,Free,Referral,0.0
2025-11-20,75,upload_video,Pro,Organic Search,0.0
2025-11-20,1150,create_project,Free,Organic Search,0.0
2025-11-20,94,create_project,Basic,Paid Ads,0.0
2025-11-20,169,create_project,Free,Referral,0.0
2025-11-20,227,create_project,Basic,Organic Search,0.0
2025-11-20,677,upload_video,Pro,Email,0.0
2025-11-20,835,export_clip,Basic,Social Media,0.0
2025-11-20,322,upload_video,Free,Paid Ads,0.0
2025-11-20,684,export_clip,Free,Organic Search,58.52
2025-11-20,772,app_open,Basic,Organic Search,0.0
2025-11-20,688,create_project,Pro,Organic Search,0.0
2025-11-20,556,upload_video,Pro,Organic Search,0.0
2025-11-20,432,subscribe,Free,Email,0.0
2025-11-20,680,app_open,Basic,Email,0.0
2025-11-20,515,create_project,Free,Social Media,0.0
2025-11-20,138,app_open,Basic,Referral,0.0
2025-11-20,790,create_project,Free,Referral,0.0
2025-11-20,897,export_clip,Free,Referral,0.0
2025-11-20,725,export_clip,Free,Organic Search,0.0
2025-11-20,1037,upload_video,Basic,Email,0.0
2025-11-20,582,create_project,Basic,Paid Ads,0.0
2025-11-20,346,app_open,Basic,Paid Ads,0.0
2025-11-20,153,app_open,Free,Organic Search,0.0
2025-11-20,421,app_open,Enterprise,Social Media,0.0
2025-11-20,1102,create_project,Free,Paid Ads,0.0
2025-11-20,1177,app_open,Free,Organic Search,0.0
2025-11-20,89,export_clip,Basic,Email,0.0
2025-11-20,468,export_clip,Pro,Paid Ads,0.0
2025-11-20,526,create_project,Enterprise,Social Media,0.0
2025-11-20,470,export_clip,Free,Organic Search,0.0
2025-11-20,1079,app_open,Basic,Paid Ads,0.0
2025-11-20,70,upload_video,Pro,Email,0.0
2025-11-20,539,create_project,Basic,Email,0.0
2025-11-20,1107,create_project,Free,Organic Search,0.0
2025-11-20,700,upload_video,Basic,Paid Ads,0.0
2025-11-20,57,cancel_subscription,Free,Organic Search,0.0
2025-11-21,108,export_clip,Pro,Referral,0.0
2025-11-21,822,cancel_subscription,Pro,Referral,0.0
2025-11-21,555,create_project,Basic,Organic Search,0.0
2025-11-21,606,subscribe,Pro,Email,50.9
2025-11-21,1162,create_project,Free,Organic Search,0.0
2025-11-21,969,subscribe,Pro,Email,49.72
2025-11-21,704,upload_video,Free,Paid Ads,0.0
2025-11-21,519,export_clip,Free,Organic Search,0.0
2025-11-21,75,create_project,Free,Email,0.0
2025-11-21,1107,upload_video,Pro,Referral,0.0
2025-11-21,593,upload_video,Pro,Email,0.0
2025-11-21,1006,export_clip,Free,Referral,0.0
2025-11-21,555,create_project,Pro,Organic Search,0.0
2025-11-21,480,upload_video,Free,Social Media,0.0
2025-11-21,594,create_project,Free,Referral,0.0
2025-11-21,674,export_clip,Free,Referral,0.0
2025-11-21,4,create_project,Enterprise,Social Media,0.0
2025-11-21,629,subscribe,Basic,Social Media,16.29
2025-11-21,593,upload_video,Basic,Social Media,0.0
2025-11-21,1087,subscribe,Free,Paid Ads,0.0
2025-11-21,488,subscribe,Basic,Paid Ads,24.31
2025-11-21,284,upload_video,Basic,Email,0.0
2025-11-21,325,create_project,Free,Social Media,0.0
2025-11-21,532,app_open,Free,Email,0.0
2025-11-21,201,cancel_subscription,Free,Organic Search,0.0
2025-11-21,1076,export_clip,Basic,Organic Search,0.0
2025-11-21,926,export_clip,Free,Organic Search,0.0
2025-11-21,1117,upload_video,Free,Referral,0.0
2025-11-21,852,export_clip,Free,Paid Ads,0.0
2025-11-21,1182,subscribe,Free,Social Media,0.0
2025-11-21,32,app_open,Pro,Referral,0.0
2025-11-21,1025,cancel_subscription,Basic,Social Media,0.0
2025-11-21,891,create_project,Free,Organic Search,0.0
2025-11-21,872,cancel_subscription,Enterprise,Organic Search,0.0
2025-11-21,1017,cancel_subscription,Pro,Organic Search,0.0
2025-11-21,437,create_project,Enterprise,Social Media,0.0
2025-11-21,177,create_project,Basic,Email,0.0
2025-11-21,170,upload_video,Free,Social Media,0.0
2025-11-21,326,export_clip,Free,Social Media,0.0
2025-11-21,966,cancel_subscription,Basic,Email,0.0
2025-11-21,294,app_open,Pro,Email,0.0
2025-11-21,1023,create_project,Enterprise,Paid Ads,0.0
2025-11-21,305,subscribe,Enterprise,Referral,123.46
2025-11-21,1034,create_project,Free,Social Media,0.0
2025-11-21,440,upload_video,Free,Referral,0.0
2025-11-21,566,subscribe,Pro,Referral,43.96
2025-11-21,462,app_open,Free,Email,0.0
2025-11-21,85,app_open,Pro,Organic Search,0.0
2025-11-21,302,app_open,Pro,Email,0.0
2025-11-21,637,export_clip,Basic,Email,0.0
2025-11-21,152,create_project,Basic,Email,0.0
2025-11-21,528,subscribe,Pro,Referral,42.51
2025-11-21,807,upload_video,Basic,Email,0.0
2025-11-21,926,export_clip,Basic,Email,0.0
2025-11-21,896,create_project,Pro,Organic Search,0.0
2025-11-21,263,app_open,Basic,Organic Search,0.0
2025-11-21,1175,subscribe,Basic,Paid Ads,22.76
2025-11-21,1084,app_open,Basic,Social Media,0.0
2025-11-21,807,upload_video,Free,Social Media,0.0
2025-11-21,48,app_open,Pro,Organic Search,0.0
2025-11-22,670,export_clip,Free,Organic Search,0.0
2025-11-22,802,upload_video,Free,Email,0.0
2025-11-22,687,cancel_subscription,Pro,Organic Search,0.0
2025-11-22,846,app_open,Free,Social Media,0.0
2025-11-22,909,export_clip,Free,Email,0.0
2025-11-22,1038,app_open,Free,Email,30.48
2025-11-22,598,create_project,Free,Email,0.0
2025-11-22,1142,export_clip,Basic,Organic Search,0.0
2025-11-22,762,upload_video,Basic,Organic Search,0.0
2025-11-22,151,export_clip,Free,Organic Search,0.0
2025-11-22,711,app_open,Pro,Paid Ads,0.0
2025-11-22,163,cancel_subscription,Pro,Email,0.0
2025-11-22,872,export_clip,Basic,Organic Search,0.0
2025-11-22,341,create_project,Basic,Organic Search,0.0
2025-11-22,798,cancel_subscription,Pro,Email,0.0
2025-11-22,1144,cancel_subscription,Free,Paid Ads,0.0
2025-11-22,568,cancel_subscription,Pro,Email,0.0
2025-11-22,1026,app_open,Free,Email,0.0
2025-11-22,386,upload_video,Basic,Email,0.0
2025-11-22,975,upload_video,Free,Email,0.0
2025-11-22,71,upload_video,Basic,Email,0.0
2025-11-22,686,create_project,Basic,Referral,0.0
2025-11-22,1122,cancel_subscription,Free,Email,0.0
2025-11-22,182,export_clip,Free,Email,0.0
2025-11-22,1037,create_project,Basic,Organic Search,0.0
2025-11-22,57,subscribe,Free,Email,0.0
2025-11-22,381,subscribe,Pro,Organic Search,40.89
2025-11-22,1095,app_open,Free,Paid Ads,0.0
2025-11-22,719,export_clip,Basic,Paid Ads,0.0
2025-11-22,864,upload_video,Pro,Referral,0.0
2025-11-22,638,create_project,Free,Referral,0.0
2025-11-22,837,create_project,Basic,Referral,0.0
2025-11-22,872,cancel_subscription,Free,Referral,0.0
2025-11-22,40,cancel_subscription,Pro,Organic Search,0.0
2025-11-22,382,create_project,Pro,Referral,0.0
2025-11-22,224,export_clip,Enterprise,Organic Search,0.0
2025-11-22,1025,app_open,Basic,Referral,0.0
2025-11-22,928,app_open,Basic,Organic Search,0.0
2025-11-22,318,create_project,Basic,Organic Search,0.0
2025-11-22,1006,upload_video,Free,Paid Ads,0.0
2025-11-22,1169,upload_video,Free,Social Media,0.0
2025-11-22,498,export_clip,Free,Social Media,0.0
2025-11-22,952,subscribe,Free,Referral,0.0
2025-11-22,66,upload_video,Free,Paid Ads,0.0
2025-11-22,444,app_open,Basic,Organic Search,0.0
2025-11-22,73,subscribe,Free,Referral,0.0
2025-11-22,1143,export_clip,Free,Social Media,0.0
2025-11-22,917,upload_video,Pro,Email,0.0
2025-11-22,1116,subscribe,Free,Referral,0.0
2025-11-23,491,export_clip,Free,Organic Search,0.0
2025-11-23,1179,export_clip,Pro,Paid Ads,0.0
2025-11-23,826,upload_video,Free,Organic Search,0.0
2025-11-23,30,app_open,Free,Paid Ads,0.0
2025-11-23,641,create_project,Basic,Social Media,51.73
2025-11-23,94,subscribe,Free,Paid Ads,0.0
2025-11-23,598,app_open,Free,Organic Search,32.98
2025-11-23,412,upload_video,Basic,Organic Search,0.0
2025-11-23,348,export_clip,Basic,Referral,0.0
2025-11-23,693,subscribe,Pro,Paid Ads,48.9
2025-11-23,639,subscribe,Basic,Organic Search,18.41
2025-11-23,257,create_project,Free,Referral,0.0
2025-11-23,126,upload_video,Basic,Organic Search,0.0
2025-11-23,596,app_open,Pro,Email,0.0
2025-11-23,734,subscribe,Free,Referral,0.0
2025-11-23,300,export_clip,Basic,Email,0.0
2025-11-23,575,subscribe,Basic,Organic Search,16.1
2025-11-23,581,cancel_subscription,Pro,Paid Ads,0.0
2025-11-23,108,cancel_subscription,Basic,Referral,0.0
2025-11-23,150,app_open,Pro,Social Media,0.0
2025-11-23,726,subscribe,Pro,Email,58.34
2025-11-23,744,subscribe,Free,Paid Ads,0.0
2025-11-23,369,cancel_subscription,Free,Referral,0.0
2025-11-23,234,export_clip,Free,Social Media,0.0
2025-11-23,926,subscribe,Free,Social Media,48.8
2025-11-23,828,create_project,Basic,Email,0.0
2025-11-23,23,cancel_subscription,Pro,Organic Search,0.0
2025-11-23,247,app_open,Free,Organic Search,0.0
2025-11-23,788,create_project,Free,Social Media,0.0
2025-11-23,1167,upload_video,Free,Paid Ads,0.0
2025-11-23,617,cancel_subscription,Basic,Email,68.1
2025-11-23,95,upload_video,Free,Organic Search,0.0
2025-11-23,889,upload_video,Free,Paid Ads,0.0
2025-11-23,1169,export_clip,Free,Organic Search,0.0
2025-11-23,144,create_project,Free,Paid Ads,0.0
2025-11-23,1085,cancel_subscription,Pro,Referral,0.0
2025-11-23,507,upload_video,Free,Organic Search,0.0
2025-11-23,228,app_open,Free,Organic Search,0.0
2025-11-23,199,upload_video,Basic,Paid Ads,0.0
2025-11-23,389,export_clip,Basic,Organic Search,0.0
2025-11-23,521,export_clip,Pro,Email,0.0
2025-11-23,327,app_open,Free,Referral,0.0
2025-11-23,700,cancel_subscription,Basic,Email,0.0
2025-11-23,333,create_project,Pro,Email,0.0
2025-11-23,1058,cancel_subscription,Basic,Organic Search,0.0
2025-11-23,498,app_open,Free,Paid Ads,0.0
2025-11-23,11,create_project,Free,Organic Search,0.0
2025-11-23,1181,app_open,Pro,Referral,0.0
2025-11-23,725,subscribe,Basic,Organic Search,13.56
2025-11-23,705,cancel_subscription,Free,Referral,0.0
2025-11-23,1005,create_project,Basic,Referral,0.0
2025-11-23,75,subscribe,Free,Email,0.0
2025-11-23,1096,cancel_subscription,Free,Social Media,0.0
2025-11-24,726,export_clip,Basic,Organic Search,0.0
2025-11-24,1063,cancel_subscription,Free,Referral,0.0
2025-11-24,198,cancel_subscription,Pro,Paid Ads,31.2
2025-11-24,1158,app_open,Basic,Organic Search,0.0
2025-11-24,251,cancel_subscription,Pro,Paid Ads,0.0
2025-11-24,1096,app_open,Free,Organic Search,0.0
2025-11-24,1030,cancel_subscription,Free,Referral,0.0
2025-11-24,1099,upload_video,Pro,Email,0.0
2025-11-24,739,upload_video,Basic,Email,0.0
2025-11-24,297,app_open,Basic,Referral,0.0
2025-11-24,102,app_open,Free,Organic Search,0.0
2025-11-24,908,create_project,Free,Email,0.0
2025-11-24,733,app_open,Basic,Email,0.0
2025-11-24,1080,create_project,Pro,Organic Search,0.0
2025-11-24,101,app_open,Basic,Referral,0.0
2025-11-24,120,export_clip,Pro,Organic Search,0.0
2025-11-24,277,create_project,Basic,Referral,0.0
2025-11-24,1048,app_open,Free,Referral,0.0
2025-11-24,435,upload_video,Basic,Email,0.0
2025-11-24,339,create_project,Basic,Paid Ads,0.0
2025-11-24,949,subscribe,Pro,Organic Search,65.53
2025-11-24,385,subscribe,Basic,Email,20.9
2025-11-24,926,upload_video,Free,Organic Search,0.0
2025-11-24,527,export_clip,Free,Email,0.0
2025-11-24,160,create_project,Free,Paid Ads,0.0
2025-11-24,500,create_project,Pro,Paid Ads,0.0
2025-11-24,807,create_project,Free,Email,0.0
2025-11-24,228,subscribe,Pro,Organic Search,43.74
2025-11-24,1000,app_open,Free,Email,0.0
2025-11-24,1017,upload_video,Free,Organic Search,0.0
2025-11-24,1182,upload_video,Basic,Organic Search,0.0
2025-11-24,114,create_project,Basic,Paid Ads,0.0
2025-11-24,566,export_clip,Enterprise,Organic Search,0.0
2025-11-24,755,create_project,Free,Social Media,0.0
2025-11-24,964,export_clip,Enterprise,Organic Search,0.0
2025-11-24,779,export_clip,Free,Social Media,0.0
2025-11-24,1024,create_project,Basic,Referral,0.0
2025-11-24,668,upload_video,Free,Organic Search,0.0
2025-11-24,1180,app_open,Enterprise,Organic Search,0.0
2025-11-24,488,cancel_subscription,Pro,Social Media,0.0
2025-11-25,932,subscribe,Basic,Referral,20.04
2025-11-25,452,app_open,Enterprise,Email,0.0
2025-11-25,1088,create_project,Enterprise,Organic Search,0.0
2025-11-25,981,create_project,Basic,Social Media,0.0
2025-11-25,578,export_clip,Free,Email,0.0
2025-11-25,284,upload_video,Free,Social Media,0.0
2025-11-25,233,upload_video,Basic,Social Media,0.0
2025-11-25,1051,export_clip,Free,Email,0.0
2025-11-25,800,export_clip,Basic,Organic Search,0.0
2025-11-25,544,upload_video,Basic,Email,0.0
2025-11-25,1001,app_open,Free,Organic Search,0.0
2025-11-25,336,upload_video,Pro,Email,0.0
2025-11-25,579,export_clip,Basic,Organic Search,0.0
2025-11-25,139,export_clip,Free,Organic Search,0.0
2025-11-25,158,cancel_subscription,Pro,Organic Search,0.0
2025-11-25,173,app_open,Pro,Organic Search,0.0
2025-11-25,810,app_open,Free,Organic Search,0.0
2025-11-25,270,upload_video,Free,Email,0.0
2025-11-25,440,create_project,Free,Email,0.0
2025-11-25,1011,upload_video,Basic,Organic Search,0.0
2025-11-25,901,create_project,Basic,Email,0.0
2025-11-25,412,upload_video,Pro,Social Media,0.0
2025-11-25,20,cancel_subscription,Free,Email,0.0
2025-11-25,871,upload_video,Free,Referral,0.0
2025-11-25,231,upload_video,Basic,Referral,0.0
2025-11-25,843,export_clip,Pro,Social Media,0.0
2025-11-25,502,app_open,Basic,Organic Search,0.0
2025-11-25,392,cancel_subscription,Basic,Referral,0.0
2025-11-25,470,subscribe,Free,Organic Search,0.0
2025-11-25,842,cancel_subscription,Pro,Organic Search,0.0
2025-11-25,322,subscribe,Basic,Referral,19.46
2025-11-25,485,upload_video,Free,Social Media,0.0
2025-11-25,814,cancel_subscription,Basic,Organic Search,0.0
2025-11-25,744,create_project,Pro,Paid Ads,0.0
2025-11-25,591,upload_video,Enterprise,Paid Ads,0.0
2025-11-25,1169,upload_video,Free,Email,0.0
2025-11-25,579,upload_video,Free,Paid Ads,0.0
2025-11-25,696,upload_video,Free,Referral,0.0
2025-11-25,852,cancel_subscription,Free,Social Media,0.0
2025-11-25,592,upload_video,Pro,Organic Search,0.0
2025-11-25,548,upload_video,Basic,Email,0.0
2025-11-25,670,app_open,Free,Paid Ads,0.0
2025-11-25,69,create_project,Pro,Social Media,0.0
2025-11-25,394,subscribe,Enterprise,Organic Search,169.89
2025-11-25,1106,upload_video,Free,Social Media,0.0
2025-11-25,1156,export_clip,Free,Organic Search,75.32
2025-11-25,482,subscribe,Free,Email,0.0
2025-11-25,93,cancel_subscription,Pro,Social Media,0.0
2025-11-26,287,create_project,Basic,Email,0.0
2025-11-26,454,cancel_subscription,Pro,Referral,0.0
2025-11-26,450,app_open,Pro,Email,0.0
2025-11-26,412,subscribe,Basic,Paid Ads,20.96
2025-11-26,225,upload_video,Free,Organic Search,0.0
2025-11-26,585,create_project,Free,Referral,0.0
2025-11-26,529,cancel_subscription,Basic,Organic Search,0.0
2025-11-26,1023,upload_video,Free,Referral,0.0
2025-11-26,1013,subscribe,Free,Organic Search,0.0
2025-11-26,619,app_open,Enterprise,Referral,0.0
2025-11-26,648,subscribe,Free,Social Media,0.0
2025-11-26,790,app_open,Free,Paid Ads,0.0
2025-11-26,296,create_project,Free,Social Media,0.0
2025-11-26,492,subscribe,Basic,Referral,19.82
2025-11-26,453,upload_video,Free,Email,0.0
2025-11-26,289,subscribe,Basic,Organic Search,17.95
2025-11-26,1103,cancel_subscription,Free,Email,0.0
2025-11-26,178,cancel_subscription,Pro,Referral,0.0
2025-11-26,844,subscribe,Basic,Email,21.73
2025-11-26,1147,upload_video,Basic,Email,0.0
2025-11-26,471,subscribe,Free,Paid Ads,0.0
2025-11-26,694,export_clip,Free,Organic Search,0.0
2025-11-26,472,subscribe,Basic,Paid Ads,17.48
2025-11-26,457,subscribe,Basic,Social Media,16.07
2025-11-26,301,cancel_subscription,Free,Email,0.0
2025-11-26,1111,export_clip,Free,Email,0.0
2025-11-26,1005,export_clip,Pro,Social Media,0.0
2025-11-26,511,upload_video,Free,Referral,44.4
2025-11-26,371,upload_video,Basic,Paid Ads,0.0
2025-11-26,434,subscribe,Basic,Email,21.06
2025-11-26,318,upload_video,Free,Paid Ads,0.0
2025-11-26,215,subscribe,Free,Paid Ads,0.0
2025-11-26,649,export_clip,Free,Organic Search,0.0
2025-11-26,115,create_project,Free,Paid Ads,0.0
2025-11-26,929,cancel_subscription,Pro,Paid Ads,0.0
2025-11-26,262,create_project,Enterprise,Paid Ads,0.0
2025-11-26,139,app_open,Basic,Social Media,0.0
2025-11-26,106,subscribe,Basic,Social Media,14.16
2025-11-26,391,export_clip,Pro,Email,0.0
2025-11-26,938,create_project,Free,Referral,0.0
2025-11-26,798,export_clip,Free,Paid Ads,0.0
2025-11-26,758,export_clip,Free,Social Media,0.0
2025-11-26,1046,app_open,Pro,Organic Search,0.0
2025-11-26,434,upload_video,Free,Social Media,0.0
2025-11-26,873,create_project,Basic,Paid Ads,0.0
2025-11-26,905,app_open,Basic,Paid Ads,0.0
2025-11-26,861,create_project,Basic,Email,0.0
2025-11-26,317,subscribe,Pro,Email,54.23
2025-11-26,256,export_clip,Basic,Email,0.0
2025-11-26,1060,subscribe,Basic,Email,20.45
2025-11-26,403,upload_video,Basic,Email,0.0
2025-11-26,1121,upload_video,Pro,Paid Ads,9.22
2025-11-26,560,upload_video,Basic,Email,0.0
2025-11-26,317,upload_video,Pro,Organic Search,0.0
2025-11-26,498,export_clip,Basic,Social Media,0.0
2025-11-26,1038,create_project,Free,Email,0.0
2025-11-26,1062,upload_video,Free,Organic Search,0.0
2025-11-26,481,export_clip,Basic,Email,0.0
2025-11-26,760,cancel_subscription,Free,Referral,0.0
2025-11-26,719,create_project,Free,Social Media,0.0
2025-11-27,513,create_project,Enterprise,Organic Search,0.0
2025-11-27,90,app_open,Basic,Social Media,0.0
2025-11-27,1072,app_open,Basic,Organic Search,0.0
2025-11-27,173,create_project,Free,Paid Ads,0.0
2025-11-27,1059,export_clip,Free,Referral,27.97
2025-11-27,227,export_clip,Free,Referral,0.0
2025-11-27,301,export_clip,Free,Referral,0.0
2025-11-27,595,app_open,Basic,Paid Ads,0.0
2025-11-27,640,upload_video,Free,Organic Search,0.0
2025-11-27,1114,upload_video,Basic,Email,0.0
2025-11-27,698,upload_video,Basic,Referral,0.0
2025-11-27,260,create_project,Free,Social Media,0.0
2025-11-27,1045,app_open,Free,Organic Search,0.0
2025-11-27,630,export_clip,Free,Social Media,0.0
2025-11-27,1141,upload_video,Basic,Social Media,0.0
2025-11-27,832,create_project,Enterprise,Referral,0.0
2025-11-27,274,cancel_subscription,Basic,Social Media,0.0
2025-11-27,1010,export_clip,Pro,Organic Search,0.0
2025-11-27,490,app_open,Free,Email,0.0
2025-11-27,649,upload_video,Free,Organic Search,0.0
2025-11-27,1102,subscribe,Pro,Social Media,47.54
2025-11-27,339,subscribe,Free,Social Media,0.0
2025-11-27,638,subscribe,Free,Email,0.0
2025-11-27,1022,export_clip,Free,Email,0.0
2025-11-27,872,app_open,Pro,Organic Search,0.0
2025-11-27,367,upload_video,Free,Organic Search,0.0
2025-11-27,237,create_project,Free,Referral,0.0
2025-11-27,623,create_project,Enterprise,Referral,0.0
2025-11-27,118,subscribe,Pro,Organic Search,52.2
2025-11-27,71,app_open,Pro,Email,0.0
2025-11-27,1021,create_project,Basic,Organic Search,0.0
2025-11-27,1109,app_open,Pro,Referral,27.43
2025-11-27,1023,create_project,Basic,Paid Ads,0.0
2025-11-27,25,create_project,Basic,Organic Search,0.0
2025-11-27,947,upload_video,Free,Organic Search,0.0
2025-11-27,437,upload_video,Free,Paid Ads,0.0
2025-11-27,52,app_open,Free,Social Media,0.0
2025-11-27,879,export_clip,Free,Referral,0.0
2025-11-27,816,export_clip,Free,Organic Search,0.0
2025-11-27,950,upload_video,Basic,Paid Ads,0.0
2025-11-27,552,app_open,Free,Organic Search,0.0
2025-11-27,976,app_open,Pro,Social Media,0.0
2025-11-27,127,upload_video,Free,Paid Ads,0.0
2025-11-27,632,app_open,Basic,Email,0.0
2025-11-27,642,app_open,Basic,Organic Search,0.0
2025-11-27,35,upload_video,Basic,Email,0.0
2025-11-27,147,upload_video,Pro,Organic Search,0.0
2025-11-27,1056,export_clip,Basic,Referral,0.0
2025-11-27,69,app_open,Pro,Organic Search,0.0
2025-11-27,12,upload_video,Basic,Email,0.0
2025-11-27,184,app_open,Free,Referral,0.0
2025-11-27,1033,app_open,Basic,Referral,0.0
2025-11-28,836,upload_video,Basic,Referral,0.0
2025-11-28,256,export_clip,Pro,Organic Search,0.0
2025-11-28,1062,subscribe,Pro,Email,46.74
2025-11-28,730,cancel_subscription,Free,Paid Ads,0.0
2025-11-28,641,export_clip,Free,Organic Search,0.0
2025-11-28,298,upload_video,Free,Email,0.0
2025-11-28,481,export_clip,Free,Organic Search,46.11
2025-11-28,793,app_open,Free,Organic Search,0.0
2025-11-28,916,export_clip,Basic,Paid Ads,0.0
2025-11-28,974,subscribe,Pro,Organic Search,49.95
2025-11-28,657,subscribe,Pro,Paid Ads,39.99
2025-11-28,62,export_clip,Free,Referral,0.0
2025-11-28,117,export_clip,Basic,Email,0.0
2025-11-28,1034,create_project,Enterprise,Email,0.0
2025-11-28,309,export_clip,Free,Social Media,0.0
2025-11-28,715,app_open,Pro,Email,0.0
2025-11-28,1115,export_clip,Free,Organic Search,0.0
2025-11-28,920,upload_video,Free,Organic Search,0.0
2025-11-28,148,create_project,Free,Email,0.0
2025-11-28,1111,create_project,Pro,Social Media,0.0
2025-11-28,679,app_open,Free,Email,0.0
2025-11-28,620,export_clip,Basic,Paid Ads,0.0
2025-11-28,202,cancel_subscription,Free,Paid Ads,0.0
2025-11-28,291,upload_video,Free,Paid Ads,0.0
2025-11-28,403,subscribe,Basic,Email,21.19
2025-11-28,881,upload_video,Basic,Email,0.0
2025-11-28,721,create_project,Basic,Social Media,0.0
2025-11-28,870,subscribe,Free,Referral,0.0
2025-11-28,602,upload_video,Free,Email,0.0
2025-11-28,65,app_open,Basic,Email,0.0
2025-11-28,404,create_project,Basic,Organic Search,0.0
2025-11-28,224,app_open,Free,Social Media,0.0
2025-11-28,88,upload_video,Basic,Organic Search,0.0
2025-11-28,716,upload_video,Free,Organic Search,0.0
2025-11-28,263,export_clip,Free,Email,0.0
2025-11-28,1126,subscribe,Free,Paid Ads,0.0
2025-11-28,556,cancel_subscription,Free,Email,0.0
2025-11-28,1165,app_open,Basic,Paid Ads,0.0
2025-11-28,365,export_clip,Free,Social Media,0.0
2025-11-28,127,create_project,Free,Paid Ads,0.0
2025-11-28,22,app_open,Pro,Paid Ads,0.0
2025-11-28,499,cancel_subscription,Free,Email,0.0
2025-11-28,488,create_project,Free,Referral,0.0
2025-11-28,6,export_clip,Free,Organic Search,0.0
2025-11-28,1165,app_open,Basic,Social Media,0.0
2025-11-28,899,upload_video,Free,Organic Search,0.0
2025-11-28,458,subscribe,Enterprise,Email,131.38
2025-11-28,950,subscribe,Free,Organic Search,0.0
2025-11-28,671,upload_video,Basic,Paid Ads,0.0
2025-11-28,609,export_clip,Pro,Paid Ads,0.0
2025-11-28,838,export_clip,Enterprise,Email,0.0
2025-11-29,849,export_clip,Free,Organic Search,0.0
2025-11-29,727,upload_video,Pro,Referral,78.2
2025-11-29,750,upload_video,Free,Organic Search,0.0
2025-11-29,36,app_open,Free,Social Media,0.0
2025-11-29,140,export_clip,Free,Organic Search,0.0
2025-11-29,31,upload_video,Free,Email,0.0
2025-11-29,1060,cancel_subscription,Free,Organic Search,0.0
2025-11-29,850,subscribe,Free,Organic Search,0.0
2025-11-29,557,upload_video,Free,Social Media,0.0
2025-11-29,1160,upload_video,Free,Organic Search,0.0
2025-11-29,310,export_clip,Free,Email,0.0
2025-11-29,690,subscribe,Free,Social Media,0.0
2025-11-29,586,subscribe,Basic,Referral,23.55
2025-11-29,767,app_open,Free,Organic Search,0.0
2025-11-29,708,export_clip,Free,Paid Ads,0.0
2025-11-29,718,create_project,Pro,Referral,0.0
2025-11-29,45,cancel_subscription,Pro,Email,0.0
2025-11-29,823,export_clip,Basic,Social Media,0.0
2025-11-29,1061,create_project,Free,Paid Ads,0.0
2025-11-29,1062,upload_video,Free,Referral,0.0
2025-11-29,83,subscribe,Basic,Organic Search,20.82
2025-11-29,212,export_clip,Free,Referral,0.0
2025-11-29,1166,export_clip,Basic,Email,50.06
2025-11-29,735,subscribe,Basic,Organic Search,15.41
2025-11-29,383,app_open,Free,Organic Search,0.0
2025-11-29,481,upload_video,Basic,Organic Search,0.0
2025-11-29,1030,create_project,Free,Paid Ads,0.0
2025-11-29,8,export_clip,Free,Paid Ads,0.0
2025-11-29,481,create_project,Basic,Organic Search,0.0
2025-11-29,117,create_project,Basic,Social Media,0.0
2025-11-29,512,upload_video,Free,Social Media,0.0
2025-11-29,712,create_project,Free,Organic Search,32.43
2025-11-29,838,create_project,Basic,Referral,0.0
2025-11-29,1013,export_clip,Free,Organic Search,0.0
2025-11-29,548,app_open,Basic,Paid Ads,0.0
2025-11-29,817,upload_video,Basic,Referral,0.0
2025-11-29,793,upload_video,Free,Paid Ads,0.0
2025-11-29,802,upload_video,Free,Organic Search,47.66
2025-11-29,1028,cancel_subscription,Free,Organic Search,0.0
2025-11-29,1170,create_project,Free,Email,0.0
2025-11-29,663,cancel_subscription,Enterprise,Email,0.0
2025-11-29,318,export_clip,Pro,Organic Search,0.0
2025-11-29,577,export_clip,Pro,Organic Search,0.0
2025-11-29,1107,upload_video,Free,Organic Search,0.0
2025-11-29,428,app_open,Basic,Email,0.0
2025-11-30,602,export_clip,Free,Email,0.0
2025-11-30,804,subscribe,Free,Paid Ads,0.0
2025-11-30,959,export_clip,Pro,Organic Search,0.0
2025-11-30,954,export_clip,Basic,Organic Search,0.0
2025-11-30,1085,app_open,Basic,Organic Search,0.0
2025-11-30,847,cancel_subscription,Free,Organic Search,0.0
2025-11-30,214,app_open,Free,Paid Ads,0.0
2025-11-30,722,cancel_subscription,Basic,Email,0.0
2025-11-30,467,cancel_subscription,Free,Referral,0.0
2025-11-30,953,app_open,Pro,Organic Search,0.0
2025-11-30,817,upload_video,Pro,Paid Ads,0.0
2025-11-30,81,app_open,Pro,Social Media,0.0
2025-11-30,212,upload_video,Free,Organic Search,0.0
2025-11-30,547,subscribe,Basic,Social Media,22.24
2025-11-30,524,export_clip,Free,Organic Search,0.0
2025-11-30,1144,cancel_subscription,Enterprise,Organic Search,0.0
2025-11-30,73,create_project,Free,Organic Search,58.62
2025-11-30,671,app_open,Free,Paid Ads,0.0
2025-11-30,697,create_project,Pro,Organic Search,0.0
2025-11-30,621,upload_video,Free,Email,0.0
2025-11-30,97,subscribe,Enterprise,Paid Ads,157.94
2025-11-30,222,app_open,Pro,Social Media,0.0
2025-11-30,330,app_open,Enterprise,Organic Search,53.83
2025-11-30,493,upload_video,Free,Organic Search,0.0
2025-11-30,101,cancel_subscription,Free,Social Media,0.0
2025-11-30,966,create_project,Free,Paid Ads,0.0
2025-11-30,758,subscribe,Basic,Referral,20.49
2025-11-30,184,app_open,Basic,Social Media,0.0
2025-11-30,920,cancel_subscription,Free,Referral,0.0
2025-11-30,354,create_project,Free,Referral,0.0
2025-11-30,372,create_project,Pro,Referral,0.0
2025-11-30,10,export_clip,Free,Referral,0.0
2025-11-30,289,upload_video,Enterprise,Organic Search,0.0
2025-11-30,434,cancel_subscription,Enterprise,Organic Search,0.0
2025-11-30,188,app_open,Free,Paid Ads,0.0
2025-11-30,395,create_project,Pro,Organic Search,0.0
2025-11-30,849,cancel_subscription,Free,Social Media,0.0
2025-11-30,1175,create_project,Free,Referral,0.0
2025-11-30,119,export_clip,Free,Paid Ads,0.0
2025-11-30,474,subscribe,Free,Email,0.0
2025-11-30,881,subscribe,Pro,Paid Ads,47.49
2025-11-30,680,app_open,Pro,Paid Ads,0.0
2025-11-30,694,app_open,Free,Social Media,0.0
2025-11-30,340,cancel_subscription,Pro,Referral,0.0
2025-11-30,130,create_project,Free,Email,0.0
2025-11-30,277,app_open,Pro,Organic Search,0.0
2025-11-30,160,upload_video,Enterprise,Email,0.0
2025-11-30,982,app_open,Basic,Email,0.0
2025-11-30,778,upload_video,Basic,Organic Search,0.0
2025-11-30,571,upload_video,Basic,Email,0.0
2025-11-30,627,upload_video,Free,Organic Search,0.0
2025-11-30,532,upload_video,Basic,Organic Search,0.0
2025-11-30,415,create_project,Free,Organic Search,0.0
2025-11-30,510,create_project,Free,Social Media,40.3
2025-11-30,14,app_open,Free,Email,0.0
2025-11-30,661,upload_video,Basic,Email,0.0
2025-12-01,612,cancel_subscription,Enterprise,Organic Search,0.0
2025-12-01,639,subscribe,Free,Email,0.0
2025-12-01,285,create_project,Free,Organic Search,0.0
2025-12-01,778,upload_video,Enterprise,Email,0.0
2025-12-01,681,cancel_subscription,Enterprise,Organic Search,41.77
2025-12-01,598,upload_video,Basic,Paid Ads,0.0
2025-12-01,226,upload_video,Free,Social Media,44.33
2025-12-01,41,upload_video,Pro,Referral,0.0
2025-12-01,516,app_open,Free,Organic Search,0.0
2025-12-01,578,app_open,Free,Organic Search,0.0
2025-12-01,106,app_open,Free,Organic Search,0.0
2025-12-01,81,upload_video,Pro,Organic Search,0.0
2025-12-01,1200,create_project,Pro,Email,0.0
2025-12-01,871,app_open,Basic,Email,0.0
2025-12-01,414,cancel_subscription,Pro,Paid Ads,0.0
2025-12-01,481,upload_video,Basic,Referral,0.0
2025-12-01,507,subscribe,Basic,Organic Search,16.65
2025-12-01,609,subscribe,Free,Social Media,0.0
2025-12-01,577,upload_video,Free,Social Media,0.0
2025-12-01,1160,upload_video,Free,Organic Search,0.0
2025-12-01,995,upload_video,Enterprise,Organic Search,0.0
2025-12-01,821,create_project,Pro,Organic Search,0.0
2025-12-01,720,subscribe,Free,Referral,0.0
2025-12-01,1164,export_clip,Free,Organic Search,0.0
2025-12-01,858,export_clip,Free,Paid Ads,0.0
2025-12-01,583,subscribe,Free,Referral,0.0
2025-12-01,839,export_clip,Basic,Paid Ads,0.0
2025-12-01,913,create_project,Free,Referral,0.0
2025-12-01,1160,create_project,Enterprise,Organic Search,0.0
2025-12-01,761,subscribe,Free,Social Media,0.0
2025-12-01,130,app_open,Enterprise,Social Media,0.0
2025-12-01,1110,export_clip,Basic,Organic Search,0.0
2025-12-01,1044,app_open,Pro,Paid Ads,0.0
2025-12-01,502,cancel_subscription,Basic,Organic Search,0.0
2025-12-01,110,app_open,Free,Organic Search,0.0
2025-12-01,1098,subscribe,Basic,Email,18.65
2025-12-01,186,subscribe,Enterprise,Social Media,128.75
2025-12-01,397,export_clip,Basic,Email,0.0
2025-12-01,142,upload_video,Enterprise,Organic Search,0.0
2025-12-01,278,export_clip,Free,Email,0.0
2025-12-01,41,upload_video,Basic,Referral,0.0
2025-12-01,311,export_clip,Basic,Email,0.0
2025-12-01,1175,app_open,Basic,Paid Ads,0.0
2025-12-01,1179,export_clip,Free,Organic Search,0.0
2025-12-01,911,subscribe,Free,Referral,0.0
2025-12-01,799,cancel_subscription,Free,Organic Search,0.0
2025-12-01,911,cancel_subscription,Basic,Email,0.0
2025-12-01,228,app_open,Free,Email,0.0
2025-12-01,593,upload_video,Free,Organic Search,0.0
2025-12-01,552,subscribe,Free,Referral,0.0
2025-12-01,476,upload_video,Enterprise,Organic Search,0.0
2025-12-01,249,subscribe,Enterprise,Organic Search,146.48
2025-12-01,170,export_clip,Free,Email,0.0
2025-12-01,588,upload_video,Free,Referral,0.0
2025-12-01,1043,cancel_subscription,Pro,Organic Search,0.0
2025-12-01,322,subscribe,Basic,Social Media,20.09
2025-12-02,408,upload_video,Free,Email,0.0
2025-12-02,586,export_clip,Free,Email,0.0
2025-12-02,177,create_project,Pro,Email,0.0
2025-12-02,65,export_clip,Basic,Social Media,0.0
2025-12-02,464,export_clip,Free,Paid Ads,0.0
2025-12-02,323,upload_video,Pro,Organic Search,0.0
2025-12-02,278,export_clip,Basic,Email,0.0
2025-12-02,437,upload_video,Basic,Email,0.0
2025-12-02,580,subscribe,Free,Email,0.0
2025-12-02,450,app_open,Free,Social Media,0.0
2025-12-02,1031,app_open,Pro,Paid Ads,0.0
2025-12-02,537,upload_video,Free,Paid Ads,0.0
2025-12-02,340,subscribe,Free,Organic Search,0.0
2025-12-02,511,app_open,Basic,Referral,0.0
2025-12-02,804,upload_video,Free,Social Media,0.0
2025-12-02,1066,upload_video,Basic,Email,0.0
2025-12-02,934,app_open,Basic,Organic Search,0.0
2025-12-02,490,export_clip,Free,Email,0.0
2025-12-02,503,app_open,Pro,Referral,0.0
2025-12-02,255,subscribe,Pro,Paid Ads,50.18
2025-12-02,1041,export_clip,Free,Social Media,0.0
2025-12-02,599,subscribe,Free,Email,0.0
2025-12-02,1181,upload_video,Free,Organic Search,0.0
2025-12-02,936,export_clip,Free,Email,0.0
2025-12-02,140,cancel_subscription,Free,Organic Search,0.0
2025-12-02,472,export_clip,Free,Organic Search,0.0
2025-12-02,101,export_clip,Basic,Referral,0.0
2025-12-02,1182,cancel_subscription,Free,Social Media,0.0
2025-12-02,1131,upload_video,Pro,Referral,0.0
2025-12-02,847,cancel_subscription,Pro,Referral,0.0
2025-12-02,154,app_open,Basic,Organic Search,0.0
2025-12-02,374,subscribe,Free,Paid Ads,0.0
2025-12-02,564,create_project,Pro,Social Media,0.0
2025-12-02,1161,app_open,Free,Organic Search,0.0
2025-12-02,1200,cancel_subscription,Pro,Social Media,0.0
2025-12-02,462,app_open,Pro,Paid Ads,0.0
2025-12-02,372,export_clip,Basic,Social Media,0.0
2025-12-02,142,export_clip,Free,Email,0.0
2025-12-02,438,export_clip,Free,Social Media,0.0
2025-12-02,193,app_open,Free,Email,0.0
2025-12-02,31,export_clip,Free,Organic Search,0.0
2025-12-02,45,cancel_subscription,Free,Paid Ads,0.0
2025-12-02,823,upload_video,Basic,Organic Search,0.0
2025-12-02,122,upload_video,Basic,Organic Search,0.0
2025-12-02,914,upload_video,Pro,Email,0.0
2025-12-02,328,create_project,Basic,Organic Search,0.0
2025-12-02,1076,export_clip,Free,Email,0.0
2025-12-02,198,upload_video,Pro,Organic Search,0.0
2025-12-02,604,app_open,Basic,Email,0.0
2025-12-02,1073,upload_video,Free,Organic Search,0.0
2025-12-03,997,subscribe,Free,Organic Search,0.0
2025-12-03,1061,create_project,Free,Referral,0.0
2025-12-03,13,cancel_subscription,Free,Referral,0.0
2025-12-03,1127,subscribe,Free,Organic Search,0.0
2025-12-03,816,create_project,Free,Organic Search,0.0
2025-12-03,571,app_open,Free,Paid Ads,0.0
2025-12-03,832,subscribe,Free,Organic Search,0.0
2025-12-03,774,create_project,Free,Email,0.0
2025-12-03,856,upload_video,Free,Paid Ads,0.0
2025-12-03,494,create_project,Basic,Email,0.0
2025-12-03,90,export_clip,Basic,Social Media,0.0
2025-12-03,579,cancel_subscription,Free,Email,0.0
2025-12-03,391,export_clip,Pro,Social Media,0.0
2025-12-03,1196,export_clip,Pro,Paid Ads,0.0
2025-12-03,780,create_project,Pro,Email,0.0
2025-12-03,432,subscribe,Basic,Organic Search,18.67
2025-12-03,293,app_open,Basic,Referral,0.0
2025-12-03,638,upload_video,Free,Email,0.0
2025-12-03,426,export_clip,Free,Social Media,0.0
2025-12-03,877,upload_video,Free,Referral,0.0
2025-12-03,574,upload_video,Enterprise,Organic Search,0.0
2025-12-03,777,create_project,Free,Paid Ads,0.0
2025-12-03,813,export_clip,Free,Social Media,0.0
2025-12-03,1197,export_clip,Free,Referral,0.0
2025-12-03,50,cancel_subscription,Basic,Organic Search,0.0
2025-12-03,729,upload_video,Free,Referral,0.0
2025-12-03,785,subscribe,Free,Email,0.0
2025-12-03,180,app_open,Basic,Referral,0.0
2025-12-03,287,app_open,Free,Referral,0.0
2025-12-03,1094,app_open,Free,Social Media,0.0
2025-12-03,1044,export_clip,Pro,Referral,0.0
2025-12-03,878,upload_video,Free,Organic Search,0.0
2025-12-03,906,upload_video,Pro,Social Media,0.0
2025-12-03,731,export_clip,Pro,Social Media,0.0
2025-12-03,714,cancel_subscription,Free,Email,0.0
2025-12-03,956,create_project,Free,Organic Search,0.0
2025-12-03,386,export_clip,Free,Organic Search,0.0
2025-12-03,834,upload_video,Basic,Organic Search,0.0
2025-12-03,1077,export_clip,Free,Social Media,0.0
2025-12-03,374,export_clip,Basic,Paid Ads,0.0
2025-12-03,839,create_project,Free,Paid Ads,0.0
2025-12-03,127,export_clip,Pro,Social Media,0.0
2025-12-03,334,app_open,Basic,Organic Search,0.0
2025-12-03,1188,create_project,Pro,Paid Ads,0.0
2025-12-03,592,export_clip,Pro,Organic Search,0.0
2025-12-03,403,upload_video,Free,Referral,52.91
2025-12-03,962,create_project,Basic,Referral,0.0
2025-12-03,686,app_open,Free,Email,0.0
2025-12-03,388,subscribe,Free,Email,0.0
2025-12-03,36,upload_video,Pro,Organic Search,0.0
2025-12-03,448,app_open,Basic,Organic Search,0.0
2025-12-03,596,upload_video,Free,Social Media,31.82
2025-12-04,346,subscribe,Basic,Referral,20.66
2025-12-04,193,app_open,Free,Email,0.0
2025-12-04,349,subscribe,Pro,Organic Search,55.41
2025-12-04,558,export_clip,Pro,Email,0.0
2025-12-04,5,export_clip,Enterprise,Organic Search,0.0
2025-12-04,32,upload_video,Free,Email,0.0
2025-12-04,1064,create_project,Free,Social Media,0.0
2025-12-04,29,create_project,Free,Email,0.0
2025-12-04,876,app_open,Free,Email,0.0
2025-12-04,1082,export_clip,Pro,Paid Ads,0.0
2025-12-04,469,export_clip,Basic,Organic Search,0.0
2025-12-04,312,app_open,Free,Email,0.0
2025-12-04,75,create_project,Basic,Organic Search,0.0
2025-12-04,543,upload_video,Free,Organic Search,0.0
2025-12-04,981,export_clip,Free,Paid Ads,0.0
2025-12-04,931,create_project,Free,Referral,0.0
2025-12-04,1045,create_project,Basic,Email,0.0
2025-12-04,790,subscribe,Free,Organic Search,0.0
2025-12-04,629,subscribe,Free,Paid Ads,0.0
2025-12-04,84,export_clip,Free,Email,0.0
2025-12-04,517,app_open,Pro,Organic Search,0.0
2025-12-04,138,subscribe,Basic,Organic Search,14.39
2025-12-04,145,upload_video,Free,Email,0.0
2025-12-04,856,create_project,Free,Referral,0.0
2025-12-04,1021,upload_video,Basic,Paid Ads,0.0
2025-12-04,270,create_project,Basic,Email,0.0
2025-12-04,745,export_clip,Pro,Email,0.0
2025-12-04,712,create_project,Free,Organic Search,0.0
2025-12-04,211,upload_video,Free,Organic Search,0.0
2025-12-04,913,app_open,Free,Referral,6.07
2025-12-04,194,export_clip,Pro,Social Media,0.0
2025-12-04,999,subscribe,Free,Referral,0.0
2025-12-04,200,upload_video,Pro,Paid Ads,0.0
2025-12-04,336,cancel_subscription,Free,Referral,0.0
2025-12-04,1063,app_open,Free,Email,0.0
2025-12-04,666,create_project,Free,Email,0.0
2025-12-04,466,upload_video,Pro,Social Media,0.0
2025-12-04,708,export_clip,Basic,Referral,0.0
2025-12-04,280,app_open,Basic,Paid Ads,0.0
2025-12-04,583,upload_video,Basic,Email,0.0
2025-12-04,553,upload_video,Basic,Email,0.0
2025-12-04,322,cancel_subscription,Basic,Social Media,45.51
2025-12-04,659,app_open,Basic,Paid Ads,0.0
2025-12-04,530,export_clip,Enterprise,Email,0.0
2025-12-04,653,create_project,Free,Organic Search,0.0
2025-12-04,14,create_project,Free,Social Media,0.0
2025-12-04,90,upload_video,Basic,Social Media,0.0
2025-12-04,229,upload_video,Free,Paid Ads,0.0
2025-12-04,1016,create_project,Pro,Social Media,0.0
2025-12-04,23,export_clip,Pro,Social Media,0.0
2025-12-04,670,app_open,Basic,Paid Ads,0.0
2025-12-04,58,app_open,Basic,Email,0.0
2025-12-04,368,subscribe,Basic,Organic Search,20.75
2025-12-04,44,subscribe,Free,Email,0.0
2025-12-04,434,subscribe,Free,Organic Search,0.0
2025-12-04,591,app_open,Free,Email,0.0
2025-12-04,804,upload_video,Enterprise,Organic Search,0.0
2025-12-04,237,create_project,Free,Paid Ads,0.0
2025-12-04,48,upload_video,Basic,Organic Search,0.0
2025-12-04,1003,app_open,Free,Email,0.0
2025-12-04,202,upload_video,Free,Email,0.0
2025-12-05,685,export_clip,Free,Email,0.0
2025-12-05,874,app_open,Basic,Social Media,0.0
2025-12-05,115,create_project,Free,Organic Search,0.0
2025-12-05,411,upload_video,Free,Paid Ads,0.0
2025-12-05,453,app_open,Basic,Paid Ads,0.0
2025-12-05,1038,subscribe,Enterprise,Email,152.23
2025-12-05,241,create_project,Enterprise,Organic Search,74.48
2025-12-05,458,subscribe,Basic,Organic Search,19.29
2025-12-05,146,create_project,Free,Referral,0.0
2025-12-05,540,cancel_subscription,Pro,Referral,0.0
2025-12-05,164,app_open,Enterprise,Email,0.0
2025-12-05,542,subscribe,Free,Referral,0.0
2025-12-05,387,app_open,Pro,Referral,0.0
2025-12-05,638,app_open,Pro,Referral,0.0
2025-12-05,201,subscribe,Free,Email,0.0
2025-12-05,166,upload_video,Basic,Organic Search,0.0
2025-12-05,266,subscribe,Free,Organic Search,0.0
2025-12-05,120,create_project,Basic,Organic Search,0.0
2025-12-05,1036,upload_video,Free,Social Media,0.0
2025-12-05,542,cancel_subscription,Pro,Social Media,0.0
2025-12-05,1193,create_project,Pro,Email,0.0
2025-12-05,780,app_open,Free,Organic Search,0.0
2025-12-05,559,cancel_subscription,Free,Email,0.0
2025-12-05,327,app_open,Free,Social Media,0.0
2025-12-05,1116,upload_video,Pro,Social Media,0.0
2025-12-05,987,cancel_subscription,Free,Email,0.0
2025-12-05,519,app_open,Pro,Paid Ads,0.0
2025-12-05,1136,export_clip,Basic,Paid Ads,0.0
2025-12-05,1062,upload_video,Pro,Social Media,0.0
2025-12-05,424,create_project,Free,Organic Search,0.0
2025-12-05,899,create_project,Free,Social Media,0.0
2025-12-05,1138,subscribe,Enterprise,Email,139.67
2025-12-05,1074,create_project,Free,Organic Search,0.0
2025-12-05,51,upload_video,Enterprise,Email,0.0
2025-12-05,1049,app_open,Free,Organic Search,0.0
2025-12-05,341,create_project,Pro,Organic Search,0.0
2025-12-05,825,cancel_subscription,Free,Organic Search,0.0
2025-12-05,1160,app_open,Enterprise,Referral,0.0
2025-12-05,873,subscribe,Free,Social Media,0.0
2025-12-05,339,app_open,Basic,Email,0.0
2025-12-05,80,create_project,Free,Referral,0.0
2025-12-05,7,upload_video,Free,Organic Search,0.0
2025-12-05,964,create_project,Free,Referral,0.0
2025-12-05,706,create_project,Free,Organic Search,0.0
2025-12-05,955,upload_video,Free,Email,0.0
2025-12-06,147,create_project,Pro,Paid Ads,0.0
2025-12-06,933,create_project,Free,Organic Search,0.0
2025-12-06,799,create_project,Free,Social Media,0.0
2025-12-06,846,create_project,Basic,Referral,0.0
2025-12-06,578,app_open,Basic,Organic Search,0.0
2025-12-06,139,create_project,Basic,Email,0.0
2025-12-06,1152,subscribe,Basic,Organic Search,21.41
2025-12-06,471,upload_video,Pro,Referral,0.0
2025-12-06,339,create_project,Pro,Email,0.0
2025-12-06,519,cancel_subscription,Free,Organic Search,0.0
2025-12-06,241,app_open,Basic,Organic Search,0.0
2025-12-06,765,export_clip,Pro,Email,0.0
2025-12-06,82,app_open,Pro,Paid Ads,0.0
2025-12-06,773,upload_video,Pro,Organic Search,0.0
2025-12-06,86,create_project,Free,Organic Search,0.0
2025-12-06,968,app_open,Basic,Paid Ads,0.0
2025-12-06,1004,app_open,Free,Organic Search,0.0
2025-12-06,10,upload_video,Enterprise,Referral,0.0
2025-12-06,107,upload_video,Basic,Email,0.0
2025-12-06,807,upload_video,Basic,Organic Search,0.0
2025-12-06,84,create_project,Basic,Social Media,0.0
2025-12-06,1066,app_open,Basic,Email,0.0
2025-12-06,196,upload_video,Free,Organic Search,0.0
2025-12-06,129,upload_video,Free,Email,0.0
2025-12-06,138,upload_video,Free,Organic Search,0.0
2025-12-06,401,create_project,Free,Organic Search,0.0
2025-12-06,219,create_project,Basic,Referral,0.0
2025-12-06,27,subscribe,Free,Paid Ads,0.0
2025-12-06,508,upload_video,Free,Organic Search,53.4
2025-12-06,812,upload_video,Free,Organic Search,0.0
2025-12-06,8,app_open,Enterprise,Social Media,0.0
2025-12-06,889,export_clip,Free,Organic Search,0.0
2025-12-06,141,export_clip,Pro,Social Media,0.0
2025-12-06,688,export_clip,Free,Social Media,0.0
2025-12-06,250,upload_video,Free,Email,0.0
2025-12-06,615,app_open,Pro,Social Media,0.0
2025-12-06,904,subscribe,Basic,Referral,19.0
2025-12-06,971,app_open,Enterprise,Referral,0.0
2025-12-06,86,upload_video,Pro,Email,0.0
2025-12-06,735,upload_video,Free,Paid Ads,0.0
2025-12-06,28,upload_video,Free,Organic Search,0.0
2025-12-06,250,subscribe,Basic,Organic Search,20.41
2025-12-06,712,create_project,Free,Email,1.58
2025-12-06,512,export_clip,Free,Social Media,0.0
2025-12-06,529,upload_video,Basic,Social Media,0.0
2025-12-06,501,subscribe,Pro,Social Media,53.9
2025-12-06,766,export_clip,Basic,Organic Search,0.0
2025-12-06,987,subscribe,Pro,Paid Ads,44.25
2025-12-06,128,create_project,Free,Email,0.0
2025-12-06,815,create_project,Pro,Organic Search,0.0
2025-12-06,933,export_clip,Free,Email,0.0
2025-12-07,1030,app_open,Free,Social Media,0.0
2025-12-07,491,app_open,Enterprise,Referral,0.0
2025-12-07,888,export_clip,Basic,Paid Ads,0.0
2025-12-07,906,export_clip,Free,Social Media,0.0
2025-12-07,119,app_open,Free,Referral,0.0
2025-12-07,624,subscribe,Free,Organic Search,0.0
2025-12-07,517,export_clip,Pro,Referral,0.0
2025-12-07,1049,create_project,Free,Paid Ads,0.0
2025-12-07,537,create_project,Free,Email,0.0
2025-12-07,228,upload_video,Enterprise,Paid Ads,0.0
2025-12-07,515,subscribe,Basic,Email,22.88
2025-12-07,693,app_open,Basic,Social Media,0.0
2025-12-07,173,upload_video,Free,Social Media,28.57
2025-12-07,882,create_project,Basic,Paid Ads,0.0
2025-12-07,638,subscribe,Basic,Organic Search,21.46
2025-12-07,654,app_open,Basic,Email,0.0
2025-12-07,601,export_clip,Free,Social Media,0.0
2025-12-07,1183,upload_video,Basic,Email,42.92
2025-12-07,607,upload_video,Free,Paid Ads,0.0
2025-12-07,925,upload_video,Basic,Referral,0.0
2025-12-07,244,export_clip,Free,Organic Search,0.0
2025-12-07,83,app_open,Free,Email,0.0
2025-12-07,97,upload_video,Basic,Email,0.0
2025-12-07,436,upload_video,Free,Referral,0.0
2025-12-07,523,subscribe,Free,Organic Search,0.0
2025-12-07,181,export_clip,Free,Social Media,0.0
2025-12-07,1071,app_open,Free,Referral,0.0
2025-12-07,755,subscribe,Free,Referral,0.0
2025-12-07,731,app_open,Free,Social Media,0.0
2025-12-07,266,upload_video,Free,Organic Search,67.54
2025-12-07,835,subscribe,Free,Organic Search,0.0
2025-12-07,259,app_open,Free,Organic Search,0.0
2025-12-07,1192,upload_video,Pro,Paid Ads,0.0
2025-12-07,593,upload_video,Basic,Organic Search,0.0
2025-12-07,356,cancel_subscription,Free,Organic Search,0.0
2025-12-07,897,subscribe,Pro,Email,48.37
2025-12-07,360,create_project,Free,Paid Ads,0.0
2025-12-07,596,create_project,Basic,Social Media,0.0
2025-12-07,776,upload_video,Pro,Organic Search,0.0
2025-12-07,226,export_clip,Free,Social Media,0.0
2025-12-07,1027,create_project,Free,Referral,0.0
2025-12-07,146,cancel_subscription,Free,Social Media,0.0
2025-12-07,899,app_open,Pro,Referral,0.0
2025-12-07,219,create_project,Free,Organic Search,0.0
2025-12-07,918,export_clip,Free,Social Media,0.0
2025-12-07,305,upload_video,Basic,Referral,0.0
2025-12-07,922,create_project,Free,Referral,0.0
2025-12-07,648,upload_video,Pro,Social Media,0.0
2025-12-08,713,upload_video,Free,Organic Search,0.0
2025-12-08,522,create_project,Basic,Organic Search,0.0
2025-12-08,1015,cancel_subscription,Free,Organic Search,0.0
2025-12-08,676,app_open,Free,Email,0.0
2025-12-08,452,upload_video,Basic,Paid Ads,0.0
2025-12-08,253,upload_video,Free,Organic Search,0.0
2025-12-08,9,upload_video,Free,Organic Search,0.0
2025-12-08,268,app_open,Pro,Referral,0.0
2025-12-08,488,app_open,Free,Social Media,0.0
2025-12-08,667,create_project,Free,Email,0.0
2025-12-08,706,create_project,Free,Paid Ads,0.0
2025-12-08,130,cancel_subscription,Basic,Paid Ads,0.0
2025-12-08,625,subscribe,Enterprise,Paid Ads,193.91
2025-12-08,1050,app_open,Basic,Email,0.0
2025-12-08,915,subscribe,Free,Organic Search,0.0
2025-12-08,741,subscribe,Free,Social Media,0.0
2025-12-08,480,export_clip,Basic,Social Media,0.0
2025-12-08,478,cancel_subscription,Free,Organic Search,0.0
2025-12-08,106,upload_video,Basic,Organic Search,0.0
2025-12-08,228,upload_video,Basic,Email,0.0
2025-12-08,1112,create_project,Basic,Paid Ads,0.0
2025-12-08,326,create_project,Pro,Paid Ads,0.0
2025-12-08,378,create_project,Free,Organic Search,0.0
2025-12-08,145,create_project,Basic,Organic Search,0.0
2025-12-08,789,cancel_subscription,Free,Email,0.0
2025-12-08,881,export_clip,Free,Social Media,0.0
2025-12-08,855,upload_video,Free,Referral,0.0
2025-12-08,621,upload_video,Free,Paid Ads,0.0
2025-12-08,62,app_open,Enterprise,Paid Ads,0.0
2025-12-08,615,app_open,Basic,Social Media,0.0
2025-12-08,471,export_clip,Free,Organic Search,0.0
2025-12-08,1034,subscribe,Free,Paid Ads,0.0
2025-12-08,423,upload_video,Free,Social Media,11.35
2025-12-08,1144,app_open,Basic,Email,0.0
2025-12-08,290,create_project,Basic,Paid Ads,0.0
2025-12-08,838,app_open,Free,Social Media,0.0
2025-12-08,90,subscribe,Pro,Email,53.25
2025-12-08,311,subscribe,Free,Organic Search,0.0
2025-12-08,901,subscribe,Free,Organic Search,0.0
2025-12-08,406,upload_video,Free,Paid Ads,0.0
2025-12-08,1065,upload_video,Basic,Email,0.0
2025-12-08,262,create_project,Basic,Organic Search,0.0
2025-12-09,303,cancel_subscription,Basic,Email,0.0
2025-12-09,916,upload_video,Basic,Organic Search,0.0
2025-12-09,893,upload_video,Free,Paid Ads,0.0
2025-12-09,1107,app_open,Free,Referral,0.0
2025-12-09,1115,subscribe,Free,Referral,0.0
2025-12-09,453,export_clip,Free,Referral,0.0
2025-12-09,506,cancel_subscription,Basic,Referral,0.0
2025-12-09,476,upload_video,Basic,Email,0.0
2025-12-09,727,upload_video,Pro,Organic Search,0.0
2025-12-09,445,create_project,Pro,Referral,0.0
2025-12-09,450,subscribe,Free,Organic Search,0.0
2025-12-09,26,upload_video,Free,Social Media,0.0
2025-12-09,1106,export_clip,Free,Referral,0.0
2025-12-09,633,export_clip,Free,Email,0.0
2025-12-09,20,cancel_subscription,Pro,Email,0.0
2025-12-09,938,upload_video,Enterprise,Referral,0.0
2025-12-09,1059,cancel_subscription,Free,Email,0.0
2025-12-09,488,create_project,Pro,Organic Search,0.0
2025-12-09,2,export_clip,Free,Referral,0.0
2025-12-09,1080,export_clip,Enterprise,Referral,0.0
2025-12-09,1103,cancel_subscription,Free,Organic Search,0.0
2025-12-09,399,app_open,Free,Email,0.0
2025-12-09,659,export_clip,Free,Organic Search,0.0
2025-12-09,128,subscribe,Basic,Email,19.33
2025-12-09,1165,subscribe,Enterprise,Paid Ads,123.05
2025-12-09,396,app_open,Pro,Organic Search,0.0
2025-12-09,1013,cancel_subscription,Free,Organic Search,0.0
2025-12-09,516,subscribe,Enterprise,Email,142.11
2025-12-09,1119,export_clip,Basic,Organic Search,0.0
2025-12-09,351,cancel_subscription,Free,Organic Search,0.0
2025-12-09,677,cancel_subscription,Free,Referral,0.0
2025-12-09,1104,app_open,Free,Social Media,0.0
2025-12-09,1075,export_clip,Free,Email,0.0
2025-12-09,672,create_project,Free,Organic Search,0.0
2025-12-09,34,create_project,Pro,Email,0.0
2025-12-09,980,create_project,Free,Paid Ads,0.0
2025-12-09,531,upload_video,Free,Email,9.25
2025-12-09,333,subscribe,Free,Paid Ads,0.0
2025-12-09,251,app_open,Pro,Organic Search,0.0
2025-12-09,649,app_open,Pro,Paid Ads,0.0
2025-12-09,1142,upload_video,Basic,Email,0.0
2025-12-09,193,create_project,Free,Paid Ads,0.0
2025-12-09,1171,create_project,Pro,Email,0.0
2025-12-09,506,create_project,Basic,Referral,0.0
2025-12-09,45,subscribe,Free,Referral,0.0
2025-12-09,420,upload_video,Free,Organic Search,0.0
2025-12-09,932,export_clip,Pro,Referral,0.0
2025-12-09,244,create_project,Free,Social Media,0.0
2025-12-09,348,create_project,Free,Referral,0.0
2025-12-09,106,export_clip,Free,Paid Ads,0.0
2025-12-09,786,cancel_subscription,Basic,Organic Search,0.0
2025-12-10,166,app_open,Free,Referral,0.0
2025-12-10,151,subscribe,Basic,Email,18.67
2025-12-10,573,export_clip,Basic,Organic Search,0.0
2025-12-10,304,upload_video,Free,Social Media,0.0
2025-12-10,223,create_project,Free,Organic Search,0.0
2025-12-10,246,create_project,Free,Referral,0.0
2025-12-10,1111,create_project,Free,Organic Search,0.0
2025-12-10,866,upload_video,Pro,Social Media,0.0
2025-12-10,487,app_open,Pro,Email,0.0
2025-12-10,226,create_project,Basic,Organic Search,0.0
2025-12-10,1088,create_project,Basic,Email,0.0
2025-12-10,180,app_open,Basic,Email,0.0
2025-12-10,1038,app_open,Pro,Organic Search,0.0
2025-12-10,273,create_project,Basic,Organic Search,0.0
2025-12-10,995,export_clip,Pro,Referral,0.0
2025-12-10,111,cancel_subscription,Pro,Organic Search,0.0
2025-12-10,301,upload_video,Basic,Email,0.0
2025-12-10,222,create_project,Basic,Email,0.0
2025-12-10,289,create_project,Free,Paid Ads,0.0
2025-12-10,333,app_open,Basic,Organic Search,0.0
2025-12-10,450,create_project,Free,Email,0.0
2025-12-10,854,cancel_subscription,Free,Paid Ads,0.0
2025-12-10,754,upload_video,Free,Organic Search,0.0
2025-12-10,474,export_clip,Basic,Organic Search,0.0
2025-12-10,533,app_open,Free,Organic Search,0.0
2025-12-10,801,create_project,Pro,Paid Ads,0.0
2025-12-10,852,upload_video,Basic,Paid Ads,0.0
2025-12-10,362,upload_video,Basic,Organic Search,0.0
2025-12-10,566,upload_video,Pro,Referral,0.0
2025-12-10,800,upload_video,Free,Email,0.0
2025-12-10,1044,upload_video,Pro,Organic Search,0.0
2025-12-10,247,cancel_subscription,Pro,Paid Ads,0.0
2025-12-10,517,subscribe,Basic,Paid Ads,17.59
2025-12-10,451,export_clip,Free,Organic Search,32.41
2025-12-10,1001,cancel_subscription,Pro,Referral,0.0
2025-12-10,751,upload_video,Free,Organic Search,0.0
2025-12-10,996,subscribe,Pro,Social Media,44.15
2025-12-10,924,create_project,Free,Email,0.0
2025-12-10,73,cancel_subscription,Free,Organic Search,0.0
2025-12-11,76,app_open,Pro,Email,0.0
2025-12-11,463,export_clip,Basic,Organic Search,0.0
2025-12-11,332,create_project,Free,Social Media,0.0
2025-12-11,194,cancel_subscription,Pro,Referral,0.0
2025-12-11,830,export_clip,Free,Organic Search,0.0
2025-12-11,682,create_project,Free,Email,0.0
2025-12-11,710,upload_video,Free,Referral,0.0
2025-12-11,596,upload_video,Pro,Paid Ads,0.0
2025-12-11,784,app_open,Free,Organic Search,0.0
2025-12-11,819,app_open,Free,Email,0.0
2025-12-11,746,app_open,Free,Referral,0.0
2025-12-11,642,subscribe,Basic,Email,18.02
2025-12-11,1172,cancel_subscription,Free,Email,0.0
2025-12-11,645,create_project,Basic,Referral,0.0
2025-12-11,693,cancel_subscription,Pro,Organic Search,0.0
2025-12-11,479,subscribe,Pro,Email,61.14
2025-12-11,1123,upload_video,Free,Email,0.0
2025-12-11,586,create_project,Pro,Email,0.0
2025-12-11,815,app_open,Free,Organic Search,0.0
2025-12-11,398,cancel_subscription,Free,Organic Search,0.0
2025-12-11,998,app_open,Basic,Organic Search,0.0
2025-12-11,686,subscribe,Basic,Email,14.58
2025-12-11,662,cancel_subscription,Free,Organic Search,0.0
2025-12-11,353,cancel_subscription,Free,Referral,0.0
2025-12-11,1103,upload_video,Free,Organic Search,0.0
2025-12-11,264,upload_video,Pro,Referral,0.0
2025-12-11,736,export_clip,Basic,Email,55.49
2025-12-11,384,create_project,Pro,Organic Search,0.0
2025-12-11,221,cancel_subscription,Free,Organic Search,0.0
2025-12-11,369,upload_video,Free,Paid Ads,0.0
2025-12-11,629,cancel_subscription,Free,Organic Search,0.0
2025-12-11,790,upload_video,Free,Organic Search,0.0
2025-12-11,771,app_open,Free,Email,0.0
2025-12-11,914,cancel_subscription,Basic,Social Media,0.0
2025-12-11,670,create_project,Free,Referral,0.0
2025-12-11,790,upload_video,Free,Email,0.0
2025-12-11,1070,upload_video,Enterprise,Paid Ads,0.0
2025-12-11,704,subscribe,Pro,Organic Search,43.72
2025-12-11,320,app_open,Pro,Referral,0.0
2025-12-11,716,export_clip,Free,Referral,0.0
2025-12-11,170,export_clip,Free,Referral,0.0
2025-12-11,453,subscribe,Free,Organic Search,0.0
2025-12-11,913,app_open,Basic,Social Media,0.0
2025-12-11,1117,cancel_subscription,Free,Organic Search,0.0
2025-12-11,597,subscribe,Free,Email,0.0
2025-12-11,73,subscribe,Basic,Organic Search,20.2
2025-12-11,173,app_open,Basic,Paid Ads,0.0
2025-12-11,762,upload_video,Basic,Organic Search,0.0
2025-12-11,22,export_clip,Enterprise,Social Media,0.0
2025-12-11,1135,app_open,Basic,Referral,0.0
2025-12-11,1117,app_open,Free,Paid Ads,0.0
2025-12-11,352,upload_video,Basic,Email,39.11
2025-12-11,752,subscribe,Pro,Email,44.89
2025-12-11,15,app_open,Pro,Referral,0.0
2025-12-12,558,subscribe,Free,Email,0.0
2025-12-12,714,upload_video,Basic,Social Media,0.0
2025-12-12,774,app_open,Pro,Referral,0.0
2025-12-12,931,upload_video,Free,Social Media,0.0
2025-12-12,752,upload_video,Basic,Referral,0.0
2025-12-12,12,upload_video,Basic,Referral,0.0
2025-12-12,1086,export_clip,Pro,Email,0.0
2025-12-12,931,export_clip,Free,Organic Search,0.0
2025-12-12,578,export_clip,Free,Social Media,34.94
2025-12-12,92,app_open,Basic,Social Media,0.0
2025-12-12,964,upload_video,Pro,Organic Search,0.0
2025-12-12,562,export_clip,Basic,Organic Search,0.0
2025-12-12,423,cancel_subscription,Free,Email,0.0
2025-12-12,345,create_project,Basic,Organic Search,0.0
2025-12-12,550,app_open,Pro,Social Media,0.0
2025-12-12,818,subscribe,Basic,Email,18.95
2025-12-12,229,app_open,Free,Paid Ads,0.0
2025-12-12,676,subscribe,Free,Referral,0.0
2025-12-12,1057,export_clip,Free,Referral,0.0
2025-12-12,183,app_open,Pro,Organic Search,0.0
2025-12-12,1109,create_project,Free,Referral,0.0
2025-12-12,204,upload_video,Basic,Referral,22.67
2025-12-12,1139,upload_video,Pro,Organic Search,0.0
2025-12-12,1118,app_open,Basic,Email,0.0
2025-12-12,301,export_clip,Pro,Email,0.0
2025-12-12,485,export_clip,Free,Paid Ads,0.0
2025-12-12,78,export_clip,Free,Paid Ads,0.0
2025-12-12,852,upload_video,Pro,Social Media,0.0
2025-12-12,151,upload_video,Free,Email,0.0
2025-12-12,528,subscribe,Pro,Organic Search,57.18
2025-12-12,490,app_open,Free,Organic Search,0.0
2025-12-12,1135,create_project,Pro,Organic Search,0.0
2025-12-12,411,cancel_subscription,Basic,Referral,0.0
2025-12-12,503,upload_video,Free,Social Media,0.0
2025-12-12,155,upload_video,Free,Organic Search,0.0
2025-12-12,24,export_clip,Free,Social Media,0.0
2025-12-12,233,app_open,Basic,Referral,0.0
2025-12-12,790,export_clip,Free,Email,0.0
2025-12-12,107,app_open,Pro,Organic Search,0.0
2025-12-12,859,export_clip,Pro,Organic Search,0.0
2025-12-12,207,app_open,Free,Organic Search,0.0
2025-12-12,1187,app_open,Free,Organic Search,0.0
2025-12-12,1142,subscribe,Free,Referral,0.0
2025-12-12,1147,export_clip,Basic,Paid Ads,0.0
2025-12-12,1010,subscribe,Pro,Referral,50.33
2025-12-12,1102,export_clip,Free,Paid Ads,0.0
2025-12-12,1036,upload_video,Free,Referral,0.0
2025-12-12,74,create_project,Basic,Email,66.58
2025-12-12,919,cancel_subscription,Basic,Paid Ads,0.0
2025-12-12,568,app_open,Free,Email,0.0
2025-12-12,1030,app_open,Free,Referral,0.0
2025-12-12,1169,create_project,Pro,Paid Ads,0.0
2025-12-12,871,app_open,Basic,Paid Ads,0.0
2025-12-12,746,export_clip,Basic,Paid Ads,0.0
2025-12-13,824,app_open,Basic,Referral,0.0
2025-12-13,1033,app_open,Pro,Email,0.0
2025-12-13,783,create_project,Enterprise,Referral,0.0
2025-12-13,340,upload_video,Basic,Paid Ads,66.88
2025-12-13,64,subscribe,Free,Referral,0.0
2025-12-13,782,app_open,Free,Email,0.0
2025-12-13,1129,app_open,Free,Organic Search,0.0
2025-12-13,724,upload_video,Basic,Organic Search,0.0
2025-12-13,512,subscribe,Free,Paid Ads,0.0
2025-12-13,318,export_clip,Basic,Referral,0.0
2025-12-13,126,export_clip,Free,Social Media,0.0
2025-12-13,1148,export_clip,Free,Email,0.0
2025-12-13,314,subscribe,Basic,Organic Search,19.92
2025-12-13,964,create_project,Pro,Social Media,0.0
2025-12-13,330,subscribe,Pro,Referral,38.95
2025-12-13,111,app_open,Free,Email,0.0
2025-12-13,909,subscribe,Free,Referral,0.0
2025-12-13,742,upload_video,Pro,Paid Ads,0.0
2025-12-13,946,app_open,Pro,Email,0.0
2025-12-13,480,app_open,Basic,Email,0.0
2025-12-13,1050,upload_video,Pro,Social Media,0.0
2025-12-13,537,upload_video,Free,Social Media,0.0
2025-12-13,942,create_project,Free,Referral,0.0
2025-12-13,830,upload_video,Pro,Referral,0.0
2025-12-13,296,app_open,Free,Organic Search,0.0
2025-12-13,10,create_project,Pro,Email,0.0
2025-12-13,223,create_project,Pro,Paid Ads,0.0
2025-12-13,531,app_open,Free,Organic Search,0.0
2025-12-13,522,app_open,Pro,Paid Ads,0.0
2025-12-13,675,export_clip,Free,Social Media,0.0
2025-12-13,325,cancel_subscription,Basic,Email,0.0
2025-12-13,74,create_project,Basic,Email,29.05
2025-12-13,232,upload_video,Basic,Organic Search,0.0
2025-12-13,83,subscribe,Free,Organic Search,0.0
2025-12-13,10,app_open,Enterprise,Paid Ads,0.0
2025-12-13,912,create_project,Free,Paid Ads,0.0
2025-12-13,146,export_clip,Free,Paid Ads,0.0
2025-12-13,434,app_open,Free,Social Media,0.0
2025-12-13,21,app_open,Pro,Paid Ads,0.0
2025-12-13,938,subscribe,Free,Email,0.0
2025-12-13,1006,app_open,Basic,Referral,0.0
2025-12-13,680,subscribe,Free,Email,0.0
2025-12-13,239,upload_video,Basic,Social Media,0.0
2025-12-13,1012,subscribe,Free,Organic Search,0.0
2025-12-13,281,create_project,Free,Social Media,0.0
2025-12-13,39,upload_video,Enterprise,Paid Ads,0.0
2025-12-13,1067,subscribe,Pro,Email,48.85
2025-12-13,1012,app_open,Basic,Email,0.0
2025-12-13,378,export_clip,Enterprise,Organic Search,0.0
2025-12-13,903,export_clip,Free,Email,0.0
2025-12-13,998,app_open,Basic,Paid Ads,0.0
2025-12-13,1154,upload_video,Free,Paid Ads,0.0
2025-12-13,867,app_open,Free,Paid Ads,0.0
2025-12-13,323,export_clip,Basic,Social Media,0.0
2025-12-14,345,subscribe,Basic,Referral,20.22
2025-12-14,479,upload_video,Free,Organic Search,0.0
2025-12-14,627,upload_video,Free,Referral,0.0
2025-12-14,519,upload_video,Basic,Social Media,0.0
2025-12-14,988,cancel_subscription,Enterprise,Email,0.0
2025-12-14,395,cancel_subscription,Pro,Organic Search,0.0
2025-12-14,766,upload_video,Pro,Organic Search,0.0
2025-12-14,784,upload_video,Free,Paid Ads,0.0
2025-12-14,385,export_clip,Free,Organic Search,0.0
2025-12-14,262,export_clip,Free,Social Media,0.0
2025-12-14,639,upload_video,Pro,Referral,0.0
2025-12-14,226,export_clip,Pro,Email,0.0
2025-12-14,889,subscribe,Pro,Social Media,57.01
2025-12-14,1130,upload_video,Free,Organic Search,0.0
2025-12-14,297,upload_video,Free,Organic Search,0.0
2025-12-14,246,subscribe,Pro,Email,39.58
2025-12-14,744,upload_video,Free,Organic Search,0.0
2025-12-14,1078,subscribe,Free,Email,0.0
2025-12-14,58,cancel_subscription,Enterprise,Email,0.0
2025-12-14,778,upload_video,Free,Organic Search,0.0
2025-12-14,958,export_clip,Free,Organic Search,0.0
2025-12-14,1070,create_project,Enterprise,Social Media,0.0
2025-12-14,788,create_project,Free,Organic Search,0.0
2025-12-14,343,app_open,Free,Email,0.0
2025-12-14,610,cancel_subscription,Free,Paid Ads,0.0
2025-12-14,941,app_open,Pro,Email,0.0
2025-12-14,821,export_clip,Basic,Social Media,0.0
2025-12-14,651,cancel_subscription,Free,Paid Ads,0.0
2025-12-14,874,subscribe,Basic,Referral,16.59
2025-12-14,298,cancel_subscription,Basic,Organic Search,0.0
2025-12-14,1165,export_clip,Pro,Organic Search,0.0
2025-12-14,1150,app_open,Basic,Organic Search,0.0
2025-12-14,918,subscribe,Basic,Paid Ads,21.71
2025-12-14,919,cancel_subscription,Basic,Paid Ads,0.0
2025-12-14,104,upload_video,Enterprise,Social Media,0.0
2025-12-14,949,cancel_subscription,Pro,Organic Search,0.0
2025-12-14,849,export_clip,Basic,Organic Search,0.0
2025-12-14,1088,subscribe,Pro,Organic Search,46.21
2025-12-14,909,export_clip,Free,Organic Search,0.0
2025-12-14,299,upload_video,Free,Social Media,0.0
2025-12-14,1194,export_clip,Free,Paid Ads,0.0
2025-12-14,1182,create_project,Basic,Organic Search,0.0
2025-12-14,208,create_project,Pro,Paid Ads,0.0
2025-12-14,582,app_open,Free,Organic Search,0.0
2025-12-14,439,cancel_subscription,Free,Social Media,0.0
2025-12-14,591,cancel_subscription,Free,Organic Search,38.55
2025-12-14,979,app_open,Free,Social Media,0.0
2025-12-14,435,export_clip,Free,Email,28.32
2025-12-14,104,create_project,Basic,Referral,0.0
2025-12-14,1131,export_clip,Free,Email,0.0
2025-12-14,976,upload_video,Basic,Organic Search,0.0
2025-12-15,676,subscribe,Free,Social Media,62.4
2025-12-15,587,export_clip,Basic,Email,0.0
2025-12-15,163,create_project,Free,Email,0.0
2025-12-15,489,export_clip,Free,Organic Search,54.73
2025-12-15,271,subscribe,Free,Organic Search,36.12
2025-12-15,460,app_open,Free,Referral,0.0
2025-12-15,899,app_open,Basic,Email,0.0
2025-12-15,491,subscribe,Pro,Email,44.39
2025-12-15,128,subscribe,Basic,Organic Search,17.07
2025-12-15,729,create_project,Basic,Email,0.0
2025-12-15,702,create_project,Free,Email,0.0
2025-12-15,1080,subscribe,Basic,Organic Search,15.2
2025-12-15,1191,subscribe,Free,Email,0.0
2025-12-15,156,cancel_subscription,Free,Social Media,0.0
2025-12-15,254,app_open,Pro,Referral,0.0
2025-12-15,950,cancel_subscription,Free,Organic Search,0.0
2025-12-15,91,cancel_subscription,Basic,Social Media,0.0
2025-12-15,1073,create_project,Pro,Organic Search,0.0
2025-12-15,930,app_open,Basic,Referral,0.0
2025-12-15,815,create_project,Free,Referral,0.0
2025-12-15,1136,subscribe,Enterprise,Paid Ads,134.58
2025-12-15,447,subscribe,Free,Organic Search,0.0
2025-12-15,185,app_open,Free,Referral,0.0
2025-12-15,359,upload_video,Free,Paid Ads,0.0
2025-12-15,279,create_project,Basic,Organic Search,0.0
2025-12-15,788,cancel_subscription,Free,Paid Ads,0.0
2025-12-15,1155,app_open,Basic,Email,0.0
2025-12-15,1181,export_clip,Free,Social Media,0.0
2025-12-15,98,export_clip,Free,Email,0.0
2025-12-15,278,export_clip,Pro,Social Media,0.0
2025-12-15,35,upload_video,Basic,Email,0.0
2025-12-15,835,subscribe,Enterprise,Referral,159.15
2025-12-15,233,app_open,Free,Organic Search,0.0
2025-12-15,528,export_clip,Free,Email,0.0
2025-12-15,261,app_open,Pro,Email,0.0
2025-12-15,547,app_open,Free,Referral,0.0
2025-12-15,1089,create_project,Enterprise,Email,0.0
2025-12-15,1010,upload_video,Free,Email,0.0
2025-12-15,978,app_open,Basic,Paid Ads,0.0
2025-12-15,364,export_clip,Free,Organic Search,0.0
2025-12-16,261,upload_video,Pro,Email,0.0
2025-12-16,203,app_open,Basic,Paid Ads,0.0
2025-12-16,1093,export_clip,Free,Referral,0.0
2025-12-16,32,create_project,Free,Paid Ads,0.0
2025-12-16,844,upload_video,Free,Organic Search,0.0
2025-12-16,1178,upload_video,Free,Organic Search,0.0
2025-12-16,568,app_open,Basic,Social Media,0.0
2025-12-16,56,app_open,Basic,Social Media,0.0
2025-12-16,634,export_clip,Pro,Email,0.0
2025-12-16,356,app_open,Pro,Paid Ads,0.0
2025-12-16,184,app_open,Pro,Email,0.0
2025-12-16,324,create_project,Free,Email,0.0
2025-12-16,1002,export_clip,Free,Social Media,0.0
2025-12-16,513,cancel_subscription,Free,Email,0.0
2025-12-16,254,create_project,Free,Organic Search,72.61
2025-12-16,1042,export_clip,Free,Organic Search,0.0
2025-12-16,1124,upload_video,Basic,Organic Search,0.0
2025-12-16,832,subscribe,Enterprise,Email,167.31
2025-12-16,48,cancel_subscription,Basic,Organic Search,0.0
2025-12-16,1130,export_clip,Free,Organic Search,0.0
2025-12-16,26,upload_video,Free,Referral,0.0
2025-12-16,958,upload_video,Pro,Organic Search,0.0
2025-12-16,733,upload_video,Basic,Referral,0.0
2025-12-16,1054,upload_video,Basic,Referral,0.0
2025-12-16,597,upload_video,Pro,Social Media,56.98
2025-12-16,1171,create_project,Basic,Paid Ads,0.0
2025-12-16,86,create_project,Free,Paid Ads,0.0
2025-12-16,787,create_project,Free,Email,0.0
2025-12-16,586,subscribe,Free,Social Media,0.0
2025-12-16,208,upload_video,Basic,Organic Search,0.0
2025-12-16,487,export_clip,Free,Email,0.0
2025-12-16,569,subscribe,Free,Email,0.0
2025-12-16,1004,create_project,Free,Organic Search,0.0
2025-12-16,846,upload_video,Basic,Social Media,0.0
2025-12-16,474,app_open,Free,Email,0.0
2025-12-16,67,upload_video,Free,Organic Search,0.0
2025-12-16,280,cancel_subscription,Pro,Referral,0.0
2025-12-16,953,export_clip,Basic,Organic Search,0.0
2025-12-16,108,cancel_subscription,Free,Social Media,0.0
2025-12-16,946,app_open,Free,Referral,0.0
2025-12-16,547,create_project,Free,Email,0.0
2025-12-16,288,subscribe,Pro,Email,41.23
2025-12-16,321,subscribe,Free,Organic Search,0.0
2025-12-16,736,upload_video,Basic,Organic Search,0.0
2025-12-16,1064,export_clip,Free,Paid Ads,0.0
2025-12-16,298,cancel_subscription,Free,Social Media,0.0
2025-12-16,178,cancel_subscription,Basic,Referral,0.0
2025-12-16,979,export_clip,Free,Paid Ads,0.0
2025-12-16,1091,subscribe,Basic,Email,19.92
2025-12-16,447,app_open,Free,Social Media,0.0
2025-12-16,856,subscribe,Free,Social Media,0.0
2025-12-16,930,subscribe,Pro,Organic Search,52.39
2025-12-16,766,app_open,Free,Email,0.0
2025-12-16,798,subscribe,Basic,Referral,17.84
2025-12-17,724,create_project,Free,Social Media,0.0
2025-12-17,658,subscribe,Free,Referral,0.0
2025-12-17,715,upload_video,Free,Organic Search,0.0
2025-12-17,298,app_open,Pro,Organic Search,0.0
2025-12-17,439,export_clip,Free,Paid Ads,0.0
2025-12-17,373,app_open,Pro,Organic Search,0.0
2025-12-17,27,app_open,Free,Organic Search,0.0
2025-12-17,802,upload_video,Free,Organic Search,0.0
2025-12-17,729,subscribe,Enterprise,Organic Search,101.12
2025-12-17,610,subscribe,Pro,Organic Search,55.43
2025-12-17,508,app_open,Free,Email,0.0
2025-12-17,1163,export_clip,Free,Organic Search,0.0
2025-12-17,42,subscribe,Pro,Email,44.08
2025-12-17,763,subscribe,Basic,Email,16.99
2025-12-17,1020,app_open,Free,Referral,0.0
2025-12-17,47,app_open,Free,Paid Ads,0.0
2025-12-17,203,app_open,Free,Paid Ads,0.0
2025-12-17,884,app_open,Free,Referral,0.0
2025-12-17,261,app_open,Free,Social Media,0.0
2025-12-17,1105,create_project,Free,Email,0.0
2025-12-17,674,export_clip,Enterprise,Organic Search,0.0
2025-12-17,294,upload_video,Basic,Organic Search,0.0
2025-12-17,911,export_clip,Free,Email,0.0
2025-12-17,633,upload_video,Free,Referral,0.0
2025-12-17,875,cancel_subscription,Free,Organic Search,0.0
2025-12-17,111,cancel_subscription,Pro,Social Media,0.0
2025-12-17,485,cancel_subscription,Basic,Referral,0.0
2025-12-17,257,create_project,Pro,Organic Search,0.0
2025-12-17,350,subscribe,Basic,Email,18.66
2025-12-17,991,subscribe,Basic,Referral,18.16
2025-12-17,1040,app_open,Pro,Organic Search,0.0
2025-12-17,554,upload_video,Free,Referral,0.0
2025-12-17,598,create_project,Free,Organic Search,0.0
2025-12-17,1177,app_open,Free,Organic Search,0.0
2025-12-17,278,app_open,Basic,Social Media,0.0
2025-12-17,968,export_clip,Basic,Paid Ads,0.0
2025-12-17,921,subscribe,Free,Referral,0.0
2025-12-17,395,export_clip,Basic,Social Media,0.0
2025-12-17,1180,upload_video,Basic,Email,0.0
2025-12-17,1153,app_open,Free,Referral,0.0
2025-12-17,256,app_open,Basic,Social Media,0.0
2025-12-17,622,upload_video,Free,Email,0.0
2025-12-17,167,create_project,Free,Paid Ads,0.0
2025-12-17,39,subscribe,Free,Organic Search,0.0
2025-12-18,655,export_clip,Free,Organic Search,0.0
2025-12-18,761,export_clip,Basic,Email,0.0
2025-12-18,974,subscribe,Basic,Referral,18.09
2025-12-18,680,upload_video,Enterprise,Organic Search,0.0
2025-12-18,747,upload_video,Free,Organic Search,0.0
2025-12-18,636,export_clip,Free,Email,11.08
2025-12-18,1110,create_project,Free,Paid Ads,0.0
2025-12-18,1131,export_clip,Basic,Email,0.0
2025-12-18,63,upload_video,Free,Social Media,0.0
2025-12-18,515,create_project,Basic,Organic Search,0.0
2025-12-18,280,app_open,Basic,Referral,0.0
2025-12-18,20,export_clip,Free,Social Media,0.0
2025-12-18,938,subscribe,Enterprise,Paid Ads,166.38
2025-12-18,235,upload_video,Basic,Organic Search,0.0
2025-12-18,483,upload_video,Free,Email,0.0
2025-12-18,445,cancel_subscription,Basic,Referral,0.0
2025-12-18,554,subscribe,Free,Organic Search,0.0
2025-12-18,1175,app_open,Free,Social Media,0.0
2025-12-18,909,export_clip,Free,Organic Search,0.0
2025-12-18,101,subscribe,Basic,Referral,18.46
2025-12-18,365,export_clip,Basic,Social Media,0.0
2025-12-18,165,cancel_subscription,Free,Referral,0.0
2025-12-18,837,subscribe,Basic,Organic Search,20.88
2025-12-18,446,subscribe,Basic,Organic Search,19.83
2025-12-18,83,subscribe,Basic,Email,19.02
2025-12-18,664,create_project,Pro,Referral,0.0
2025-12-18,269,app_open,Free,Social Media,0.0
2025-12-18,784,export_clip,Free,Social Media,0.0
2025-12-18,119,export_clip,Basic,Email,0.0
2025-12-18,844,upload_video,Free,Organic Search,0.0
2025-12-18,131,export_clip,Free,Organic Search,0.0
2025-12-18,645,upload_video,Pro,Referral,0.0
2025-12-18,620,subscribe,Free,Email,0.0
2025-12-18,207,subscribe,Basic,Email,16.45
2025-12-18,881,upload_video,Free,Paid Ads,0.0
2025-12-18,198,upload_video,Pro,Organic Search,0.0
2025-12-18,94,export_clip,Free,Organic Search,0.0
2025-12-18,257,create_project,Free,Organic Search,0.0
2025-12-18,777,export_clip,Basic,Social Media,0.0
2025-12-18,620,subscribe,Basic,Referral,19.37
2025-12-18,564,cancel_subscription,Free,Email,0.0
2025-12-18,435,app_open,Basic,Social Media,0.0
2025-12-18,632,subscribe,Free,Organic Search,0.0
2025-12-18,474,export_clip,Free,Social Media,0.0
2025-12-18,1106,subscribe,Free,Social Media,0.0
2025-12-18,655,export_clip,Free,Paid Ads,0.0
2025-12-18,297,upload_video,Free,Organic Search,0.0
2025-12-18,401,export_clip,Free,Email,0.0
2025-12-18,257,cancel_subscription,Free,Organic Search,0.0
2025-12-18,487,create_project,Free,Organic Search,0.0
2025-12-18,402,upload_video,Free,Paid Ads,0.0
2025-12-18,1182,app_open,Free,Email,0.0
2025-12-19,168,subscribe,Pro,Email,49.57
2025-12-19,643,create_project,Free,Paid Ads,0.0
2025-12-19,365,subscribe,Pro,Organic Search,49.54
2025-12-19,885,create_project,Free,Paid Ads,0.0
2025-12-19,171,app_open,Basic,Organic Search,0.0
2025-12-19,42,upload_video,Basic,Paid Ads,47.99
2025-12-19,569,export_clip,Pro,Social Media,0.0
2025-12-19,1066,subscribe,Pro,Email,50.43
2025-12-19,727,export_clip,Free,Email,0.0
2025-12-19,44,app_open,Basic,Email,0.0
2025-12-19,1036,app_open,Pro,Referral,0.0
2025-12-19,773,cancel_subscription,Free,Organic Search,0.0
2025-12-19,56,upload_video,Pro,Paid Ads,0.0
2025-12-19,834,app_open,Basic,Paid Ads,0.0
2025-12-19,148,export_clip,Free,Organic Search,0.0
2025-12-19,108,create_project,Pro,Organic Search,0.0
2025-12-19,96,upload_video,Free,Social Media,0.0
2025-12-19,1088,app_open,Basic,Organic Search,0.0
2025-12-19,1133,subscribe,Free,Social Media,0.0
2025-12-19,799,upload_video,Free,Social Media,0.0
2025-12-19,966,app_open,Basic,Paid Ads,0.0
2025-12-19,607,app_open,Free,Paid Ads,0.0
2025-12-19,877,app_open,Basic,Organic Search,0.0
2025-12-19,451,create_project,Free,Organic Search,0.0
2025-12-19,1118,app_open,Free,Referral,0.0
2025-12-19,696,export_clip,Enterprise,Paid Ads,0.0
2025-12-19,471,upload_video,Free,Social Media,0.0
2025-12-19,631,upload_video,Free,Organic Search,0.0
2025-12-19,211,export_clip,Basic,Social Media,0.0
2025-12-19,336,create_project,Basic,Organic Search,0.0
2025-12-19,363,export_clip,Enterprise,Paid Ads,97.9
2025-12-19,910,upload_video,Free,Social Media,0.0
2025-12-19,198,app_open,Free,Organic Search,0.0
2025-12-19,50,app_open,Enterprise,Email,0.0
2025-12-19,1096,export_clip,Pro,Organic Search,0.0
2025-12-19,648,subscribe,Free,Organic Search,0.0
2025-12-19,633,app_open,Free,Organic Search,0.0
2025-12-19,1021,app_open,Enterprise,Organic Search,0.0
2025-12-19,523,upload_video,Free,Organic Search,0.0
2025-12-19,636,export_clip,Enterprise,Email,0.0
2025-12-19,838,subscribe,Free,Paid Ads,0.0
2025-12-19,287,upload_video,Free,Email,0.0
2025-12-19,529,app_open,Basic,Paid Ads,42.19
2025-12-19,892,subscribe,Basic,Organic Search,18.91
2025-12-19,24,upload_video,Basic,Social Media,0.0
2025-12-19,65,cancel_subscription,Basic,Organic Search,0.0
2025-12-19,254,create_project,Free,Social Media,0.0
2025-12-19,1158,app_open,Free,Paid Ads,0.0
2025-12-19,1077,subscribe,Free,Referral,0.0
2025-12-19,227,cancel_subscription,Basic,Organic Search,0.0
2025-12-19,875,app_open,Free,Organic Search,0.0
2025-12-19,271,upload_video,Basic,Email,0.0
2025-12-19,914,subscribe,Free,Email,0.0
2025-12-19,300,create_project,Free,Social Media,0.0
2025-12-19,809,subscribe,Pro,Social Media,51.42
2025-12-19,74,export_clip,Pro,Referral,0.0
2025-12-19,888,subscribe,Pro,Referral,57.11
2025-12-19,646,subscribe,Basic,Email,23.22
2025-12-19,135,subscribe,Free,Social Media,0.0
2025-12-19,1070,upload_video,Pro,Email,0.0
2025-12-19,957,export_clip,Basic,Email,0.0
2025-12-19,55,subscribe,Free,Organic Search,0.0
2025-12-20,1151,upload_video,Basic,Email,0.0
2025-12-20,565,app_open,Basic,Organic Search,0.0
2025-12-20,1005,export_clip,Basic,Email,0.0
2025-12-20,220,create_project,Free,Organic Search,0.0
2025-12-20,434,subscribe,Basic,Social Media,16.2
2025-12-20,1100,export_clip,Basic,Organic Search,0.0
2025-12-20,1142,upload_video,Pro,Paid Ads,0.0
2025-12-20,11,cancel_subscription,Basic,Email,0.0
2025-12-20,559,subscribe,Enterprise,Email,163.36
2025-12-20,1127,create_project,Free,Email,47.89
2025-12-20,511,export_clip,Pro,Referral,0.0
2025-12-20,23,upload_video,Basic,Email,0.0
2025-12-20,1186,create_project,Free,Referral,0.0
2025-12-20,355,upload_video,Basic,Organic Search,0.0
2025-12-20,1151,subscribe,Free,Organic Search,0.0
2025-12-20,340,create_project,Enterprise,Paid Ads,0.0
2025-12-20,1104,cancel_subscription,Free,Email,0.0
2025-12-20,278,export_clip,Free,Paid Ads,0.0
2025-12-20,970,app_open,Free,Organic Search,0.0
2025-12-20,935,upload_video,Pro,Email,0.0
2025-12-20,926,app_open,Free,Social Media,0.0
2025-12-20,1099,upload_video,Basic,Social Media,0.0
2025-12-20,1103,subscribe,Basic,Organic Search,17.48
2025-12-20,60,create_project,Basic,Social Media,0.0
2025-12-20,721,upload_video,Pro,Social Media,0.0
2025-12-20,1087,app_open,Basic,Email,0.0
2025-12-20,990,cancel_subscription,Basic,Email,0.0
2025-12-20,286,upload_video,Free,Referral,0.0
2025-12-20,1088,export_clip,Basic,Organic Search,0.0
2025-12-20,1039,upload_video,Pro,Social Media,0.0
2025-12-20,499,export_clip,Basic,Social Media,0.0
2025-12-20,379,cancel_subscription,Basic,Organic Search,0.0
2025-12-20,331,create_project,Pro,Organic Search,0.0
2025-12-20,792,export_clip,Free,Organic Search,0.0
2025-12-20,225,app_open,Free,Email,0.0
2025-12-20,1148,subscribe,Free,Social Media,0.0
2025-12-20,932,cancel_subscription,Basic,Organic Search,0.0
2025-12-20,738,cancel_subscription,Pro,Organic Search,0.0
2025-12-20,579,subscribe,Pro,Referral,42.51
2025-12-20,1040,app_open,Free,Organic Search,0.0
2025-12-20,770,subscribe,Free,Organic Search,0.0
2025-12-20,515,cancel_subscription,Pro,Social Media,0.0
2025-12-20,120,create_project,Basic,Organic Search,0.0
2025-12-20,584,subscribe,Free,Referral,0.0
2025-12-20,383,upload_video,Free,Paid Ads,0.0
2025-12-20,70,cancel_subscription,Basic,Email,0.0
2025-12-20,1007,upload_video,Pro,Organic Search,35.12
2025-12-20,650,app_open,Pro,Social Media,0.0
2025-12-20,694,upload_video,Free,Email,24.13
2025-12-20,410,subscribe,Enterprise,Social Media,170.49
2025-12-20,152,cancel_subscription,Free,Email,0.0
2025-12-20,142,subscribe,Basic,Paid Ads,17.33
2025-12-20,894,cancel_subscription,Basic,Email,0.0
2025-12-20,267,create_project,Free,Paid Ads,77.02
2025-12-20,681,subscribe,Enterprise,Email,137.4
2025-12-20,330,create_project,Free,Organic Search,0.0
2025-12-20,992,upload_video,Pro,Email,0.0
2025-12-20,407,create_project,Pro,Organic Search,0.0
2025-12-20,817,export_clip,Free,Organic Search,0.0
2025-12-20,845,export_clip,Free,Referral,0.0
2025-12-20,67,app_open,Free,Social Media,0.0
2025-12-21,1105,app_open,Free,Referral,0.0
2025-12-21,496,subscribe,Pro,Referral,49.04
2025-12-21,100,subscribe,Free,Referral,0.0
2025-12-21,401,app_open,Pro,Social Media,0.0
2025-12-21,710,subscribe,Basic,Organic Search,18.68
2025-12-21,1194,app_open,Basic,Social Media,0.0
2025-12-21,307,subscribe,Pro,Social Media,43.4
2025-12-21,182,cancel_subscription,Free,Referral,0.0
2025-12-21,366,create_project,Free,Referral,0.0
2025-12-21,218,upload_video,Free,Social Media,0.0
2025-12-21,584,export_clip,Free,Email,0.0
2025-12-21,686,app_open,Basic,Social Media,0.0
2025-12-21,319,upload_video,Basic,Paid Ads,0.0
2025-12-21,252,subscribe,Pro,Referral,47.0
2025-12-21,161,app_open,Basic,Social Media,0.0
2025-12-21,973,create_project,Pro,Referral,0.0
2025-12-21,198,export_clip,Basic,Email,0.0
2025-12-21,504,upload_video,Pro,Social Media,0.0
2025-12-21,535,upload_video,Enterprise,Social Media,0.0
2025-12-21,78,upload_video,Pro,Email,0.0
2025-12-21,815,create_project,Free,Organic Search,0.0
2025-12-21,261,app_open,Free,Organic Search,0.0
2025-12-21,209,create_project,Free,Email,0.0
2025-12-21,114,cancel_subscription,Free,Referral,0.0
2025-12-21,502,create_project,Basic,Email,0.0
2025-12-21,205,subscribe,Free,Social Media,0.0
2025-12-21,182,create_project,Basic,Referral,0.0
2025-12-21,423,create_project,Basic,Referral,0.0
2025-12-21,1200,subscribe,Free,Organic Search,0.0
2025-12-21,1067,create_project,Basic,Referral,0.0
2025-12-21,227,subscribe,Enterprise,Organic Search,133.98
2025-12-21,970,upload_video,Basic,Email,0.0
2025-12-21,760,subscribe,Free,Paid Ads,0.0
2025-12-21,282,create_project,Free,Social Media,0.0
2025-12-21,22,app_open,Pro,Organic Search,0.0
2025-12-21,567,subscribe,Free,Paid Ads,66.55
2025-12-21,674,upload_video,Basic,Organic Search,0.0
2025-12-21,938,subscribe,Free,Organic Search,0.0
2025-12-21,365,subscribe,Free,Paid Ads,0.0
2025-12-21,547,create_project,Pro,Paid Ads,0.0
2025-12-21,476,cancel_subscription,Free,Referral,0.0
2025-12-21,1100,export_clip,Pro,Referral,0.0
2025-12-21,567,create_project,Basic,Email,0.0
2025-12-21,1126,upload_video,Free,Organic Search,0.0
2025-12-21,80,cancel_subscription,Free,Paid Ads,0.0
2025-12-22,674,upload_video,Free,Organic Search,0.0
2025-12-22,645,upload_video,Free,Social Media,0.0
2025-12-22,448,export_clip,Free,Organic Search,0.0
2025-12-22,600,app_open,Free,Referral,0.0
2025-12-22,1072,export_clip,Free,Organic Search,0.0
2025-12-22,32,cancel_subscription,Free,Organic Search,0.0
2025-12-22,869,export_clip,Basic,Paid Ads,0.0
2025-12-22,103,app_open,Pro,Social Media,0.0
2025-12-22,178,export_clip,Pro,Social Media,0.0
2025-12-22,847,app_open,Enterprise,Organic Search,0.0
2025-12-22,331,upload_video,Free,Organic Search,0.0
2025-12-22,1084,upload_video,Free,Organic Search,0.0
2025-12-22,602,app_open,Basic,Email,0.0
2025-12-22,695,cancel_subscription,Pro,Social Media,0.0
2025-12-22,1175,export_clip,Enterprise,Email,0.0
2025-12-22,503,app_open,Basic,Organic Search,0.0
2025-12-22,198,export_clip,Free,Referral,0.0
2025-12-22,561,app_open,Basic,Social Media,0.0
2025-12-22,508,upload_video,Free,Referral,0.0
2025-12-22,439,cancel_subscription,Basic,Social Media,0.0
2025-12-22,87,app_open,Free,Referral,0.0
2025-12-22,290,create_project,Basic,Organic Search,0.0
2025-12-22,191,cancel_subscription,Free,Email,0.0
2025-12-22,533,subscribe,Free,Social Media,0.0
2025-12-22,213,export_clip,Free,Referral,0.0
2025-12-22,325,create_project,Pro,Referral,0.0
2025-12-22,1074,create_project,Basic,Email,0.0
2025-12-22,677,upload_video,Free,Referral,0.0
2025-12-22,246,cancel_subscription,Pro,Email,0.0
2025-12-22,1140,create_project,Basic,Organic Search,0.0
2025-12-22,207,export_clip,Basic,Organic Search,0.0
2025-12-22,447,create_project,Basic,Organic Search,0.0
2025-12-22,658,upload_video,Basic,Social Media,0.0
2025-12-22,373,subscribe,Free,Organic Search,0.0
2025-12-22,1044,upload_video,Basic,Paid Ads,0.0
2025-12-22,941,create_project,Free,Organic Search,0.0
2025-12-22,35,create_project,Pro,Paid Ads,0.0
2025-12-22,181,app_open,Free,Social Media,0.0
2025-12-22,528,cancel_subscription,Free,Social Media,0.0
2025-12-22,839,cancel_subscription,Pro,Paid Ads,0.0
2025-12-22,435,subscribe,Basic,Social Media,17.57
2025-12-22,613,app_open,Free,Paid Ads,0.0
2025-12-22,673,upload_video,Free,Paid Ads,0.0
2025-12-22,535,app_open,Basic,Paid Ads,0.0
2025-12-22,1176,subscribe,Free,Organic Search,0.0
2025-12-22,543,upload_video,Basic,Referral,0.0
2025-12-23,518,create_project,Free,Paid Ads,0.0
2025-12-23,406,export_clip,Free,Organic Search,0.0
2025-12-23,42,app_open,Pro,Social Media,0.0
2025-12-23,895,app_open,Free,Email,0.0
2025-12-23,111,cancel_subscription,Free,Email,0.0
2025-12-23,1020,cancel_subscription,Pro,Referral,0.0
2025-12-23,152,subscribe,Free,Paid Ads,0.0
2025-12-23,892,app_open,Free,Email,0.0
2025-12-23,170,upload_video,Free,Paid Ads,0.0
2025-12-23,943,upload_video,Free,Social Media,0.0
2025-12-23,301,cancel_subscription,Free,Referral,0.0
2025-12-23,945,subscribe,Basic,Organic Search,22.97
2025-12-23,954,cancel_subscription,Basic,Paid Ads,0.0
2025-12-23,919,app_open,Basic,Organic Search,0.0
2025-12-23,414,upload_video,Enterprise,Organic Search,0.0
2025-12-23,202,upload_video,Pro,Referral,0.0
2025-12-23,441,subscribe,Basic,Email,25.9
2025-12-23,795,upload_video,Free,Email,0.0
2025-12-23,672,export_clip,Free,Organic Search,0.0
2025-12-23,711,subscribe,Basic,Referral,14.08
2025-12-23,380,subscribe,Pro,Organic Search,52.5
2025-12-23,969,subscribe,Free,Organic Search,0.0
2025-12-23,1100,create_project,Free,Organic Search,0.0
2025-12-23,186,export_clip,Free,Paid Ads,0.0
2025-12-23,1137,export_clip,Free,Referral,0.0
2025-12-23,272,upload_video,Free,Organic Search,31.96
2025-12-23,158,create_project,Free,Organic Search,0.0
2025-12-23,228,subscribe,Free,Social Media,0.0
2025-12-23,52,subscribe,Free,Organic Search,0.0
2025-12-23,802,export_clip,Basic,Organic Search,0.0
2025-12-23,1065,export_clip,Free,Email,0.0
2025-12-23,396,app_open,Pro,Paid Ads,0.0
2025-12-23,173,cancel_subscription,Basic,Paid Ads,0.0
2025-12-23,988,app_open,Free,Referral,0.0
2025-12-23,510,app_open,Basic,Organic Search,0.0
2025-12-23,440,create_project,Pro,Organic Search,0.0
2025-12-23,400,app_open,Free,Organic Search,0.0
2025-12-23,708,subscribe,Free,Organic Search,0.0
2025-12-23,1109,app_open,Free,Organic Search,0.0
2025-12-23,483,export_clip,Basic,Paid Ads,0.0
2025-12-23,1145,app_open,Free,Email,0.0
2025-12-23,857,subscribe,Free,Referral,0.0
2025-12-23,747,subscribe,Free,Paid Ads,0.0
2025-12-23,999,subscribe,Basic,Social Media,18.68
2025-12-23,860,upload_video,Free,Social Media,0.0
2025-12-23,415,app_open,Basic,Paid Ads,0.0
2025-12-23,698,cancel_subscription,Basic,Email,0.0
2025-12-23,1054,upload_video,Pro,Email,0.0
2025-12-23,452,subscribe,Free,Organic Search,0.0
2025-12-23,552,create_project,Basic,Social Media,0.0
2025-12-23,919,subscribe,Free,Paid Ads,0.0
2025-12-23,698,upload_video,Basic,Social Media,0.0
2025-12-23,1117,subscribe,Free,Organic Search,0.0
2025-12-23,385,upload_video,Free,Organic Search,0.0
2025-12-23,828,app_open,Basic,Organic Search,0.0
2025-12-23,1117,create_project,Pro,Social Media,0.0
2025-12-23,1003,upload_video,Basic,Email,0.0
2025-12-23,1199,upload_video,Basic,Email,0.0
2025-12-23,35,export_clip,Basic,Social Media,0.0
2025-12-24,564,cancel_subscription,Free,Referral,0.0
2025-12-24,746,cancel_subscription,Enterprise,Referral,0.0
2025-12-24,449,subscribe,Free,Paid Ads,0.0
2025-12-24,1185,subscribe,Basic,Organic Search,16.75
2025-12-24,85,app_open,Free,Organic Search,0.0
2025-12-24,403,app_open,Free,Social Media,0.0
2025-12-24,963,app_open,Enterprise,Organic Search,0.0
2025-12-24,42,app_open,Free,Referral,0.0
2025-12-24,930,subscribe,Basic,Organic Search,16.89
2025-12-24,557,export_clip,Basic,Organic Search,0.0
2025-12-24,229,app_open,Pro,Referral,0.0
2025-12-24,458,subscribe,Basic,Organic Search,13.75
2025-12-24,1184,export_clip,Basic,Referral,0.0
2025-12-24,929,cancel_subscription,Pro,Email,0.0
2025-12-24,318,create_project,Basic,Organic Search,0.0
2025-12-24,1194,upload_video,Free,Paid Ads,0.0
2025-12-24,848,cancel_subscription,Basic,Referral,0.0
2025-12-24,361,export_clip,Pro,Email,0.0
2025-12-24,736,upload_video,Pro,Organic Search,0.0
2025-12-24,75,subscribe,Pro,Email,52.61
2025-12-24,645,subscribe,Free,Organic Search,0.0
2025-12-24,236,create_project,Free,Organic Search,0.0
2025-12-24,626,upload_video,Basic,Email,0.0
2025-12-24,221,app_open,Free,Organic Search,0.0
2025-12-24,29,cancel_subscription,Basic,Social Media,0.0
2025-12-24,417,subscribe,Free,Email,0.0
2025-12-24,1152,export_clip,Free,Organic Search,0.0
2025-12-24,69,subscribe,Free,Organic Search,0.0
2025-12-24,963,export_clip,Basic,Organic Search,0.0
2025-12-24,995,cancel_subscription,Basic,Referral,0.0
2025-12-24,730,app_open,Basic,Email,0.0
2025-12-24,94,app_open,Basic,Referral,0.0
2025-12-24,737,export_clip,Free,Organic Search,0.0
2025-12-24,912,subscribe,Free,Paid Ads,0.0
2025-12-24,982,create_project,Pro,Social Media,0.0
2025-12-24,1183,cancel_subscription,Pro,Paid Ads,0.0
2025-12-24,568,subscribe,Free,Social Media,0.0
2025-12-24,458,cancel_subscription,Free,Social Media,0.0
2025-12-24,438,upload_video,Free,Social Media,0.0
2025-12-24,334,app_open,Free,Email,0.0
2025-12-24,865,upload_video,Basic,Social Media,0.0
2025-12-24,751,app_open,Basic,Organic Search,0.0
2025-12-24,1036,app_open,Free,Organic Search,0.0
2025-12-24,1133,subscribe,Free,Email,0.0
2025-12-24,574,create_project,Basic,Email,0.0
2025-12-25,950,subscribe,Basic,Referral,17.34
2025-12-25,183,upload_video,Pro,Organic Search,0.0
2025-12-25,358,create_project,Free,Organic Search,0.0
2025-12-25,418,upload_video,Free,Referral,0.0
2025-12-25,591,export_clip,Basic,Organic Search,0.0
2025-12-25,896,cancel_subscription,Free,Social Media,0.0
2025-12-25,1004,export_clip,Free,Organic Search,0.0
2025-12-25,287,upload_video,Free,Email,0.0
2025-12-25,539,subscribe,Basic,Social Media,19.17
2025-12-25,1,cancel_subscription,Basic,Referral,0.0
2025-12-25,1015,export_clip,Free,Social Media,0.0
2025-12-25,49,create_project,Free,Social Media,0.0
2025-12-25,886,create_project,Free,Email,0.0
2025-12-25,50,cancel_subscription,Free,Email,0.0
2025-12-25,526,subscribe,Basic,Organic Search,16.1
2025-12-25,305,app_open,Free,Organic Search,0.0
2025-12-25,1078,app_open,Pro,Paid Ads,0.0
2025-12-25,390,create_project,Free,Email,0.0
2025-12-25,831,subscribe,Basic,Organic Search,22.12
2025-12-25,385,upload_video,Free,Paid Ads,0.0
2025-12-25,645,export_clip,Free,Organic Search,0.0
2025-12-25,975,export_clip,Free,Organic Search,0.0
2025-12-25,604,cancel_subscription,Free,Organic Search,0.0
2025-12-25,552,app_open,Pro,Organic Search,0.0
2025-12-25,34,upload_video,Free,Organic Search,0.0
2025-12-25,779,cancel_subscription,Free,Organic Search,0.0
2025-12-25,569,upload_video,Basic,Social Media,0.0
2025-12-25,1028,app_open,Basic,Email,0.0
2025-12-25,210,subscribe,Enterprise,Email,160.83
2025-12-25,557,export_clip,Basic,Email,0.0
2025-12-25,373,subscribe,Basic,Organic Search,20.24
2025-12-25,1128,export_clip,Free,Email,0.0
2025-12-25,235,create_project,Free,Social Media,0.0
2025-12-25,335,cancel_subscription,Free,Email,0.0
2025-12-25,610,upload_video,Pro,Social Media,0.0
2025-12-25,341,subscribe,Pro,Email,42.23
2025-12-25,890,cancel_subscription,Pro,Social Media,0.0
2025-12-25,1150,app_open,Free,Social Media,0.0
2025-12-25,1042,create_project,Free,Email,0.0
2025-12-25,1000,export_clip,Free,Email,0.0
2025-12-25,127,create_project,Free,Email,0.0
2025-12-25,869,upload_video,Pro,Paid Ads,0.0
2025-12-25,649,upload_video,Free,Organic Search,0.0
2025-12-25,567,app_open,Free,Referral,0.0
2025-12-25,497,app_open,Free,Referral,0.0
2025-12-25,845,app_open,Basic,Organic Search,0.0
2025-12-25,758,upload_video,Basic,Referral,0.0
2025-12-26,716,upload_video,Pro,Social Media,0.0
2025-12-26,39,upload_video,Basic,Referral,50.74
2025-12-26,645,subscribe,Enterprise,Referral,156.4
2025-12-26,1076,export_clip,Pro,Email,0.0
2025-12-26,885,app_open,Free,Referral,0.0
2025-12-26,709,export_clip,Pro,Email,0.0
2025-12-26,528,create_project,Basic,Organic Search,0.0
2025-12-26,705,app_open,Free,Organic Search,0.0
2025-12-26,383,create_project,Pro,Social Media,0.0
2025-12-26,382,create_project,Enterprise,Social Media,0.0
2025-12-26,60,upload_video,Free,Social Media,0.0
2025-12-26,208,upload_video,Pro,Referral,0.0
2025-12-26,444,upload_video,Enterprise,Paid Ads,0.0
2025-12-26,414,create_project,Free,Organic Search,0.0
2025-12-26,1040,export_clip,Pro,Organic Search,0.0
2025-12-26,1038,create_project,Basic,Referral,0.0
2025-12-26,984,create_project,Basic,Paid Ads,0.0
2025-12-26,941,subscribe,Pro,Email,41.53
2025-12-26,304,create_project,Basic,Email,0.0
2025-12-26,61,subscribe,Basic,Paid Ads,19.79
2025-12-26,372,subscribe,Free,Referral,0.0
2025-12-26,489,cancel_subscription,Pro,Email,0.0
2025-12-26,122,create_project,Basic,Referral,0.0
2025-12-26,366,create_project,Basic,Organic Search,0.0
2025-12-26,198,cancel_subscription,Pro,Social Media,0.0
2025-12-26,587,upload_video,Basic,Email,0.0
2025-12-26,15,create_project,Pro,Social Media,0.0
2025-12-26,648,create_project,Pro,Organic Search,0.0
2025-12-26,938,subscribe,Free,Organic Search,0.0
2025-12-26,70,cancel_subscription,Free,Organic Search,0.0
2025-12-26,257,app_open,Free,Organic Search,0.0
2025-12-26,966,upload_video,Free,Email,0.0
2025-12-26,91,cancel_subscription,Basic,Organic Search,0.0
2025-12-26,1116,app_open,Free,Social Media,0.0
2025-12-26,297,create_project,Free,Email,0.0
2025-12-26,334,create_project,Pro,Referral,0.0
2025-12-26,192,subscribe,Free,Social Media,0.0
2025-12-26,519,app_open,Pro,Organic Search,0.0
2025-12-26,544,upload_video,Free,Organic Search,0.0
2025-12-26,950,upload_video,Basic,Email,0.0
2025-12-26,750,subscribe,Free,Referral,0.0
2025-12-26,1190,subscribe,Free,Referral,0.0
2025-12-26,335,upload_video,Basic,Organic Search,0.0
2025-12-26,122,export_clip,Basic,Email,75.97
2025-12-26,938,create_project,Basic,Email,0.0
2025-12-26,673,cancel_subscription,Free,Organic Search,0.0
2025-12-26,13,upload_video,Free,Referral,0.0
2025-12-26,751,export_clip,Basic,Organic Search,0.0
2025-12-26,1038,upload_video,Basic,Email,0.0
2025-12-26,1114,app_open,Pro,Organic Search,0.0
2025-12-26,648,subscribe,Free,Social Media,0.0
2025-12-26,435,export_clip,Free,Social Media,40.77
2025-12-26,670,upload_video,Pro,Email,0.0
2025-12-26,548,cancel_subscription,Free,Email,0.0
2025-12-26,726,app_open,Pro,Social Media,0.0
2025-12-27,767,subscribe,Basic,Organic Search,16.93
2025-12-27,196,create_project,Free,Organic Search,0.0
2025-12-27,1042,upload_video,Free,Paid Ads,0.0
2025-12-27,205,app_open,Free,Organic Search,0.0
2025-12-27,704,create_project,Basic,Social Media,0.0
2025-12-27,1075,export_clip,Basic,Email,0.0
2025-12-27,950,subscribe,Basic,Organic Search,20.0
2025-12-27,451,export_clip,Basic,Organic Search,0.0
2025-12-27,1188,upload_video,Pro,Organic Search,0.0
2025-12-27,1152,export_clip,Basic,Social Media,0.0
2025-12-27,1048,upload_video,Free,Email,0.0
2025-12-27,249,subscribe,Basic,Social Media,20.65
2025-12-27,746,app_open,Basic,Social Media,0.0
2025-12-27,319,export_clip,Free,Organic Search,0.0
2025-12-27,490,create_project,Basic,Organic Search,0.0
2025-12-27,1111,app_open,Pro,Social Media,38.18
2025-12-27,1176,export_clip,Free,Email,0.0
2025-12-27,200,upload_video,Pro,Organic Search,0.0
2025-12-27,429,subscribe,Free,Email,0.0
2025-12-27,274,upload_video,Free,Referral,0.0
2025-12-27,834,app_open,Pro,Email,0.0
2025-12-27,247,app_open,Free,Social Media,0.0
2025-12-27,5,cancel_subscription,Free,Email,0.0
2025-12-27,120,cancel_subscription,Pro,Email,0.0
2025-12-27,860,upload_video,Pro,Organic Search,0.0
2025-12-27,590,export_clip,Free,Email,0.0
2025-12-27,204,export_clip,Free,Organic Search,0.0
2025-12-27,170,export_clip,Free,Social Media,0.0
2025-12-27,509,cancel_subscription,Basic,Social Media,0.0
2025-12-27,1098,upload_video,Free,Social Media,0.0
2025-12-27,214,upload_video,Pro,Social Media,0.0
2025-12-27,1151,export_clip,Basic,Organic Search,0.0
2025-12-27,128,cancel_subscription,Pro,Organic Search,0.0
2025-12-27,1127,cancel_subscription,Basic,Email,0.0
2025-12-27,131,create_project,Basic,Email,0.0
2025-12-27,333,app_open,Enterprise,Organic Search,0.0
2025-12-27,938,export_clip,Basic,Organic Search,0.0
2025-12-27,565,upload_video,Pro,Referral,0.0
2025-12-27,1030,app_open,Basic,Paid Ads,44.73
2025-12-27,796,create_project,Basic,Referral,0.0
2025-12-27,608,upload_video,Free,Referral,0.0
2025-12-27,1028,subscribe,Free,Referral,0.0
2025-12-27,17,create_project,Pro,Email,0.0
2025-12-27,379,subscribe,Basic,Paid Ads,18.11
2025-12-27,932,app_open,Free,Organic Search,0.0
2025-12-27,455,upload_video,Basic,Social Media,0.0
2025-12-27,258,upload_video,Basic,Organic Search,0.0
2025-12-28,1039,export_clip,Free,Referral,0.0
2025-12-28,377,upload_video,Enterprise,Organic Search,0.0
2025-12-28,282,subscribe,Basic,Referral,21.59
2025-12-28,225,upload_video,Pro,Email,0.0
2025-12-28,790,export_clip,Pro,Social Media,0.0
2025-12-28,9,upload_video,Free,Referral,0.0
2025-12-28,1103,cancel_subscription,Pro,Referral,0.0
2025-12-28,1112,app_open,Basic,Organic Search,0.0
2025-12-28,834,upload_video,Basic,Social Media,0.0
2025-12-28,1188,export_clip,Free,Paid Ads,0.0
2025-12-28,216,app_open,Free,Paid Ads,0.0
2025-12-28,1070,app_open,Free,Social Media,0.0
2025-12-28,1103,app_open,Pro,Paid Ads,0.0
2025-12-28,82,create_project,Free,Email,0.0
2025-12-28,722,export_clip,Basic,Organic Search,0.0
2025-12-28,244,cancel_subscription,Basic,Organic Search,0.0
2025-12-28,135,upload_video,Free,Organic Search,0.0
2025-12-28,836,subscribe,Free,Referral,0.0
2025-12-28,201,create_project,Free,Social Media,0.0
2025-12-28,38,cancel_subscription,Basic,Social Media,0.0
2025-12-28,405,upload_video,Enterprise,Social Media,0.0
2025-12-28,157,upload_video,Enterprise,Email,0.0
2025-12-28,1055,upload_video,Free,Organic Search,0.0
2025-12-28,408,subscribe,Free,Social Media,0.0
2025-12-28,1117,cancel_subscription,Basic,Paid Ads,0.0
2025-12-28,176,create_project,Basic,Organic Search,0.0
2025-12-28,161,create_project,Basic,Social Media,0.0
2025-12-28,261,app_open,Basic,Referral,0.0
2025-12-28,79,upload_video,Free,Organic Search,0.0
2025-12-28,368,create_project,Basic,Organic Search,75.48
2025-12-28,931,export_clip,Pro,Organic Search,0.0
2025-12-28,8,export_clip,Pro,Paid Ads,0.0
2025-12-28,757,export_clip,Free,Organic Search,0.0
2025-12-28,981,upload_video,Free,Email,0.0
2025-12-28,767,create_project,Free,Email,0.0
2025-12-28,666,upload_video,Free,Referral,0.0
2025-12-28,159,upload_video,Free,Paid Ads,0.0
2025-12-28,1124,export_clip,Basic,Referral,0.0
2025-12-28,949,app_open,Pro,Organic Search,0.0
2025-12-28,761,cancel_subscription,Free,Organic Search,0.0
2025-12-28,128,cancel_subscription,Free,Referral,0.0
2025-12-28,140,create_project,Free,Organic Search,0.0
2025-12-28,1145,create_project,Free,Social Media,0.0
2025-12-28,641,subscribe,Free,Social Media,0.0
2025-12-28,838,subscribe,Pro,Organic Search,55.46
2025-12-28,432,upload_video,Pro,Email,0.0
2025-12-28,320,app_open,Free,Paid Ads,0.0
2025-12-28,878,upload_video,Free,Paid Ads,0.0
2025-12-29,422,subscribe,Pro,Email,49.74
2025-12-29,1046,upload_video,Pro,Referral,0.0
2025-12-29,108,create_project,Free,Organic Search,0.0
2025-12-29,310,upload_video,Pro,Referral,0.0
2025-12-29,1052,create_project,Pro,Social Media,0.0
2025-12-29,17,cancel_subscription,Basic,Paid Ads,0.0
2025-12-29,44,app_open,Basic,Paid Ads,0.0
2025-12-29,199,cancel_subscription,Free,Social Media,0.0
2025-12-29,228,app_open,Free,Organic Search,0.0
2025-12-29,1194,upload_video,Basic,Organic Search,0.0
2025-12-29,547,subscribe,Free,Organic Search,0.0
2025-12-29,94,app_open,Basic,Email,0.0
2025-12-29,58,app_open,Free,Social Media,0.0
2025-12-29,1200,create_project,Pro,Organic Search,0.0
2025-12-29,423,app_open,Basic,Paid Ads,0.0
2025-12-29,526,export_clip,Pro,Referral,0.0
2025-12-29,82,app_open,Free,Organic Search,0.0
2025-12-29,695,upload_video,Free,Paid Ads,47.78
2025-12-29,909,subscribe,Free,Social Media,0.0
2025-12-29,954,subscribe,Free,Referral,0.0
2025-12-29,946,upload_video,Enterprise,Organic Search,0.0
2025-12-29,431,create_project,Basic,Organic Search,0.0
2025-12-29,1018,subscribe,Free,Paid Ads,0.0
2025-12-29,1067,create_project,Free,Paid Ads,0.0
2025-12-29,453,subscribe,Free,Social Media,0.0
2025-12-29,1136,app_open,Free,Organic Search,0.0
2025-12-29,953,upload_video,Enterprise,Social Media,0.0
2025-12-29,622,create_project,Pro,Email,0.0
2025-12-29,653,cancel_subscription,Pro,Email,0.0
2025-12-29,714,app_open,Free,Paid Ads,0.0
2025-12-29,1009,upload_video,Pro,Referral,0.0
2025-12-29,1119,export_clip,Free,Social Media,0.0
2025-12-29,452,export_clip,Pro,Organic Search,31.29
2025-12-29,625,cancel_subscription,Enterprise,Paid Ads,0.0
2025-12-29,930,subscribe,Free,Social Media,0.0
2025-12-29,1113,create_project,Free,Organic Search,41.56
2025-12-29,1123,cancel_subscription,Basic,Paid Ads,0.0
2025-12-29,528,subscribe,Free,Referral,40.45
2025-12-29,957,app_open,Free,Email,0.0
2025-12-29,365,export_clip,Free,Email,0.0
2025-12-29,1031,upload_video,Basic,Email,0.0
2025-12-29,854,app_open,Basic,Referral,0.0
2025-12-29,600,subscribe,Free,Paid Ads,0.0
2025-12-29,935,app_open,Free,Organic Search,0.0
2025-12-29,356,upload_video,Free,Organic Search,0.0
2025-12-29,789,create_project,Free,Email,0.0
2025-12-29,1165,upload_video,Basic,Email,0.0
2025-12-29,912,subscribe,Free,Referral,0.0
2025-12-29,1121,app_open,Basic,Organic Search,0.0
2025-12-29,141,subscribe,Basic,Social Media,21.66
2025-12-30,1047,cancel_subscription,Free,Paid Ads,0.0
2025-12-30,397,app_open,Pro,Paid Ads,0.0
2025-12-30,159,create_project,Basic,Social Media,0.0
2025-12-30,35,subscribe,Free,Organic Search,0.0
2025-12-30,212,upload_video,Free,Email,0.0
2025-12-30,325,upload_video,Free,Email,0.0
2025-12-30,121,cancel_subscription,Free,Social Media,0.0
2025-12-30,606,export_clip,Basic,Organic Search,0.0
2025-12-30,1043,subscribe,Basic,Email,18.58
2025-12-30,736,create_project,Basic,Email,0.0
2025-12-30,610,upload_video,Basic,Social Media,0.0
2025-12-30,398,cancel_subscription,Basic,Social Media,0.0
2025-12-30,674,upload_video,Pro,Social Media,0.0
2025-12-30,458,cancel_subscription,Pro,Organic Search,0.0
2025-12-30,720,upload_video,Pro,Organic Search,0.0
2025-12-30,86,subscribe,Enterprise,Referral,127.12
2025-12-30,168,app_open,Enterprise,Referral,0.0
2025-12-30,656,subscribe,Free,Social Media,0.0
2025-12-30,1036,create_project,Basic,Organic Search,0.0
2025-12-30,971,export_clip,Enterprise,Paid Ads,0.0
2025-12-30,772,upload_video,Pro,Email,0.0
2025-12-30,993,upload_video,Basic,Organic Search,0.0
2025-12-30,149,create_project,Basic,Social Media,0.0
2025-12-30,431,upload_video,Free,Social Media,0.0
2025-12-30,749,subscribe,Basic,Referral,18.17
2025-12-30,880,upload_video,Free,Social Media,0.0
2025-12-30,478,create_project,Free,Email,0.0
2025-12-30,1152,subscribe,Basic,Email,24.25
2025-12-30,845,upload_video,Pro,Social Media,0.0
2025-12-30,924,upload_video,Basic,Paid Ads,0.0
2025-12-30,1157,upload_video,Basic,Email,0.0
2025-12-30,1069,cancel_subscription,Basic,Organic Search,0.0
2025-12-30,1097,app_open,Free,Social Media,0.0
2025-12-30,785,subscribe,Free,Organic Search,0.0
2025-12-30,325,subscribe,Free,Organic Search,0.0
2025-12-30,843,upload_video,Free,Paid Ads,0.0
2025-12-30,1063,create_project,Free,Email,0.0
2025-12-30,199,export_clip,Free,Organic Search,0.0
2025-12-30,455,export_clip,Free,Organic Search,0.0
2025-12-31,188,export_clip,Pro,Organic Search,0.0
2025-12-31,1117,app_open,Pro,Social Media,0.0
2025-12-31,530,upload_video,Pro,Email,0.0
2025-12-31,695,cancel_subscription,Free,Referral,0.0
2025-12-31,283,create_project,Free,Paid Ads,0.0
2025-12-31,84,upload_video,Free,Email,0.0
2025-12-31,21,cancel_subscription,Free,Paid Ads,0.0
2025-12-31,725,app_open,Free,Paid Ads,0.0
2025-12-31,1087,app_open,Free,Referral,0.0
2025-12-31,104,subscribe,Free,Organic Search,0.0
2025-12-31,357,create_project,Pro,Organic Search,0.0
2025-12-31,1112,create_project,Basic,Social Media,0.0
2025-12-31,18,create_project,Enterprise,Paid Ads,0.0
2025-12-31,604,app_open,Free,Email,0.0
2025-12-31,148,upload_video,Basic,Email,0.0
2025-12-31,1143,export_clip,Free,Referral,0.0
2025-12-31,419,upload_video,Basic,Email,0.0
2025-12-31,398,subscribe,Free,Organic Search,0.0
2025-12-31,417,export_clip,Enterprise,Organic Search,0.0
2025-12-31,593,export_clip,Free,Referral,0.0
2025-12-31,817,app_open,Pro,Organic Search,0.0
2025-12-31,304,export_clip,Basic,Email,0.0
2025-12-31,270,export_clip,Basic,Referral,81.61
2025-12-31,97,app_open,Pro,Referral,0.0
2025-12-31,566,app_open,Pro,Referral,0.0
2025-12-31,1042,cancel_subscription,Free,Email,0.0
2025-12-31,584,create_project,Basic,Organic Search,0.0
2025-12-31,26,app_open,Pro,Email,0.0
2025-12-31,1110,app_open,Basic,Paid Ads,0.0
2025-12-31,595,upload_video,Free,Referral,0.0
2025-12-31,812,app_open,Pro,Email,53.27
2025-12-31,306,create_project,Basic,Organic Search,0.0
2025-12-31,357,export_clip,Enterprise,Social Media,0.0
2025-12-31,957,subscribe,Basic,Referral,20.54
2025-12-31,1029,export_clip,Free,Email,0.0
2025-12-31,176,subscribe,Basic,Paid Ads,15.03
2025-12-31,197,upload_video,Pro,Paid Ads,25.05
2025-12-31,920,export_clip,Free,Social Media,0.0
2025-12-31,449,subscribe,Free,Email,0.0
2025-12-31,583,create_project,Basic,Social Media,0.0
2025-12-31,1108,upload_video,Free,Social Media,0.0
2025-12-31,787,export_clip,Enterprise,Organic Search,0.0
2025-12-31,817,app_open,Free,Organic Search,0.0
2025-12-31,204,create_project,Basic,Email,0.0
2025-12-31,153,app_open,Pro,Organic Search,0.0
2025-12-31,755,app_open,Free,Organic Search,56.14
2025-12-31,795,upload_video,Pro,Organic Search,0.0
2025-12-31,514,create_project,Free,Organic Search,0.0
2025-12-31,644,create_project,Basic,Referral,0.0
2025-12-31,788,create_project,Pro,Referral,0.0
2025-12-31,1067,upload_video,Basic,Referral,0.0
2025-12-31,68,upload_video,Free,Email,0.0
2025-12-31,679,upload_video,Pro,Organic Search,0.0
2026-01-01,1009,subscribe,Basic,Social Media,17.29
2026-01-01,273,subscribe,Basic,Email,15.07
2026-01-01,91,create_project,Free,Referral,0.0
2026-01-01,599,app_open,Enterprise,Organic Search,0.0
2026-01-01,609,upload_video,Free,Email,0.0
2026-01-01,1135,upload_video,Free,Paid Ads,0.0
2026-01-01,854,cancel_subscription,Pro,Organic Search,0.0
2026-01-01,532,subscribe,Free,Referral,0.0
2026-01-01,537,export_clip,Basic,Email,0.0
2026-01-01,854,create_project,Pro,Social Media,0.0
2026-01-01,1067,cancel_subscription,Basic,Organic Search,0.0
2026-01-01,520,export_clip,Free,Organic Search,0.0
2026-01-01,829,app_open,Basic,Organic Search,0.0
2026-01-01,115,cancel_subscription,Free,Referral,23.24
2026-01-01,1091,create_project,Free,Email,0.0
2026-01-01,191,upload_video,Free,Paid Ads,0.0
2026-01-01,99,subscribe,Free,Referral,0.0
2026-01-01,1182,upload_video,Free,Organic Search,0.0
2026-01-01,974,upload_video,Pro,Organic Search,0.0
2026-01-01,143,upload_video,Free,Organic Search,0.0
2026-01-01,463,create_project,Basic,Organic Search,0.0
2026-01-01,605,subscribe,Pro,Paid Ads,46.07
2026-01-01,326,create_project,Enterprise,Organic Search,0.0
2026-01-01,776,subscribe,Free,Organic Search,0.0
2026-01-01,587,cancel_subscription,Basic,Social Media,0.0
2026-01-01,389,upload_video,Basic,Paid Ads,0.0
2026-01-01,980,app_open,Free,Referral,0.0
2026-01-01,530,upload_video,Basic,Email,0.0
2026-01-01,457,export_clip,Free,Organic Search,0.0
2026-01-01,1012,create_project,Basic,Organic Search,0.0
2026-01-01,523,app_open,Enterprise,Email,0.0
2026-01-01,469,cancel_subscription,Free,Paid Ads,0.0
2026-01-01,130,export_clip,Basic,Email,0.0
2026-01-01,158,create_project,Basic,Organic Search,0.0
2026-01-01,533,app_open,Free,Email,0.0
2026-01-01,1047,cancel_subscription,Basic,Organic Search,0.0
2026-01-01,962,cancel_subscription,Enterprise,Email,0.0
2026-01-01,881,create_project,Free,Organic Search,0.0
2026-01-01,39,export_clip,Free,Organic Search,0.0
2026-01-01,665,export_clip,Basic,Organic Search,0.0
2026-01-01,279,cancel_subscription,Pro,Referral,0.0
2026-01-01,961,subscribe,Basic,Email,18.11
2026-01-01,330,app_open,Free,Paid Ads,0.0
2026-01-01,775,export_clip,Pro,Organic Search,0.0
2026-01-01,539,upload_video,Basic,Paid Ads,0.0
2026-01-01,26,cancel_subscription,Free,Organic Search,0.0
2026-01-01,287,upload_video,Free,Organic Search,0.0
2026-01-01,534,export_clip,Pro,Referral,0.0
2026-01-01,323,export_clip,Free,Organic Search,0.0
2026-01-01,455,app_open,Pro,Organic Search,0.0
2026-01-01,564,create_project,Basic,Paid Ads,0.0
2026-01-01,630,cancel_subscription,Free,Social Media,0.0
2026-01-01,101,app_open,Free,Organic Search,0.0
2026-01-01,538,subscribe,Pro,Social Media,55.95
2026-01-01,755,create_project,Basic,Email,0.0
2026-01-01,41,export_clip,Basic,Referral,0.0
2026-01-01,85,upload_video,Free,Referral,0.0
2026-01-01,1116,subscribe,Basic,Referral,20.95
2026-01-01,590,upload_video,Pro,Email,0.0
2026-01-02,184,upload_video,Basic,Email,0.0
2026-01-02,412,create_project,Free,Organic Search,0.0
2026-01-02,199,export_clip,Basic,Organic Search,0.0
2026-01-02,1182,upload_video,Free,Referral,0.0
2026-01-02,553,subscribe,Free,Paid Ads,0.0
2026-01-02,560,upload_video,Free,Organic Search,0.0
2026-01-02,1185,upload_video,Pro,Paid Ads,0.0
2026-01-02,1125,create_project,Free,Organic Search,0.0
2026-01-02,171,cancel_subscription,Free,Referral,0.0
2026-01-02,856,app_open,Pro,Organic Search,0.0
2026-01-02,1161,create_project,Free,Email,0.0
2026-01-02,1116,create_project,Basic,Organic Search,0.0
2026-01-02,626,create_project,Pro,Referral,0.0
2026-01-02,546,upload_video,Free,Social Media,0.0
2026-01-02,1151,create_project,Free,Organic Search,0.0
2026-01-02,843,export_clip,Basic,Paid Ads,0.0
2026-01-02,323,create_project,Free,Social Media,0.0
2026-01-02,486,export_clip,Free,Organic Search,0.0
2026-01-02,1044,cancel_subscription,Basic,Referral,0.0
2026-01-02,652,app_open,Basic,Referral,0.0
2026-01-02,1145,cancel_subscription,Pro,Paid Ads,0.0
2026-01-02,449,upload_video,Free,Referral,54.22
2026-01-02,994,export_clip,Pro,Email,0.0
2026-01-02,520,app_open,Enterprise,Email,0.0
2026-01-02,25,export_clip,Free,Social Media,0.0
2026-01-02,499,export_clip,Free,Referral,0.0
2026-01-02,355,create_project,Free,Social Media,55.67
2026-01-02,1084,subscribe,Free,Social Media,40.03
2026-01-02,92,upload_video,Free,Social Media,0.0
2026-01-02,97,subscribe,Free,Social Media,0.0
2026-01-02,529,export_clip,Basic,Referral,0.0
2026-01-02,718,subscribe,Basic,Paid Ads,17.92
2026-01-02,1193,cancel_subscription,Enterprise,Organic Search,0.0
2026-01-02,894,app_open,Enterprise,Organic Search,0.0
2026-01-02,980,create_project,Free,Referral,0.0
2026-01-02,250,upload_video,Pro,Organic Search,0.0
2026-01-02,165,app_open,Basic,Organic Search,0.0
2026-01-02,663,create_project,Basic,Paid Ads,0.0
2026-01-02,493,export_clip,Basic,Organic Search,0.0
2026-01-02,78,export_clip,Free,Email,0.0
2026-01-02,541,app_open,Pro,Referral,0.0
2026-01-02,289,upload_video,Basic,Referral,0.0
2026-01-02,131,cancel_subscription,Enterprise,Paid Ads,0.0
2026-01-02,985,create_project,Free,Email,0.0
