event_date,year_month,country,category,device_type,user_id,session_id,event_name,quantity,unit_price,revenue
2025-09-01,2025-09,Canada,Beauty,Mobile,U01298,S0000104,viewed,,,
2025-09-01,2025-09,United Kingdom,Apparel,Desktop,U00461,S0000303,viewed,,,
2025-09-01,2025-09,United States,Beauty,Mobile,U00432,S0000381,viewed,,,
2025-09-01,2025-09,United States,Home,Desktop,U00515,S0000465,add_to_cart,,,
2025-09-01,2025-09,United States,Home,Desktop,U00515,S0000465,checkout_started,,,
2025-09-01,2025-09,United States,Home,Desktop,U00515,S0000465,purchased,2.0,115.60838252310367,231.22
2025-09-01,2025-09,United States,Home,Desktop,U00515,S0000465,viewed,,,
2025-09-01,2025-09,United States,Beauty,Mobile,U01855,S0000575,add_to_cart,,,
2025-09-01,2025-09,United States,Beauty,Mobile,U01855,S0000575,checkout_started,,,
2025-09-01,2025-09,United States,Beauty,Mobile,U01855,S0000575,purchased,4.0,33.34147376447402,133.37
2025-09-01,2025-09,United States,Beauty,Mobile,U01855,S0000575,viewed,,,
2025-09-01,2025-09,Australia,Sports,Desktop,U01070,S0000707,viewed,,,
2025-09-01,2025-09,United States,Home,Desktop,U01064,S0000773,viewed,,,
2025-09-01,2025-09,United States,Electronics,Tablet,U02271,S0000845,viewed,,,
2025-09-01,2025-09,Germany,Sports,Mobile,U00419,S0000846,viewed,,,
2025-09-01,2025-09,Germany,Electronics,Mobile,U02418,S0000901,viewed,,,
2025-09-01,2025-09,United States,Home,Mobile,U02561,S0001070,viewed,,,
2025-09-01,2025-09,United States,Apparel,Desktop,U01208,S0001175,add_to_cart,,,
2025-09-01,2025-09,United States,Apparel,Desktop,U01208,S0001175,checkout_started,,,
2025-09-01,2025-09,United States,Apparel,Desktop,U01208,S0001175,viewed,,,
2025-09-01,2025-09,Canada,Home,Mobile,U01210,S0001190,viewed,,,
2025-09-01,2025-09,United States,Home,Desktop,U02109,S0001237,add_to_cart,,,
2025-09-01,2025-09,United States,Home,Desktop,U02109,S0001237,checkout_started,,,
2025-09-01,2025-09,United States,Home,Desktop,U02109,S0001237,purchased,2.0,80.18554905319775,160.37
2025-09-01,2025-09,United States,Home,Desktop,U02109,S0001237,viewed,,,
2025-09-01,2025-09,United Kingdom,Home,Desktop,U00101,S0001279,viewed,,,
2025-09-01,2025-09,Australia,Apparel,Desktop,U01911,S0001294,add_to_cart,,,
2025-09-01,2025-09,Australia,Apparel,Desktop,U01911,S0001294,checkout_started,,,
2025-09-01,2025-09,Australia,Apparel,Desktop,U01911,S0001294,purchased,2.0,42.81305970729176,85.63
2025-09-01,2025-09,Australia,Apparel,Desktop,U01911,S0001294,viewed,,,
2025-09-01,2025-09,Canada,Apparel,Desktop,U01365,S0001409,viewed,,,
2025-09-01,2025-09,United States,Apparel,Desktop,U02335,S0001482,viewed,,,
2025-09-01,2025-09,Canada,Sports,Tablet,U00780,S0001488,viewed,,,
2025-09-01,2025-09,Australia,Electronics,Mobile,U00593,S0001532,add_to_cart,,,
2025-09-01,2025-09,Australia,Electronics,Mobile,U00593,S0001532,checkout_started,,,
2025-09-01,2025-09,Australia,Electronics,Mobile,U00593,S0001532,purchased,1.0,150.4161936635172,150.42
2025-09-01,2025-09,Australia,Electronics,Mobile,U00593,S0001532,viewed,,,
2025-09-01,2025-09,United States,Apparel,Mobile,U01831,S0001550,viewed,,,
2025-09-01,2025-09,United States,Home,Mobile,U02426,S0001622,add_to_cart,,,
2025-09-01,2025-09,United States,Home,Mobile,U02426,S0001622,viewed,,,
2025-09-01,2025-09,Germany,Home,Desktop,U00968,S0001739,add_to_cart,,,
2025-09-01,2025-09,Germany,Home,Desktop,U00968,S0001739,viewed,,,
2025-09-01,2025-09,Australia,Electronics,Mobile,U00361,S0001763,add_to_cart,,,
2025-09-01,2025-09,Australia,Electronics,Mobile,U00361,S0001763,viewed,,,
2025-09-01,2025-09,Canada,Apparel,Desktop,U01294,S0001807,add_to_cart,,,
2025-09-01,2025-09,Canada,Apparel,Desktop,U01294,S0001807,checkout_started,,,
2025-09-01,2025-09,Canada,Apparel,Desktop,U01294,S0001807,viewed,,,
2025-09-01,2025-09,United Kingdom,Sports,Mobile,U00769,S0001913,viewed,,,
2025-09-01,2025-09,United Kingdom,Apparel,Mobile,U00975,S0001949,viewed,,,
2025-09-01,2025-09,Germany,Beauty,Mobile,U01971,S0001996,viewed,,,
2025-09-01,2025-09,United States,Beauty,Mobile,U00746,S0002202,viewed,,,
2025-09-01,2025-09,United Kingdom,Home,Mobile,U00372,S0002259,add_to_cart,,,
2025-09-01,2025-09,United Kingdom,Home,Mobile,U00372,S0002259,viewed,,,
2025-09-01,2025-09,United States,Home,Desktop,U01084,S0002316,add_to_cart,,,
2025-09-01,2025-09,United States,Home,Desktop,U01084,S0002316,checkout_started,,,
2025-09-01,2025-09,United States,Home,Desktop,U01084,S0002316,purchased,4.0,74.29629823573265,297.19
2025-09-01,2025-09,United States,Home,Desktop,U01084,S0002316,viewed,,,
2025-09-01,2025-09,Canada,Apparel,Desktop,U01938,S0002401,viewed,,,
2025-09-01,2025-09,Germany,Apparel,Mobile,U01659,S0002442,viewed,,,
2025-09-01,2025-09,United Kingdom,Home,Desktop,U01473,S0002443,viewed,,,
2025-09-01,2025-09,Australia,Home,Desktop,U00161,S0002628,viewed,,,
2025-09-01,2025-09,United States,Sports,Mobile,U01400,S0002646,viewed,,,
2025-09-01,2025-09,Canada,Beauty,Desktop,U02183,S0002789,viewed,,,
2025-09-01,2025-09,United Kingdom,Home,Tablet,U00521,S0003191,viewed,,,
2025-09-01,2025-09,Germany,Sports,Desktop,U01533,S0003217,add_to_cart,,,
2025-09-01,2025-09,Germany,Sports,Desktop,U01533,S0003217,viewed,,,
2025-09-01,2025-09,Canada,Apparel,Desktop,U01533,S0003234,add_to_cart,,,
2025-09-01,2025-09,Canada,Apparel,Desktop,U01533,S0003234,viewed,,,
2025-09-01,2025-09,Australia,Apparel,Desktop,U02326,S0003399,add_to_cart,,,
2025-09-01,2025-09,Australia,Apparel,Desktop,U02326,S0003399,checkout_started,,,
2025-09-01,2025-09,Australia,Apparel,Desktop,U02326,S0003399,purchased,4.0,60.14632610142366,240.59
2025-09-01,2025-09,Australia,Apparel,Desktop,U02326,S0003399,viewed,,,
2025-09-01,2025-09,United States,Electronics,Desktop,U00048,S0003674,viewed,,,
2025-09-01,2025-09,United States,Beauty,Mobile,U02420,S0003725,viewed,,,
2025-09-01,2025-09,United States,Electronics,Tablet,U02204,S0003799,add_to_cart,,,
2025-09-01,2025-09,United States,Electronics,Tablet,U02204,S0003799,checkout_started,,,
2025-09-01,2025-09,United States,Electronics,Tablet,U02204,S0003799,purchased,3.0,156.39198844672552,469.18
2025-09-01,2025-09,United States,Electronics,Tablet,U02204,S0003799,viewed,,,
2025-09-01,2025-09,Germany,Home,Mobile,U02513,S0004055,viewed,,,
2025-09-01,2025-09,Australia,Sports,Mobile,U00402,S0004111,add_to_cart,,,
2025-09-01,2025-09,Australia,Sports,Mobile,U00402,S0004111,viewed,,,
2025-09-01,2025-09,United States,Sports,Mobile,U01465,S0004131,viewed,,,
2025-09-01,2025-09,United States,Electronics,Desktop,U01864,S0004361,viewed,,,
2025-09-01,2025-09,United States,Home,Mobile,U02191,S0004598,viewed,,,
2025-09-01,2025-09,United States,Beauty,Desktop,U01008,S0004627,viewed,,,
2025-09-01,2025-09,United States,Beauty,Mobile,U00709,S0004689,viewed,,,
2025-09-01,2025-09,United States,Sports,Desktop,U00016,S0004691,viewed,,,
2025-09-01,2025-09,Canada,Apparel,Mobile,U00885,S0004768,viewed,,,
2025-09-01,2025-09,United States,Beauty,Mobile,U00638,S0004885,viewed,,,
2025-09-02,2025-09,United States,Home,Mobile,U00780,S0000233,viewed,,,
2025-09-02,2025-09,United States,Sports,Tablet,U02200,S0000300,add_to_cart,,,
2025-09-02,2025-09,United States,Sports,Tablet,U02200,S0000300,checkout_started,,,
2025-09-02,2025-09,United States,Sports,Tablet,U02200,S0000300,purchased,3.0,42.21091716233267,126.63
2025-09-02,2025-09,United States,Sports,Tablet,U02200,S0000300,viewed,,,
2025-09-02,2025-09,Germany,Home,Mobile,U01845,S0000410,viewed,,,
2025-09-02,2025-09,United Kingdom,Home,Mobile,U00809,S0000415,add_to_cart,,,
2025-09-02,2025-09,United Kingdom,Home,Mobile,U00809,S0000415,viewed,,,
2025-09-02,2025-09,United States,Home,Desktop,U01837,S0000478,viewed,,,
2025-09-02,2025-09,United States,Sports,Tablet,U02576,S0000540,add_to_cart,,,
2025-09-02,2025-09,United States,Sports,Tablet,U02576,S0000540,viewed,,,
2025-09-02,2025-09,United States,Electronics,Desktop,U02565,S0000790,add_to_cart,,,
2025-09-02,2025-09,United States,Electronics,Desktop,U02565,S0000790,checkout_started,,,
2025-09-02,2025-09,United States,Electronics,Desktop,U02565,S0000790,purchased,4.0,147.7107377635651,590.84
2025-09-02,2025-09,United States,Electronics,Desktop,U02565,S0000790,viewed,,,
2025-09-02,2025-09,United States,Electronics,Desktop,U00324,S0000801,add_to_cart,,,
2025-09-02,2025-09,United States,Electronics,Desktop,U00324,S0000801,viewed,,,
2025-09-02,2025-09,United States,Electronics,Tablet,U00723,S0000839,viewed,,,
2025-09-02,2025-09,Germany,Home,Tablet,U01726,S0000889,add_to_cart,,,
2025-09-02,2025-09,Germany,Home,Tablet,U01726,S0000889,checkout_started,,,
2025-09-02,2025-09,Germany,Home,Tablet,U01726,S0000889,viewed,,,
2025-09-02,2025-09,United States,Home,Mobile,U00848,S0001038,viewed,,,
2025-09-02,2025-09,United States,Sports,Mobile,U00599,S0001121,add_to_cart,,,
2025-09-02,2025-09,United States,Sports,Mobile,U00599,S0001121,viewed,,,
2025-09-02,2025-09,United States,Sports,Mobile,U01278,S0001366,viewed,,,
2025-09-02,2025-09,United States,Beauty,Mobile,U02184,S0001529,viewed,,,
2025-09-02,2025-09,Germany,Apparel,Mobile,U01966,S0001594,viewed,,,
2025-09-02,2025-09,United States,Apparel,Desktop,U02436,S0001624,viewed,,,
2025-09-02,2025-09,Australia,Apparel,Desktop,U02202,S0001652,viewed,,,
2025-09-02,2025-09,Germany,Home,Desktop,U00885,S0001682,viewed,,,
2025-09-02,2025-09,United States,Apparel,Desktop,U00858,S0002090,viewed,,,
2025-09-02,2025-09,United States,Apparel,Desktop,U02339,S0002171,viewed,,,
2025-09-02,2025-09,United Kingdom,Electronics,Tablet,U00349,S0002975,viewed,,,
2025-09-02,2025-09,United Kingdom,Home,Mobile,U00471,S0003103,viewed,,,
2025-09-02,2025-09,United States,Sports,Mobile,U01807,S0003136,add_to_cart,,,
2025-09-02,2025-09,United States,Sports,Mobile,U01807,S0003136,viewed,,,
2025-09-02,2025-09,United Kingdom,Electronics,Desktop,U00398,S0003505,viewed,,,
2025-09-02,2025-09,Canada,Electronics,Mobile,U01699,S0003788,viewed,,,
2025-09-02,2025-09,United States,Apparel,Mobile,U01941,S0003804,viewed,,,
2025-09-02,2025-09,United States,Sports,Desktop,U00965,S0003822,viewed,,,
2025-09-02,2025-09,Australia,Home,Tablet,U00616,S0003858,viewed,,,
2025-09-02,2025-09,United States,Home,Desktop,U01442,S0003898,viewed,,,
2025-09-02,2025-09,United States,Apparel,Desktop,U02531,S0003904,viewed,,,
2025-09-02,2025-09,United States,Home,Desktop,U02011,S0004046,add_to_cart,,,
2025-09-02,2025-09,United States,Home,Desktop,U02011,S0004046,viewed,,,
2025-09-02,2025-09,United Kingdom,Sports,Desktop,U01776,S0004104,add_to_cart,,,
2025-09-02,2025-09,United Kingdom,Sports,Desktop,U01776,S0004104,checkout_started,,,
2025-09-02,2025-09,United Kingdom,Sports,Desktop,U01776,S0004104,purchased,2.0,40.76045207972423,81.52
2025-09-02,2025-09,United Kingdom,Sports,Desktop,U01776,S0004104,viewed,,,
2025-09-02,2025-09,United States,Sports,Desktop,U01032,S0004117,add_to_cart,,,
2025-09-02,2025-09,United States,Sports,Desktop,U01032,S0004117,checkout_started,,,
2025-09-02,2025-09,United States,Sports,Desktop,U01032,S0004117,purchased,3.0,82.22276697775814,246.67
2025-09-02,2025-09,United States,Sports,Desktop,U01032,S0004117,viewed,,,
2025-09-02,2025-09,United States,Home,Mobile,U00840,S0004230,viewed,,,
2025-09-02,2025-09,Canada,Home,Mobile,U01091,S0004393,add_to_cart,,,
2025-09-02,2025-09,Canada,Home,Mobile,U01091,S0004393,viewed,,,
2025-09-02,2025-09,Canada,Apparel,Tablet,U00077,S0004505,viewed,,,
2025-09-02,2025-09,United States,Sports,Mobile,U02155,S0004527,add_to_cart,,,
2025-09-02,2025-09,United States,Sports,Mobile,U02155,S0004527,viewed,,,
2025-09-02,2025-09,United States,Sports,Mobile,U01696,S0004563,viewed,,,
2025-09-02,2025-09,United States,Sports,Desktop,U00699,S0004788,add_to_cart,,,
2025-09-02,2025-09,United States,Sports,Desktop,U00699,S0004788,viewed,,,
2025-09-02,2025-09,United States,Home,Tablet,U00892,S0004931,viewed,,,
2025-09-03,2025-09,United States,Beauty,Mobile,U01703,S0000138,add_to_cart,,,
2025-09-03,2025-09,United States,Beauty,Mobile,U01703,S0000138,viewed,,,
2025-09-03,2025-09,United States,Electronics,Desktop,U00011,S0000170,add_to_cart,,,
2025-09-03,2025-09,United States,Electronics,Desktop,U00011,S0000170,checkout_started,,,
2025-09-03,2025-09,United States,Electronics,Desktop,U00011,S0000170,purchased,1.0,152.08893093072757,152.09
2025-09-03,2025-09,United States,Electronics,Desktop,U00011,S0000170,viewed,,,
2025-09-03,2025-09,Germany,Sports,Desktop,U01114,S0000272,viewed,,,
2025-09-03,2025-09,Germany,Apparel,Mobile,U01729,S0000369,viewed,,,
2025-09-03,2025-09,United States,Beauty,Mobile,U00158,S0000385,viewed,,,
2025-09-03,2025-09,Australia,Home,Mobile,U00078,S0000429,viewed,,,
2025-09-03,2025-09,United States,Electronics,Mobile,U02040,S0000454,add_to_cart,,,
2025-09-03,2025-09,United States,Electronics,Mobile,U02040,S0000454,checkout_started,,,
2025-09-03,2025-09,United States,Electronics,Mobile,U02040,S0000454,purchased,2.0,129.34669111891418,258.69
2025-09-03,2025-09,United States,Electronics,Mobile,U02040,S0000454,viewed,,,
2025-09-03,2025-09,Germany,Beauty,Tablet,U01678,S0000787,add_to_cart,,,
2025-09-03,2025-09,Germany,Beauty,Tablet,U01678,S0000787,viewed,,,
2025-09-03,2025-09,United Kingdom,Sports,Desktop,U01593,S0000821,viewed,,,
2025-09-03,2025-09,Germany,Home,Mobile,U01186,S0000830,viewed,,,
2025-09-03,2025-09,Canada,Electronics,Desktop,U00787,S0001167,add_to_cart,,,
2025-09-03,2025-09,Canada,Electronics,Desktop,U00787,S0001167,viewed,,,
2025-09-03,2025-09,United States,Apparel,Tablet,U02389,S0001180,viewed,,,
2025-09-03,2025-09,Australia,Apparel,Mobile,U00478,S0001300,add_to_cart,,,
2025-09-03,2025-09,Australia,Apparel,Mobile,U00478,S0001300,checkout_started,,,
2025-09-03,2025-09,Australia,Apparel,Mobile,U00478,S0001300,purchased,4.0,58.69893535731974,234.8
2025-09-03,2025-09,Australia,Apparel,Mobile,U00478,S0001300,viewed,,,
2025-09-03,2025-09,Canada,Electronics,Mobile,U01479,S0001399,viewed,,,
2025-09-03,2025-09,Germany,Electronics,Mobile,U00771,S0001493,viewed,,,
2025-09-03,2025-09,United States,Home,Mobile,U01985,S0001536,add_to_cart,,,
2025-09-03,2025-09,United States,Home,Mobile,U01985,S0001536,checkout_started,,,
2025-09-03,2025-09,United States,Home,Mobile,U01985,S0001536,purchased,1.0,83.32346847019022,83.32
2025-09-03,2025-09,United States,Home,Mobile,U01985,S0001536,viewed,,,
2025-09-03,2025-09,United States,Electronics,Mobile,U01266,S0001590,viewed,,,
2025-09-03,2025-09,United States,Home,Desktop,U00095,S0001744,viewed,,,
2025-09-03,2025-09,Canada,Apparel,Mobile,U01032,S0001783,viewed,,,
2025-09-03,2025-09,Canada,Electronics,Mobile,U01943,S0001869,add_to_cart,,,
2025-09-03,2025-09,Canada,Electronics,Mobile,U01943,S0001869,checkout_started,,,
2025-09-03,2025-09,Canada,Electronics,Mobile,U01943,S0001869,purchased,1.0,112.96841319260005,112.97
2025-09-03,2025-09,Canada,Electronics,Mobile,U01943,S0001869,viewed,,,
2025-09-03,2025-09,Canada,Home,Tablet,U01163,S0001944,viewed,,,
2025-09-03,2025-09,United States,Beauty,Mobile,U02176,S0002138,add_to_cart,,,
2025-09-03,2025-09,United States,Beauty,Mobile,U02176,S0002138,checkout_started,,,
2025-09-03,2025-09,United States,Beauty,Mobile,U02176,S0002138,purchased,4.0,40.11375880811063,160.46
2025-09-03,2025-09,United States,Beauty,Mobile,U02176,S0002138,viewed,,,
2025-09-03,2025-09,Canada,Beauty,Mobile,U01040,S0002223,add_to_cart,,,
2025-09-03,2025-09,Canada,Beauty,Mobile,U01040,S0002223,checkout_started,,,
2025-09-03,2025-09,Canada,Beauty,Mobile,U01040,S0002223,purchased,4.0,23.153290881472735,92.61
2025-09-03,2025-09,Canada,Beauty,Mobile,U01040,S0002223,viewed,,,
2025-09-03,2025-09,Germany,Home,Desktop,U00528,S0002261,viewed,,,
2025-09-03,2025-09,Canada,Home,Mobile,U01959,S0002263,viewed,,,
2025-09-03,2025-09,United States,Electronics,Mobile,U01019,S0002329,viewed,,,
2025-09-03,2025-09,United States,Apparel,Desktop,U00159,S0002410,viewed,,,
2025-09-03,2025-09,United Kingdom,Home,Desktop,U02350,S0002469,add_to_cart,,,
2025-09-03,2025-09,United Kingdom,Home,Desktop,U02350,S0002469,checkout_started,,,
2025-09-03,2025-09,United Kingdom,Home,Desktop,U02350,S0002469,purchased,1.0,111.3103500885021,111.31
2025-09-03,2025-09,United Kingdom,Home,Desktop,U02350,S0002469,viewed,,,
2025-09-03,2025-09,United Kingdom,Electronics,Mobile,U01508,S0002499,viewed,,,
2025-09-03,2025-09,Germany,Apparel,Mobile,U00272,S0002559,viewed,,,
2025-09-03,2025-09,United States,Apparel,Desktop,U00728,S0002636,add_to_cart,,,
2025-09-03,2025-09,United States,Apparel,Desktop,U00728,S0002636,viewed,,,
2025-09-03,2025-09,United Kingdom,Electronics,Mobile,U00572,S0002712,viewed,,,
2025-09-03,2025-09,Canada,Home,Tablet,U01627,S0002951,viewed,,,
2025-09-03,2025-09,United States,Apparel,Mobile,U01104,S0003119,viewed,,,
2025-09-03,2025-09,United States,Electronics,Mobile,U01866,S0003309,viewed,,,
2025-09-03,2025-09,United States,Electronics,Mobile,U00473,S0003442,add_to_cart,,,
2025-09-03,2025-09,United States,Electronics,Mobile,U00473,S0003442,checkout_started,,,
2025-09-03,2025-09,United States,Electronics,Mobile,U00473,S0003442,viewed,,,
2025-09-03,2025-09,Germany,Beauty,Mobile,U01447,S0003458,viewed,,,
2025-09-03,2025-09,Germany,Sports,Mobile,U01238,S0003486,viewed,,,
2025-09-03,2025-09,United States,Beauty,Mobile,U01444,S0003537,add_to_cart,,,
2025-09-03,2025-09,United States,Beauty,Mobile,U01444,S0003537,checkout_started,,,
2025-09-03,2025-09,United States,Beauty,Mobile,U01444,S0003537,purchased,2.0,45.618911677078415,91.24
2025-09-03,2025-09,United States,Beauty,Mobile,U01444,S0003537,viewed,,,
2025-09-03,2025-09,Canada,Electronics,Desktop,U00332,S0003682,add_to_cart,,,
2025-09-03,2025-09,Canada,Electronics,Desktop,U00332,S0003682,checkout_started,,,
2025-09-03,2025-09,Canada,Electronics,Desktop,U00332,S0003682,purchased,1.0,140.03761867533026,140.04
2025-09-03,2025-09,Canada,Electronics,Desktop,U00332,S0003682,viewed,,,
2025-09-03,2025-09,United Kingdom,Apparel,Mobile,U01325,S0003805,viewed,,,
2025-09-03,2025-09,United States,Beauty,Desktop,U00198,S0003947,add_to_cart,,,
2025-09-03,2025-09,United States,Beauty,Desktop,U00198,S0003947,checkout_started,,,
2025-09-03,2025-09,United States,Beauty,Desktop,U00198,S0003947,purchased,2.0,41.36411688371185,82.73
2025-09-03,2025-09,United States,Beauty,Desktop,U00198,S0003947,viewed,,,
2025-09-03,2025-09,Germany,Home,Mobile,U00570,S0003997,viewed,,,
2025-09-03,2025-09,United States,Beauty,Desktop,U00776,S0004036,add_to_cart,,,
2025-09-03,2025-09,United States,Beauty,Desktop,U00776,S0004036,checkout_started,,,
2025-09-03,2025-09,United States,Beauty,Desktop,U00776,S0004036,viewed,,,
2025-09-03,2025-09,Australia,Electronics,Desktop,U02003,S0004062,viewed,,,
2025-09-03,2025-09,United States,Home,Mobile,U02250,S0004076,viewed,,,
2025-09-03,2025-09,United States,Sports,Mobile,U00196,S0004160,viewed,,,
2025-09-03,2025-09,United States,Beauty,Mobile,U00689,S0004260,add_to_cart,,,
2025-09-03,2025-09,United States,Beauty,Mobile,U00689,S0004260,checkout_started,,,
2025-09-03,2025-09,United States,Beauty,Mobile,U00689,S0004260,purchased,2.0,35.78391824779727,71.57
2025-09-03,2025-09,United States,Beauty,Mobile,U00689,S0004260,viewed,,,
2025-09-03,2025-09,Canada,Electronics,Mobile,U01759,S0004531,viewed,,,
2025-09-03,2025-09,Australia,Sports,Tablet,U00221,S0004535,viewed,,,
2025-09-03,2025-09,United States,Beauty,Mobile,U01858,S0004642,viewed,,,
2025-09-03,2025-09,Germany,Electronics,Mobile,U01230,S0004645,add_to_cart,,,
2025-09-03,2025-09,Germany,Electronics,Mobile,U01230,S0004645,checkout_started,,,
2025-09-03,2025-09,Germany,Electronics,Mobile,U01230,S0004645,viewed,,,
2025-09-03,2025-09,United States,Apparel,Desktop,U02016,S0004700,viewed,,,
2025-09-03,2025-09,United States,Apparel,Mobile,U01787,S0004715,viewed,,,
2025-09-03,2025-09,Germany,Apparel,Mobile,U01124,S0004913,viewed,,,
2025-09-04,2025-09,Canada,Sports,Mobile,U00664,S0000117,viewed,,,
2025-09-04,2025-09,Germany,Electronics,Tablet,U01237,S0000147,viewed,,,
2025-09-04,2025-09,Germany,Sports,Mobile,U01485,S0000250,viewed,,,
2025-09-04,2025-09,Australia,Electronics,Mobile,U00640,S0000328,viewed,,,
2025-09-04,2025-09,United States,Apparel,Desktop,U00304,S0000562,viewed,,,
2025-09-04,2025-09,Canada,Sports,Desktop,U02237,S0000663,viewed,,,
2025-09-04,2025-09,United States,Beauty,Mobile,U01060,S0000817,viewed,,,
2025-09-04,2025-09,Canada,Beauty,Mobile,U00020,S0000844,viewed,,,
2025-09-04,2025-09,United States,Sports,Desktop,U01734,S0000870,viewed,,,
2025-09-04,2025-09,United States,Home,Mobile,U00400,S0000902,viewed,,,
2025-09-04,2025-09,Germany,Home,Desktop,U00173,S0000970,add_to_cart,,,
2025-09-04,2025-09,Germany,Home,Desktop,U00173,S0000970,viewed,,,
2025-09-04,2025-09,United Kingdom,Electronics,Desktop,U01971,S0001019,add_to_cart,,,
2025-09-04,2025-09,United Kingdom,Electronics,Desktop,U01971,S0001019,checkout_started,,,
2025-09-04,2025-09,United Kingdom,Electronics,Desktop,U01971,S0001019,purchased,3.0,142.1890681520102,426.57
2025-09-04,2025-09,United Kingdom,Electronics,Desktop,U01971,S0001019,viewed,,,
2025-09-04,2025-09,Canada,Electronics,Mobile,U02052,S0001099,viewed,,,
2025-09-04,2025-09,Canada,Electronics,Tablet,U00710,S0001240,viewed,,,
2025-09-04,2025-09,Germany,Electronics,Mobile,U00256,S0001266,viewed,,,
2025-09-04,2025-09,United States,Electronics,Desktop,U01976,S0001446,viewed,,,
2025-09-04,2025-09,United States,Sports,Desktop,U02100,S0001452,add_to_cart,,,
2025-09-04,2025-09,United States,Sports,Desktop,U02100,S0001452,viewed,,,
2025-09-04,2025-09,Canada,Sports,Mobile,U01928,S0001683,viewed,,,
2025-09-04,2025-09,United Kingdom,Electronics,Tablet,U00393,S0001871,viewed,,,
2025-09-04,2025-09,Australia,Home,Mobile,U00414,S0001909,viewed,,,
2025-09-04,2025-09,United Kingdom,Apparel,Mobile,U01413,S0002038,viewed,,,
2025-09-04,2025-09,United States,Apparel,Desktop,U00688,S0002203,add_to_cart,,,
2025-09-04,2025-09,United States,Apparel,Desktop,U00688,S0002203,checkout_started,,,
2025-09-04,2025-09,United States,Apparel,Desktop,U00688,S0002203,purchased,4.0,63.04528739892004,252.18
2025-09-04,2025-09,United States,Apparel,Desktop,U00688,S0002203,viewed,,,
2025-09-04,2025-09,United States,Home,Desktop,U00553,S0002322,add_to_cart,,,
2025-09-04,2025-09,United States,Home,Desktop,U00553,S0002322,checkout_started,,,
2025-09-04,2025-09,United States,Home,Desktop,U00553,S0002322,purchased,4.0,126.78163359364153,507.13
2025-09-04,2025-09,United States,Home,Desktop,U00553,S0002322,viewed,,,
2025-09-04,2025-09,United States,Beauty,Desktop,U00280,S0002339,add_to_cart,,,
2025-09-04,2025-09,United States,Beauty,Desktop,U00280,S0002339,checkout_started,,,
2025-09-04,2025-09,United States,Beauty,Desktop,U00280,S0002339,viewed,,,
2025-09-04,2025-09,Germany,Beauty,Desktop,U01120,S0002630,add_to_cart,,,
2025-09-04,2025-09,Germany,Beauty,Desktop,U01120,S0002630,checkout_started,,,
2025-09-04,2025-09,Germany,Beauty,Desktop,U01120,S0002630,viewed,,,
2025-09-04,2025-09,United States,Apparel,Tablet,U00894,S0002728,viewed,,,
2025-09-04,2025-09,United States,Beauty,Mobile,U02378,S0002764,viewed,,,
2025-09-04,2025-09,United States,Home,Mobile,U00103,S0002772,add_to_cart,,,
2025-09-04,2025-09,United States,Home,Mobile,U00103,S0002772,checkout_started,,,
2025-09-04,2025-09,United States,Home,Mobile,U00103,S0002772,purchased,3.0,77.78899630286142,233.37
2025-09-04,2025-09,United States,Home,Mobile,U00103,S0002772,viewed,,,
2025-09-04,2025-09,United States,Sports,Desktop,U01326,S0002866,viewed,,,
2025-09-04,2025-09,United States,Electronics,Mobile,U00936,S0002881,viewed,,,
2025-09-04,2025-09,United States,Electronics,Mobile,U01257,S0003240,viewed,,,
2025-09-04,2025-09,United States,Electronics,Mobile,U00539,S0003320,add_to_cart,,,
2025-09-04,2025-09,United States,Electronics,Mobile,U00539,S0003320,checkout_started,,,
2025-09-04,2025-09,United States,Electronics,Mobile,U00539,S0003320,purchased,2.0,110.4031742122261,220.81
2025-09-04,2025-09,United States,Electronics,Mobile,U00539,S0003320,viewed,,,
2025-09-04,2025-09,United States,Electronics,Desktop,U00332,S0003545,viewed,,,
2025-09-04,2025-09,United States,Sports,Desktop,U01154,S0003633,viewed,,,
2025-09-04,2025-09,United States,Home,Mobile,U01899,S0003755,viewed,,,
2025-09-04,2025-09,United States,Home,Mobile,U00785,S0003880,viewed,,,
2025-09-04,2025-09,United States,Apparel,Tablet,U01750,S0004003,add_to_cart,,,
2025-09-04,2025-09,United States,Apparel,Tablet,U01750,S0004003,checkout_started,,,
2025-09-04,2025-09,United States,Apparel,Tablet,U01750,S0004003,purchased,4.0,61.46371240399794,245.85
2025-09-04,2025-09,United States,Apparel,Tablet,U01750,S0004003,viewed,,,
2025-09-04,2025-09,Canada,Apparel,Mobile,U00715,S0004092,viewed,,,
2025-09-04,2025-09,United Kingdom,Beauty,Desktop,U01049,S0004189,viewed,,,
2025-09-04,2025-09,United States,Sports,Desktop,U01130,S0004194,viewed,,,
2025-09-04,2025-09,United States,Home,Mobile,U01428,S0004236,viewed,,,
2025-09-04,2025-09,United States,Electronics,Desktop,U02440,S0004244,add_to_cart,,,
2025-09-04,2025-09,United States,Electronics,Desktop,U02440,S0004244,checkout_started,,,
2025-09-04,2025-09,United States,Electronics,Desktop,U02440,S0004244,viewed,,,
2025-09-04,2025-09,Canada,Home,Mobile,U00172,S0004275,viewed,,,
2025-09-04,2025-09,Canada,Electronics,Mobile,U02206,S0004299,add_to_cart,,,
2025-09-04,2025-09,Canada,Electronics,Mobile,U02206,S0004299,viewed,,,
2025-09-04,2025-09,Canada,Home,Tablet,U02087,S0004304,add_to_cart,,,
2025-09-04,2025-09,Canada,Home,Tablet,U02087,S0004304,checkout_started,,,
2025-09-04,2025-09,Canada,Home,Tablet,U02087,S0004304,purchased,2.0,104.3044215487887,208.61
2025-09-04,2025-09,Canada,Home,Tablet,U02087,S0004304,viewed,,,
2025-09-04,2025-09,United States,Apparel,Mobile,U00405,S0004320,add_to_cart,,,
2025-09-04,2025-09,United States,Apparel,Mobile,U00405,S0004320,checkout_started,,,
2025-09-04,2025-09,United States,Apparel,Mobile,U00405,S0004320,purchased,4.0,60.95250453981155,243.81
2025-09-04,2025-09,United States,Apparel,Mobile,U00405,S0004320,viewed,,,
2025-09-04,2025-09,United States,Home,Tablet,U01573,S0004458,viewed,,,
2025-09-04,2025-09,United States,Electronics,Mobile,U00195,S0004552,add_to_cart,,,
2025-09-04,2025-09,United States,Electronics,Mobile,U00195,S0004552,checkout_started,,,
2025-09-04,2025-09,United States,Electronics,Mobile,U00195,S0004552,purchased,1.0,100.56779674206747,100.57
2025-09-04,2025-09,United States,Electronics,Mobile,U00195,S0004552,viewed,,,
2025-09-04,2025-09,United States,Sports,Tablet,U00472,S0004592,add_to_cart,,,
2025-09-04,2025-09,United States,Sports,Tablet,U00472,S0004592,checkout_started,,,
2025-09-04,2025-09,United States,Sports,Tablet,U00472,S0004592,viewed,,,
2025-09-04,2025-09,United States,Apparel,Desktop,U01246,S0004596,viewed,,,
2025-09-04,2025-09,Australia,Electronics,Mobile,U00759,S0004751,add_to_cart,,,
2025-09-04,2025-09,Australia,Electronics,Mobile,U00759,S0004751,viewed,,,
2025-09-04,2025-09,United States,Beauty,Mobile,U00439,S0004945,add_to_cart,,,
2025-09-04,2025-09,United States,Beauty,Mobile,U00439,S0004945,checkout_started,,,
2025-09-04,2025-09,United States,Beauty,Mobile,U00439,S0004945,viewed,,,
2025-09-04,2025-09,United States,Beauty,Desktop,U00637,S0004969,viewed,,,
2025-09-05,2025-09,United States,Electronics,Desktop,U02346,S0000056,add_to_cart,,,
2025-09-05,2025-09,United States,Electronics,Desktop,U02346,S0000056,viewed,,,
2025-09-05,2025-09,United Kingdom,Apparel,Desktop,U01303,S0000352,viewed,,,
2025-09-05,2025-09,United States,Electronics,Desktop,U02453,S0000397,add_to_cart,,,
2025-09-05,2025-09,United States,Electronics,Desktop,U02453,S0000397,checkout_started,,,
2025-09-05,2025-09,United States,Electronics,Desktop,U02453,S0000397,purchased,2.0,164.15172142187305,328.3
2025-09-05,2025-09,United States,Electronics,Desktop,U02453,S0000397,viewed,,,
2025-09-05,2025-09,United States,Beauty,Mobile,U02307,S0000546,viewed,,,
2025-09-05,2025-09,Germany,Home,Desktop,U01786,S0000574,viewed,,,
2025-09-05,2025-09,United Kingdom,Apparel,Mobile,U00196,S0000584,add_to_cart,,,
2025-09-05,2025-09,United Kingdom,Apparel,Mobile,U00196,S0000584,checkout_started,,,
2025-09-05,2025-09,United Kingdom,Apparel,Mobile,U00196,S0000584,purchased,4.0,50.284933378371456,201.14
2025-09-05,2025-09,United Kingdom,Apparel,Mobile,U00196,S0000584,viewed,,,
2025-09-05,2025-09,Germany,Sports,Desktop,U01869,S0000699,viewed,,,
2025-09-05,2025-09,United States,Home,Desktop,U01734,S0000811,viewed,,,
2025-09-05,2025-09,United States,Electronics,Mobile,U01753,S0000848,viewed,,,
2025-09-05,2025-09,United States,Apparel,Tablet,U02574,S0000887,viewed,,,
2025-09-05,2025-09,Canada,Home,Desktop,U01598,S0001110,add_to_cart,,,
2025-09-05,2025-09,Canada,Home,Desktop,U01598,S0001110,checkout_started,,,
2025-09-05,2025-09,Canada,Home,Desktop,U01598,S0001110,purchased,4.0,62.46451334565401,249.86
2025-09-05,2025-09,Canada,Home,Desktop,U01598,S0001110,viewed,,,
2025-09-05,2025-09,United States,Electronics,Desktop,U01875,S0001270,add_to_cart,,,
2025-09-05,2025-09,United States,Electronics,Desktop,U01875,S0001270,checkout_started,,,
2025-09-05,2025-09,United States,Electronics,Desktop,U01875,S0001270,purchased,4.0,173.0214972546023,692.09
2025-09-05,2025-09,United States,Electronics,Desktop,U01875,S0001270,viewed,,,
2025-09-05,2025-09,Canada,Home,Desktop,U02589,S0001286,add_to_cart,,,
2025-09-05,2025-09,Canada,Home,Desktop,U02589,S0001286,checkout_started,,,
2025-09-05,2025-09,Canada,Home,Desktop,U02589,S0001286,purchased,4.0,52.60128606540466,210.41
2025-09-05,2025-09,Canada,Home,Desktop,U02589,S0001286,viewed,,,
2025-09-05,2025-09,United States,Home,Mobile,U02551,S0001453,viewed,,,
2025-09-05,2025-09,United Kingdom,Apparel,Mobile,U00619,S0001463,viewed,,,
2025-09-05,2025-09,United States,Home,Mobile,U00292,S0001464,viewed,,,
2025-09-05,2025-09,Canada,Home,Mobile,U01470,S0001518,viewed,,,
2025-09-05,2025-09,Australia,Beauty,Mobile,U00187,S0001526,viewed,,,
2025-09-05,2025-09,Germany,Electronics,Mobile,U00033,S0001642,add_to_cart,,,
2025-09-05,2025-09,Germany,Electronics,Mobile,U00033,S0001642,viewed,,,
2025-09-05,2025-09,United Kingdom,Apparel,Desktop,U02422,S0001653,add_to_cart,,,
2025-09-05,2025-09,United Kingdom,Apparel,Desktop,U02422,S0001653,viewed,,,
2025-09-05,2025-09,United States,Electronics,Desktop,U02285,S0001781,viewed,,,
2025-09-05,2025-09,United Kingdom,Apparel,Desktop,U01361,S0001806,viewed,,,
2025-09-05,2025-09,United States,Home,Mobile,U01940,S0001976,viewed,,,
2025-09-05,2025-09,United States,Home,Mobile,U02580,S0001983,viewed,,,
2025-09-05,2025-09,Canada,Apparel,Mobile,U02092,S0002278,viewed,,,
2025-09-05,2025-09,Canada,Apparel,Desktop,U00413,S0002314,viewed,,,
2025-09-05,2025-09,United States,Sports,Mobile,U01979,S0002371,add_to_cart,,,
2025-09-05,2025-09,United States,Sports,Mobile,U01979,S0002371,checkout_started,,,
2025-09-05,2025-09,United States,Sports,Mobile,U01979,S0002371,purchased,2.0,80.08954553858503,160.18
2025-09-05,2025-09,United States,Sports,Mobile,U01979,S0002371,viewed,,,
2025-09-05,2025-09,United Kingdom,Beauty,Tablet,U00398,S0002412,viewed,,,
2025-09-05,2025-09,Canada,Apparel,Mobile,U01969,S0002505,viewed,,,
2025-09-05,2025-09,United States,Apparel,Mobile,U02569,S0002522,viewed,,,
2025-09-05,2025-09,United Kingdom,Apparel,Mobile,U02432,S0002618,viewed,,,
2025-09-05,2025-09,United Kingdom,Beauty,Mobile,U00663,S0002780,viewed,,,
2025-09-05,2025-09,United Kingdom,Sports,Mobile,U00483,S0002884,add_to_cart,,,
2025-09-05,2025-09,United Kingdom,Sports,Mobile,U00483,S0002884,checkout_started,,,
2025-09-05,2025-09,United Kingdom,Sports,Mobile,U00483,S0002884,purchased,2.0,49.10926670725949,98.22
2025-09-05,2025-09,United Kingdom,Sports,Mobile,U00483,S0002884,viewed,,,
2025-09-05,2025-09,United States,Home,Desktop,U00187,S0002972,add_to_cart,,,
2025-09-05,2025-09,United States,Home,Desktop,U00187,S0002972,checkout_started,,,
2025-09-05,2025-09,United States,Home,Desktop,U00187,S0002972,purchased,4.0,121.79392983711745,487.18
2025-09-05,2025-09,United States,Home,Desktop,U00187,S0002972,viewed,,,
2025-09-05,2025-09,United Kingdom,Sports,Mobile,U00172,S0003013,viewed,,,
2025-09-05,2025-09,United States,Sports,Desktop,U01395,S0003338,add_to_cart,,,
2025-09-05,2025-09,United States,Sports,Desktop,U01395,S0003338,checkout_started,,,
2025-09-05,2025-09,United States,Sports,Desktop,U01395,S0003338,viewed,,,
2025-09-05,2025-09,United States,Home,Mobile,U02007,S0003363,viewed,,,
2025-09-05,2025-09,Germany,Home,Mobile,U00086,S0003464,viewed,,,
2025-09-05,2025-09,Canada,Electronics,Mobile,U02007,S0003617,add_to_cart,,,
2025-09-05,2025-09,Canada,Electronics,Mobile,U02007,S0003617,checkout_started,,,
2025-09-05,2025-09,Canada,Electronics,Mobile,U02007,S0003617,purchased,4.0,137.65952999211603,550.64
2025-09-05,2025-09,Canada,Electronics,Mobile,U02007,S0003617,viewed,,,
2025-09-05,2025-09,United States,Apparel,Mobile,U00986,S0003852,viewed,,,
2025-09-05,2025-09,Canada,Home,Mobile,U00015,S0003871,viewed,,,
2025-09-05,2025-09,Australia,Home,Mobile,U01531,S0004022,add_to_cart,,,
2025-09-05,2025-09,Australia,Home,Mobile,U01531,S0004022,viewed,,,
2025-09-05,2025-09,Germany,Home,Mobile,U01830,S0004120,viewed,,,
2025-09-05,2025-09,United States,Home,Mobile,U02278,S0004127,add_to_cart,,,
2025-09-05,2025-09,United States,Home,Mobile,U02278,S0004127,checkout_started,,,
2025-09-05,2025-09,United States,Home,Mobile,U02278,S0004127,viewed,,,
2025-09-05,2025-09,Australia,Apparel,Desktop,U01830,S0004269,viewed,,,
2025-09-05,2025-09,United States,Sports,Mobile,U01138,S0004329,viewed,,,
2025-09-05,2025-09,United States,Apparel,Desktop,U01781,S0004341,viewed,,,
2025-09-05,2025-09,United States,Electronics,Desktop,U02227,S0004347,viewed,,,
2025-09-05,2025-09,Australia,Home,Desktop,U02051,S0004551,add_to_cart,,,
2025-09-05,2025-09,Australia,Home,Desktop,U02051,S0004551,viewed,,,
2025-09-05,2025-09,United States,Apparel,Mobile,U02304,S0004724,viewed,,,
2025-09-05,2025-09,United States,Home,Mobile,U02235,S0004770,add_to_cart,,,
2025-09-05,2025-09,United States,Home,Mobile,U02235,S0004770,checkout_started,,,
2025-09-05,2025-09,United States,Home,Mobile,U02235,S0004770,purchased,2.0,129.19349785058756,258.39
2025-09-05,2025-09,United States,Home,Mobile,U02235,S0004770,viewed,,,
2025-09-05,2025-09,United States,Electronics,Mobile,U01807,S0004776,add_to_cart,,,
2025-09-05,2025-09,United States,Electronics,Mobile,U01807,S0004776,checkout_started,,,
2025-09-05,2025-09,United States,Electronics,Mobile,U01807,S0004776,viewed,,,
2025-09-05,2025-09,Germany,Beauty,Mobile,U01547,S0004894,viewed,,,
2025-09-05,2025-09,Australia,Beauty,Desktop,U01071,S0004952,viewed,,,
2025-09-05,2025-09,Australia,Beauty,Mobile,U01830,S0004986,viewed,,,
2025-09-06,2025-09,United States,Sports,Mobile,U00590,S0000036,viewed,,,
2025-09-06,2025-09,United States,Apparel,Tablet,U01417,S0000150,viewed,,,
2025-09-06,2025-09,United States,Electronics,Desktop,U00982,S0000279,add_to_cart,,,
2025-09-06,2025-09,United States,Electronics,Desktop,U00982,S0000279,viewed,,,
2025-09-06,2025-09,Canada,Apparel,Mobile,U00421,S0000542,viewed,,,
2025-09-06,2025-09,Canada,Sports,Mobile,U02349,S0000619,viewed,,,
2025-09-06,2025-09,United States,Beauty,Mobile,U00950,S0000858,add_to_cart,,,
2025-09-06,2025-09,United States,Beauty,Mobile,U00950,S0000858,checkout_started,,,
2025-09-06,2025-09,United States,Beauty,Mobile,U00950,S0000858,purchased,1.0,58.084666401119314,58.08
2025-09-06,2025-09,United States,Beauty,Mobile,U00950,S0000858,viewed,,,
2025-09-06,2025-09,Germany,Beauty,Mobile,U02490,S0000898,viewed,,,
2025-09-06,2025-09,Australia,Home,Mobile,U00671,S0001021,viewed,,,
2025-09-06,2025-09,Germany,Beauty,Tablet,U01981,S0001026,viewed,,,
2025-09-06,2025-09,United States,Sports,Desktop,U00473,S0001136,viewed,,,
2025-09-06,2025-09,United States,Apparel,Desktop,U01799,S0001267,viewed,,,
2025-09-06,2025-09,United Kingdom,Electronics,Mobile,U00887,S0001351,add_to_cart,,,
2025-09-06,2025-09,United Kingdom,Electronics,Mobile,U00887,S0001351,checkout_started,,,
2025-09-06,2025-09,United Kingdom,Electronics,Mobile,U00887,S0001351,viewed,,,
2025-09-06,2025-09,United States,Electronics,Mobile,U02205,S0001411,viewed,,,
2025-09-06,2025-09,Germany,Beauty,Mobile,U00427,S0001470,add_to_cart,,,
2025-09-06,2025-09,Germany,Beauty,Mobile,U00427,S0001470,checkout_started,,,
2025-09-06,2025-09,Germany,Beauty,Mobile,U00427,S0001470,viewed,,,
2025-09-06,2025-09,Australia,Sports,Mobile,U00536,S0001615,viewed,,,
2025-09-06,2025-09,United States,Beauty,Mobile,U02214,S0001801,viewed,,,
2025-09-06,2025-09,Canada,Beauty,Mobile,U00265,S0001889,viewed,,,
2025-09-06,2025-09,United Kingdom,Home,Desktop,U01605,S0001979,add_to_cart,,,
2025-09-06,2025-09,United Kingdom,Home,Desktop,U01605,S0001979,checkout_started,,,
2025-09-06,2025-09,United Kingdom,Home,Desktop,U01605,S0001979,purchased,2.0,107.39956691619106,214.8
2025-09-06,2025-09,United Kingdom,Home,Desktop,U01605,S0001979,viewed,,,
2025-09-06,2025-09,Australia,Home,Mobile,U01077,S0002002,add_to_cart,,,
2025-09-06,2025-09,Australia,Home,Mobile,U01077,S0002002,checkout_started,,,
2025-09-06,2025-09,Australia,Home,Mobile,U01077,S0002002,purchased,4.0,62.05709961782581,248.23
2025-09-06,2025-09,Australia,Home,Mobile,U01077,S0002002,viewed,,,
2025-09-06,2025-09,Germany,Electronics,Mobile,U00763,S0002129,viewed,,,
2025-09-06,2025-09,United States,Home,Mobile,U00650,S0002331,viewed,,,
2025-09-06,2025-09,Canada,Electronics,Desktop,U01546,S0002373,viewed,,,
2025-09-06,2025-09,Canada,Electronics,Mobile,U01968,S0002460,viewed,,,
2025-09-06,2025-09,United States,Home,Mobile,U01328,S0002488,viewed,,,
2025-09-06,2025-09,United States,Apparel,Desktop,U01050,S0002525,viewed,,,
2025-09-06,2025-09,Germany,Electronics,Desktop,U02088,S0002657,add_to_cart,,,
2025-09-06,2025-09,Germany,Electronics,Desktop,U02088,S0002657,checkout_started,,,
2025-09-06,2025-09,Germany,Electronics,Desktop,U02088,S0002657,viewed,,,
2025-09-06,2025-09,Germany,Beauty,Mobile,U01360,S0002788,viewed,,,
2025-09-06,2025-09,United States,Electronics,Desktop,U02106,S0002804,viewed,,,
2025-09-06,2025-09,United States,Electronics,Desktop,U01581,S0002888,add_to_cart,,,
2025-09-06,2025-09,United States,Electronics,Desktop,U01581,S0002888,checkout_started,,,
2025-09-06,2025-09,United States,Electronics,Desktop,U01581,S0002888,purchased,3.0,157.82506186471048,473.48
2025-09-06,2025-09,United States,Electronics,Desktop,U01581,S0002888,viewed,,,
2025-09-06,2025-09,Germany,Electronics,Mobile,U02547,S0002982,viewed,,,
2025-09-06,2025-09,Australia,Electronics,Desktop,U00481,S0003113,viewed,,,
2025-09-06,2025-09,United States,Electronics,Desktop,U01988,S0003184,viewed,,,
2025-09-06,2025-09,Canada,Electronics,Mobile,U00394,S0003189,viewed,,,
2025-09-06,2025-09,United Kingdom,Electronics,Mobile,U02427,S0003357,viewed,,,
2025-09-06,2025-09,United States,Apparel,Tablet,U02269,S0003452,add_to_cart,,,
2025-09-06,2025-09,United States,Apparel,Tablet,U02269,S0003452,checkout_started,,,
2025-09-06,2025-09,United States,Apparel,Tablet,U02269,S0003452,purchased,1.0,57.30573568940144,57.31
2025-09-06,2025-09,United States,Apparel,Tablet,U02269,S0003452,viewed,,,
2025-09-06,2025-09,United States,Beauty,Mobile,U00714,S0003501,add_to_cart,,,
2025-09-06,2025-09,United States,Beauty,Mobile,U00714,S0003501,checkout_started,,,
2025-09-06,2025-09,United States,Beauty,Mobile,U00714,S0003501,purchased,4.0,34.97131535580065,139.89
2025-09-06,2025-09,United States,Beauty,Mobile,U00714,S0003501,viewed,,,
2025-09-06,2025-09,Australia,Home,Mobile,U00042,S0003509,viewed,,,
2025-09-06,2025-09,United States,Electronics,Mobile,U00831,S0003533,viewed,,,
2025-09-06,2025-09,Canada,Home,Desktop,U01399,S0003781,viewed,,,
2025-09-06,2025-09,Canada,Home,Mobile,U00409,S0003798,viewed,,,
2025-09-06,2025-09,United States,Apparel,Mobile,U02023,S0003800,add_to_cart,,,
2025-09-06,2025-09,United States,Apparel,Mobile,U02023,S0003800,viewed,,,
2025-09-06,2025-09,Germany,Home,Mobile,U01832,S0003919,add_to_cart,,,
2025-09-06,2025-09,Germany,Home,Mobile,U01832,S0003919,viewed,,,
2025-09-06,2025-09,United Kingdom,Sports,Desktop,U02524,S0004185,add_to_cart,,,
2025-09-06,2025-09,United Kingdom,Sports,Desktop,U02524,S0004185,checkout_started,,,
2025-09-06,2025-09,United Kingdom,Sports,Desktop,U02524,S0004185,purchased,4.0,84.39237688544864,337.57
2025-09-06,2025-09,United Kingdom,Sports,Desktop,U02524,S0004185,viewed,,,
2025-09-06,2025-09,Germany,Home,Mobile,U02221,S0004388,viewed,,,
2025-09-06,2025-09,Canada,Home,Desktop,U00587,S0004484,add_to_cart,,,
2025-09-06,2025-09,Canada,Home,Desktop,U00587,S0004484,viewed,,,
2025-09-06,2025-09,United States,Electronics,Mobile,U00170,S0004518,viewed,,,
2025-09-06,2025-09,United States,Apparel,Desktop,U00525,S0004702,add_to_cart,,,
2025-09-06,2025-09,United States,Apparel,Desktop,U00525,S0004702,checkout_started,,,
2025-09-06,2025-09,United States,Apparel,Desktop,U00525,S0004702,viewed,,,
2025-09-06,2025-09,United States,Beauty,Desktop,U00533,S0004737,viewed,,,
2025-09-06,2025-09,United States,Sports,Mobile,U01706,S0004855,viewed,,,
2025-09-06,2025-09,United States,Electronics,Mobile,U01376,S0004861,viewed,,,
2025-09-06,2025-09,Canada,Sports,Desktop,U02029,S0004873,viewed,,,
2025-09-06,2025-09,United States,Electronics,Desktop,U00127,S0004893,viewed,,,
2025-09-07,2025-09,United States,Home,Desktop,U02101,S0000045,add_to_cart,,,
2025-09-07,2025-09,United States,Home,Desktop,U02101,S0000045,checkout_started,,,
2025-09-07,2025-09,United States,Home,Desktop,U02101,S0000045,purchased,4.0,72.01756793256138,288.07
2025-09-07,2025-09,United States,Home,Desktop,U02101,S0000045,viewed,,,
2025-09-07,2025-09,United States,Apparel,Mobile,U00612,S0000387,viewed,,,
2025-09-07,2025-09,United States,Apparel,Desktop,U01753,S0000518,viewed,,,
2025-09-07,2025-09,United States,Home,Desktop,U01357,S0000659,add_to_cart,,,
2025-09-07,2025-09,United States,Home,Desktop,U01357,S0000659,checkout_started,,,
2025-09-07,2025-09,United States,Home,Desktop,U01357,S0000659,purchased,2.0,142.3605781811586,284.72
2025-09-07,2025-09,United States,Home,Desktop,U01357,S0000659,viewed,,,
2025-09-07,2025-09,Canada,Electronics,Mobile,U01689,S0000899,viewed,,,
2025-09-07,2025-09,Germany,Sports,Desktop,U00762,S0001022,viewed,,,
2025-09-07,2025-09,Australia,Sports,Mobile,U00647,S0001035,viewed,,,
2025-09-07,2025-09,United States,Electronics,Desktop,U01847,S0001215,viewed,,,
2025-09-07,2025-09,United States,Home,Mobile,U00716,S0001253,viewed,,,
2025-09-07,2025-09,Canada,Apparel,Mobile,U02436,S0001362,viewed,,,
2025-09-07,2025-09,United Kingdom,Electronics,Desktop,U00507,S0001456,viewed,,,
2025-09-07,2025-09,Germany,Electronics,Mobile,U01345,S0001769,viewed,,,
2025-09-07,2025-09,Australia,Home,Desktop,U01612,S0001834,add_to_cart,,,
2025-09-07,2025-09,Australia,Home,Desktop,U01612,S0001834,checkout_started,,,
2025-09-07,2025-09,Australia,Home,Desktop,U01612,S0001834,purchased,1.0,91.86756553060108,91.87
2025-09-07,2025-09,Australia,Home,Desktop,U01612,S0001834,viewed,,,
2025-09-07,2025-09,United Kingdom,Sports,Mobile,U01649,S0001911,viewed,,,
2025-09-07,2025-09,United States,Electronics,Tablet,U02097,S0001953,viewed,,,
2025-09-07,2025-09,United States,Apparel,Mobile,U00323,S0002025,viewed,,,
2025-09-07,2025-09,United States,Sports,Desktop,U01806,S0002232,add_to_cart,,,
2025-09-07,2025-09,United States,Sports,Desktop,U01806,S0002232,checkout_started,,,
2025-09-07,2025-09,United States,Sports,Desktop,U01806,S0002232,purchased,4.0,95.10829779905964,380.43
2025-09-07,2025-09,United States,Sports,Desktop,U01806,S0002232,viewed,,,
2025-09-07,2025-09,United States,Apparel,Mobile,U00216,S0002312,viewed,,,
2025-09-07,2025-09,Australia,Home,Desktop,U01236,S0002440,add_to_cart,,,
2025-09-07,2025-09,Australia,Home,Desktop,U01236,S0002440,checkout_started,,,
2025-09-07,2025-09,Australia,Home,Desktop,U01236,S0002440,viewed,,,
2025-09-07,2025-09,United States,Apparel,Desktop,U00310,S0002591,add_to_cart,,,
2025-09-07,2025-09,United States,Apparel,Desktop,U00310,S0002591,viewed,,,
2025-09-07,2025-09,United States,Home,Desktop,U02438,S0002705,viewed,,,
2025-09-07,2025-09,United States,Apparel,Tablet,U00684,S0002711,viewed,,,
2025-09-07,2025-09,Canada,Electronics,Desktop,U00100,S0002795,add_to_cart,,,
2025-09-07,2025-09,Canada,Electronics,Desktop,U00100,S0002795,checkout_started,,,
2025-09-07,2025-09,Canada,Electronics,Desktop,U00100,S0002795,viewed,,,
2025-09-07,2025-09,United Kingdom,Beauty,Desktop,U01147,S0002964,add_to_cart,,,
2025-09-07,2025-09,United Kingdom,Beauty,Desktop,U01147,S0002964,checkout_started,,,
2025-09-07,2025-09,United Kingdom,Beauty,Desktop,U01147,S0002964,viewed,,,
2025-09-07,2025-09,Australia,Apparel,Mobile,U00323,S0003070,viewed,,,
2025-09-07,2025-09,Canada,Sports,Mobile,U01132,S0003155,viewed,,,
2025-09-07,2025-09,United States,Apparel,Mobile,U01972,S0003277,viewed,,,
2025-09-07,2025-09,United States,Apparel,Mobile,U02571,S0003335,add_to_cart,,,
2025-09-07,2025-09,United States,Apparel,Mobile,U02571,S0003335,viewed,,,
2025-09-07,2025-09,United Kingdom,Beauty,Desktop,U02380,S0003411,viewed,,,
2025-09-07,2025-09,United States,Electronics,Desktop,U01331,S0003532,viewed,,,
2025-09-07,2025-09,United States,Home,Mobile,U02120,S0003536,viewed,,,
2025-09-07,2025-09,United States,Electronics,Mobile,U02515,S0003561,add_to_cart,,,
2025-09-07,2025-09,United States,Electronics,Mobile,U02515,S0003561,checkout_started,,,
2025-09-07,2025-09,United States,Electronics,Mobile,U02515,S0003561,viewed,,,
2025-09-07,2025-09,United States,Beauty,Desktop,U01439,S0003614,viewed,,,
2025-09-07,2025-09,Australia,Home,Desktop,U01432,S0003652,viewed,,,
2025-09-07,2025-09,United States,Sports,Desktop,U00977,S0003816,add_to_cart,,,
2025-09-07,2025-09,United States,Sports,Desktop,U00977,S0003816,checkout_started,,,
2025-09-07,2025-09,United States,Sports,Desktop,U00977,S0003816,purchased,1.0,61.458619801003756,61.46
2025-09-07,2025-09,United States,Sports,Desktop,U00977,S0003816,viewed,,,
2025-09-07,2025-09,Canada,Electronics,Mobile,U00802,S0003917,add_to_cart,,,
2025-09-07,2025-09,Canada,Electronics,Mobile,U00802,S0003917,checkout_started,,,
2025-09-07,2025-09,Canada,Electronics,Mobile,U00802,S0003917,purchased,1.0,140.79910667304176,140.8
2025-09-07,2025-09,Canada,Electronics,Mobile,U00802,S0003917,viewed,,,
2025-09-07,2025-09,United States,Apparel,Desktop,U00394,S0003932,viewed,,,
2025-09-07,2025-09,Australia,Sports,Mobile,U00279,S0003988,add_to_cart,,,
2025-09-07,2025-09,Australia,Sports,Mobile,U00279,S0003988,checkout_started,,,
2025-09-07,2025-09,Australia,Sports,Mobile,U00279,S0003988,purchased,3.0,72.94973174729915,218.85
2025-09-07,2025-09,Australia,Sports,Mobile,U00279,S0003988,viewed,,,
2025-09-07,2025-09,United States,Sports,Desktop,U01434,S0004231,add_to_cart,,,
2025-09-07,2025-09,United States,Sports,Desktop,U01434,S0004231,checkout_started,,,
2025-09-07,2025-09,United States,Sports,Desktop,U01434,S0004231,purchased,1.0,75.01077256404577,75.01
2025-09-07,2025-09,United States,Sports,Desktop,U01434,S0004231,viewed,,,
2025-09-07,2025-09,Germany,Beauty,Mobile,U00447,S0004277,viewed,,,
2025-09-07,2025-09,United States,Sports,Mobile,U01485,S0004291,viewed,,,
2025-09-07,2025-09,United States,Sports,Mobile,U01041,S0004394,viewed,,,
2025-09-07,2025-09,United Kingdom,Electronics,Desktop,U02310,S0004399,viewed,,,
2025-09-07,2025-09,United States,Electronics,Desktop,U00674,S0004456,viewed,,,
2025-09-07,2025-09,Australia,Beauty,Mobile,U02597,S0004593,viewed,,,
2025-09-07,2025-09,United States,Beauty,Mobile,U00714,S0004644,viewed,,,
2025-09-07,2025-09,United States,Apparel,Mobile,U00406,S0004680,viewed,,,
2025-09-07,2025-09,United States,Beauty,Mobile,U01105,S0004684,viewed,,,
2025-09-07,2025-09,United States,Electronics,Tablet,U00784,S0004692,add_to_cart,,,
2025-09-07,2025-09,United States,Electronics,Tablet,U00784,S0004692,checkout_started,,,
2025-09-07,2025-09,United States,Electronics,Tablet,U00784,S0004692,viewed,,,
2025-09-07,2025-09,United States,Electronics,Desktop,U01113,S0004697,viewed,,,
2025-09-07,2025-09,Germany,Electronics,Mobile,U02599,S0004780,add_to_cart,,,
2025-09-07,2025-09,Germany,Electronics,Mobile,U02599,S0004780,checkout_started,,,
2025-09-07,2025-09,Germany,Electronics,Mobile,U02599,S0004780,purchased,3.0,168.74615250512846,506.24
2025-09-07,2025-09,Germany,Electronics,Mobile,U02599,S0004780,viewed,,,
2025-09-07,2025-09,United States,Home,Mobile,U02393,S0004838,viewed,,,
2025-09-07,2025-09,United States,Home,Desktop,U00562,S0004854,add_to_cart,,,
2025-09-07,2025-09,United States,Home,Desktop,U00562,S0004854,viewed,,,
2025-09-08,2025-09,United Kingdom,Home,Mobile,U01293,S0000007,viewed,,,
2025-09-08,2025-09,United States,Electronics,Mobile,U00092,S0000069,viewed,,,
2025-09-08,2025-09,United States,Electronics,Desktop,U00645,S0000127,add_to_cart,,,
2025-09-08,2025-09,United States,Electronics,Desktop,U00645,S0000127,checkout_started,,,
2025-09-08,2025-09,United States,Electronics,Desktop,U00645,S0000127,purchased,1.0,116.98606692259064,116.99
2025-09-08,2025-09,United States,Electronics,Desktop,U00645,S0000127,viewed,,,
2025-09-08,2025-09,United States,Beauty,Mobile,U02045,S0000217,viewed,,,
2025-09-08,2025-09,Canada,Beauty,Tablet,U00594,S0000246,add_to_cart,,,
2025-09-08,2025-09,Canada,Beauty,Tablet,U00594,S0000246,viewed,,,
2025-09-08,2025-09,United Kingdom,Sports,Tablet,U00516,S0000280,viewed,,,
2025-09-08,2025-09,United States,Electronics,Desktop,U02499,S0000431,add_to_cart,,,
2025-09-08,2025-09,United States,Electronics,Desktop,U02499,S0000431,checkout_started,,,
2025-09-08,2025-09,United States,Electronics,Desktop,U02499,S0000431,purchased,2.0,165.07317361136793,330.15
2025-09-08,2025-09,United States,Electronics,Desktop,U02499,S0000431,viewed,,,
2025-09-08,2025-09,Australia,Sports,Tablet,U01099,S0000439,add_to_cart,,,
2025-09-08,2025-09,Australia,Sports,Tablet,U01099,S0000439,checkout_started,,,
2025-09-08,2025-09,Australia,Sports,Tablet,U01099,S0000439,viewed,,,
2025-09-08,2025-09,Canada,Beauty,Mobile,U00967,S0000678,viewed,,,
2025-09-08,2025-09,United Kingdom,Beauty,Mobile,U00311,S0000753,add_to_cart,,,
2025-09-08,2025-09,United Kingdom,Beauty,Mobile,U00311,S0000753,checkout_started,,,
2025-09-08,2025-09,United Kingdom,Beauty,Mobile,U00311,S0000753,purchased,3.0,43.48730666208289,130.46
2025-09-08,2025-09,United Kingdom,Beauty,Mobile,U00311,S0000753,viewed,,,
2025-09-08,2025-09,United States,Electronics,Mobile,U00405,S0000881,viewed,,,
2025-09-08,2025-09,United States,Electronics,Desktop,U01167,S0001027,viewed,,,
2025-09-08,2025-09,United States,Home,Mobile,U02209,S0001055,add_to_cart,,,
2025-09-08,2025-09,United States,Home,Mobile,U02209,S0001055,checkout_started,,,
2025-09-08,2025-09,United States,Home,Mobile,U02209,S0001055,purchased,2.0,52.84401135160655,105.69
2025-09-08,2025-09,United States,Home,Mobile,U02209,S0001055,viewed,,,
2025-09-08,2025-09,United States,Beauty,Mobile,U01670,S0001096,add_to_cart,,,
2025-09-08,2025-09,United States,Beauty,Mobile,U01670,S0001096,checkout_started,,,
2025-09-08,2025-09,United States,Beauty,Mobile,U01670,S0001096,viewed,,,
2025-09-08,2025-09,United States,Apparel,Tablet,U01554,S0001122,add_to_cart,,,
2025-09-08,2025-09,United States,Apparel,Tablet,U01554,S0001122,checkout_started,,,
2025-09-08,2025-09,United States,Apparel,Tablet,U01554,S0001122,viewed,,,
2025-09-08,2025-09,Australia,Electronics,Mobile,U00335,S0001256,add_to_cart,,,
2025-09-08,2025-09,Australia,Electronics,Mobile,U00335,S0001256,checkout_started,,,
2025-09-08,2025-09,Australia,Electronics,Mobile,U00335,S0001256,purchased,1.0,113.12738995115022,113.13
2025-09-08,2025-09,Australia,Electronics,Mobile,U00335,S0001256,viewed,,,
2025-09-08,2025-09,Canada,Electronics,Desktop,U01859,S0001328,viewed,,,
2025-09-08,2025-09,United States,Beauty,Mobile,U01625,S0001361,add_to_cart,,,
2025-09-08,2025-09,United States,Beauty,Mobile,U01625,S0001361,checkout_started,,,
2025-09-08,2025-09,United States,Beauty,Mobile,U01625,S0001361,purchased,2.0,29.565002031212778,59.13
2025-09-08,2025-09,United States,Beauty,Mobile,U01625,S0001361,viewed,,,
2025-09-08,2025-09,United Kingdom,Beauty,Desktop,U02180,S0001571,viewed,,,
2025-09-08,2025-09,Australia,Electronics,Tablet,U01278,S0001588,add_to_cart,,,
2025-09-08,2025-09,Australia,Electronics,Tablet,U01278,S0001588,checkout_started,,,
2025-09-08,2025-09,Australia,Electronics,Tablet,U01278,S0001588,purchased,2.0,107.18262855912302,214.37
2025-09-08,2025-09,Australia,Electronics,Tablet,U01278,S0001588,viewed,,,
2025-09-08,2025-09,Australia,Electronics,Desktop,U00917,S0001851,viewed,,,
2025-09-08,2025-09,Germany,Beauty,Desktop,U01753,S0002317,viewed,,,
2025-09-08,2025-09,United States,Sports,Mobile,U01107,S0002366,add_to_cart,,,
2025-09-08,2025-09,United States,Sports,Mobile,U01107,S0002366,checkout_started,,,
2025-09-08,2025-09,United States,Sports,Mobile,U01107,S0002366,purchased,1.0,46.3825220300473,46.38
2025-09-08,2025-09,United States,Sports,Mobile,U01107,S0002366,viewed,,,
2025-09-08,2025-09,United States,Sports,Mobile,U02064,S0002479,viewed,,,
2025-09-08,2025-09,United States,Apparel,Mobile,U02088,S0002529,add_to_cart,,,
2025-09-08,2025-09,United States,Apparel,Mobile,U02088,S0002529,checkout_started,,,
2025-09-08,2025-09,United States,Apparel,Mobile,U02088,S0002529,purchased,1.0,68.88780889029132,68.89
2025-09-08,2025-09,United States,Apparel,Mobile,U02088,S0002529,viewed,,,
2025-09-08,2025-09,United States,Electronics,Tablet,U00205,S0002635,viewed,,,
2025-09-08,2025-09,Canada,Home,Mobile,U00743,S0002669,viewed,,,
2025-09-08,2025-09,United States,Electronics,Mobile,U01072,S0002752,viewed,,,
2025-09-08,2025-09,Germany,Apparel,Mobile,U02154,S0002856,viewed,,,
2025-09-08,2025-09,United Kingdom,Apparel,Desktop,U00612,S0002865,add_to_cart,,,
2025-09-08,2025-09,United Kingdom,Apparel,Desktop,U00612,S0002865,checkout_started,,,
2025-09-08,2025-09,United Kingdom,Apparel,Desktop,U00612,S0002865,purchased,3.0,67.66198317874488,202.99
2025-09-08,2025-09,United Kingdom,Apparel,Desktop,U00612,S0002865,viewed,,,
2025-09-08,2025-09,Germany,Apparel,Mobile,U00732,S0003134,viewed,,,
2025-09-08,2025-09,United States,Electronics,Desktop,U01729,S0003321,viewed,,,
2025-09-08,2025-09,United States,Electronics,Desktop,U01227,S0003543,viewed,,,
2025-09-08,2025-09,United States,Home,Mobile,U01572,S0003580,viewed,,,
2025-09-08,2025-09,United Kingdom,Beauty,Desktop,U01631,S0003620,viewed,,,
2025-09-08,2025-09,Canada,Sports,Desktop,U01963,S0003639,viewed,,,
2025-09-08,2025-09,United States,Electronics,Mobile,U00589,S0003759,add_to_cart,,,
2025-09-08,2025-09,United States,Electronics,Mobile,U00589,S0003759,checkout_started,,,
2025-09-08,2025-09,United States,Electronics,Mobile,U00589,S0003759,purchased,1.0,182.1342127837894,182.13
2025-09-08,2025-09,United States,Electronics,Mobile,U00589,S0003759,viewed,,,
2025-09-08,2025-09,United States,Sports,Desktop,U01756,S0003887,viewed,,,
2025-09-08,2025-09,United States,Apparel,Mobile,U01518,S0003916,viewed,,,
2025-09-08,2025-09,United Kingdom,Sports,Mobile,U00611,S0004105,viewed,,,
2025-09-08,2025-09,Germany,Home,Desktop,U01917,S0004537,viewed,,,
2025-09-08,2025-09,United States,Apparel,Desktop,U00911,S0004577,add_to_cart,,,
2025-09-08,2025-09,United States,Apparel,Desktop,U00911,S0004577,viewed,,,
2025-09-08,2025-09,United Kingdom,Beauty,Mobile,U01770,S0004624,viewed,,,
2025-09-08,2025-09,United States,Beauty,Mobile,U01830,S0004648,viewed,,,
2025-09-09,2025-09,United States,Beauty,Mobile,U00515,S0000001,viewed,,,
2025-09-09,2025-09,United States,Home,Mobile,U00721,S0000010,add_to_cart,,,
2025-09-09,2025-09,United States,Home,Mobile,U00721,S0000010,checkout_started,,,
2025-09-09,2025-09,United States,Home,Mobile,U00721,S0000010,viewed,,,
2025-09-09,2025-09,United States,Beauty,Mobile,U00937,S0000033,viewed,,,
2025-09-09,2025-09,United Kingdom,Beauty,Mobile,U02159,S0000087,viewed,,,
2025-09-09,2025-09,United States,Apparel,Desktop,U01239,S0000133,viewed,,,
2025-09-09,2025-09,Canada,Home,Desktop,U01158,S0000172,viewed,,,
2025-09-09,2025-09,Australia,Sports,Desktop,U01058,S0000196,viewed,,,
2025-09-09,2025-09,United States,Electronics,Desktop,U01732,S0000218,viewed,,,
2025-09-09,2025-09,United States,Electronics,Mobile,U02364,S0000243,add_to_cart,,,
2025-09-09,2025-09,United States,Electronics,Mobile,U02364,S0000243,checkout_started,,,
2025-09-09,2025-09,United States,Electronics,Mobile,U02364,S0000243,purchased,3.0,81.54949108871453,244.65
2025-09-09,2025-09,United States,Electronics,Mobile,U02364,S0000243,viewed,,,
2025-09-09,2025-09,United States,Apparel,Desktop,U00172,S0000359,add_to_cart,,,
2025-09-09,2025-09,United States,Apparel,Desktop,U00172,S0000359,checkout_started,,,
2025-09-09,2025-09,United States,Apparel,Desktop,U00172,S0000359,purchased,3.0,34.09727488071408,102.29
2025-09-09,2025-09,United States,Apparel,Desktop,U00172,S0000359,viewed,,,
2025-09-09,2025-09,United Kingdom,Beauty,Mobile,U01745,S0000376,add_to_cart,,,
2025-09-09,2025-09,United Kingdom,Beauty,Mobile,U01745,S0000376,checkout_started,,,
2025-09-09,2025-09,United Kingdom,Beauty,Mobile,U01745,S0000376,purchased,1.0,49.234851681915686,49.23
2025-09-09,2025-09,United Kingdom,Beauty,Mobile,U01745,S0000376,viewed,,,
2025-09-09,2025-09,United Kingdom,Beauty,Mobile,U01401,S0000581,add_to_cart,,,
2025-09-09,2025-09,United Kingdom,Beauty,Mobile,U01401,S0000581,viewed,,,
2025-09-09,2025-09,Canada,Beauty,Mobile,U01689,S0000674,add_to_cart,,,
2025-09-09,2025-09,Canada,Beauty,Mobile,U01689,S0000674,viewed,,,
2025-09-09,2025-09,United Kingdom,Beauty,Desktop,U01527,S0000695,viewed,,,
2025-09-09,2025-09,United States,Beauty,Mobile,U00979,S0000700,viewed,,,
2025-09-09,2025-09,United States,Apparel,Desktop,U00271,S0000728,add_to_cart,,,
2025-09-09,2025-09,United States,Apparel,Desktop,U00271,S0000728,checkout_started,,,
2025-09-09,2025-09,United States,Apparel,Desktop,U00271,S0000728,purchased,3.0,85.05213141444627,255.16
2025-09-09,2025-09,United States,Apparel,Desktop,U00271,S0000728,viewed,,,
2025-09-09,2025-09,Germany,Sports,Desktop,U01906,S0000791,viewed,,,
2025-09-09,2025-09,United States,Apparel,Desktop,U01387,S0000826,add_to_cart,,,
2025-09-09,2025-09,United States,Apparel,Desktop,U01387,S0000826,checkout_started,,,
2025-09-09,2025-09,United States,Apparel,Desktop,U01387,S0000826,purchased,3.0,91.12054748733134,273.36
2025-09-09,2025-09,United States,Apparel,Desktop,U01387,S0000826,viewed,,,
2025-09-09,2025-09,United States,Sports,Mobile,U01346,S0000910,viewed,,,
2025-09-09,2025-09,United States,Home,Desktop,U01041,S0000951,viewed,,,
2025-09-09,2025-09,United Kingdom,Home,Mobile,U02422,S0000977,add_to_cart,,,
2025-09-09,2025-09,United Kingdom,Home,Mobile,U02422,S0000977,viewed,,,
2025-09-09,2025-09,United States,Apparel,Desktop,U00166,S0001531,viewed,,,
2025-09-09,2025-09,Australia,Home,Mobile,U00813,S0001543,add_to_cart,,,
2025-09-09,2025-09,Australia,Home,Mobile,U00813,S0001543,checkout_started,,,
2025-09-09,2025-09,Australia,Home,Mobile,U00813,S0001543,purchased,4.0,133.59348448190153,534.37
2025-09-09,2025-09,Australia,Home,Mobile,U00813,S0001543,viewed,,,
2025-09-09,2025-09,Germany,Electronics,Mobile,U00501,S0001633,viewed,,,
2025-09-09,2025-09,United States,Apparel,Desktop,U01308,S0001690,viewed,,,
2025-09-09,2025-09,United States,Electronics,Mobile,U02241,S0001721,viewed,,,
2025-09-09,2025-09,United States,Electronics,Desktop,U00130,S0001809,viewed,,,
2025-09-09,2025-09,Australia,Sports,Mobile,U02238,S0001842,viewed,,,
2025-09-09,2025-09,United States,Beauty,Desktop,U00239,S0001931,add_to_cart,,,
2025-09-09,2025-09,United States,Beauty,Desktop,U00239,S0001931,checkout_started,,,
2025-09-09,2025-09,United States,Beauty,Desktop,U00239,S0001931,purchased,2.0,52.278306219259356,104.56
2025-09-09,2025-09,United States,Beauty,Desktop,U00239,S0001931,viewed,,,
2025-09-09,2025-09,United States,Beauty,Desktop,U02382,S0002033,viewed,,,
2025-09-09,2025-09,Germany,Sports,Mobile,U02310,S0002082,add_to_cart,,,
2025-09-09,2025-09,Germany,Sports,Mobile,U02310,S0002082,checkout_started,,,
2025-09-09,2025-09,Germany,Sports,Mobile,U02310,S0002082,viewed,,,
2025-09-09,2025-09,United States,Electronics,Mobile,U01557,S0002266,viewed,,,
2025-09-09,2025-09,United States,Home,Desktop,U00804,S0002306,add_to_cart,,,
2025-09-09,2025-09,United States,Home,Desktop,U00804,S0002306,checkout_started,,,
2025-09-09,2025-09,United States,Home,Desktop,U00804,S0002306,purchased,3.0,98.41720271242474,295.25
2025-09-09,2025-09,United States,Home,Desktop,U00804,S0002306,viewed,,,
2025-09-09,2025-09,Australia,Apparel,Mobile,U01497,S0002340,viewed,,,
2025-09-09,2025-09,United States,Beauty,Tablet,U02223,S0002453,add_to_cart,,,
2025-09-09,2025-09,United States,Beauty,Tablet,U02223,S0002453,checkout_started,,,
2025-09-09,2025-09,United States,Beauty,Tablet,U02223,S0002453,purchased,2.0,27.452003091405835,54.9
2025-09-09,2025-09,United States,Beauty,Tablet,U02223,S0002453,viewed,,,
2025-09-09,2025-09,Germany,Home,Mobile,U01687,S0002594,viewed,,,
2025-09-09,2025-09,United States,Electronics,Desktop,U00964,S0002742,viewed,,,
2025-09-09,2025-09,United States,Home,Desktop,U02291,S0002816,viewed,,,
2025-09-09,2025-09,United States,Home,Mobile,U01395,S0002854,add_to_cart,,,
2025-09-09,2025-09,United States,Home,Mobile,U01395,S0002854,checkout_started,,,
2025-09-09,2025-09,United States,Home,Mobile,U01395,S0002854,purchased,2.0,102.29373658475004,204.59
2025-09-09,2025-09,United States,Home,Mobile,U01395,S0002854,viewed,,,
2025-09-09,2025-09,United States,Home,Desktop,U01543,S0002912,add_to_cart,,,
2025-09-09,2025-09,United States,Home,Desktop,U01543,S0002912,checkout_started,,,
2025-09-09,2025-09,United States,Home,Desktop,U01543,S0002912,purchased,3.0,60.050815392038395,180.15
2025-09-09,2025-09,United States,Home,Desktop,U01543,S0002912,viewed,,,
2025-09-09,2025-09,United States,Electronics,Mobile,U01002,S0003248,viewed,,,
2025-09-09,2025-09,United States,Home,Mobile,U01650,S0003281,viewed,,,
2025-09-09,2025-09,United States,Home,Mobile,U01375,S0003284,viewed,,,
2025-09-09,2025-09,United States,Home,Mobile,U00494,S0003414,viewed,,,
2025-09-09,2025-09,United States,Home,Desktop,U01936,S0003419,add_to_cart,,,
2025-09-09,2025-09,United States,Home,Desktop,U01936,S0003419,checkout_started,,,
2025-09-09,2025-09,United States,Home,Desktop,U01936,S0003419,purchased,1.0,104.90196894423855,104.9
2025-09-09,2025-09,United States,Home,Desktop,U01936,S0003419,viewed,,,
2025-09-09,2025-09,United Kingdom,Electronics,Mobile,U02124,S0003528,viewed,,,
2025-09-09,2025-09,United Kingdom,Apparel,Mobile,U01294,S0003535,viewed,,,
2025-09-09,2025-09,United States,Sports,Desktop,U00183,S0003672,add_to_cart,,,
2025-09-09,2025-09,United States,Sports,Desktop,U00183,S0003672,checkout_started,,,
2025-09-09,2025-09,United States,Sports,Desktop,U00183,S0003672,viewed,,,
2025-09-09,2025-09,United States,Electronics,Desktop,U00464,S0003975,viewed,,,
2025-09-09,2025-09,Canada,Home,Desktop,U01365,S0003982,viewed,,,
2025-09-09,2025-09,United States,Beauty,Mobile,U00298,S0004071,viewed,,,
2025-09-09,2025-09,United States,Electronics,Mobile,U00570,S0004101,add_to_cart,,,
2025-09-09,2025-09,United States,Electronics,Mobile,U00570,S0004101,viewed,,,
2025-09-09,2025-09,Canada,Apparel,Mobile,U02115,S0004128,add_to_cart,,,
2025-09-09,2025-09,Canada,Apparel,Mobile,U02115,S0004128,viewed,,,
2025-09-09,2025-09,Australia,Home,Mobile,U00508,S0004258,viewed,,,
2025-09-09,2025-09,United States,Sports,Mobile,U02387,S0004294,add_to_cart,,,
2025-09-09,2025-09,United States,Sports,Mobile,U02387,S0004294,checkout_started,,,
2025-09-09,2025-09,United States,Sports,Mobile,U02387,S0004294,purchased,4.0,98.53812361014658,394.15
2025-09-09,2025-09,United States,Sports,Mobile,U02387,S0004294,viewed,,,
2025-09-09,2025-09,United States,Apparel,Desktop,U01206,S0004300,viewed,,,
2025-09-09,2025-09,United States,Beauty,Desktop,U00504,S0004432,add_to_cart,,,
2025-09-09,2025-09,United States,Beauty,Desktop,U00504,S0004432,checkout_started,,,
2025-09-09,2025-09,United States,Beauty,Desktop,U00504,S0004432,purchased,3.0,32.15665601088969,96.47
2025-09-09,2025-09,United States,Beauty,Desktop,U00504,S0004432,viewed,,,
2025-09-09,2025-09,United States,Apparel,Tablet,U00893,S0004466,viewed,,,
2025-09-09,2025-09,United States,Sports,Desktop,U01319,S0004528,viewed,,,
2025-09-09,2025-09,Canada,Home,Desktop,U02256,S0004572,add_to_cart,,,
2025-09-09,2025-09,Canada,Home,Desktop,U02256,S0004572,checkout_started,,,
2025-09-09,2025-09,Canada,Home,Desktop,U02256,S0004572,purchased,4.0,101.20281959462801,404.81
2025-09-09,2025-09,Canada,Home,Desktop,U02256,S0004572,viewed,,,
2025-09-09,2025-09,Australia,Electronics,Mobile,U02515,S0004611,add_to_cart,,,
2025-09-09,2025-09,Australia,Electronics,Mobile,U02515,S0004611,checkout_started,,,
2025-09-09,2025-09,Australia,Electronics,Mobile,U02515,S0004611,viewed,,,
2025-09-09,2025-09,United States,Home,Mobile,U01758,S0004671,viewed,,,
2025-09-09,2025-09,United States,Beauty,Mobile,U00356,S0004698,viewed,,,
2025-09-09,2025-09,United States,Home,Desktop,U02287,S0004848,add_to_cart,,,
2025-09-09,2025-09,United States,Home,Desktop,U02287,S0004848,checkout_started,,,
2025-09-09,2025-09,United States,Home,Desktop,U02287,S0004848,purchased,4.0,83.78245562021186,335.13
2025-09-09,2025-09,United States,Home,Desktop,U02287,S0004848,viewed,,,
2025-09-09,2025-09,Australia,Apparel,Desktop,U01265,S0004926,viewed,,,
2025-09-10,2025-09,United Kingdom,Apparel,Mobile,U01565,S0000171,viewed,,,
2025-09-10,2025-09,United States,Home,Mobile,U00750,S0000258,viewed,,,
2025-09-10,2025-09,United States,Electronics,Mobile,U01178,S0000310,add_to_cart,,,
2025-09-10,2025-09,United States,Electronics,Mobile,U01178,S0000310,viewed,,,
2025-09-10,2025-09,Canada,Apparel,Desktop,U02185,S0000322,viewed,,,
2025-09-10,2025-09,United States,Apparel,Mobile,U02321,S0000460,viewed,,,
2025-09-10,2025-09,Australia,Electronics,Mobile,U01816,S0000516,add_to_cart,,,
2025-09-10,2025-09,Australia,Electronics,Mobile,U01816,S0000516,checkout_started,,,
2025-09-10,2025-09,Australia,Electronics,Mobile,U01816,S0000516,purchased,2.0,145.7070431245818,291.41
2025-09-10,2025-09,Australia,Electronics,Mobile,U01816,S0000516,viewed,,,
2025-09-10,2025-09,United Kingdom,Electronics,Mobile,U01002,S0000580,viewed,,,
2025-09-10,2025-09,United States,Apparel,Desktop,U01845,S0000583,add_to_cart,,,
2025-09-10,2025-09,United States,Apparel,Desktop,U01845,S0000583,checkout_started,,,
2025-09-10,2025-09,United States,Apparel,Desktop,U01845,S0000583,purchased,2.0,82.05230129554951,164.1
2025-09-10,2025-09,United States,Apparel,Desktop,U01845,S0000583,viewed,,,
2025-09-10,2025-09,United States,Sports,Mobile,U02569,S0000588,viewed,,,
2025-09-10,2025-09,United States,Beauty,Mobile,U02399,S0000818,viewed,,,
2025-09-10,2025-09,Australia,Home,Mobile,U01935,S0000891,viewed,,,
2025-09-10,2025-09,Canada,Apparel,Mobile,U01714,S0001166,viewed,,,
2025-09-10,2025-09,United States,Home,Tablet,U01548,S0001227,viewed,,,
2025-09-10,2025-09,United States,Home,Mobile,U00705,S0001289,add_to_cart,,,
2025-09-10,2025-09,United States,Home,Mobile,U00705,S0001289,viewed,,,
2025-09-10,2025-09,United States,Electronics,Mobile,U00097,S0001359,add_to_cart,,,
2025-09-10,2025-09,United States,Electronics,Mobile,U00097,S0001359,viewed,,,
2025-09-10,2025-09,United States,Apparel,Desktop,U00034,S0001436,viewed,,,
2025-09-10,2025-09,United Kingdom,Apparel,Mobile,U00362,S0001450,viewed,,,
2025-09-10,2025-09,Canada,Electronics,Desktop,U00818,S0001730,add_to_cart,,,
2025-09-10,2025-09,Canada,Electronics,Desktop,U00818,S0001730,checkout_started,,,
2025-09-10,2025-09,Canada,Electronics,Desktop,U00818,S0001730,purchased,1.0,202.04858251130923,202.05
2025-09-10,2025-09,Canada,Electronics,Desktop,U00818,S0001730,viewed,,,
2025-09-10,2025-09,Canada,Beauty,Tablet,U00351,S0001738,add_to_cart,,,
2025-09-10,2025-09,Canada,Beauty,Tablet,U00351,S0001738,viewed,,,
2025-09-10,2025-09,United Kingdom,Home,Mobile,U00074,S0001788,viewed,,,
2025-09-10,2025-09,United States,Apparel,Desktop,U01400,S0001827,add_to_cart,,,
2025-09-10,2025-09,United States,Apparel,Desktop,U01400,S0001827,viewed,,,
2025-09-10,2025-09,United States,Electronics,Desktop,U02268,S0001855,add_to_cart,,,
2025-09-10,2025-09,United States,Electronics,Desktop,U02268,S0001855,checkout_started,,,
2025-09-10,2025-09,United States,Electronics,Desktop,U02268,S0001855,purchased,1.0,179.93451276660497,179.93
2025-09-10,2025-09,United States,Electronics,Desktop,U02268,S0001855,viewed,,,
2025-09-10,2025-09,United States,Apparel,Desktop,U01550,S0001880,viewed,,,
2025-09-10,2025-09,United States,Home,Desktop,U01939,S0002177,viewed,,,
2025-09-10,2025-09,Canada,Beauty,Desktop,U01344,S0002265,viewed,,,
2025-09-10,2025-09,United States,Apparel,Mobile,U00574,S0002321,viewed,,,
2025-09-10,2025-09,United States,Apparel,Mobile,U00478,S0002423,add_to_cart,,,
2025-09-10,2025-09,United States,Apparel,Mobile,U00478,S0002423,checkout_started,,,
2025-09-10,2025-09,United States,Apparel,Mobile,U00478,S0002423,viewed,,,
2025-09-10,2025-09,Germany,Electronics,Mobile,U02534,S0002472,add_to_cart,,,
2025-09-10,2025-09,Germany,Electronics,Mobile,U02534,S0002472,checkout_started,,,
2025-09-10,2025-09,Germany,Electronics,Mobile,U02534,S0002472,purchased,1.0,62.57817842143086,62.58
2025-09-10,2025-09,Germany,Electronics,Mobile,U02534,S0002472,viewed,,,
2025-09-10,2025-09,United States,Apparel,Mobile,U01235,S0002475,viewed,,,
2025-09-10,2025-09,United Kingdom,Electronics,Tablet,U00221,S0002502,add_to_cart,,,
2025-09-10,2025-09,United Kingdom,Electronics,Tablet,U00221,S0002502,checkout_started,,,
2025-09-10,2025-09,United Kingdom,Electronics,Tablet,U00221,S0002502,viewed,,,
2025-09-10,2025-09,United States,Sports,Desktop,U01330,S0002504,viewed,,,
2025-09-10,2025-09,United Kingdom,Apparel,Desktop,U00734,S0002515,viewed,,,
2025-09-10,2025-09,Australia,Home,Mobile,U00204,S0002556,add_to_cart,,,
2025-09-10,2025-09,Australia,Home,Mobile,U00204,S0002556,checkout_started,,,
2025-09-10,2025-09,Australia,Home,Mobile,U00204,S0002556,viewed,,,
2025-09-10,2025-09,United States,Electronics,Mobile,U02049,S0002615,viewed,,,
2025-09-10,2025-09,United States,Beauty,Desktop,U02185,S0002623,add_to_cart,,,
2025-09-10,2025-09,United States,Beauty,Desktop,U02185,S0002623,checkout_started,,,
2025-09-10,2025-09,United States,Beauty,Desktop,U02185,S0002623,purchased,2.0,55.80490494080648,111.61
2025-09-10,2025-09,United States,Beauty,Desktop,U02185,S0002623,viewed,,,
2025-09-10,2025-09,United Kingdom,Home,Mobile,U01774,S0002682,viewed,,,
2025-09-10,2025-09,United States,Apparel,Desktop,U01357,S0002946,viewed,,,
2025-09-10,2025-09,United States,Home,Desktop,U01786,S0002957,viewed,,,
2025-09-10,2025-09,United States,Electronics,Mobile,U02112,S0003035,viewed,,,
2025-09-10,2025-09,United States,Home,Desktop,U00076,S0003150,viewed,,,
2025-09-10,2025-09,United Kingdom,Electronics,Mobile,U00521,S0003343,viewed,,,
2025-09-10,2025-09,Germany,Beauty,Desktop,U00899,S0003353,add_to_cart,,,
2025-09-10,2025-09,Germany,Beauty,Desktop,U00899,S0003353,checkout_started,,,
2025-09-10,2025-09,Germany,Beauty,Desktop,U00899,S0003353,purchased,4.0,36.68928600175054,146.76
2025-09-10,2025-09,Germany,Beauty,Desktop,U00899,S0003353,viewed,,,
2025-09-10,2025-09,United States,Electronics,Mobile,U01095,S0003491,viewed,,,
2025-09-10,2025-09,United States,Home,Mobile,U02538,S0003497,add_to_cart,,,
2025-09-10,2025-09,United States,Home,Mobile,U02538,S0003497,checkout_started,,,
2025-09-10,2025-09,United States,Home,Mobile,U02538,S0003497,purchased,1.0,85.80897618648164,85.81
2025-09-10,2025-09,United States,Home,Mobile,U02538,S0003497,viewed,,,
2025-09-10,2025-09,United Kingdom,Apparel,Mobile,U00219,S0003687,viewed,,,
2025-09-10,2025-09,Australia,Beauty,Mobile,U00318,S0003783,add_to_cart,,,
2025-09-10,2025-09,Australia,Beauty,Mobile,U00318,S0003783,checkout_started,,,
2025-09-10,2025-09,Australia,Beauty,Mobile,U00318,S0003783,purchased,3.0,34.65681848602908,103.97
2025-09-10,2025-09,Australia,Beauty,Mobile,U00318,S0003783,viewed,,,
2025-09-10,2025-09,United States,Electronics,Desktop,U01552,S0003807,viewed,,,
2025-09-10,2025-09,United States,Home,Desktop,U01413,S0003853,add_to_cart,,,
2025-09-10,2025-09,United States,Home,Desktop,U01413,S0003853,checkout_started,,,
2025-09-10,2025-09,United States,Home,Desktop,U01413,S0003853,purchased,3.0,146.3388001471299,439.02
2025-09-10,2025-09,United States,Home,Desktop,U01413,S0003853,viewed,,,
2025-09-10,2025-09,Germany,Home,Mobile,U01475,S0003872,viewed,,,
2025-09-10,2025-09,United States,Beauty,Desktop,U01102,S0003959,viewed,,,
2025-09-10,2025-09,Canada,Sports,Mobile,U01076,S0004044,add_to_cart,,,
2025-09-10,2025-09,Canada,Sports,Mobile,U01076,S0004044,checkout_started,,,
2025-09-10,2025-09,Canada,Sports,Mobile,U01076,S0004044,purchased,2.0,69.26196013796279,138.52
2025-09-10,2025-09,Canada,Sports,Mobile,U01076,S0004044,viewed,,,
2025-09-10,2025-09,United States,Beauty,Mobile,U01308,S0004070,viewed,,,
2025-09-10,2025-09,United States,Beauty,Desktop,U01231,S0004107,add_to_cart,,,
2025-09-10,2025-09,United States,Beauty,Desktop,U01231,S0004107,checkout_started,,,
2025-09-10,2025-09,United States,Beauty,Desktop,U01231,S0004107,purchased,4.0,44.041530868832666,176.17
2025-09-10,2025-09,United States,Beauty,Desktop,U01231,S0004107,viewed,,,
2025-09-10,2025-09,United States,Apparel,Mobile,U02266,S0004183,add_to_cart,,,
2025-09-10,2025-09,United States,Apparel,Mobile,U02266,S0004183,checkout_started,,,
2025-09-10,2025-09,United States,Apparel,Mobile,U02266,S0004183,viewed,,,
2025-09-10,2025-09,United Kingdom,Apparel,Mobile,U01161,S0004238,viewed,,,
2025-09-10,2025-09,Canada,Apparel,Desktop,U02293,S0004314,viewed,,,
2025-09-10,2025-09,Australia,Electronics,Desktop,U00901,S0004420,viewed,,,
2025-09-10,2025-09,Germany,Apparel,Mobile,U00419,S0004461,viewed,,,
2025-09-10,2025-09,Canada,Home,Desktop,U01271,S0004553,viewed,,,
2025-09-10,2025-09,Canada,Electronics,Desktop,U01875,S0004635,add_to_cart,,,
2025-09-10,2025-09,Canada,Electronics,Desktop,U01875,S0004635,checkout_started,,,
2025-09-10,2025-09,Canada,Electronics,Desktop,U01875,S0004635,purchased,3.0,116.94026123494345,350.82
2025-09-10,2025-09,Canada,Electronics,Desktop,U01875,S0004635,viewed,,,
2025-09-10,2025-09,United States,Apparel,Desktop,U02434,S0004727,add_to_cart,,,
2025-09-10,2025-09,United States,Apparel,Desktop,U02434,S0004727,checkout_started,,,
2025-09-10,2025-09,United States,Apparel,Desktop,U02434,S0004727,purchased,2.0,48.69823764585027,97.4
2025-09-10,2025-09,United States,Apparel,Desktop,U02434,S0004727,viewed,,,
2025-09-10,2025-09,United Kingdom,Apparel,Desktop,U02407,S0004763,add_to_cart,,,
2025-09-10,2025-09,United Kingdom,Apparel,Desktop,U02407,S0004763,checkout_started,,,
2025-09-10,2025-09,United Kingdom,Apparel,Desktop,U02407,S0004763,purchased,1.0,44.22183111458917,44.22
2025-09-10,2025-09,United Kingdom,Apparel,Desktop,U02407,S0004763,viewed,,,
2025-09-10,2025-09,United Kingdom,Sports,Mobile,U01666,S0004779,viewed,,,
2025-09-10,2025-09,United States,Apparel,Tablet,U02118,S0004832,add_to_cart,,,
2025-09-10,2025-09,United States,Apparel,Tablet,U02118,S0004832,viewed,,,
2025-09-10,2025-09,United States,Home,Tablet,U01711,S0004843,viewed,,,
2025-09-10,2025-09,United States,Beauty,Mobile,U02208,S0004853,add_to_cart,,,
2025-09-10,2025-09,United States,Beauty,Mobile,U02208,S0004853,checkout_started,,,
2025-09-10,2025-09,United States,Beauty,Mobile,U02208,S0004853,purchased,3.0,33.22722886596691,99.68
2025-09-10,2025-09,United States,Beauty,Mobile,U02208,S0004853,viewed,,,
2025-09-10,2025-09,United States,Electronics,Desktop,U00632,S0004916,viewed,,,
2025-09-10,2025-09,Canada,Beauty,Mobile,U00209,S0004917,viewed,,,
2025-09-10,2025-09,United States,Beauty,Desktop,U00808,S0004966,viewed,,,
2025-09-11,2025-09,United States,Home,Mobile,U00081,S0000120,add_to_cart,,,
2025-09-11,2025-09,United States,Home,Mobile,U00081,S0000120,checkout_started,,,
2025-09-11,2025-09,United States,Home,Mobile,U00081,S0000120,viewed,,,
2025-09-11,2025-09,United States,Beauty,Mobile,U02450,S0000198,add_to_cart,,,
2025-09-11,2025-09,United States,Beauty,Mobile,U02450,S0000198,viewed,,,
2025-09-11,2025-09,United States,Apparel,Mobile,U00543,S0000313,viewed,,,
2025-09-11,2025-09,Germany,Electronics,Desktop,U00710,S0000365,add_to_cart,,,
2025-09-11,2025-09,Germany,Electronics,Desktop,U00710,S0000365,checkout_started,,,
2025-09-11,2025-09,Germany,Electronics,Desktop,U00710,S0000365,viewed,,,
2025-09-11,2025-09,Australia,Sports,Mobile,U01496,S0000480,viewed,,,
2025-09-11,2025-09,Australia,Home,Desktop,U02004,S0000497,viewed,,,
2025-09-11,2025-09,United States,Home,Desktop,U02459,S0000501,viewed,,,
2025-09-11,2025-09,Canada,Beauty,Mobile,U02187,S0000538,viewed,,,
2025-09-11,2025-09,Germany,Sports,Mobile,U00826,S0000726,viewed,,,
2025-09-11,2025-09,Canada,Apparel,Tablet,U00282,S0000778,viewed,,,
2025-09-11,2025-09,Germany,Home,Mobile,U02592,S0000808,viewed,,,
2025-09-11,2025-09,United States,Beauty,Mobile,U01918,S0000873,viewed,,,
2025-09-11,2025-09,United States,Sports,Mobile,U00334,S0000946,viewed,,,
2025-09-11,2025-09,Australia,Beauty,Tablet,U01952,S0001020,add_to_cart,,,
2025-09-11,2025-09,Australia,Beauty,Tablet,U01952,S0001020,checkout_started,,,
2025-09-11,2025-09,Australia,Beauty,Tablet,U01952,S0001020,purchased,2.0,27.255637529914402,54.51
2025-09-11,2025-09,Australia,Beauty,Tablet,U01952,S0001020,viewed,,,
2025-09-11,2025-09,United States,Electronics,Desktop,U01681,S0001216,viewed,,,
2025-09-11,2025-09,United States,Home,Tablet,U01978,S0001272,viewed,,,
2025-09-11,2025-09,United States,Home,Desktop,U02018,S0001321,viewed,,,
2025-09-11,2025-09,Germany,Home,Mobile,U01712,S0001343,viewed,,,
2025-09-11,2025-09,Germany,Beauty,Desktop,U01348,S0001466,add_to_cart,,,
2025-09-11,2025-09,Germany,Beauty,Desktop,U01348,S0001466,viewed,,,
2025-09-11,2025-09,United Kingdom,Beauty,Mobile,U01464,S0001484,add_to_cart,,,
2025-09-11,2025-09,United Kingdom,Beauty,Mobile,U01464,S0001484,checkout_started,,,
2025-09-11,2025-09,United Kingdom,Beauty,Mobile,U01464,S0001484,purchased,3.0,40.57499816692768,121.72
2025-09-11,2025-09,United Kingdom,Beauty,Mobile,U01464,S0001484,viewed,,,
2025-09-11,2025-09,United States,Electronics,Mobile,U00344,S0001489,add_to_cart,,,
2025-09-11,2025-09,United States,Electronics,Mobile,U00344,S0001489,checkout_started,,,
2025-09-11,2025-09,United States,Electronics,Mobile,U00344,S0001489,purchased,3.0,172.24841428602636,516.75
2025-09-11,2025-09,United States,Electronics,Mobile,U00344,S0001489,viewed,,,
2025-09-11,2025-09,Canada,Electronics,Desktop,U02474,S0001538,add_to_cart,,,
2025-09-11,2025-09,Canada,Electronics,Desktop,U02474,S0001538,checkout_started,,,
2025-09-11,2025-09,Canada,Electronics,Desktop,U02474,S0001538,purchased,1.0,180.78090100126926,180.78
2025-09-11,2025-09,Canada,Electronics,Desktop,U02474,S0001538,viewed,,,
2025-09-11,2025-09,Australia,Apparel,Mobile,U00345,S0001579,viewed,,,
2025-09-11,2025-09,United States,Beauty,Desktop,U00655,S0001816,viewed,,,
2025-09-11,2025-09,United States,Home,Mobile,U01165,S0001867,viewed,,,
2025-09-11,2025-09,United Kingdom,Apparel,Desktop,U01436,S0001946,viewed,,,
2025-09-11,2025-09,Canada,Sports,Tablet,U00373,S0002214,viewed,,,
2025-09-11,2025-09,Germany,Apparel,Mobile,U00643,S0002215,add_to_cart,,,
2025-09-11,2025-09,Germany,Apparel,Mobile,U00643,S0002215,viewed,,,
2025-09-11,2025-09,Germany,Beauty,Desktop,U00722,S0002244,add_to_cart,,,
2025-09-11,2025-09,Germany,Beauty,Desktop,U00722,S0002244,checkout_started,,,
2025-09-11,2025-09,Germany,Beauty,Desktop,U00722,S0002244,purchased,4.0,31.822689081571795,127.29
2025-09-11,2025-09,Germany,Beauty,Desktop,U00722,S0002244,viewed,,,
2025-09-11,2025-09,Australia,Electronics,Desktop,U01228,S0002269,viewed,,,
2025-09-11,2025-09,Germany,Apparel,Mobile,U00445,S0002364,viewed,,,
2025-09-11,2025-09,United Kingdom,Electronics,Desktop,U01172,S0002506,viewed,,,
2025-09-11,2025-09,Australia,Sports,Tablet,U00929,S0002681,viewed,,,
2025-09-11,2025-09,Canada,Apparel,Mobile,U00737,S0002700,viewed,,,
2025-09-11,2025-09,United States,Electronics,Desktop,U02106,S0002723,add_to_cart,,,
2025-09-11,2025-09,United States,Electronics,Desktop,U02106,S0002723,checkout_started,,,
2025-09-11,2025-09,United States,Electronics,Desktop,U02106,S0002723,purchased,4.0,150.3136804461293,601.25
2025-09-11,2025-09,United States,Electronics,Desktop,U02106,S0002723,viewed,,,
2025-09-11,2025-09,Australia,Home,Mobile,U01341,S0002786,viewed,,,
2025-09-11,2025-09,Canada,Electronics,Mobile,U00648,S0002853,viewed,,,
2025-09-11,2025-09,Australia,Apparel,Desktop,U00121,S0002911,viewed,,,
2025-09-11,2025-09,United States,Home,Desktop,U01430,S0003027,add_to_cart,,,
2025-09-11,2025-09,United States,Home,Desktop,U01430,S0003027,checkout_started,,,
2025-09-11,2025-09,United States,Home,Desktop,U01430,S0003027,viewed,,,
2025-09-11,2025-09,United States,Electronics,Desktop,U00652,S0003034,add_to_cart,,,
2025-09-11,2025-09,United States,Electronics,Desktop,U00652,S0003034,viewed,,,
2025-09-11,2025-09,United States,Apparel,Mobile,U01385,S0003077,viewed,,,
2025-09-11,2025-09,United States,Electronics,Desktop,U00436,S0003161,add_to_cart,,,
2025-09-11,2025-09,United States,Electronics,Desktop,U00436,S0003161,checkout_started,,,
2025-09-11,2025-09,United States,Electronics,Desktop,U00436,S0003161,purchased,2.0,119.50411931879742,239.01
2025-09-11,2025-09,United States,Electronics,Desktop,U00436,S0003161,viewed,,,
2025-09-11,2025-09,United Kingdom,Apparel,Desktop,U00858,S0003305,add_to_cart,,,
2025-09-11,2025-09,United Kingdom,Apparel,Desktop,U00858,S0003305,checkout_started,,,
2025-09-11,2025-09,United Kingdom,Apparel,Desktop,U00858,S0003305,purchased,2.0,80.52985250271735,161.06
2025-09-11,2025-09,United Kingdom,Apparel,Desktop,U00858,S0003305,viewed,,,
2025-09-11,2025-09,United States,Apparel,Mobile,U02388,S0003370,add_to_cart,,,
2025-09-11,2025-09,United States,Apparel,Mobile,U02388,S0003370,checkout_started,,,
2025-09-11,2025-09,United States,Apparel,Mobile,U02388,S0003370,purchased,4.0,41.27637630818144,165.11
2025-09-11,2025-09,United States,Apparel,Mobile,U02388,S0003370,viewed,,,
2025-09-11,2025-09,Canada,Electronics,Mobile,U01068,S0003591,viewed,,,
2025-09-11,2025-09,Australia,Home,Desktop,U02318,S0003727,viewed,,,
2025-09-11,2025-09,Germany,Home,Mobile,U01422,S0003791,viewed,,,
2025-09-11,2025-09,United States,Apparel,Desktop,U00340,S0004010,viewed,,,
2025-09-11,2025-09,Australia,Home,Mobile,U00398,S0004221,add_to_cart,,,
2025-09-11,2025-09,Australia,Home,Mobile,U00398,S0004221,checkout_started,,,
2025-09-11,2025-09,Australia,Home,Mobile,U00398,S0004221,viewed,,,
2025-09-11,2025-09,United States,Home,Desktop,U01226,S0004382,add_to_cart,,,
2025-09-11,2025-09,United States,Home,Desktop,U01226,S0004382,viewed,,,
2025-09-11,2025-09,United Kingdom,Home,Tablet,U02541,S0004402,add_to_cart,,,
2025-09-11,2025-09,United Kingdom,Home,Tablet,U02541,S0004402,checkout_started,,,
2025-09-11,2025-09,United Kingdom,Home,Tablet,U02541,S0004402,purchased,1.0,88.43963794758538,88.44
2025-09-11,2025-09,United Kingdom,Home,Tablet,U02541,S0004402,viewed,,,
2025-09-11,2025-09,United States,Sports,Mobile,U00897,S0004434,add_to_cart,,,
2025-09-11,2025-09,United States,Sports,Mobile,U00897,S0004434,checkout_started,,,
2025-09-11,2025-09,United States,Sports,Mobile,U00897,S0004434,viewed,,,
2025-09-11,2025-09,Canada,Apparel,Desktop,U02012,S0004459,viewed,,,
2025-09-11,2025-09,Canada,Sports,Mobile,U02234,S0004729,viewed,,,
2025-09-11,2025-09,United Kingdom,Electronics,Desktop,U01823,S0004769,viewed,,,
2025-09-11,2025-09,Germany,Apparel,Mobile,U02390,S0004978,add_to_cart,,,
2025-09-11,2025-09,Germany,Apparel,Mobile,U02390,S0004978,checkout_started,,,
2025-09-11,2025-09,Germany,Apparel,Mobile,U02390,S0004978,purchased,4.0,85.48333061755719,341.93
2025-09-11,2025-09,Germany,Apparel,Mobile,U02390,S0004978,viewed,,,
2025-09-12,2025-09,United States,Beauty,Desktop,U01384,S0000018,add_to_cart,,,
2025-09-12,2025-09,United States,Beauty,Desktop,U01384,S0000018,checkout_started,,,
2025-09-12,2025-09,United States,Beauty,Desktop,U01384,S0000018,purchased,3.0,40.485703633340734,121.46
2025-09-12,2025-09,United States,Beauty,Desktop,U01384,S0000018,viewed,,,
2025-09-12,2025-09,United States,Beauty,Desktop,U02032,S0000074,add_to_cart,,,
2025-09-12,2025-09,United States,Beauty,Desktop,U02032,S0000074,checkout_started,,,
2025-09-12,2025-09,United States,Beauty,Desktop,U02032,S0000074,purchased,2.0,29.467013207481923,58.93
2025-09-12,2025-09,United States,Beauty,Desktop,U02032,S0000074,viewed,,,
2025-09-12,2025-09,United States,Apparel,Mobile,U02415,S0000157,add_to_cart,,,
2025-09-12,2025-09,United States,Apparel,Mobile,U02415,S0000157,checkout_started,,,
2025-09-12,2025-09,United States,Apparel,Mobile,U02415,S0000157,purchased,3.0,84.70598994932799,254.12
2025-09-12,2025-09,United States,Apparel,Mobile,U02415,S0000157,viewed,,,
2025-09-12,2025-09,United States,Beauty,Mobile,U00787,S0000221,add_to_cart,,,
2025-09-12,2025-09,United States,Beauty,Mobile,U00787,S0000221,checkout_started,,,
2025-09-12,2025-09,United States,Beauty,Mobile,U00787,S0000221,purchased,2.0,50.946758718651495,101.89
2025-09-12,2025-09,United States,Beauty,Mobile,U00787,S0000221,viewed,,,
2025-09-12,2025-09,United Kingdom,Home,Desktop,U02277,S0000386,viewed,,,
2025-09-12,2025-09,Australia,Electronics,Desktop,U00443,S0000418,viewed,,,
2025-09-12,2025-09,United States,Sports,Mobile,U02576,S0000436,viewed,,,
2025-09-12,2025-09,Canada,Electronics,Desktop,U00811,S0000705,viewed,,,
2025-09-12,2025-09,Germany,Electronics,Desktop,U01366,S0000724,add_to_cart,,,
2025-09-12,2025-09,Germany,Electronics,Desktop,U01366,S0000724,checkout_started,,,
2025-09-12,2025-09,Germany,Electronics,Desktop,U01366,S0000724,viewed,,,
2025-09-12,2025-09,United States,Sports,Desktop,U01396,S0000759,add_to_cart,,,
2025-09-12,2025-09,United States,Sports,Desktop,U01396,S0000759,checkout_started,,,
2025-09-12,2025-09,United States,Sports,Desktop,U01396,S0000759,purchased,2.0,51.335043415546124,102.67
2025-09-12,2025-09,United States,Sports,Desktop,U01396,S0000759,viewed,,,
2025-09-12,2025-09,United States,Home,Mobile,U02297,S0000783,viewed,,,
2025-09-12,2025-09,Germany,Home,Mobile,U02551,S0000784,viewed,,,
2025-09-12,2025-09,Canada,Home,Mobile,U01501,S0000863,add_to_cart,,,
2025-09-12,2025-09,Canada,Home,Mobile,U01501,S0000863,checkout_started,,,
2025-09-12,2025-09,Canada,Home,Mobile,U01501,S0000863,purchased,4.0,107.5864783225974,430.35
2025-09-12,2025-09,Canada,Home,Mobile,U01501,S0000863,viewed,,,
2025-09-12,2025-09,United States,Home,Desktop,U00836,S0000874,add_to_cart,,,
2025-09-12,2025-09,United States,Home,Desktop,U00836,S0000874,viewed,,,
2025-09-12,2025-09,United States,Sports,Mobile,U00660,S0000945,viewed,,,
2025-09-12,2025-09,United States,Beauty,Mobile,U01215,S0001005,viewed,,,
2025-09-12,2025-09,United States,Home,Desktop,U00817,S0001050,add_to_cart,,,
2025-09-12,2025-09,United States,Home,Desktop,U00817,S0001050,checkout_started,,,
2025-09-12,2025-09,United States,Home,Desktop,U00817,S0001050,purchased,4.0,105.69390142638485,422.78
2025-09-12,2025-09,United States,Home,Desktop,U00817,S0001050,viewed,,,
2025-09-12,2025-09,United States,Sports,Mobile,U00228,S0001157,add_to_cart,,,
2025-09-12,2025-09,United States,Sports,Mobile,U00228,S0001157,checkout_started,,,
2025-09-12,2025-09,United States,Sports,Mobile,U00228,S0001157,purchased,3.0,87.70758258442211,263.12
2025-09-12,2025-09,United States,Sports,Mobile,U00228,S0001157,viewed,,,
2025-09-12,2025-09,United Kingdom,Beauty,Mobile,U00704,S0001238,viewed,,,
2025-09-12,2025-09,United Kingdom,Electronics,Desktop,U01160,S0001605,add_to_cart,,,
2025-09-12,2025-09,United Kingdom,Electronics,Desktop,U01160,S0001605,checkout_started,,,
2025-09-12,2025-09,United Kingdom,Electronics,Desktop,U01160,S0001605,purchased,2.0,149.21356203771057,298.43
2025-09-12,2025-09,United Kingdom,Electronics,Desktop,U01160,S0001605,viewed,,,
2025-09-12,2025-09,United States,Electronics,Desktop,U01868,S0001610,viewed,,,
2025-09-12,2025-09,United States,Home,Desktop,U00834,S0001619,viewed,,,
2025-09-12,2025-09,United Kingdom,Apparel,Mobile,U00759,S0001630,add_to_cart,,,
2025-09-12,2025-09,United Kingdom,Apparel,Mobile,U00759,S0001630,viewed,,,
2025-09-12,2025-09,Germany,Apparel,Mobile,U01145,S0001805,add_to_cart,,,
2025-09-12,2025-09,Germany,Apparel,Mobile,U01145,S0001805,checkout_started,,,
2025-09-12,2025-09,Germany,Apparel,Mobile,U01145,S0001805,purchased,2.0,79.26455188336752,158.53
2025-09-12,2025-09,Germany,Apparel,Mobile,U01145,S0001805,viewed,,,
2025-09-12,2025-09,United States,Home,Mobile,U00838,S0001876,viewed,,,
2025-09-12,2025-09,Australia,Beauty,Mobile,U00750,S0001928,add_to_cart,,,
2025-09-12,2025-09,Australia,Beauty,Mobile,U00750,S0001928,checkout_started,,,
2025-09-12,2025-09,Australia,Beauty,Mobile,U00750,S0001928,purchased,3.0,70.42843767457887,211.29
2025-09-12,2025-09,Australia,Beauty,Mobile,U00750,S0001928,viewed,,,
2025-09-12,2025-09,United States,Home,Mobile,U00002,S0002006,viewed,,,
2025-09-12,2025-09,Australia,Home,Mobile,U00790,S0002080,viewed,,,
2025-09-12,2025-09,United States,Apparel,Tablet,U01438,S0002104,viewed,,,
2025-09-12,2025-09,Canada,Beauty,Mobile,U01208,S0002510,viewed,,,
2025-09-12,2025-09,United States,Home,Mobile,U02060,S0002550,viewed,,,
2025-09-12,2025-09,United States,Beauty,Mobile,U01340,S0002697,viewed,,,
2025-09-12,2025-09,United States,Beauty,Desktop,U00191,S0002699,add_to_cart,,,
2025-09-12,2025-09,United States,Beauty,Desktop,U00191,S0002699,viewed,,,
2025-09-12,2025-09,Australia,Home,Mobile,U01801,S0002819,viewed,,,
2025-09-12,2025-09,United States,Electronics,Mobile,U00078,S0002823,viewed,,,
2025-09-12,2025-09,United States,Electronics,Mobile,U01029,S0002830,add_to_cart,,,
2025-09-12,2025-09,United States,Electronics,Mobile,U01029,S0002830,viewed,,,
2025-09-12,2025-09,United States,Home,Desktop,U00291,S0002909,add_to_cart,,,
2025-09-12,2025-09,United States,Home,Desktop,U00291,S0002909,checkout_started,,,
2025-09-12,2025-09,United States,Home,Desktop,U00291,S0002909,purchased,4.0,93.34913008180334,373.4
2025-09-12,2025-09,United States,Home,Desktop,U00291,S0002909,viewed,,,
2025-09-12,2025-09,Germany,Electronics,Tablet,U01374,S0002923,viewed,,,
2025-09-12,2025-09,United Kingdom,Sports,Mobile,U00923,S0003064,viewed,,,
2025-09-12,2025-09,United States,Home,Mobile,U00764,S0003165,add_to_cart,,,
2025-09-12,2025-09,United States,Home,Mobile,U00764,S0003165,checkout_started,,,
2025-09-12,2025-09,United States,Home,Mobile,U00764,S0003165,purchased,1.0,60.447173154733846,60.45
2025-09-12,2025-09,United States,Home,Mobile,U00764,S0003165,viewed,,,
2025-09-12,2025-09,United States,Beauty,Desktop,U00767,S0003348,viewed,,,
2025-09-12,2025-09,United States,Apparel,Mobile,U01857,S0003349,add_to_cart,,,
2025-09-12,2025-09,United States,Apparel,Mobile,U01857,S0003349,checkout_started,,,
2025-09-12,2025-09,United States,Apparel,Mobile,U01857,S0003349,purchased,1.0,73.18783498860213,73.19
2025-09-12,2025-09,United States,Apparel,Mobile,U01857,S0003349,viewed,,,
2025-09-12,2025-09,Canada,Electronics,Desktop,U01567,S0003499,add_to_cart,,,
2025-09-12,2025-09,Canada,Electronics,Desktop,U01567,S0003499,checkout_started,,,
2025-09-12,2025-09,Canada,Electronics,Desktop,U01567,S0003499,purchased,2.0,173.11392342013164,346.23
2025-09-12,2025-09,Canada,Electronics,Desktop,U01567,S0003499,viewed,,,
2025-09-12,2025-09,United States,Beauty,Tablet,U02191,S0003513,viewed,,,
2025-09-12,2025-09,United States,Apparel,Mobile,U01783,S0003530,viewed,,,
2025-09-12,2025-09,United States,Beauty,Desktop,U02315,S0003651,add_to_cart,,,
2025-09-12,2025-09,United States,Beauty,Desktop,U02315,S0003651,viewed,,,
2025-09-12,2025-09,United Kingdom,Apparel,Mobile,U00789,S0003774,add_to_cart,,,
2025-09-12,2025-09,United Kingdom,Apparel,Mobile,U00789,S0003774,checkout_started,,,
2025-09-12,2025-09,United Kingdom,Apparel,Mobile,U00789,S0003774,purchased,4.0,51.819063520359194,207.28
2025-09-12,2025-09,United Kingdom,Apparel,Mobile,U00789,S0003774,viewed,,,
2025-09-12,2025-09,United States,Sports,Mobile,U01280,S0003821,viewed,,,
2025-09-12,2025-09,United Kingdom,Electronics,Mobile,U00050,S0003945,viewed,,,
2025-09-12,2025-09,Germany,Electronics,Mobile,U00851,S0003973,viewed,,,
2025-09-12,2025-09,United States,Apparel,Desktop,U02147,S0004145,viewed,,,
2025-09-12,2025-09,United States,Home,Desktop,U00862,S0004198,viewed,,,
2025-09-12,2025-09,United States,Apparel,Mobile,U00042,S0004285,add_to_cart,,,
2025-09-12,2025-09,United States,Apparel,Mobile,U00042,S0004285,checkout_started,,,
2025-09-12,2025-09,United States,Apparel,Mobile,U00042,S0004285,purchased,1.0,37.70939413970675,37.71
2025-09-12,2025-09,United States,Apparel,Mobile,U00042,S0004285,viewed,,,
2025-09-12,2025-09,United States,Home,Desktop,U02191,S0004411,viewed,,,
2025-09-12,2025-09,United States,Apparel,Mobile,U01234,S0004513,viewed,,,
2025-09-12,2025-09,Canada,Electronics,Desktop,U00709,S0004532,add_to_cart,,,
2025-09-12,2025-09,Canada,Electronics,Desktop,U00709,S0004532,checkout_started,,,
2025-09-12,2025-09,Canada,Electronics,Desktop,U00709,S0004532,purchased,3.0,173.73769695229427,521.21
2025-09-12,2025-09,Canada,Electronics,Desktop,U00709,S0004532,viewed,,,
2025-09-12,2025-09,Germany,Electronics,Mobile,U02531,S0004655,viewed,,,
2025-09-12,2025-09,United States,Electronics,Mobile,U02310,S0004798,viewed,,,
2025-09-12,2025-09,United States,Home,Tablet,U01013,S0004842,add_to_cart,,,
2025-09-12,2025-09,United States,Home,Tablet,U01013,S0004842,checkout_started,,,
2025-09-12,2025-09,United States,Home,Tablet,U01013,S0004842,viewed,,,
2025-09-13,2025-09,Germany,Electronics,Mobile,U00765,S0000100,add_to_cart,,,
2025-09-13,2025-09,Germany,Electronics,Mobile,U00765,S0000100,viewed,,,
2025-09-13,2025-09,United Kingdom,Apparel,Tablet,U01206,S0000118,add_to_cart,,,
2025-09-13,2025-09,United Kingdom,Apparel,Tablet,U01206,S0000118,checkout_started,,,
2025-09-13,2025-09,United Kingdom,Apparel,Tablet,U01206,S0000118,purchased,2.0,52.545529982253036,105.09
2025-09-13,2025-09,United Kingdom,Apparel,Tablet,U01206,S0000118,viewed,,,
2025-09-13,2025-09,United States,Home,Desktop,U00913,S0000241,viewed,,,
2025-09-13,2025-09,Canada,Apparel,Desktop,U02116,S0000306,viewed,,,
2025-09-13,2025-09,United States,Home,Desktop,U00477,S0000329,viewed,,,
2025-09-13,2025-09,United States,Apparel,Desktop,U02320,S0000414,viewed,,,
2025-09-13,2025-09,United States,Apparel,Desktop,U01308,S0000434,viewed,,,
2025-09-13,2025-09,Germany,Sports,Desktop,U02398,S0000443,viewed,,,
2025-09-13,2025-09,United States,Apparel,Desktop,U00008,S0000462,viewed,,,
2025-09-13,2025-09,Australia,Beauty,Mobile,U01280,S0000604,viewed,,,
2025-09-13,2025-09,United States,Beauty,Mobile,U00431,S0000620,viewed,,,
2025-09-13,2025-09,Germany,Electronics,Mobile,U01778,S0000670,viewed,,,
2025-09-13,2025-09,United States,Beauty,Mobile,U02046,S0000682,viewed,,,
2025-09-13,2025-09,United Kingdom,Electronics,Desktop,U02547,S0000721,add_to_cart,,,
2025-09-13,2025-09,United Kingdom,Electronics,Desktop,U02547,S0000721,checkout_started,,,
2025-09-13,2025-09,United Kingdom,Electronics,Desktop,U02547,S0000721,purchased,3.0,191.95145211403917,575.85
2025-09-13,2025-09,United Kingdom,Electronics,Desktop,U02547,S0000721,viewed,,,
2025-09-13,2025-09,United States,Beauty,Mobile,U01221,S0000769,add_to_cart,,,
2025-09-13,2025-09,United States,Beauty,Mobile,U01221,S0000769,viewed,,,
2025-09-13,2025-09,United Kingdom,Electronics,Mobile,U02268,S0000823,viewed,,,
2025-09-13,2025-09,United Kingdom,Beauty,Mobile,U02419,S0000948,viewed,,,
2025-09-13,2025-09,Australia,Electronics,Desktop,U02565,S0001342,add_to_cart,,,
2025-09-13,2025-09,Australia,Electronics,Desktop,U02565,S0001342,viewed,,,
2025-09-13,2025-09,Australia,Sports,Mobile,U00012,S0001358,viewed,,,
2025-09-13,2025-09,United States,Home,Mobile,U00088,S0001445,viewed,,,
2025-09-13,2025-09,United States,Beauty,Mobile,U01240,S0001528,viewed,,,
2025-09-13,2025-09,Canada,Apparel,Desktop,U02073,S0001645,add_to_cart,,,
2025-09-13,2025-09,Canada,Apparel,Desktop,U02073,S0001645,viewed,,,
2025-09-13,2025-09,United States,Electronics,Desktop,U02455,S0001776,add_to_cart,,,
2025-09-13,2025-09,United States,Electronics,Desktop,U02455,S0001776,checkout_started,,,
2025-09-13,2025-09,United States,Electronics,Desktop,U02455,S0001776,viewed,,,
2025-09-13,2025-09,United States,Electronics,Desktop,U01880,S0001819,add_to_cart,,,
2025-09-13,2025-09,United States,Electronics,Desktop,U01880,S0001819,checkout_started,,,
2025-09-13,2025-09,United States,Electronics,Desktop,U01880,S0001819,viewed,,,
2025-09-13,2025-09,United States,Sports,Mobile,U02045,S0001836,viewed,,,
2025-09-13,2025-09,United States,Electronics,Mobile,U01818,S0001895,viewed,,,
2025-09-13,2025-09,United States,Home,Tablet,U00018,S0001926,add_to_cart,,,
2025-09-13,2025-09,United States,Home,Tablet,U00018,S0001926,checkout_started,,,
2025-09-13,2025-09,United States,Home,Tablet,U00018,S0001926,purchased,1.0,64.5217360750102,64.52
2025-09-13,2025-09,United States,Home,Tablet,U00018,S0001926,viewed,,,
2025-09-13,2025-09,Canada,Sports,Desktop,U01405,S0002085,add_to_cart,,,
2025-09-13,2025-09,Canada,Sports,Desktop,U01405,S0002085,checkout_started,,,
2025-09-13,2025-09,Canada,Sports,Desktop,U01405,S0002085,viewed,,,
2025-09-13,2025-09,Canada,Electronics,Mobile,U01350,S0002108,add_to_cart,,,
2025-09-13,2025-09,Canada,Electronics,Mobile,U01350,S0002108,checkout_started,,,
2025-09-13,2025-09,Canada,Electronics,Mobile,U01350,S0002108,purchased,3.0,131.8774586301942,395.63
2025-09-13,2025-09,Canada,Electronics,Mobile,U01350,S0002108,viewed,,,
2025-09-13,2025-09,Canada,Home,Desktop,U02565,S0002207,add_to_cart,,,
2025-09-13,2025-09,Canada,Home,Desktop,U02565,S0002207,checkout_started,,,
2025-09-13,2025-09,Canada,Home,Desktop,U02565,S0002207,purchased,3.0,94.26994318101461,282.81
2025-09-13,2025-09,Canada,Home,Desktop,U02565,S0002207,viewed,,,
2025-09-13,2025-09,Canada,Electronics,Desktop,U02432,S0002210,viewed,,,
2025-09-13,2025-09,United States,Electronics,Desktop,U00950,S0002234,viewed,,,
2025-09-13,2025-09,Australia,Sports,Desktop,U01599,S0002378,viewed,,,
2025-09-13,2025-09,Germany,Home,Mobile,U02334,S0002431,viewed,,,
2025-09-13,2025-09,Australia,Apparel,Desktop,U01147,S0002480,viewed,,,
2025-09-13,2025-09,United States,Sports,Mobile,U00021,S0002727,add_to_cart,,,
2025-09-13,2025-09,United States,Sports,Mobile,U00021,S0002727,viewed,,,
2025-09-13,2025-09,United States,Sports,Tablet,U00669,S0002736,viewed,,,
2025-09-13,2025-09,United States,Beauty,Desktop,U00928,S0002761,viewed,,,
2025-09-13,2025-09,United States,Home,Desktop,U00686,S0003022,viewed,,,
2025-09-13,2025-09,United States,Electronics,Desktop,U02469,S0003102,viewed,,,
2025-09-13,2025-09,Canada,Home,Mobile,U01713,S0003204,viewed,,,
2025-09-13,2025-09,United States,Sports,Tablet,U01098,S0003249,add_to_cart,,,
2025-09-13,2025-09,United States,Sports,Tablet,U01098,S0003249,viewed,,,
2025-09-13,2025-09,United Kingdom,Home,Mobile,U00373,S0003269,viewed,,,
2025-09-13,2025-09,United States,Sports,Mobile,U00137,S0003287,add_to_cart,,,
2025-09-13,2025-09,United States,Sports,Mobile,U00137,S0003287,checkout_started,,,
2025-09-13,2025-09,United States,Sports,Mobile,U00137,S0003287,purchased,1.0,68.12399913281706,68.12
2025-09-13,2025-09,United States,Sports,Mobile,U00137,S0003287,viewed,,,
2025-09-13,2025-09,United Kingdom,Electronics,Mobile,U01232,S0003308,viewed,,,
2025-09-13,2025-09,Australia,Apparel,Mobile,U00080,S0003514,add_to_cart,,,
2025-09-13,2025-09,Australia,Apparel,Mobile,U00080,S0003514,checkout_started,,,
2025-09-13,2025-09,Australia,Apparel,Mobile,U00080,S0003514,purchased,1.0,46.78733151553226,46.79
2025-09-13,2025-09,Australia,Apparel,Mobile,U00080,S0003514,viewed,,,
2025-09-13,2025-09,Germany,Beauty,Mobile,U01328,S0003527,viewed,,,
2025-09-13,2025-09,Australia,Sports,Desktop,U02062,S0003538,add_to_cart,,,
2025-09-13,2025-09,Australia,Sports,Desktop,U02062,S0003538,viewed,,,
2025-09-13,2025-09,United States,Apparel,Mobile,U02593,S0003606,add_to_cart,,,
2025-09-13,2025-09,United States,Apparel,Mobile,U02593,S0003606,checkout_started,,,
2025-09-13,2025-09,United States,Apparel,Mobile,U02593,S0003606,purchased,3.0,47.389210222346044,142.17
2025-09-13,2025-09,United States,Apparel,Mobile,U02593,S0003606,viewed,,,
2025-09-13,2025-09,United States,Beauty,Mobile,U02440,S0003835,viewed,,,
2025-09-13,2025-09,United Kingdom,Beauty,Desktop,U01460,S0003889,viewed,,,
2025-09-13,2025-09,United States,Apparel,Desktop,U02590,S0003993,viewed,,,
2025-09-13,2025-09,United States,Beauty,Desktop,U01955,S0004021,viewed,,,
2025-09-13,2025-09,Canada,Home,Mobile,U02281,S0004026,viewed,,,
2025-09-13,2025-09,Canada,Electronics,Mobile,U00064,S0004118,viewed,,,
2025-09-13,2025-09,United States,Beauty,Desktop,U02399,S0004204,add_to_cart,,,
2025-09-13,2025-09,United States,Beauty,Desktop,U02399,S0004204,checkout_started,,,
2025-09-13,2025-09,United States,Beauty,Desktop,U02399,S0004204,viewed,,,
2025-09-13,2025-09,United States,Apparel,Desktop,U01431,S0004303,add_to_cart,,,
2025-09-13,2025-09,United States,Apparel,Desktop,U01431,S0004303,checkout_started,,,
2025-09-13,2025-09,United States,Apparel,Desktop,U01431,S0004303,viewed,,,
2025-09-13,2025-09,United States,Electronics,Mobile,U01772,S0004474,viewed,,,
2025-09-13,2025-09,United States,Sports,Desktop,U02188,S0004657,viewed,,,
2025-09-13,2025-09,Australia,Beauty,Mobile,U01924,S0004668,viewed,,,
2025-09-13,2025-09,Canada,Sports,Mobile,U01008,S0004758,add_to_cart,,,
2025-09-13,2025-09,Canada,Sports,Mobile,U01008,S0004758,checkout_started,,,
2025-09-13,2025-09,Canada,Sports,Mobile,U01008,S0004758,purchased,4.0,96.47910611231336,385.92
2025-09-13,2025-09,Canada,Sports,Mobile,U01008,S0004758,viewed,,,
2025-09-13,2025-09,United States,Apparel,Tablet,U01525,S0004837,add_to_cart,,,
2025-09-13,2025-09,United States,Apparel,Tablet,U01525,S0004837,checkout_started,,,
2025-09-13,2025-09,United States,Apparel,Tablet,U01525,S0004837,purchased,2.0,80.68528137514149,161.37
2025-09-13,2025-09,United States,Apparel,Tablet,U01525,S0004837,viewed,,,
2025-09-14,2025-09,Germany,Home,Mobile,U00891,S0000256,add_to_cart,,,
2025-09-14,2025-09,Germany,Home,Mobile,U00891,S0000256,checkout_started,,,
2025-09-14,2025-09,Germany,Home,Mobile,U00891,S0000256,viewed,,,
2025-09-14,2025-09,Germany,Apparel,Mobile,U00628,S0000273,add_to_cart,,,
2025-09-14,2025-09,Germany,Apparel,Mobile,U00628,S0000273,viewed,,,
2025-09-14,2025-09,Canada,Apparel,Mobile,U01806,S0000357,add_to_cart,,,
2025-09-14,2025-09,Canada,Apparel,Mobile,U01806,S0000357,checkout_started,,,
2025-09-14,2025-09,Canada,Apparel,Mobile,U01806,S0000357,purchased,1.0,47.77771644555478,47.78
2025-09-14,2025-09,Canada,Apparel,Mobile,U01806,S0000357,viewed,,,
2025-09-14,2025-09,United States,Apparel,Mobile,U02112,S0000408,viewed,,,
2025-09-14,2025-09,United States,Apparel,Desktop,U00416,S0000457,viewed,,,
2025-09-14,2025-09,United States,Beauty,Desktop,U01697,S0000522,add_to_cart,,,
2025-09-14,2025-09,United States,Beauty,Desktop,U01697,S0000522,viewed,,,
2025-09-14,2025-09,United States,Apparel,Desktop,U00821,S0000528,add_to_cart,,,
2025-09-14,2025-09,United States,Apparel,Desktop,U00821,S0000528,checkout_started,,,
2025-09-14,2025-09,United States,Apparel,Desktop,U00821,S0000528,viewed,,,
2025-09-14,2025-09,United States,Home,Desktop,U00564,S0000752,viewed,,,
2025-09-14,2025-09,Canada,Beauty,Desktop,U00635,S0000834,viewed,,,
2025-09-14,2025-09,United States,Home,Desktop,U02521,S0000924,add_to_cart,,,
2025-09-14,2025-09,United States,Home,Desktop,U02521,S0000924,viewed,,,
2025-09-14,2025-09,United States,Apparel,Desktop,U01492,S0000938,viewed,,,
2025-09-14,2025-09,Australia,Apparel,Mobile,U02505,S0000975,viewed,,,
2025-09-14,2025-09,United States,Electronics,Desktop,U00983,S0001063,viewed,,,
2025-09-14,2025-09,United Kingdom,Apparel,Mobile,U01948,S0001090,viewed,,,
2025-09-14,2025-09,Germany,Apparel,Mobile,U00254,S0001104,add_to_cart,,,
2025-09-14,2025-09,Germany,Apparel,Mobile,U00254,S0001104,checkout_started,,,
2025-09-14,2025-09,Germany,Apparel,Mobile,U00254,S0001104,purchased,4.0,76.54583539112306,306.18
2025-09-14,2025-09,Germany,Apparel,Mobile,U00254,S0001104,viewed,,,
2025-09-14,2025-09,United Kingdom,Sports,Desktop,U01015,S0001187,viewed,,,
2025-09-14,2025-09,United Kingdom,Apparel,Desktop,U01710,S0001481,viewed,,,
2025-09-14,2025-09,United States,Electronics,Mobile,U01810,S0001524,viewed,,,
2025-09-14,2025-09,United States,Beauty,Desktop,U00356,S0001575,viewed,,,
2025-09-14,2025-09,Germany,Apparel,Tablet,U02263,S0001607,viewed,,,
2025-09-14,2025-09,United States,Apparel,Mobile,U00124,S0001612,add_to_cart,,,
2025-09-14,2025-09,United States,Apparel,Mobile,U00124,S0001612,viewed,,,
2025-09-14,2025-09,United States,Home,Desktop,U02097,S0001677,viewed,,,
2025-09-14,2025-09,United States,Apparel,Mobile,U02012,S0001698,add_to_cart,,,
2025-09-14,2025-09,United States,Apparel,Mobile,U02012,S0001698,checkout_started,,,
2025-09-14,2025-09,United States,Apparel,Mobile,U02012,S0001698,viewed,,,
2025-09-14,2025-09,Canada,Sports,Desktop,U01012,S0001935,add_to_cart,,,
2025-09-14,2025-09,Canada,Sports,Desktop,U01012,S0001935,checkout_started,,,
2025-09-14,2025-09,Canada,Sports,Desktop,U01012,S0001935,purchased,2.0,75.30406419705913,150.61
2025-09-14,2025-09,Canada,Sports,Desktop,U01012,S0001935,viewed,,,
2025-09-14,2025-09,Canada,Beauty,Mobile,U00884,S0001963,add_to_cart,,,
2025-09-14,2025-09,Canada,Beauty,Mobile,U00884,S0001963,checkout_started,,,
2025-09-14,2025-09,Canada,Beauty,Mobile,U00884,S0001963,purchased,2.0,50.02048340022591,100.04
2025-09-14,2025-09,Canada,Beauty,Mobile,U00884,S0001963,viewed,,,
2025-09-14,2025-09,United States,Beauty,Desktop,U02545,S0002063,add_to_cart,,,
2025-09-14,2025-09,United States,Beauty,Desktop,U02545,S0002063,checkout_started,,,
2025-09-14,2025-09,United States,Beauty,Desktop,U02545,S0002063,purchased,4.0,38.9436803128186,155.77
2025-09-14,2025-09,United States,Beauty,Desktop,U02545,S0002063,viewed,,,
2025-09-14,2025-09,Canada,Home,Mobile,U00773,S0002302,add_to_cart,,,
2025-09-14,2025-09,Canada,Home,Mobile,U00773,S0002302,checkout_started,,,
2025-09-14,2025-09,Canada,Home,Mobile,U00773,S0002302,purchased,1.0,105.91744228582381,105.92
2025-09-14,2025-09,Canada,Home,Mobile,U00773,S0002302,viewed,,,
2025-09-14,2025-09,United States,Apparel,Mobile,U00625,S0002330,viewed,,,
2025-09-14,2025-09,United States,Electronics,Mobile,U00615,S0002519,add_to_cart,,,
2025-09-14,2025-09,United States,Electronics,Mobile,U00615,S0002519,viewed,,,
2025-09-14,2025-09,Canada,Apparel,Tablet,U02081,S0002639,viewed,,,
2025-09-14,2025-09,Canada,Apparel,Mobile,U01100,S0002663,viewed,,,
2025-09-14,2025-09,United Kingdom,Sports,Desktop,U02161,S0002889,viewed,,,
2025-09-14,2025-09,Canada,Beauty,Mobile,U00554,S0002891,viewed,,,
2025-09-14,2025-09,United States,Apparel,Mobile,U01248,S0003058,viewed,,,
2025-09-14,2025-09,United States,Electronics,Tablet,U02111,S0003069,add_to_cart,,,
2025-09-14,2025-09,United States,Electronics,Tablet,U02111,S0003069,checkout_started,,,
2025-09-14,2025-09,United States,Electronics,Tablet,U02111,S0003069,purchased,3.0,167.3581545842424,502.07
2025-09-14,2025-09,United States,Electronics,Tablet,U02111,S0003069,viewed,,,
2025-09-14,2025-09,United States,Sports,Tablet,U01765,S0003671,add_to_cart,,,
2025-09-14,2025-09,United States,Sports,Tablet,U01765,S0003671,checkout_started,,,
2025-09-14,2025-09,United States,Sports,Tablet,U01765,S0003671,purchased,3.0,115.26722368673352,345.8
2025-09-14,2025-09,United States,Sports,Tablet,U01765,S0003671,viewed,,,
2025-09-14,2025-09,Australia,Electronics,Mobile,U00668,S0003830,add_to_cart,,,
2025-09-14,2025-09,Australia,Electronics,Mobile,U00668,S0003830,checkout_started,,,
2025-09-14,2025-09,Australia,Electronics,Mobile,U00668,S0003830,purchased,4.0,122.64916864997262,490.6
2025-09-14,2025-09,Australia,Electronics,Mobile,U00668,S0003830,viewed,,,
2025-09-14,2025-09,Canada,Sports,Desktop,U01387,S0003980,viewed,,,
2025-09-14,2025-09,Germany,Home,Mobile,U00488,S0004016,viewed,,,
2025-09-14,2025-09,Germany,Electronics,Mobile,U01753,S0004061,add_to_cart,,,
2025-09-14,2025-09,Germany,Electronics,Mobile,U01753,S0004061,viewed,,,
2025-09-14,2025-09,United States,Home,Mobile,U01887,S0004098,viewed,,,
2025-09-14,2025-09,United States,Apparel,Desktop,U02240,S0004113,viewed,,,
2025-09-14,2025-09,Australia,Beauty,Desktop,U01939,S0004211,viewed,,,
2025-09-14,2025-09,Germany,Sports,Mobile,U00731,S0004348,viewed,,,
2025-09-14,2025-09,Germany,Sports,Desktop,U01916,S0004368,viewed,,,
2025-09-14,2025-09,United Kingdom,Electronics,Desktop,U00075,S0004631,viewed,,,
2025-09-14,2025-09,United States,Home,Mobile,U00725,S0004720,add_to_cart,,,
2025-09-14,2025-09,United States,Home,Mobile,U00725,S0004720,viewed,,,
2025-09-14,2025-09,Germany,Home,Desktop,U01441,S0004752,add_to_cart,,,
2025-09-14,2025-09,Germany,Home,Desktop,U01441,S0004752,checkout_started,,,
2025-09-14,2025-09,Germany,Home,Desktop,U01441,S0004752,viewed,,,
2025-09-14,2025-09,Canada,Beauty,Desktop,U01567,S0004766,add_to_cart,,,
2025-09-14,2025-09,Canada,Beauty,Desktop,U01567,S0004766,checkout_started,,,
2025-09-14,2025-09,Canada,Beauty,Desktop,U01567,S0004766,purchased,2.0,20.16008780506342,40.32
2025-09-14,2025-09,Canada,Beauty,Desktop,U01567,S0004766,viewed,,,
2025-09-14,2025-09,United States,Home,Tablet,U01209,S0004954,viewed,,,
2025-09-15,2025-09,Canada,Home,Desktop,U02155,S0000058,viewed,,,
2025-09-15,2025-09,United States,Electronics,Mobile,U00001,S0000083,viewed,,,
2025-09-15,2025-09,United States,Beauty,Mobile,U01173,S0000178,viewed,,,
2025-09-15,2025-09,United States,Apparel,Desktop,U01996,S0000182,viewed,,,
2025-09-15,2025-09,United Kingdom,Sports,Tablet,U00746,S0000287,viewed,,,
2025-09-15,2025-09,Australia,Electronics,Mobile,U02274,S0000390,viewed,,,
2025-09-15,2025-09,United States,Home,Mobile,U01314,S0000533,viewed,,,
2025-09-15,2025-09,United Kingdom,Home,Mobile,U01756,S0000536,viewed,,,
2025-09-15,2025-09,Australia,Electronics,Mobile,U00308,S0000750,viewed,,,
2025-09-15,2025-09,Australia,Beauty,Mobile,U00314,S0000847,viewed,,,
2025-09-15,2025-09,Australia,Sports,Desktop,U00579,S0000884,add_to_cart,,,
2025-09-15,2025-09,Australia,Sports,Desktop,U00579,S0000884,viewed,,,
2025-09-15,2025-09,United States,Beauty,Desktop,U00413,S0000937,add_to_cart,,,
2025-09-15,2025-09,United States,Beauty,Desktop,U00413,S0000937,checkout_started,,,
2025-09-15,2025-09,United States,Beauty,Desktop,U00413,S0000937,purchased,3.0,38.14224435246875,114.43
2025-09-15,2025-09,United States,Beauty,Desktop,U00413,S0000937,viewed,,,
2025-09-15,2025-09,United States,Electronics,Desktop,U00454,S0000961,viewed,,,
2025-09-15,2025-09,United States,Beauty,Desktop,U01233,S0001046,viewed,,,
2025-09-15,2025-09,United States,Apparel,Mobile,U00013,S0001229,add_to_cart,,,
2025-09-15,2025-09,United States,Apparel,Mobile,U00013,S0001229,checkout_started,,,
2025-09-15,2025-09,United States,Apparel,Mobile,U00013,S0001229,purchased,1.0,37.933768372946204,37.93
2025-09-15,2025-09,United States,Apparel,Mobile,U00013,S0001229,viewed,,,
2025-09-15,2025-09,United Kingdom,Home,Mobile,U02383,S0001406,add_to_cart,,,
2025-09-15,2025-09,United Kingdom,Home,Mobile,U02383,S0001406,viewed,,,
2025-09-15,2025-09,United States,Sports,Desktop,U02045,S0001487,viewed,,,
2025-09-15,2025-09,United States,Apparel,Mobile,U00896,S0001537,viewed,,,
2025-09-15,2025-09,United States,Home,Mobile,U01387,S0001556,viewed,,,
2025-09-15,2025-09,Canada,Electronics,Mobile,U00241,S0001655,add_to_cart,,,
2025-09-15,2025-09,Canada,Electronics,Mobile,U00241,S0001655,viewed,,,
2025-09-15,2025-09,United States,Home,Desktop,U00357,S0001695,viewed,,,
2025-09-15,2025-09,Canada,Home,Mobile,U01142,S0001778,viewed,,,
2025-09-15,2025-09,United States,Sports,Desktop,U00225,S0001854,add_to_cart,,,
2025-09-15,2025-09,United States,Sports,Desktop,U00225,S0001854,viewed,,,
2025-09-15,2025-09,Germany,Beauty,Desktop,U00092,S0001908,viewed,,,
2025-09-15,2025-09,United Kingdom,Electronics,Desktop,U01217,S0001947,viewed,,,
2025-09-15,2025-09,Canada,Home,Mobile,U01820,S0001970,add_to_cart,,,
2025-09-15,2025-09,Canada,Home,Mobile,U01820,S0001970,checkout_started,,,
2025-09-15,2025-09,Canada,Home,Mobile,U01820,S0001970,purchased,4.0,81.24544950263316,324.98
2025-09-15,2025-09,Canada,Home,Mobile,U01820,S0001970,viewed,,,
2025-09-15,2025-09,United States,Sports,Mobile,U01677,S0002008,viewed,,,
2025-09-15,2025-09,United States,Sports,Tablet,U01931,S0002013,viewed,,,
2025-09-15,2025-09,United Kingdom,Apparel,Desktop,U02534,S0002095,viewed,,,
2025-09-15,2025-09,United States,Apparel,Mobile,U01706,S0002222,viewed,,,
2025-09-15,2025-09,United Kingdom,Apparel,Mobile,U01047,S0002249,viewed,,,
2025-09-15,2025-09,United Kingdom,Beauty,Tablet,U00528,S0002308,viewed,,,
2025-09-15,2025-09,Australia,Apparel,Desktop,U00236,S0002369,viewed,,,
2025-09-15,2025-09,Australia,Apparel,Mobile,U01503,S0002427,viewed,,,
2025-09-15,2025-09,United Kingdom,Electronics,Mobile,U00992,S0002433,viewed,,,
2025-09-15,2025-09,Canada,Electronics,Mobile,U01623,S0002660,viewed,,,
2025-09-15,2025-09,United States,Electronics,Mobile,U01612,S0002792,viewed,,,
2025-09-15,2025-09,United States,Beauty,Mobile,U00094,S0002868,viewed,,,
2025-09-15,2025-09,United States,Beauty,Mobile,U00497,S0002886,viewed,,,
2025-09-15,2025-09,United States,Apparel,Mobile,U01101,S0002933,viewed,,,
2025-09-15,2025-09,United States,Apparel,Desktop,U00229,S0003038,viewed,,,
2025-09-15,2025-09,United States,Beauty,Tablet,U00871,S0003163,viewed,,,
2025-09-15,2025-09,United Kingdom,Home,Mobile,U00107,S0003253,add_to_cart,,,
2025-09-15,2025-09,United Kingdom,Home,Mobile,U00107,S0003253,checkout_started,,,
2025-09-15,2025-09,United Kingdom,Home,Mobile,U00107,S0003253,purchased,3.0,84.69010723328631,254.07
2025-09-15,2025-09,United Kingdom,Home,Mobile,U00107,S0003253,viewed,,,
2025-09-15,2025-09,Canada,Electronics,Desktop,U01362,S0003322,add_to_cart,,,
2025-09-15,2025-09,Canada,Electronics,Desktop,U01362,S0003322,checkout_started,,,
2025-09-15,2025-09,Canada,Electronics,Desktop,U01362,S0003322,purchased,1.0,186.73566669350168,186.74
2025-09-15,2025-09,Canada,Electronics,Desktop,U01362,S0003322,viewed,,,
2025-09-15,2025-09,United Kingdom,Sports,Mobile,U00823,S0003327,viewed,,,
2025-09-15,2025-09,Australia,Beauty,Mobile,U00335,S0003351,viewed,,,
2025-09-15,2025-09,Canada,Home,Mobile,U02291,S0003365,viewed,,,
2025-09-15,2025-09,Canada,Home,Mobile,U00184,S0003403,add_to_cart,,,
2025-09-15,2025-09,Canada,Home,Mobile,U00184,S0003403,viewed,,,
2025-09-15,2025-09,United States,Electronics,Mobile,U00338,S0003568,viewed,,,
2025-09-15,2025-09,United States,Home,Mobile,U00651,S0003603,viewed,,,
2025-09-15,2025-09,United States,Electronics,Mobile,U01478,S0003686,add_to_cart,,,
2025-09-15,2025-09,United States,Electronics,Mobile,U01478,S0003686,checkout_started,,,
2025-09-15,2025-09,United States,Electronics,Mobile,U01478,S0003686,purchased,1.0,181.05313646359926,181.05
2025-09-15,2025-09,United States,Electronics,Mobile,U01478,S0003686,viewed,,,
2025-09-15,2025-09,United States,Sports,Mobile,U01448,S0003701,add_to_cart,,,
2025-09-15,2025-09,United States,Sports,Mobile,U01448,S0003701,checkout_started,,,
2025-09-15,2025-09,United States,Sports,Mobile,U01448,S0003701,viewed,,,
2025-09-15,2025-09,United States,Electronics,Mobile,U01524,S0003707,add_to_cart,,,
2025-09-15,2025-09,United States,Electronics,Mobile,U01524,S0003707,viewed,,,
2025-09-15,2025-09,United Kingdom,Home,Mobile,U00710,S0003808,viewed,,,
2025-09-15,2025-09,United States,Apparel,Mobile,U00399,S0003885,viewed,,,
2025-09-15,2025-09,Australia,Home,Desktop,U02520,S0003928,viewed,,,
2025-09-15,2025-09,United States,Home,Mobile,U01966,S0004018,add_to_cart,,,
2025-09-15,2025-09,United States,Home,Mobile,U01966,S0004018,viewed,,,
2025-09-15,2025-09,United States,Electronics,Mobile,U02530,S0004220,viewed,,,
2025-09-15,2025-09,United Kingdom,Beauty,Mobile,U00435,S0004418,add_to_cart,,,
2025-09-15,2025-09,United Kingdom,Beauty,Mobile,U00435,S0004418,viewed,,,
2025-09-15,2025-09,United States,Electronics,Mobile,U01959,S0004557,add_to_cart,,,
2025-09-15,2025-09,United States,Electronics,Mobile,U01959,S0004557,viewed,,,
2025-09-15,2025-09,United States,Beauty,Mobile,U00258,S0004663,viewed,,,
2025-09-15,2025-09,United States,Home,Desktop,U01719,S0004849,viewed,,,
2025-09-15,2025-09,United States,Electronics,Mobile,U00139,S0004884,viewed,,,
2025-09-15,2025-09,United Kingdom,Electronics,Mobile,U01996,S0004957,add_to_cart,,,
2025-09-15,2025-09,United Kingdom,Electronics,Mobile,U01996,S0004957,checkout_started,,,
2025-09-15,2025-09,United Kingdom,Electronics,Mobile,U01996,S0004957,purchased,3.0,203.66733322364064,611.0
2025-09-15,2025-09,United Kingdom,Electronics,Mobile,U01996,S0004957,viewed,,,
2025-09-16,2025-09,United States,Electronics,Mobile,U00914,S0000041,viewed,,,
2025-09-16,2025-09,United Kingdom,Beauty,Desktop,U00506,S0000168,add_to_cart,,,
2025-09-16,2025-09,United Kingdom,Beauty,Desktop,U00506,S0000168,checkout_started,,,
2025-09-16,2025-09,United Kingdom,Beauty,Desktop,U00506,S0000168,purchased,2.0,23.265789562421375,46.53
2025-09-16,2025-09,United Kingdom,Beauty,Desktop,U00506,S0000168,viewed,,,
2025-09-16,2025-09,United States,Apparel,Mobile,U02244,S0000187,add_to_cart,,,
2025-09-16,2025-09,United States,Apparel,Mobile,U02244,S0000187,checkout_started,,,
2025-09-16,2025-09,United States,Apparel,Mobile,U02244,S0000187,purchased,2.0,59.22455101360882,118.45
2025-09-16,2025-09,United States,Apparel,Mobile,U02244,S0000187,viewed,,,
2025-09-16,2025-09,Canada,Sports,Tablet,U00215,S0000262,add_to_cart,,,
2025-09-16,2025-09,Canada,Sports,Tablet,U00215,S0000262,checkout_started,,,
2025-09-16,2025-09,Canada,Sports,Tablet,U00215,S0000262,purchased,2.0,97.42857343729496,194.86
2025-09-16,2025-09,Canada,Sports,Tablet,U00215,S0000262,viewed,,,
2025-09-16,2025-09,United States,Beauty,Mobile,U01513,S0000350,add_to_cart,,,
2025-09-16,2025-09,United States,Beauty,Mobile,U01513,S0000350,viewed,,,
2025-09-16,2025-09,Germany,Home,Desktop,U00089,S0000467,viewed,,,
2025-09-16,2025-09,Germany,Electronics,Tablet,U02456,S0000532,add_to_cart,,,
2025-09-16,2025-09,Germany,Electronics,Tablet,U02456,S0000532,checkout_started,,,
2025-09-16,2025-09,Germany,Electronics,Tablet,U02456,S0000532,viewed,,,
2025-09-16,2025-09,Canada,Sports,Mobile,U00523,S0000623,viewed,,,
2025-09-16,2025-09,United States,Beauty,Mobile,U01414,S0000685,add_to_cart,,,
2025-09-16,2025-09,United States,Beauty,Mobile,U01414,S0000685,checkout_started,,,
2025-09-16,2025-09,United States,Beauty,Mobile,U01414,S0000685,purchased,4.0,36.004458330097215,144.02
2025-09-16,2025-09,United States,Beauty,Mobile,U01414,S0000685,viewed,,,
2025-09-16,2025-09,United States,Electronics,Mobile,U00721,S0000703,viewed,,,
2025-09-16,2025-09,United Kingdom,Apparel,Desktop,U01121,S0000704,viewed,,,
2025-09-16,2025-09,Canada,Electronics,Mobile,U02374,S0000908,viewed,,,
2025-09-16,2025-09,United States,Home,Desktop,U01843,S0001032,viewed,,,
2025-09-16,2025-09,Canada,Home,Mobile,U00013,S0001076,add_to_cart,,,
2025-09-16,2025-09,Canada,Home,Mobile,U00013,S0001076,checkout_started,,,
2025-09-16,2025-09,Canada,Home,Mobile,U00013,S0001076,purchased,2.0,136.35205649603859,272.7
2025-09-16,2025-09,Canada,Home,Mobile,U00013,S0001076,viewed,,,
2025-09-16,2025-09,United States,Apparel,Mobile,U00480,S0001078,add_to_cart,,,
2025-09-16,2025-09,United States,Apparel,Mobile,U00480,S0001078,checkout_started,,,
2025-09-16,2025-09,United States,Apparel,Mobile,U00480,S0001078,viewed,,,
2025-09-16,2025-09,United States,Apparel,Tablet,U00689,S0001193,add_to_cart,,,
2025-09-16,2025-09,United States,Apparel,Tablet,U00689,S0001193,checkout_started,,,
2025-09-16,2025-09,United States,Apparel,Tablet,U00689,S0001193,purchased,4.0,58.93172736658846,235.73
2025-09-16,2025-09,United States,Apparel,Tablet,U00689,S0001193,viewed,,,
2025-09-16,2025-09,United States,Beauty,Desktop,U00661,S0001433,add_to_cart,,,
2025-09-16,2025-09,United States,Beauty,Desktop,U00661,S0001433,checkout_started,,,
2025-09-16,2025-09,United States,Beauty,Desktop,U00661,S0001433,viewed,,,
2025-09-16,2025-09,United States,Home,Mobile,U01292,S0001596,add_to_cart,,,
2025-09-16,2025-09,United States,Home,Mobile,U01292,S0001596,checkout_started,,,
2025-09-16,2025-09,United States,Home,Mobile,U01292,S0001596,viewed,,,
2025-09-16,2025-09,United States,Electronics,Desktop,U00067,S0001616,add_to_cart,,,
2025-09-16,2025-09,United States,Electronics,Desktop,U00067,S0001616,checkout_started,,,
2025-09-16,2025-09,United States,Electronics,Desktop,U00067,S0001616,purchased,2.0,87.08435157735019,174.17
2025-09-16,2025-09,United States,Electronics,Desktop,U00067,S0001616,viewed,,,
2025-09-16,2025-09,United States,Beauty,Tablet,U00252,S0001637,add_to_cart,,,
2025-09-16,2025-09,United States,Beauty,Tablet,U00252,S0001637,viewed,,,
2025-09-16,2025-09,Australia,Electronics,Mobile,U00401,S0001850,add_to_cart,,,
2025-09-16,2025-09,Australia,Electronics,Mobile,U00401,S0001850,checkout_started,,,
2025-09-16,2025-09,Australia,Electronics,Mobile,U00401,S0001850,viewed,,,
2025-09-16,2025-09,United Kingdom,Apparel,Desktop,U00783,S0001936,viewed,,,
2025-09-16,2025-09,United Kingdom,Apparel,Desktop,U02121,S0001941,viewed,,,
2025-09-16,2025-09,Australia,Apparel,Mobile,U02577,S0002051,viewed,,,
2025-09-16,2025-09,Canada,Home,Desktop,U01681,S0002103,viewed,,,
2025-09-16,2025-09,United Kingdom,Beauty,Desktop,U01140,S0002200,viewed,,,
2025-09-16,2025-09,United Kingdom,Sports,Mobile,U00708,S0002297,viewed,,,
2025-09-16,2025-09,United States,Electronics,Mobile,U01766,S0002328,viewed,,,
2025-09-16,2025-09,United States,Home,Mobile,U02131,S0002450,viewed,,,
2025-09-16,2025-09,United States,Apparel,Mobile,U01333,S0002534,add_to_cart,,,
2025-09-16,2025-09,United States,Apparel,Mobile,U01333,S0002534,checkout_started,,,
2025-09-16,2025-09,United States,Apparel,Mobile,U01333,S0002534,purchased,4.0,26.242939708767928,104.97
2025-09-16,2025-09,United States,Apparel,Mobile,U01333,S0002534,viewed,,,
2025-09-16,2025-09,Germany,Beauty,Mobile,U02023,S0002596,add_to_cart,,,
2025-09-16,2025-09,Germany,Beauty,Mobile,U02023,S0002596,checkout_started,,,
2025-09-16,2025-09,Germany,Beauty,Mobile,U02023,S0002596,viewed,,,
2025-09-16,2025-09,United States,Electronics,Mobile,U00212,S0002720,viewed,,,
2025-09-16,2025-09,United States,Apparel,Mobile,U01971,S0002805,add_to_cart,,,
2025-09-16,2025-09,United States,Apparel,Mobile,U01971,S0002805,checkout_started,,,
2025-09-16,2025-09,United States,Apparel,Mobile,U01971,S0002805,purchased,4.0,46.205099584113626,184.82
2025-09-16,2025-09,United States,Apparel,Mobile,U01971,S0002805,viewed,,,
2025-09-16,2025-09,Canada,Home,Desktop,U00373,S0002940,add_to_cart,,,
2025-09-16,2025-09,Canada,Home,Desktop,U00373,S0002940,checkout_started,,,
2025-09-16,2025-09,Canada,Home,Desktop,U00373,S0002940,viewed,,,
2025-09-16,2025-09,Canada,Sports,Desktop,U01904,S0003049,viewed,,,
2025-09-16,2025-09,United States,Sports,Desktop,U00463,S0003180,viewed,,,
2025-09-16,2025-09,United Kingdom,Apparel,Mobile,U01456,S0003257,viewed,,,
2025-09-16,2025-09,United States,Home,Mobile,U00894,S0003271,add_to_cart,,,
2025-09-16,2025-09,United States,Home,Mobile,U00894,S0003271,checkout_started,,,
2025-09-16,2025-09,United States,Home,Mobile,U00894,S0003271,viewed,,,
2025-09-16,2025-09,United States,Apparel,Mobile,U01330,S0003289,add_to_cart,,,
2025-09-16,2025-09,United States,Apparel,Mobile,U01330,S0003289,checkout_started,,,
2025-09-16,2025-09,United States,Apparel,Mobile,U01330,S0003289,purchased,1.0,69.24295000361774,69.24
2025-09-16,2025-09,United States,Apparel,Mobile,U01330,S0003289,viewed,,,
2025-09-16,2025-09,Australia,Home,Desktop,U01306,S0003517,add_to_cart,,,
2025-09-16,2025-09,Australia,Home,Desktop,U01306,S0003517,viewed,,,
2025-09-16,2025-09,United States,Electronics,Mobile,U02308,S0003524,viewed,,,
2025-09-16,2025-09,United States,Sports,Mobile,U01527,S0003559,add_to_cart,,,
2025-09-16,2025-09,United States,Sports,Mobile,U01527,S0003559,viewed,,,
2025-09-16,2025-09,United States,Electronics,Desktop,U00020,S0003562,viewed,,,
2025-09-16,2025-09,Germany,Home,Mobile,U01898,S0003690,viewed,,,
2025-09-16,2025-09,United States,Apparel,Mobile,U00225,S0004143,viewed,,,
2025-09-16,2025-09,United States,Beauty,Desktop,U00323,S0004283,viewed,,,
2025-09-16,2025-09,United Kingdom,Sports,Mobile,U00883,S0004367,add_to_cart,,,
2025-09-16,2025-09,United Kingdom,Sports,Mobile,U00883,S0004367,checkout_started,,,
2025-09-16,2025-09,United Kingdom,Sports,Mobile,U00883,S0004367,viewed,,,
2025-09-16,2025-09,United States,Home,Tablet,U00905,S0004372,add_to_cart,,,
2025-09-16,2025-09,United States,Home,Tablet,U00905,S0004372,checkout_started,,,
2025-09-16,2025-09,United States,Home,Tablet,U00905,S0004372,purchased,3.0,73.61457433884598,220.84
2025-09-16,2025-09,United States,Home,Tablet,U00905,S0004372,viewed,,,
2025-09-16,2025-09,United States,Sports,Desktop,U02012,S0004379,add_to_cart,,,
2025-09-16,2025-09,United States,Sports,Desktop,U02012,S0004379,viewed,,,
2025-09-16,2025-09,United States,Apparel,Mobile,U02120,S0004583,viewed,,,
2025-09-16,2025-09,United States,Beauty,Desktop,U02285,S0004682,viewed,,,
2025-09-17,2025-09,Germany,Home,Desktop,U01775,S0000023,add_to_cart,,,
2025-09-17,2025-09,Germany,Home,Desktop,U01775,S0000023,viewed,,,
2025-09-17,2025-09,United States,Home,Desktop,U00705,S0000230,add_to_cart,,,
2025-09-17,2025-09,United States,Home,Desktop,U00705,S0000230,checkout_started,,,
2025-09-17,2025-09,United States,Home,Desktop,U00705,S0000230,purchased,1.0,94.46458390163612,94.46
2025-09-17,2025-09,United States,Home,Desktop,U00705,S0000230,viewed,,,
2025-09-17,2025-09,United States,Beauty,Desktop,U00388,S0000251,viewed,,,
2025-09-17,2025-09,United States,Home,Mobile,U01740,S0000259,add_to_cart,,,
2025-09-17,2025-09,United States,Home,Mobile,U01740,S0000259,viewed,,,
2025-09-17,2025-09,United Kingdom,Home,Mobile,U00804,S0000349,add_to_cart,,,
2025-09-17,2025-09,United Kingdom,Home,Mobile,U00804,S0000349,checkout_started,,,
2025-09-17,2025-09,United Kingdom,Home,Mobile,U00804,S0000349,purchased,1.0,115.20153301823555,115.2
2025-09-17,2025-09,United Kingdom,Home,Mobile,U00804,S0000349,viewed,,,
2025-09-17,2025-09,United States,Sports,Mobile,U00432,S0000392,viewed,,,
2025-09-17,2025-09,United States,Apparel,Tablet,U00057,S0000411,add_to_cart,,,
2025-09-17,2025-09,United States,Apparel,Tablet,U00057,S0000411,checkout_started,,,
2025-09-17,2025-09,United States,Apparel,Tablet,U00057,S0000411,purchased,4.0,58.06815552028485,232.27
2025-09-17,2025-09,United States,Apparel,Tablet,U00057,S0000411,viewed,,,
2025-09-17,2025-09,United States,Apparel,Mobile,U01436,S0000469,viewed,,,
2025-09-17,2025-09,Canada,Beauty,Mobile,U02078,S0000544,viewed,,,
2025-09-17,2025-09,United States,Electronics,Desktop,U00269,S0000564,viewed,,,
2025-09-17,2025-09,United States,Apparel,Desktop,U01993,S0000635,add_to_cart,,,
2025-09-17,2025-09,United States,Apparel,Desktop,U01993,S0000635,viewed,,,
2025-09-17,2025-09,United States,Electronics,Tablet,U00337,S0000661,add_to_cart,,,
2025-09-17,2025-09,United States,Electronics,Tablet,U00337,S0000661,checkout_started,,,
2025-09-17,2025-09,United States,Electronics,Tablet,U00337,S0000661,purchased,2.0,149.95025855884555,299.9
2025-09-17,2025-09,United States,Electronics,Tablet,U00337,S0000661,viewed,,,
2025-09-17,2025-09,United States,Electronics,Mobile,U00325,S0000761,add_to_cart,,,
2025-09-17,2025-09,United States,Electronics,Mobile,U00325,S0000761,checkout_started,,,
2025-09-17,2025-09,United States,Electronics,Mobile,U00325,S0000761,purchased,1.0,102.84098070033734,102.84
2025-09-17,2025-09,United States,Electronics,Mobile,U00325,S0000761,viewed,,,
2025-09-17,2025-09,United States,Apparel,Desktop,U00875,S0000912,viewed,,,
2025-09-17,2025-09,Australia,Electronics,Mobile,U01686,S0001106,add_to_cart,,,
2025-09-17,2025-09,Australia,Electronics,Mobile,U01686,S0001106,viewed,,,
2025-09-17,2025-09,United States,Sports,Mobile,U00534,S0001174,viewed,,,
2025-09-17,2025-09,United States,Apparel,Mobile,U02113,S0001405,add_to_cart,,,
2025-09-17,2025-09,United States,Apparel,Mobile,U02113,S0001405,viewed,,,
2025-09-17,2025-09,Germany,Sports,Mobile,U02058,S0001639,viewed,,,
2025-09-17,2025-09,Canada,Beauty,Mobile,U00086,S0001702,viewed,,,
2025-09-17,2025-09,United States,Apparel,Desktop,U01980,S0001883,viewed,,,
2025-09-17,2025-09,Australia,Home,Mobile,U00106,S0001886,add_to_cart,,,
2025-09-17,2025-09,Australia,Home,Mobile,U00106,S0001886,viewed,,,
2025-09-17,2025-09,United States,Beauty,Mobile,U01900,S0001929,viewed,,,
2025-09-17,2025-09,United States,Apparel,Mobile,U01964,S0002032,viewed,,,
2025-09-17,2025-09,United States,Home,Desktop,U02311,S0002147,viewed,,,
2025-09-17,2025-09,United States,Beauty,Mobile,U02172,S0002248,add_to_cart,,,
2025-09-17,2025-09,United States,Beauty,Mobile,U02172,S0002248,checkout_started,,,
2025-09-17,2025-09,United States,Beauty,Mobile,U02172,S0002248,purchased,2.0,35.934255685168175,71.87
2025-09-17,2025-09,United States,Beauty,Mobile,U02172,S0002248,viewed,,,
2025-09-17,2025-09,United Kingdom,Beauty,Mobile,U00191,S0002275,add_to_cart,,,
2025-09-17,2025-09,United Kingdom,Beauty,Mobile,U00191,S0002275,viewed,,,
2025-09-17,2025-09,United Kingdom,Electronics,Mobile,U01266,S0002368,add_to_cart,,,
2025-09-17,2025-09,United Kingdom,Electronics,Mobile,U01266,S0002368,viewed,,,
2025-09-17,2025-09,Australia,Electronics,Mobile,U00480,S0002370,viewed,,,
2025-09-17,2025-09,United States,Beauty,Desktop,U01783,S0002381,add_to_cart,,,
2025-09-17,2025-09,United States,Beauty,Desktop,U01783,S0002381,checkout_started,,,
2025-09-17,2025-09,United States,Beauty,Desktop,U01783,S0002381,purchased,3.0,45.332342963566454,136.0
2025-09-17,2025-09,United States,Beauty,Desktop,U01783,S0002381,viewed,,,
2025-09-17,2025-09,United States,Apparel,Mobile,U01621,S0002385,viewed,,,
2025-09-17,2025-09,United States,Apparel,Desktop,U02069,S0002478,viewed,,,
2025-09-17,2025-09,Canada,Electronics,Mobile,U01204,S0002483,viewed,,,
2025-09-17,2025-09,United Kingdom,Electronics,Mobile,U01178,S0002613,viewed,,,
2025-09-17,2025-09,United States,Electronics,Mobile,U01806,S0002926,add_to_cart,,,
2025-09-17,2025-09,United States,Electronics,Mobile,U01806,S0002926,checkout_started,,,
2025-09-17,2025-09,United States,Electronics,Mobile,U01806,S0002926,purchased,1.0,171.4808389091703,171.48
2025-09-17,2025-09,United States,Electronics,Mobile,U01806,S0002926,viewed,,,
2025-09-17,2025-09,United States,Apparel,Mobile,U00873,S0002931,add_to_cart,,,
2025-09-17,2025-09,United States,Apparel,Mobile,U00873,S0002931,checkout_started,,,
2025-09-17,2025-09,United States,Apparel,Mobile,U00873,S0002931,purchased,2.0,71.6701256622716,143.34
2025-09-17,2025-09,United States,Apparel,Mobile,U00873,S0002931,viewed,,,
2025-09-17,2025-09,United Kingdom,Beauty,Mobile,U02461,S0003052,viewed,,,
2025-09-17,2025-09,Australia,Home,Mobile,U01748,S0003087,viewed,,,
2025-09-17,2025-09,United States,Electronics,Desktop,U02404,S0003088,viewed,,,
2025-09-17,2025-09,United States,Electronics,Mobile,U00872,S0003097,viewed,,,
2025-09-17,2025-09,United States,Beauty,Desktop,U00216,S0003099,viewed,,,
2025-09-17,2025-09,United States,Apparel,Mobile,U01617,S0003196,add_to_cart,,,
2025-09-17,2025-09,United States,Apparel,Mobile,U01617,S0003196,checkout_started,,,
2025-09-17,2025-09,United States,Apparel,Mobile,U01617,S0003196,purchased,4.0,73.86360282385428,295.45
2025-09-17,2025-09,United States,Apparel,Mobile,U01617,S0003196,viewed,,,
2025-09-17,2025-09,United Kingdom,Sports,Desktop,U01233,S0003668,viewed,,,
2025-09-17,2025-09,Canada,Home,Mobile,U02493,S0003761,viewed,,,
2025-09-17,2025-09,Canada,Apparel,Desktop,U00644,S0003787,viewed,,,
2025-09-17,2025-09,Germany,Sports,Tablet,U01142,S0003792,add_to_cart,,,
2025-09-17,2025-09,Germany,Sports,Tablet,U01142,S0003792,viewed,,,
2025-09-17,2025-09,United Kingdom,Beauty,Mobile,U00136,S0003824,add_to_cart,,,
2025-09-17,2025-09,United Kingdom,Beauty,Mobile,U00136,S0003824,viewed,,,
2025-09-17,2025-09,United States,Beauty,Mobile,U00901,S0003879,viewed,,,
2025-09-17,2025-09,Canada,Sports,Mobile,U02371,S0003888,add_to_cart,,,
2025-09-17,2025-09,Canada,Sports,Mobile,U02371,S0003888,checkout_started,,,
2025-09-17,2025-09,Canada,Sports,Mobile,U02371,S0003888,purchased,2.0,96.53856006113965,193.08
2025-09-17,2025-09,Canada,Sports,Mobile,U02371,S0003888,viewed,,,
2025-09-17,2025-09,Germany,Beauty,Desktop,U00939,S0003935,add_to_cart,,,
2025-09-17,2025-09,Germany,Beauty,Desktop,U00939,S0003935,viewed,,,
2025-09-17,2025-09,United States,Home,Desktop,U01289,S0003950,viewed,,,
2025-09-17,2025-09,United States,Beauty,Mobile,U02551,S0004168,viewed,,,
2025-09-17,2025-09,Germany,Sports,Desktop,U01755,S0004226,viewed,,,
2025-09-17,2025-09,Canada,Beauty,Mobile,U00995,S0004391,add_to_cart,,,
2025-09-17,2025-09,Canada,Beauty,Mobile,U00995,S0004391,checkout_started,,,
2025-09-17,2025-09,Canada,Beauty,Mobile,U00995,S0004391,purchased,3.0,36.182737843387876,108.55
2025-09-17,2025-09,Canada,Beauty,Mobile,U00995,S0004391,viewed,,,
2025-09-17,2025-09,United States,Apparel,Tablet,U02445,S0004628,viewed,,,
2025-09-17,2025-09,United States,Beauty,Mobile,U00615,S0004634,viewed,,,
2025-09-17,2025-09,United Kingdom,Home,Mobile,U02158,S0004773,add_to_cart,,,
2025-09-17,2025-09,United Kingdom,Home,Mobile,U02158,S0004773,checkout_started,,,
2025-09-17,2025-09,United Kingdom,Home,Mobile,U02158,S0004773,purchased,2.0,104.97722150554306,209.95
2025-09-17,2025-09,United Kingdom,Home,Mobile,U02158,S0004773,viewed,,,
2025-09-17,2025-09,Germany,Home,Desktop,U00549,S0004929,add_to_cart,,,
2025-09-17,2025-09,Germany,Home,Desktop,U00549,S0004929,checkout_started,,,
2025-09-17,2025-09,Germany,Home,Desktop,U00549,S0004929,purchased,2.0,124.28231506983664,248.56
2025-09-17,2025-09,Germany,Home,Desktop,U00549,S0004929,viewed,,,
2025-09-18,2025-09,United States,Electronics,Desktop,U00393,S0000052,viewed,,,
2025-09-18,2025-09,United States,Sports,Desktop,U01522,S0000072,viewed,,,
2025-09-18,2025-09,United States,Sports,Desktop,U01857,S0000253,add_to_cart,,,
2025-09-18,2025-09,United States,Sports,Desktop,U01857,S0000253,viewed,,,
2025-09-18,2025-09,United States,Electronics,Mobile,U01953,S0000523,viewed,,,
2025-09-18,2025-09,Canada,Electronics,Mobile,U00779,S0000543,viewed,,,
2025-09-18,2025-09,United States,Beauty,Mobile,U00439,S0000888,add_to_cart,,,
2025-09-18,2025-09,United States,Beauty,Mobile,U00439,S0000888,checkout_started,,,
2025-09-18,2025-09,United States,Beauty,Mobile,U00439,S0000888,purchased,3.0,55.267155294490365,165.8
2025-09-18,2025-09,United States,Beauty,Mobile,U00439,S0000888,viewed,,,
2025-09-18,2025-09,United States,Electronics,Desktop,U01199,S0001113,add_to_cart,,,
2025-09-18,2025-09,United States,Electronics,Desktop,U01199,S0001113,viewed,,,
2025-09-18,2025-09,United States,Apparel,Mobile,U00515,S0001115,viewed,,,
2025-09-18,2025-09,United States,Beauty,Desktop,U01422,S0001178,viewed,,,
2025-09-18,2025-09,United States,Home,Mobile,U00371,S0001326,viewed,,,
2025-09-18,2025-09,United States,Beauty,Desktop,U00453,S0001345,viewed,,,
2025-09-18,2025-09,United States,Electronics,Mobile,U01944,S0001432,viewed,,,
2025-09-18,2025-09,United States,Sports,Desktop,U00413,S0001523,viewed,,,
2025-09-18,2025-09,United States,Beauty,Desktop,U00491,S0001534,add_to_cart,,,
2025-09-18,2025-09,United States,Beauty,Desktop,U00491,S0001534,checkout_started,,,
2025-09-18,2025-09,United States,Beauty,Desktop,U00491,S0001534,purchased,2.0,14.099715984280742,28.2
2025-09-18,2025-09,United States,Beauty,Desktop,U00491,S0001534,viewed,,,
2025-09-18,2025-09,United Kingdom,Home,Mobile,U00521,S0001651,viewed,,,
2025-09-18,2025-09,United States,Home,Mobile,U01256,S0001663,viewed,,,
2025-09-18,2025-09,United States,Home,Mobile,U01799,S0001798,viewed,,,
2025-09-18,2025-09,Canada,Apparel,Mobile,U00387,S0001891,add_to_cart,,,
2025-09-18,2025-09,Canada,Apparel,Mobile,U00387,S0001891,checkout_started,,,
2025-09-18,2025-09,Canada,Apparel,Mobile,U00387,S0001891,purchased,3.0,65.31919453315082,195.96
2025-09-18,2025-09,Canada,Apparel,Mobile,U00387,S0001891,viewed,,,
2025-09-18,2025-09,Australia,Electronics,Mobile,U01467,S0001960,viewed,,,
2025-09-18,2025-09,United Kingdom,Beauty,Tablet,U00775,S0002071,viewed,,,
2025-09-18,2025-09,United States,Beauty,Mobile,U00587,S0002220,add_to_cart,,,
2025-09-18,2025-09,United States,Beauty,Mobile,U00587,S0002220,checkout_started,,,
2025-09-18,2025-09,United States,Beauty,Mobile,U00587,S0002220,purchased,4.0,32.62993896458793,130.52
2025-09-18,2025-09,United States,Beauty,Mobile,U00587,S0002220,viewed,,,
2025-09-18,2025-09,United States,Apparel,Mobile,U01101,S0002392,viewed,,,
2025-09-18,2025-09,United States,Beauty,Mobile,U01491,S0002466,viewed,,,
2025-09-18,2025-09,United States,Apparel,Mobile,U01831,S0002554,viewed,,,
2025-09-18,2025-09,United States,Apparel,Mobile,U01782,S0002674,viewed,,,
2025-09-18,2025-09,United States,Sports,Desktop,U01612,S0002738,add_to_cart,,,
2025-09-18,2025-09,United States,Sports,Desktop,U01612,S0002738,checkout_started,,,
2025-09-18,2025-09,United States,Sports,Desktop,U01612,S0002738,purchased,4.0,83.16474286473513,332.66
2025-09-18,2025-09,United States,Sports,Desktop,U01612,S0002738,viewed,,,
2025-09-18,2025-09,United States,Sports,Mobile,U00364,S0002741,viewed,,,
2025-09-18,2025-09,United States,Home,Desktop,U00973,S0002810,viewed,,,
2025-09-18,2025-09,Canada,Beauty,Mobile,U00819,S0002851,add_to_cart,,,
2025-09-18,2025-09,Canada,Beauty,Mobile,U00819,S0002851,checkout_started,,,
2025-09-18,2025-09,Canada,Beauty,Mobile,U00819,S0002851,purchased,2.0,45.835177423987815,91.67
2025-09-18,2025-09,Canada,Beauty,Mobile,U00819,S0002851,viewed,,,
2025-09-18,2025-09,Canada,Apparel,Desktop,U01695,S0002861,viewed,,,
2025-09-18,2025-09,Canada,Home,Mobile,U00463,S0002890,add_to_cart,,,
2025-09-18,2025-09,Canada,Home,Mobile,U00463,S0002890,checkout_started,,,
2025-09-18,2025-09,Canada,Home,Mobile,U00463,S0002890,viewed,,,
2025-09-18,2025-09,United States,Electronics,Desktop,U02423,S0002929,add_to_cart,,,
2025-09-18,2025-09,United States,Electronics,Desktop,U02423,S0002929,checkout_started,,,
2025-09-18,2025-09,United States,Electronics,Desktop,U02423,S0002929,purchased,1.0,193.68562426997426,193.69
2025-09-18,2025-09,United States,Electronics,Desktop,U02423,S0002929,viewed,,,
2025-09-18,2025-09,United States,Beauty,Mobile,U00377,S0002944,viewed,,,
2025-09-18,2025-09,United States,Home,Desktop,U01738,S0002993,viewed,,,
2025-09-18,2025-09,Australia,Sports,Desktop,U01082,S0003045,viewed,,,
2025-09-18,2025-09,United Kingdom,Sports,Mobile,U00263,S0003182,add_to_cart,,,
2025-09-18,2025-09,United Kingdom,Sports,Mobile,U00263,S0003182,checkout_started,,,
2025-09-18,2025-09,United Kingdom,Sports,Mobile,U00263,S0003182,purchased,4.0,72.59128378599215,290.37
2025-09-18,2025-09,United Kingdom,Sports,Mobile,U00263,S0003182,viewed,,,
2025-09-18,2025-09,Australia,Home,Mobile,U01537,S0003194,viewed,,,
2025-09-18,2025-09,United States,Electronics,Mobile,U01246,S0003256,viewed,,,
2025-09-18,2025-09,United States,Beauty,Mobile,U02076,S0003258,viewed,,,
2025-09-18,2025-09,United States,Sports,Desktop,U01234,S0003290,add_to_cart,,,
2025-09-18,2025-09,United States,Sports,Desktop,U01234,S0003290,viewed,,,
2025-09-18,2025-09,United Kingdom,Electronics,Tablet,U00257,S0003295,add_to_cart,,,
2025-09-18,2025-09,United Kingdom,Electronics,Tablet,U00257,S0003295,checkout_started,,,
2025-09-18,2025-09,United Kingdom,Electronics,Tablet,U00257,S0003295,purchased,4.0,146.61024358259604,586.44
2025-09-18,2025-09,United Kingdom,Electronics,Tablet,U00257,S0003295,viewed,,,
2025-09-18,2025-09,Germany,Home,Mobile,U01766,S0003359,viewed,,,
2025-09-18,2025-09,United Kingdom,Electronics,Desktop,U00306,S0003394,add_to_cart,,,
2025-09-18,2025-09,United Kingdom,Electronics,Desktop,U00306,S0003394,checkout_started,,,
2025-09-18,2025-09,United Kingdom,Electronics,Desktop,U00306,S0003394,purchased,2.0,190.74818539067624,381.5
2025-09-18,2025-09,United Kingdom,Electronics,Desktop,U00306,S0003394,viewed,,,
2025-09-18,2025-09,United Kingdom,Apparel,Desktop,U02414,S0003529,viewed,,,
2025-09-18,2025-09,United States,Electronics,Desktop,U02579,S0003693,viewed,,,
2025-09-18,2025-09,United States,Home,Mobile,U00401,S0003776,add_to_cart,,,
2025-09-18,2025-09,United States,Home,Mobile,U00401,S0003776,checkout_started,,,
2025-09-18,2025-09,United States,Home,Mobile,U00401,S0003776,purchased,1.0,69.30210748078031,69.3
2025-09-18,2025-09,United States,Home,Mobile,U00401,S0003776,viewed,,,
2025-09-18,2025-09,Canada,Sports,Tablet,U01769,S0003913,viewed,,,
2025-09-18,2025-09,United Kingdom,Sports,Mobile,U00021,S0004009,add_to_cart,,,
2025-09-18,2025-09,United Kingdom,Sports,Mobile,U00021,S0004009,checkout_started,,,
2025-09-18,2025-09,United Kingdom,Sports,Mobile,U00021,S0004009,purchased,3.0,76.61878597604203,229.86
2025-09-18,2025-09,United Kingdom,Sports,Mobile,U00021,S0004009,viewed,,,
2025-09-18,2025-09,United Kingdom,Home,Mobile,U00323,S0004019,add_to_cart,,,
2025-09-18,2025-09,United Kingdom,Home,Mobile,U00323,S0004019,checkout_started,,,
2025-09-18,2025-09,United Kingdom,Home,Mobile,U00323,S0004019,purchased,2.0,63.76509599875838,127.53
2025-09-18,2025-09,United Kingdom,Home,Mobile,U00323,S0004019,viewed,,,
2025-09-18,2025-09,United States,Sports,Desktop,U01238,S0004103,viewed,,,
2025-09-18,2025-09,Australia,Beauty,Desktop,U00206,S0004156,add_to_cart,,,
2025-09-18,2025-09,Australia,Beauty,Desktop,U00206,S0004156,checkout_started,,,
2025-09-18,2025-09,Australia,Beauty,Desktop,U00206,S0004156,viewed,,,
2025-09-18,2025-09,United States,Home,Mobile,U02339,S0004248,viewed,,,
2025-09-18,2025-09,Canada,Electronics,Desktop,U00272,S0004331,add_to_cart,,,
2025-09-18,2025-09,Canada,Electronics,Desktop,U00272,S0004331,checkout_started,,,
2025-09-18,2025-09,Canada,Electronics,Desktop,U00272,S0004331,viewed,,,
2025-09-18,2025-09,United States,Apparel,Mobile,U00971,S0004408,add_to_cart,,,
2025-09-18,2025-09,United States,Apparel,Mobile,U00971,S0004408,checkout_started,,,
2025-09-18,2025-09,United States,Apparel,Mobile,U00971,S0004408,purchased,2.0,30.285916166748322,60.57
2025-09-18,2025-09,United States,Apparel,Mobile,U00971,S0004408,viewed,,,
2025-09-18,2025-09,Canada,Beauty,Mobile,U01592,S0004448,viewed,,,
2025-09-18,2025-09,United States,Beauty,Mobile,U00586,S0004491,viewed,,,
2025-09-18,2025-09,Canada,Beauty,Mobile,U02593,S0004564,viewed,,,
2025-09-18,2025-09,United Kingdom,Beauty,Mobile,U01181,S0004581,viewed,,,
2025-09-18,2025-09,Canada,Apparel,Mobile,U01317,S0004796,viewed,,,
2025-09-18,2025-09,United States,Apparel,Mobile,U01679,S0004871,add_to_cart,,,
2025-09-18,2025-09,United States,Apparel,Mobile,U01679,S0004871,checkout_started,,,
2025-09-18,2025-09,United States,Apparel,Mobile,U01679,S0004871,viewed,,,
2025-09-18,2025-09,United States,Home,Mobile,U02281,S0004875,viewed,,,
2025-09-18,2025-09,Canada,Home,Mobile,U01608,S0004905,add_to_cart,,,
2025-09-18,2025-09,Canada,Home,Mobile,U01608,S0004905,checkout_started,,,
2025-09-18,2025-09,Canada,Home,Mobile,U01608,S0004905,purchased,1.0,100.20251310143624,100.2
2025-09-18,2025-09,Canada,Home,Mobile,U01608,S0004905,viewed,,,
2025-09-18,2025-09,United States,Home,Tablet,U00542,S0004956,viewed,,,
2025-09-18,2025-09,Australia,Sports,Desktop,U00891,S0004983,viewed,,,
2025-09-18,2025-09,Canada,Sports,Desktop,U00695,S0004985,viewed,,,
2025-09-19,2025-09,United Kingdom,Electronics,Mobile,U01862,S0000009,viewed,,,
2025-09-19,2025-09,United States,Beauty,Mobile,U01413,S0000102,viewed,,,
2025-09-19,2025-09,United States,Beauty,Mobile,U02130,S0000224,viewed,,,
2025-09-19,2025-09,Germany,Home,Desktop,U01012,S0000339,viewed,,,
2025-09-19,2025-09,United States,Home,Mobile,U01023,S0000398,viewed,,,
2025-09-19,2025-09,Canada,Apparel,Mobile,U00649,S0000426,viewed,,,
2025-09-19,2025-09,Canada,Beauty,Desktop,U00148,S0000653,viewed,,,
2025-09-19,2025-09,United States,Beauty,Desktop,U01173,S0000664,add_to_cart,,,
2025-09-19,2025-09,United States,Beauty,Desktop,U01173,S0000664,viewed,,,
2025-09-19,2025-09,United States,Beauty,Desktop,U00090,S0000838,viewed,,,
2025-09-19,2025-09,United States,Electronics,Tablet,U01227,S0000872,add_to_cart,,,
2025-09-19,2025-09,United States,Electronics,Tablet,U01227,S0000872,checkout_started,,,
2025-09-19,2025-09,United States,Electronics,Tablet,U01227,S0000872,purchased,3.0,98.44067400591913,295.32
2025-09-19,2025-09,United States,Electronics,Tablet,U01227,S0000872,viewed,,,
2025-09-19,2025-09,Australia,Apparel,Mobile,U02144,S0000993,add_to_cart,,,
2025-09-19,2025-09,Australia,Apparel,Mobile,U02144,S0000993,checkout_started,,,
2025-09-19,2025-09,Australia,Apparel,Mobile,U02144,S0000993,purchased,2.0,53.78902441405168,107.58
2025-09-19,2025-09,Australia,Apparel,Mobile,U02144,S0000993,viewed,,,
2025-09-19,2025-09,United States,Home,Desktop,U01750,S0001085,viewed,,,
2025-09-19,2025-09,United States,Home,Mobile,U00669,S0001364,viewed,,,
2025-09-19,2025-09,United States,Apparel,Desktop,U00302,S0001704,viewed,,,
2025-09-19,2025-09,United States,Beauty,Desktop,U01147,S0001740,viewed,,,
2025-09-19,2025-09,United States,Electronics,Mobile,U00527,S0001770,viewed,,,
2025-09-19,2025-09,United States,Apparel,Mobile,U01689,S0001787,add_to_cart,,,
2025-09-19,2025-09,United States,Apparel,Mobile,U01689,S0001787,checkout_started,,,
2025-09-19,2025-09,United States,Apparel,Mobile,U01689,S0001787,purchased,2.0,55.39861643422033,110.8
2025-09-19,2025-09,United States,Apparel,Mobile,U01689,S0001787,viewed,,,
2025-09-19,2025-09,Canada,Beauty,Desktop,U00287,S0001796,add_to_cart,,,
2025-09-19,2025-09,Canada,Beauty,Desktop,U00287,S0001796,viewed,,,
2025-09-19,2025-09,United Kingdom,Home,Mobile,U01248,S0002094,viewed,,,
2025-09-19,2025-09,Germany,Home,Desktop,U02407,S0002116,add_to_cart,,,
2025-09-19,2025-09,Germany,Home,Desktop,U02407,S0002116,checkout_started,,,
2025-09-19,2025-09,Germany,Home,Desktop,U02407,S0002116,viewed,,,
2025-09-19,2025-09,United States,Sports,Mobile,U02403,S0002349,viewed,,,
2025-09-19,2025-09,United Kingdom,Sports,Mobile,U02278,S0002496,viewed,,,
2025-09-19,2025-09,Canada,Electronics,Desktop,U00969,S0002511,add_to_cart,,,
2025-09-19,2025-09,Canada,Electronics,Desktop,U00969,S0002511,viewed,,,
2025-09-19,2025-09,United States,Home,Mobile,U01085,S0002643,viewed,,,
2025-09-19,2025-09,United Kingdom,Beauty,Mobile,U00425,S0002745,viewed,,,
2025-09-19,2025-09,Canada,Home,Mobile,U01216,S0002765,viewed,,,
2025-09-19,2025-09,United States,Beauty,Desktop,U01503,S0002773,add_to_cart,,,
2025-09-19,2025-09,United States,Beauty,Desktop,U01503,S0002773,checkout_started,,,
2025-09-19,2025-09,United States,Beauty,Desktop,U01503,S0002773,purchased,3.0,54.22872525969876,162.69
2025-09-19,2025-09,United States,Beauty,Desktop,U01503,S0002773,viewed,,,
2025-09-19,2025-09,United Kingdom,Electronics,Mobile,U00252,S0002813,viewed,,,
2025-09-19,2025-09,Canada,Electronics,Desktop,U01193,S0002815,viewed,,,
2025-09-19,2025-09,United Kingdom,Electronics,Desktop,U01292,S0002870,viewed,,,
2025-09-19,2025-09,United States,Home,Mobile,U00768,S0002900,viewed,,,
2025-09-19,2025-09,United States,Electronics,Desktop,U00448,S0003024,viewed,,,
2025-09-19,2025-09,Germany,Sports,Mobile,U01875,S0003040,viewed,,,
2025-09-19,2025-09,Australia,Beauty,Mobile,U00109,S0003079,viewed,,,
2025-09-19,2025-09,Canada,Home,Mobile,U01137,S0003153,viewed,,,
2025-09-19,2025-09,Australia,Sports,Desktop,U00996,S0003288,add_to_cart,,,
2025-09-19,2025-09,Australia,Sports,Desktop,U00996,S0003288,checkout_started,,,
2025-09-19,2025-09,Australia,Sports,Desktop,U00996,S0003288,viewed,,,
2025-09-19,2025-09,Canada,Electronics,Mobile,U00390,S0003504,viewed,,,
2025-09-19,2025-09,United States,Beauty,Mobile,U01531,S0003736,viewed,,,
2025-09-19,2025-09,Canada,Electronics,Desktop,U02015,S0003832,add_to_cart,,,
2025-09-19,2025-09,Canada,Electronics,Desktop,U02015,S0003832,viewed,,,
2025-09-19,2025-09,Canada,Beauty,Mobile,U00754,S0003837,viewed,,,
2025-09-19,2025-09,United States,Apparel,Mobile,U00992,S0003894,viewed,,,
2025-09-19,2025-09,United States,Home,Mobile,U00857,S0003909,viewed,,,
2025-09-19,2025-09,United States,Beauty,Mobile,U02258,S0003965,viewed,,,
2025-09-19,2025-09,United States,Electronics,Mobile,U02584,S0004059,viewed,,,
2025-09-19,2025-09,United States,Beauty,Mobile,U01535,S0004159,viewed,,,
2025-09-19,2025-09,Canada,Beauty,Mobile,U02055,S0004164,add_to_cart,,,
2025-09-19,2025-09,Canada,Beauty,Mobile,U02055,S0004164,checkout_started,,,
2025-09-19,2025-09,Canada,Beauty,Mobile,U02055,S0004164,purchased,4.0,29.108355257965933,116.43
2025-09-19,2025-09,Canada,Beauty,Mobile,U02055,S0004164,viewed,,,
2025-09-19,2025-09,United States,Apparel,Desktop,U00710,S0004262,viewed,,,
2025-09-19,2025-09,Australia,Beauty,Desktop,U00095,S0004492,add_to_cart,,,
2025-09-19,2025-09,Australia,Beauty,Desktop,U00095,S0004492,checkout_started,,,
2025-09-19,2025-09,Australia,Beauty,Desktop,U00095,S0004492,purchased,3.0,23.045441169636668,69.14
2025-09-19,2025-09,Australia,Beauty,Desktop,U00095,S0004492,viewed,,,
2025-09-19,2025-09,Canada,Sports,Desktop,U02514,S0004570,viewed,,,
2025-09-19,2025-09,United Kingdom,Electronics,Desktop,U00356,S0004578,add_to_cart,,,
2025-09-19,2025-09,United Kingdom,Electronics,Desktop,U00356,S0004578,viewed,,,
2025-09-19,2025-09,Germany,Electronics,Desktop,U01076,S0004656,viewed,,,
2025-09-19,2025-09,United States,Beauty,Mobile,U00522,S0004791,viewed,,,
2025-09-19,2025-09,United States,Sports,Mobile,U02573,S0004811,viewed,,,
2025-09-19,2025-09,Australia,Beauty,Tablet,U02365,S0004827,add_to_cart,,,
2025-09-19,2025-09,Australia,Beauty,Tablet,U02365,S0004827,checkout_started,,,
2025-09-19,2025-09,Australia,Beauty,Tablet,U02365,S0004827,purchased,1.0,30.43585686918575,30.44
2025-09-19,2025-09,Australia,Beauty,Tablet,U02365,S0004827,viewed,,,
2025-09-19,2025-09,Canada,Apparel,Mobile,U00419,S0004844,viewed,,,
2025-09-19,2025-09,Germany,Beauty,Mobile,U01547,S0004886,add_to_cart,,,
2025-09-19,2025-09,Germany,Beauty,Mobile,U01547,S0004886,viewed,,,
2025-09-20,2025-09,Canada,Beauty,Tablet,U00042,S0000142,add_to_cart,,,
2025-09-20,2025-09,Canada,Beauty,Tablet,U00042,S0000142,checkout_started,,,
2025-09-20,2025-09,Canada,Beauty,Tablet,U00042,S0000142,viewed,,,
2025-09-20,2025-09,United States,Home,Desktop,U01693,S0000735,add_to_cart,,,
2025-09-20,2025-09,United States,Home,Desktop,U01693,S0000735,checkout_started,,,
2025-09-20,2025-09,United States,Home,Desktop,U01693,S0000735,purchased,4.0,88.84948289315099,355.4
2025-09-20,2025-09,United States,Home,Desktop,U01693,S0000735,viewed,,,
2025-09-20,2025-09,United States,Electronics,Mobile,U01836,S0001072,add_to_cart,,,
2025-09-20,2025-09,United States,Electronics,Mobile,U01836,S0001072,checkout_started,,,
2025-09-20,2025-09,United States,Electronics,Mobile,U01836,S0001072,purchased,1.0,162.28553627470558,162.29
2025-09-20,2025-09,United States,Electronics,Mobile,U01836,S0001072,viewed,,,
2025-09-20,2025-09,Canada,Sports,Mobile,U01505,S0001395,viewed,,,
2025-09-20,2025-09,Canada,Electronics,Tablet,U02480,S0001474,add_to_cart,,,
2025-09-20,2025-09,Canada,Electronics,Tablet,U02480,S0001474,checkout_started,,,
2025-09-20,2025-09,Canada,Electronics,Tablet,U02480,S0001474,viewed,,,
2025-09-20,2025-09,Canada,Beauty,Desktop,U00917,S0001582,viewed,,,
2025-09-20,2025-09,United States,Apparel,Mobile,U01288,S0001710,viewed,,,
2025-09-20,2025-09,United States,Home,Mobile,U02256,S0001745,viewed,,,
2025-09-20,2025-09,Canada,Apparel,Desktop,U01461,S0001872,viewed,,,
2025-09-20,2025-09,United States,Beauty,Mobile,U02513,S0001940,viewed,,,
2025-09-20,2025-09,United States,Electronics,Mobile,U01586,S0001988,add_to_cart,,,
2025-09-20,2025-09,United States,Electronics,Mobile,U01586,S0001988,viewed,,,
2025-09-20,2025-09,United States,Sports,Desktop,U00960,S0001989,viewed,,,
2025-09-20,2025-09,United States,Sports,Tablet,U00684,S0002277,add_to_cart,,,
2025-09-20,2025-09,United States,Sports,Tablet,U00684,S0002277,checkout_started,,,
2025-09-20,2025-09,United States,Sports,Tablet,U00684,S0002277,purchased,1.0,112.57800941891732,112.58
2025-09-20,2025-09,United States,Sports,Tablet,U00684,S0002277,viewed,,,
2025-09-20,2025-09,Canada,Sports,Desktop,U00139,S0002360,viewed,,,
2025-09-20,2025-09,United States,Electronics,Desktop,U01339,S0002444,viewed,,,
2025-09-20,2025-09,Canada,Home,Mobile,U02434,S0002462,viewed,,,
2025-09-20,2025-09,Canada,Electronics,Mobile,U00435,S0002470,viewed,,,
2025-09-20,2025-09,United States,Electronics,Desktop,U00663,S0002474,add_to_cart,,,
2025-09-20,2025-09,United States,Electronics,Desktop,U00663,S0002474,checkout_started,,,
2025-09-20,2025-09,United States,Electronics,Desktop,U00663,S0002474,viewed,,,
2025-09-20,2025-09,United States,Sports,Desktop,U01240,S0002523,viewed,,,
2025-09-20,2025-09,United States,Apparel,Mobile,U01299,S0002553,viewed,,,
2025-09-20,2025-09,Australia,Sports,Mobile,U00041,S0002602,viewed,,,
2025-09-20,2025-09,United States,Electronics,Mobile,U02039,S0002665,add_to_cart,,,
2025-09-20,2025-09,United States,Electronics,Mobile,U02039,S0002665,checkout_started,,,
2025-09-20,2025-09,United States,Electronics,Mobile,U02039,S0002665,viewed,,,
2025-09-20,2025-09,United States,Sports,Mobile,U01466,S0002734,viewed,,,
2025-09-20,2025-09,United Kingdom,Apparel,Mobile,U02010,S0002839,add_to_cart,,,
2025-09-20,2025-09,United Kingdom,Apparel,Mobile,U02010,S0002839,checkout_started,,,
2025-09-20,2025-09,United Kingdom,Apparel,Mobile,U02010,S0002839,purchased,2.0,67.5633608720777,135.13
2025-09-20,2025-09,United Kingdom,Apparel,Mobile,U02010,S0002839,viewed,,,
2025-09-20,2025-09,United Kingdom,Home,Mobile,U00420,S0003018,viewed,,,
2025-09-20,2025-09,Canada,Electronics,Desktop,U01746,S0003179,viewed,,,
2025-09-20,2025-09,United States,Apparel,Mobile,U00697,S0003232,viewed,,,
2025-09-20,2025-09,United States,Electronics,Mobile,U01824,S0003241,viewed,,,
2025-09-20,2025-09,Australia,Home,Mobile,U02472,S0003242,viewed,,,
2025-09-20,2025-09,United Kingdom,Home,Mobile,U02043,S0003297,viewed,,,
2025-09-20,2025-09,Canada,Home,Mobile,U01031,S0003328,add_to_cart,,,
2025-09-20,2025-09,Canada,Home,Mobile,U01031,S0003328,viewed,,,
2025-09-20,2025-09,Germany,Home,Mobile,U00215,S0003433,viewed,,,
2025-09-20,2025-09,United States,Apparel,Mobile,U02257,S0003476,add_to_cart,,,
2025-09-20,2025-09,United States,Apparel,Mobile,U02257,S0003476,checkout_started,,,
2025-09-20,2025-09,United States,Apparel,Mobile,U02257,S0003476,purchased,1.0,41.081520021657376,41.08
2025-09-20,2025-09,United States,Apparel,Mobile,U02257,S0003476,viewed,,,
2025-09-20,2025-09,Germany,Electronics,Mobile,U00736,S0003526,viewed,,,
2025-09-20,2025-09,Canada,Apparel,Mobile,U00674,S0003583,viewed,,,
2025-09-20,2025-09,United States,Sports,Mobile,U00195,S0003586,viewed,,,
2025-09-20,2025-09,Germany,Beauty,Mobile,U02184,S0003670,add_to_cart,,,
2025-09-20,2025-09,Germany,Beauty,Mobile,U02184,S0003670,checkout_started,,,
2025-09-20,2025-09,Germany,Beauty,Mobile,U02184,S0003670,purchased,4.0,25.48952418362442,101.96
2025-09-20,2025-09,Germany,Beauty,Mobile,U02184,S0003670,viewed,,,
2025-09-20,2025-09,United Kingdom,Electronics,Mobile,U00047,S0003683,viewed,,,
2025-09-20,2025-09,Canada,Electronics,Mobile,U02522,S0003960,add_to_cart,,,
2025-09-20,2025-09,Canada,Electronics,Mobile,U02522,S0003960,checkout_started,,,
2025-09-20,2025-09,Canada,Electronics,Mobile,U02522,S0003960,purchased,2.0,115.48201239455159,230.96
2025-09-20,2025-09,Canada,Electronics,Mobile,U02522,S0003960,viewed,,,
2025-09-20,2025-09,United Kingdom,Apparel,Mobile,U02533,S0004027,viewed,,,
2025-09-20,2025-09,Canada,Beauty,Desktop,U00956,S0004119,add_to_cart,,,
2025-09-20,2025-09,Canada,Beauty,Desktop,U00956,S0004119,viewed,,,
2025-09-20,2025-09,Canada,Home,Desktop,U00527,S0004188,viewed,,,
2025-09-20,2025-09,United States,Apparel,Mobile,U00213,S0004556,viewed,,,
2025-09-20,2025-09,United States,Beauty,Mobile,U02421,S0004587,add_to_cart,,,
2025-09-20,2025-09,United States,Beauty,Mobile,U02421,S0004587,checkout_started,,,
2025-09-20,2025-09,United States,Beauty,Mobile,U02421,S0004587,purchased,3.0,37.65602988374043,112.97
2025-09-20,2025-09,United States,Beauty,Mobile,U02421,S0004587,viewed,,,
2025-09-20,2025-09,United States,Sports,Mobile,U01124,S0004605,add_to_cart,,,
2025-09-20,2025-09,United States,Sports,Mobile,U01124,S0004605,checkout_started,,,
2025-09-20,2025-09,United States,Sports,Mobile,U01124,S0004605,purchased,1.0,78.10043831754619,78.1
2025-09-20,2025-09,United States,Sports,Mobile,U01124,S0004605,viewed,,,
2025-09-20,2025-09,United Kingdom,Apparel,Desktop,U00466,S0004654,viewed,,,
2025-09-20,2025-09,Australia,Apparel,Desktop,U02302,S0004673,viewed,,,
2025-09-20,2025-09,Canada,Sports,Mobile,U01494,S0004755,add_to_cart,,,
2025-09-20,2025-09,Canada,Sports,Mobile,U01494,S0004755,checkout_started,,,
2025-09-20,2025-09,Canada,Sports,Mobile,U01494,S0004755,viewed,,,
2025-09-20,2025-09,United States,Sports,Desktop,U01225,S0004996,add_to_cart,,,
2025-09-20,2025-09,United States,Sports,Desktop,U01225,S0004996,viewed,,,
2025-09-21,2025-09,Germany,Beauty,Mobile,U02175,S0000032,viewed,,,
2025-09-21,2025-09,United States,Electronics,Desktop,U00033,S0000078,viewed,,,
2025-09-21,2025-09,United States,Electronics,Desktop,U01515,S0000363,viewed,,,
2025-09-21,2025-09,United Kingdom,Electronics,Desktop,U00574,S0000567,viewed,,,
2025-09-21,2025-09,United States,Home,Desktop,U00244,S0000903,add_to_cart,,,
2025-09-21,2025-09,United States,Home,Desktop,U00244,S0000903,viewed,,,
2025-09-21,2025-09,United States,Beauty,Tablet,U00724,S0000964,add_to_cart,,,
2025-09-21,2025-09,United States,Beauty,Tablet,U00724,S0000964,checkout_started,,,
2025-09-21,2025-09,United States,Beauty,Tablet,U00724,S0000964,purchased,4.0,35.97731311234987,143.91
2025-09-21,2025-09,United States,Beauty,Tablet,U00724,S0000964,viewed,,,
2025-09-21,2025-09,United States,Home,Desktop,U01427,S0000976,viewed,,,
2025-09-21,2025-09,Canada,Electronics,Desktop,U01623,S0001257,add_to_cart,,,
2025-09-21,2025-09,Canada,Electronics,Desktop,U01623,S0001257,viewed,,,
2025-09-21,2025-09,United States,Apparel,Desktop,U01919,S0001355,add_to_cart,,,
2025-09-21,2025-09,United States,Apparel,Desktop,U01919,S0001355,checkout_started,,,
2025-09-21,2025-09,United States,Apparel,Desktop,U01919,S0001355,viewed,,,
2025-09-21,2025-09,United States,Sports,Mobile,U02090,S0001512,viewed,,,
2025-09-21,2025-09,Australia,Apparel,Mobile,U00169,S0001839,viewed,,,
2025-09-21,2025-09,United States,Home,Mobile,U02260,S0002194,add_to_cart,,,
2025-09-21,2025-09,United States,Home,Mobile,U02260,S0002194,checkout_started,,,
2025-09-21,2025-09,United States,Home,Mobile,U02260,S0002194,purchased,2.0,96.84361207486047,193.69
2025-09-21,2025-09,United States,Home,Mobile,U02260,S0002194,viewed,,,
2025-09-21,2025-09,Canada,Apparel,Mobile,U01317,S0002241,viewed,,,
2025-09-21,2025-09,Australia,Electronics,Mobile,U01119,S0002299,add_to_cart,,,
2025-09-21,2025-09,Australia,Electronics,Mobile,U01119,S0002299,checkout_started,,,
2025-09-21,2025-09,Australia,Electronics,Mobile,U01119,S0002299,purchased,4.0,152.3238370552007,609.3
2025-09-21,2025-09,Australia,Electronics,Mobile,U01119,S0002299,viewed,,,
2025-09-21,2025-09,United States,Apparel,Mobile,U02311,S0002315,viewed,,,
2025-09-21,2025-09,United States,Electronics,Mobile,U00723,S0002358,add_to_cart,,,
2025-09-21,2025-09,United States,Electronics,Mobile,U00723,S0002358,viewed,,,
2025-09-21,2025-09,United Kingdom,Electronics,Mobile,U00779,S0002394,add_to_cart,,,
2025-09-21,2025-09,United Kingdom,Electronics,Mobile,U00779,S0002394,viewed,,,
2025-09-21,2025-09,Canada,Beauty,Mobile,U01317,S0002703,add_to_cart,,,
2025-09-21,2025-09,Canada,Beauty,Mobile,U01317,S0002703,checkout_started,,,
2025-09-21,2025-09,Canada,Beauty,Mobile,U01317,S0002703,purchased,4.0,26.04086628451215,104.16
2025-09-21,2025-09,Canada,Beauty,Mobile,U01317,S0002703,viewed,,,
2025-09-21,2025-09,Canada,Sports,Tablet,U02123,S0002747,viewed,,,
2025-09-21,2025-09,United States,Beauty,Desktop,U00891,S0002874,viewed,,,
2025-09-21,2025-09,Germany,Sports,Tablet,U02571,S0002914,viewed,,,
2025-09-21,2025-09,Germany,Electronics,Mobile,U00609,S0002968,viewed,,,
2025-09-21,2025-09,Australia,Home,Mobile,U01105,S0003029,viewed,,,
2025-09-21,2025-09,Canada,Beauty,Mobile,U01057,S0003152,viewed,,,
2025-09-21,2025-09,United States,Apparel,Mobile,U01241,S0003181,viewed,,,
2025-09-21,2025-09,Canada,Sports,Mobile,U00869,S0003197,add_to_cart,,,
2025-09-21,2025-09,Canada,Sports,Mobile,U00869,S0003197,checkout_started,,,
2025-09-21,2025-09,Canada,Sports,Mobile,U00869,S0003197,purchased,1.0,79.34512129888405,79.35
2025-09-21,2025-09,Canada,Sports,Mobile,U00869,S0003197,viewed,,,
2025-09-21,2025-09,United States,Beauty,Mobile,U02360,S0003314,viewed,,,
2025-09-21,2025-09,United Kingdom,Home,Mobile,U01051,S0003336,viewed,,,
2025-09-21,2025-09,Canada,Beauty,Tablet,U00600,S0003413,viewed,,,
2025-09-21,2025-09,United States,Beauty,Desktop,U00037,S0003444,add_to_cart,,,
2025-09-21,2025-09,United States,Beauty,Desktop,U00037,S0003444,viewed,,,
2025-09-21,2025-09,United States,Apparel,Mobile,U01451,S0003471,add_to_cart,,,
2025-09-21,2025-09,United States,Apparel,Mobile,U01451,S0003471,checkout_started,,,
2025-09-21,2025-09,United States,Apparel,Mobile,U01451,S0003471,purchased,4.0,54.16463305236174,216.66
2025-09-21,2025-09,United States,Apparel,Mobile,U01451,S0003471,viewed,,,
2025-09-21,2025-09,Canada,Apparel,Desktop,U01353,S0003622,add_to_cart,,,
2025-09-21,2025-09,Canada,Apparel,Desktop,U01353,S0003622,checkout_started,,,
2025-09-21,2025-09,Canada,Apparel,Desktop,U01353,S0003622,purchased,3.0,23.879231551425953,71.64
2025-09-21,2025-09,Canada,Apparel,Desktop,U01353,S0003622,viewed,,,
2025-09-21,2025-09,United Kingdom,Home,Mobile,U02475,S0003714,viewed,,,
2025-09-21,2025-09,United States,Apparel,Desktop,U00094,S0003741,viewed,,,
2025-09-21,2025-09,United States,Sports,Tablet,U00523,S0003782,add_to_cart,,,
2025-09-21,2025-09,United States,Sports,Tablet,U00523,S0003782,checkout_started,,,
2025-09-21,2025-09,United States,Sports,Tablet,U00523,S0003782,purchased,4.0,91.07831318366088,364.31
2025-09-21,2025-09,United States,Sports,Tablet,U00523,S0003782,viewed,,,
2025-09-21,2025-09,Australia,Home,Mobile,U01540,S0003850,add_to_cart,,,
2025-09-21,2025-09,Australia,Home,Mobile,U01540,S0003850,checkout_started,,,
2025-09-21,2025-09,Australia,Home,Mobile,U01540,S0003850,purchased,3.0,105.93993740022324,317.82
2025-09-21,2025-09,Australia,Home,Mobile,U01540,S0003850,viewed,,,
2025-09-21,2025-09,United States,Electronics,Mobile,U01940,S0003869,add_to_cart,,,
2025-09-21,2025-09,United States,Electronics,Mobile,U01940,S0003869,checkout_started,,,
2025-09-21,2025-09,United States,Electronics,Mobile,U01940,S0003869,viewed,,,
2025-09-21,2025-09,Australia,Electronics,Desktop,U00107,S0003882,add_to_cart,,,
2025-09-21,2025-09,Australia,Electronics,Desktop,U00107,S0003882,checkout_started,,,
2025-09-21,2025-09,Australia,Electronics,Desktop,U00107,S0003882,purchased,2.0,156.15748840052942,312.31
2025-09-21,2025-09,Australia,Electronics,Desktop,U00107,S0003882,viewed,,,
2025-09-21,2025-09,United States,Beauty,Mobile,U01702,S0003952,add_to_cart,,,
2025-09-21,2025-09,United States,Beauty,Mobile,U01702,S0003952,checkout_started,,,
2025-09-21,2025-09,United States,Beauty,Mobile,U01702,S0003952,purchased,2.0,25.862473835264566,51.72
2025-09-21,2025-09,United States,Beauty,Mobile,U01702,S0003952,viewed,,,
2025-09-21,2025-09,United States,Home,Tablet,U02384,S0004155,add_to_cart,,,
2025-09-21,2025-09,United States,Home,Tablet,U02384,S0004155,checkout_started,,,
2025-09-21,2025-09,United States,Home,Tablet,U02384,S0004155,viewed,,,
2025-09-21,2025-09,United States,Electronics,Mobile,U00950,S0004209,add_to_cart,,,
2025-09-21,2025-09,United States,Electronics,Mobile,U00950,S0004209,viewed,,,
2025-09-21,2025-09,Australia,Apparel,Mobile,U00951,S0004261,viewed,,,
2025-09-21,2025-09,United Kingdom,Sports,Desktop,U00064,S0004373,add_to_cart,,,
2025-09-21,2025-09,United Kingdom,Sports,Desktop,U00064,S0004373,checkout_started,,,
2025-09-21,2025-09,United Kingdom,Sports,Desktop,U00064,S0004373,purchased,2.0,53.71305172884486,107.43
2025-09-21,2025-09,United Kingdom,Sports,Desktop,U00064,S0004373,viewed,,,
2025-09-21,2025-09,United Kingdom,Home,Desktop,U01645,S0004803,viewed,,,
2025-09-21,2025-09,United States,Home,Tablet,U00613,S0004930,add_to_cart,,,
2025-09-21,2025-09,United States,Home,Tablet,U00613,S0004930,viewed,,,
2025-09-21,2025-09,United States,Beauty,Desktop,U02079,S0004967,add_to_cart,,,
2025-09-21,2025-09,United States,Beauty,Desktop,U02079,S0004967,checkout_started,,,
2025-09-21,2025-09,United States,Beauty,Desktop,U02079,S0004967,viewed,,,
2025-09-22,2025-09,United States,Electronics,Tablet,U02149,S0000148,viewed,,,
2025-09-22,2025-09,Germany,Home,Mobile,U02127,S0000189,viewed,,,
2025-09-22,2025-09,United States,Electronics,Mobile,U01025,S0000326,viewed,,,
2025-09-22,2025-09,Canada,Electronics,Mobile,U01470,S0000327,add_to_cart,,,
2025-09-22,2025-09,Canada,Electronics,Mobile,U01470,S0000327,checkout_started,,,
2025-09-22,2025-09,Canada,Electronics,Mobile,U01470,S0000327,viewed,,,
2025-09-22,2025-09,United Kingdom,Electronics,Desktop,U01218,S0000412,add_to_cart,,,
2025-09-22,2025-09,United Kingdom,Electronics,Desktop,U01218,S0000412,viewed,,,
2025-09-22,2025-09,Australia,Apparel,Desktop,U00455,S0000486,viewed,,,
2025-09-22,2025-09,Canada,Beauty,Mobile,U02293,S0000510,add_to_cart,,,
2025-09-22,2025-09,Canada,Beauty,Mobile,U02293,S0000510,checkout_started,,,
2025-09-22,2025-09,Canada,Beauty,Mobile,U02293,S0000510,purchased,1.0,27.722054854564057,27.72
2025-09-22,2025-09,Canada,Beauty,Mobile,U02293,S0000510,viewed,,,
2025-09-22,2025-09,United States,Home,Desktop,U01658,S0000566,add_to_cart,,,
2025-09-22,2025-09,United States,Home,Desktop,U01658,S0000566,checkout_started,,,
2025-09-22,2025-09,United States,Home,Desktop,U01658,S0000566,purchased,3.0,101.21936672895133,303.66
2025-09-22,2025-09,United States,Home,Desktop,U01658,S0000566,viewed,,,
2025-09-22,2025-09,Canada,Beauty,Mobile,U01803,S0000626,add_to_cart,,,
2025-09-22,2025-09,Canada,Beauty,Mobile,U01803,S0000626,checkout_started,,,
2025-09-22,2025-09,Canada,Beauty,Mobile,U01803,S0000626,purchased,1.0,29.274581304878218,29.27
2025-09-22,2025-09,Canada,Beauty,Mobile,U01803,S0000626,viewed,,,
2025-09-22,2025-09,United States,Sports,Desktop,U00663,S0000637,add_to_cart,,,
2025-09-22,2025-09,United States,Sports,Desktop,U00663,S0000637,checkout_started,,,
2025-09-22,2025-09,United States,Sports,Desktop,U00663,S0000637,purchased,3.0,62.213507701542156,186.64
2025-09-22,2025-09,United States,Sports,Desktop,U00663,S0000637,viewed,,,
2025-09-22,2025-09,United States,Electronics,Mobile,U00018,S0000719,viewed,,,
2025-09-22,2025-09,United States,Beauty,Mobile,U01778,S0000854,viewed,,,
2025-09-22,2025-09,United States,Apparel,Mobile,U01288,S0001112,viewed,,,
2025-09-22,2025-09,United States,Electronics,Tablet,U01403,S0001265,viewed,,,
2025-09-22,2025-09,Australia,Sports,Mobile,U00166,S0001288,viewed,,,
2025-09-22,2025-09,United Kingdom,Beauty,Mobile,U01055,S0001291,viewed,,,
2025-09-22,2025-09,Germany,Sports,Mobile,U00322,S0001308,add_to_cart,,,
2025-09-22,2025-09,Germany,Sports,Mobile,U00322,S0001308,viewed,,,
2025-09-22,2025-09,Germany,Home,Mobile,U01439,S0001386,add_to_cart,,,
2025-09-22,2025-09,Germany,Home,Mobile,U01439,S0001386,viewed,,,
2025-09-22,2025-09,United States,Beauty,Desktop,U01865,S0001479,viewed,,,
2025-09-22,2025-09,Canada,Apparel,Mobile,U01331,S0001503,viewed,,,
2025-09-22,2025-09,United States,Home,Tablet,U00451,S0001545,add_to_cart,,,
2025-09-22,2025-09,United States,Home,Tablet,U00451,S0001545,checkout_started,,,
2025-09-22,2025-09,United States,Home,Tablet,U00451,S0001545,purchased,3.0,99.3835472646794,298.15
2025-09-22,2025-09,United States,Home,Tablet,U00451,S0001545,viewed,,,
2025-09-22,2025-09,United States,Electronics,Mobile,U00221,S0001609,viewed,,,
2025-09-22,2025-09,United States,Apparel,Desktop,U02206,S0001656,add_to_cart,,,
2025-09-22,2025-09,United States,Apparel,Desktop,U02206,S0001656,checkout_started,,,
2025-09-22,2025-09,United States,Apparel,Desktop,U02206,S0001656,purchased,3.0,69.03890012211833,207.12
2025-09-22,2025-09,United States,Apparel,Desktop,U02206,S0001656,viewed,,,
2025-09-22,2025-09,Canada,Apparel,Desktop,U02276,S0001817,add_to_cart,,,
2025-09-22,2025-09,Canada,Apparel,Desktop,U02276,S0001817,checkout_started,,,
2025-09-22,2025-09,Canada,Apparel,Desktop,U02276,S0001817,purchased,1.0,55.27850792367731,55.28
2025-09-22,2025-09,Canada,Apparel,Desktop,U02276,S0001817,viewed,,,
2025-09-22,2025-09,United States,Beauty,Desktop,U01145,S0001877,viewed,,,
2025-09-22,2025-09,United States,Sports,Mobile,U00297,S0002175,add_to_cart,,,
2025-09-22,2025-09,United States,Sports,Mobile,U00297,S0002175,checkout_started,,,
2025-09-22,2025-09,United States,Sports,Mobile,U00297,S0002175,purchased,4.0,59.22125294421578,236.89
2025-09-22,2025-09,United States,Sports,Mobile,U00297,S0002175,viewed,,,
2025-09-22,2025-09,United States,Home,Desktop,U01144,S0002209,add_to_cart,,,
2025-09-22,2025-09,United States,Home,Desktop,U01144,S0002209,viewed,,,
2025-09-22,2025-09,Germany,Electronics,Tablet,U00724,S0002293,add_to_cart,,,
2025-09-22,2025-09,Germany,Electronics,Tablet,U00724,S0002293,checkout_started,,,
2025-09-22,2025-09,Germany,Electronics,Tablet,U00724,S0002293,purchased,1.0,190.2287750701594,190.23
2025-09-22,2025-09,Germany,Electronics,Tablet,U00724,S0002293,viewed,,,
2025-09-22,2025-09,United States,Beauty,Mobile,U00190,S0002882,viewed,,,
2025-09-22,2025-09,United States,Home,Mobile,U00412,S0002936,add_to_cart,,,
2025-09-22,2025-09,United States,Home,Mobile,U00412,S0002936,checkout_started,,,
2025-09-22,2025-09,United States,Home,Mobile,U00412,S0002936,viewed,,,
2025-09-22,2025-09,United States,Sports,Mobile,U01952,S0003089,viewed,,,
2025-09-22,2025-09,Canada,Electronics,Desktop,U02153,S0003110,add_to_cart,,,
2025-09-22,2025-09,Canada,Electronics,Desktop,U02153,S0003110,checkout_started,,,
2025-09-22,2025-09,Canada,Electronics,Desktop,U02153,S0003110,purchased,2.0,132.82984308141522,265.66
2025-09-22,2025-09,Canada,Electronics,Desktop,U02153,S0003110,viewed,,,
2025-09-22,2025-09,Australia,Sports,Mobile,U02359,S0003210,viewed,,,
2025-09-22,2025-09,United Kingdom,Beauty,Desktop,U02095,S0003255,add_to_cart,,,
2025-09-22,2025-09,United Kingdom,Beauty,Desktop,U02095,S0003255,viewed,,,
2025-09-22,2025-09,United States,Apparel,Desktop,U00156,S0003293,viewed,,,
2025-09-22,2025-09,Canada,Apparel,Mobile,U02097,S0003372,viewed,,,
2025-09-22,2025-09,United Kingdom,Beauty,Desktop,U00879,S0003435,viewed,,,
2025-09-22,2025-09,Canada,Electronics,Desktop,U02153,S0003484,add_to_cart,,,
2025-09-22,2025-09,Canada,Electronics,Desktop,U02153,S0003484,checkout_started,,,
2025-09-22,2025-09,Canada,Electronics,Desktop,U02153,S0003484,viewed,,,
2025-09-22,2025-09,Australia,Home,Mobile,U02131,S0003628,add_to_cart,,,
2025-09-22,2025-09,Australia,Home,Mobile,U02131,S0003628,viewed,,,
2025-09-22,2025-09,Canada,Home,Desktop,U00476,S0003702,add_to_cart,,,
2025-09-22,2025-09,Canada,Home,Desktop,U00476,S0003702,viewed,,,
2025-09-22,2025-09,Germany,Electronics,Desktop,U02353,S0003811,add_to_cart,,,
2025-09-22,2025-09,Germany,Electronics,Desktop,U02353,S0003811,checkout_started,,,
2025-09-22,2025-09,Germany,Electronics,Desktop,U02353,S0003811,purchased,2.0,135.40754540617897,270.82
2025-09-22,2025-09,Germany,Electronics,Desktop,U02353,S0003811,viewed,,,
2025-09-22,2025-09,United States,Apparel,Mobile,U00613,S0003911,viewed,,,
2025-09-22,2025-09,United States,Apparel,Mobile,U01033,S0004200,add_to_cart,,,
2025-09-22,2025-09,United States,Apparel,Mobile,U01033,S0004200,viewed,,,
2025-09-22,2025-09,United States,Electronics,Desktop,U02094,S0004706,add_to_cart,,,
2025-09-22,2025-09,United States,Electronics,Desktop,U02094,S0004706,checkout_started,,,
2025-09-22,2025-09,United States,Electronics,Desktop,U02094,S0004706,purchased,3.0,173.02509053805392,519.08
2025-09-22,2025-09,United States,Electronics,Desktop,U02094,S0004706,viewed,,,
2025-09-22,2025-09,United States,Electronics,Desktop,U01552,S0004764,viewed,,,
2025-09-22,2025-09,United Kingdom,Electronics,Mobile,U01947,S0004834,add_to_cart,,,
2025-09-22,2025-09,United Kingdom,Electronics,Mobile,U01947,S0004834,checkout_started,,,
2025-09-22,2025-09,United Kingdom,Electronics,Mobile,U01947,S0004834,purchased,2.0,131.517921043352,263.04
2025-09-22,2025-09,United Kingdom,Electronics,Mobile,U01947,S0004834,viewed,,,
2025-09-22,2025-09,Australia,Sports,Tablet,U00583,S0004964,viewed,,,
2025-09-23,2025-09,United Kingdom,Electronics,Desktop,U01600,S0000097,viewed,,,
2025-09-23,2025-09,United States,Home,Mobile,U02269,S0000119,viewed,,,
2025-09-23,2025-09,United States,Beauty,Mobile,U01064,S0000315,viewed,,,
2025-09-23,2025-09,United States,Beauty,Desktop,U00992,S0000384,viewed,,,
2025-09-23,2025-09,United States,Electronics,Desktop,U00210,S0000508,viewed,,,
2025-09-23,2025-09,United States,Beauty,Mobile,U00914,S0000568,viewed,,,
2025-09-23,2025-09,Canada,Apparel,Mobile,U01372,S0000593,viewed,,,
2025-09-23,2025-09,United States,Home,Tablet,U02073,S0000617,viewed,,,
2025-09-23,2025-09,United Kingdom,Beauty,Desktop,U00859,S0000831,add_to_cart,,,
2025-09-23,2025-09,United Kingdom,Beauty,Desktop,U00859,S0000831,viewed,,,
2025-09-23,2025-09,United States,Electronics,Mobile,U00403,S0000832,add_to_cart,,,
2025-09-23,2025-09,United States,Electronics,Mobile,U00403,S0000832,viewed,,,
2025-09-23,2025-09,Canada,Apparel,Desktop,U01235,S0000857,add_to_cart,,,
2025-09-23,2025-09,Canada,Apparel,Desktop,U01235,S0000857,checkout_started,,,
2025-09-23,2025-09,Canada,Apparel,Desktop,U01235,S0000857,purchased,4.0,29.69173216168091,118.77
2025-09-23,2025-09,Canada,Apparel,Desktop,U01235,S0000857,viewed,,,
2025-09-23,2025-09,Canada,Home,Desktop,U02370,S0000925,viewed,,,
2025-09-23,2025-09,Australia,Home,Mobile,U02254,S0000989,viewed,,,
2025-09-23,2025-09,United States,Apparel,Desktop,U01708,S0001013,viewed,,,
2025-09-23,2025-09,United States,Sports,Mobile,U00293,S0001047,viewed,,,
2025-09-23,2025-09,Australia,Beauty,Mobile,U00067,S0001107,viewed,,,
2025-09-23,2025-09,United States,Electronics,Mobile,U01149,S0001124,viewed,,,
2025-09-23,2025-09,Germany,Apparel,Mobile,U01777,S0001251,add_to_cart,,,
2025-09-23,2025-09,Germany,Apparel,Mobile,U01777,S0001251,checkout_started,,,
2025-09-23,2025-09,Germany,Apparel,Mobile,U01777,S0001251,purchased,4.0,88.01486586479481,352.06
2025-09-23,2025-09,Germany,Apparel,Mobile,U01777,S0001251,viewed,,,
2025-09-23,2025-09,United States,Apparel,Mobile,U01980,S0001402,viewed,,,
2025-09-23,2025-09,United States,Electronics,Mobile,U01760,S0001454,viewed,,,
2025-09-23,2025-09,United States,Home,Desktop,U00705,S0001506,add_to_cart,,,
2025-09-23,2025-09,United States,Home,Desktop,U00705,S0001506,viewed,,,
2025-09-23,2025-09,United States,Home,Mobile,U02105,S0001515,viewed,,,
2025-09-23,2025-09,United States,Electronics,Mobile,U02495,S0001542,add_to_cart,,,
2025-09-23,2025-09,United States,Electronics,Mobile,U02495,S0001542,viewed,,,
2025-09-23,2025-09,United States,Home,Mobile,U01234,S0001563,add_to_cart,,,
2025-09-23,2025-09,United States,Home,Mobile,U01234,S0001563,checkout_started,,,
2025-09-23,2025-09,United States,Home,Mobile,U01234,S0001563,purchased,3.0,138.1329488496998,414.4
2025-09-23,2025-09,United States,Home,Mobile,U01234,S0001563,viewed,,,
2025-09-23,2025-09,Canada,Apparel,Desktop,U00521,S0001709,add_to_cart,,,
2025-09-23,2025-09,Canada,Apparel,Desktop,U00521,S0001709,viewed,,,
2025-09-23,2025-09,United States,Electronics,Desktop,U02532,S0001786,viewed,,,
2025-09-23,2025-09,United States,Sports,Tablet,U02122,S0001811,viewed,,,
2025-09-23,2025-09,United States,Electronics,Mobile,U00876,S0001892,viewed,,,
2025-09-23,2025-09,United States,Home,Desktop,U01454,S0001904,viewed,,,
2025-09-23,2025-09,Germany,Beauty,Mobile,U00003,S0001906,viewed,,,
2025-09-23,2025-09,United States,Apparel,Tablet,U02215,S0002100,add_to_cart,,,
2025-09-23,2025-09,United States,Apparel,Tablet,U02215,S0002100,checkout_started,,,
2025-09-23,2025-09,United States,Apparel,Tablet,U02215,S0002100,purchased,3.0,14.966362312011043,44.9
2025-09-23,2025-09,United States,Apparel,Tablet,U02215,S0002100,viewed,,,
2025-09-23,2025-09,United States,Apparel,Desktop,U01991,S0002162,viewed,,,
2025-09-23,2025-09,United States,Beauty,Mobile,U02090,S0002182,viewed,,,
2025-09-23,2025-09,United States,Beauty,Desktop,U02187,S0002237,viewed,,,
2025-09-23,2025-09,Germany,Beauty,Tablet,U02016,S0002253,viewed,,,
2025-09-23,2025-09,United States,Electronics,Mobile,U02092,S0002487,add_to_cart,,,
2025-09-23,2025-09,United States,Electronics,Mobile,U02092,S0002487,viewed,,,
2025-09-23,2025-09,United States,Apparel,Desktop,U01645,S0002641,viewed,,,
2025-09-23,2025-09,United Kingdom,Electronics,Mobile,U01471,S0002667,viewed,,,
2025-09-23,2025-09,United States,Beauty,Mobile,U00184,S0002687,viewed,,,
2025-09-23,2025-09,Germany,Sports,Mobile,U01669,S0002751,viewed,,,
2025-09-23,2025-09,United States,Apparel,Desktop,U00546,S0002967,viewed,,,
2025-09-23,2025-09,Canada,Home,Desktop,U01014,S0003061,add_to_cart,,,
2025-09-23,2025-09,Canada,Home,Desktop,U01014,S0003061,checkout_started,,,
2025-09-23,2025-09,Canada,Home,Desktop,U01014,S0003061,purchased,3.0,65.92741507889185,197.78
2025-09-23,2025-09,Canada,Home,Desktop,U01014,S0003061,viewed,,,
2025-09-23,2025-09,United States,Apparel,Mobile,U01707,S0003073,viewed,,,
2025-09-23,2025-09,Canada,Apparel,Desktop,U01959,S0003084,add_to_cart,,,
2025-09-23,2025-09,Canada,Apparel,Desktop,U01959,S0003084,checkout_started,,,
2025-09-23,2025-09,Canada,Apparel,Desktop,U01959,S0003084,purchased,3.0,56.41649262078027,169.25
2025-09-23,2025-09,Canada,Apparel,Desktop,U01959,S0003084,viewed,,,
2025-09-23,2025-09,Australia,Beauty,Mobile,U00628,S0003094,viewed,,,
2025-09-23,2025-09,United States,Apparel,Mobile,U00205,S0003275,viewed,,,
2025-09-23,2025-09,United Kingdom,Sports,Desktop,U01844,S0003278,viewed,,,
2025-09-23,2025-09,United States,Home,Mobile,U01854,S0003333,viewed,,,
2025-09-23,2025-09,United States,Home,Mobile,U01436,S0003386,add_to_cart,,,
2025-09-23,2025-09,United States,Home,Mobile,U01436,S0003386,checkout_started,,,
2025-09-23,2025-09,United States,Home,Mobile,U01436,S0003386,purchased,2.0,91.98105070601147,183.96
2025-09-23,2025-09,United States,Home,Mobile,U01436,S0003386,viewed,,,
2025-09-23,2025-09,United States,Sports,Desktop,U00224,S0003431,viewed,,,
2025-09-23,2025-09,United States,Electronics,Mobile,U02036,S0003482,viewed,,,
2025-09-23,2025-09,Germany,Sports,Mobile,U02331,S0003570,add_to_cart,,,
2025-09-23,2025-09,Germany,Sports,Mobile,U02331,S0003570,viewed,,,
2025-09-23,2025-09,United States,Beauty,Mobile,U00454,S0003595,viewed,,,
2025-09-23,2025-09,United States,Electronics,Tablet,U02599,S0003703,viewed,,,
2025-09-23,2025-09,Canada,Apparel,Mobile,U01056,S0003745,viewed,,,
2025-09-23,2025-09,Germany,Home,Tablet,U02092,S0003863,viewed,,,
2025-09-23,2025-09,United Kingdom,Home,Mobile,U00771,S0003878,viewed,,,
2025-09-23,2025-09,United States,Beauty,Mobile,U00628,S0003968,viewed,,,
2025-09-23,2025-09,United States,Sports,Mobile,U02211,S0004048,add_to_cart,,,
2025-09-23,2025-09,United States,Sports,Mobile,U02211,S0004048,viewed,,,
2025-09-23,2025-09,United States,Home,Mobile,U00261,S0004079,viewed,,,
2025-09-23,2025-09,Australia,Electronics,Desktop,U01332,S0004240,add_to_cart,,,
2025-09-23,2025-09,Australia,Electronics,Desktop,U01332,S0004240,checkout_started,,,
2025-09-23,2025-09,Australia,Electronics,Desktop,U01332,S0004240,purchased,4.0,219.03408175735206,876.14
2025-09-23,2025-09,Australia,Electronics,Desktop,U01332,S0004240,viewed,,,
2025-09-23,2025-09,Australia,Apparel,Mobile,U02387,S0004499,viewed,,,
2025-09-23,2025-09,United States,Electronics,Tablet,U00823,S0004607,viewed,,,
2025-09-23,2025-09,United States,Home,Tablet,U01488,S0004812,add_to_cart,,,
2025-09-23,2025-09,United States,Home,Tablet,U01488,S0004812,checkout_started,,,
2025-09-23,2025-09,United States,Home,Tablet,U01488,S0004812,purchased,2.0,100.75719451492809,201.51
2025-09-23,2025-09,United States,Home,Tablet,U01488,S0004812,viewed,,,
2025-09-24,2025-09,United States,Beauty,Tablet,U01037,S0000346,viewed,,,
2025-09-24,2025-09,United States,Beauty,Desktop,U00785,S0000483,add_to_cart,,,
2025-09-24,2025-09,United States,Beauty,Desktop,U00785,S0000483,checkout_started,,,
2025-09-24,2025-09,United States,Beauty,Desktop,U00785,S0000483,purchased,4.0,42.67284455919328,170.69
2025-09-24,2025-09,United States,Beauty,Desktop,U00785,S0000483,viewed,,,
2025-09-24,2025-09,United States,Electronics,Desktop,U00167,S0000696,viewed,,,
2025-09-24,2025-09,Germany,Beauty,Mobile,U01771,S0000919,add_to_cart,,,
2025-09-24,2025-09,Germany,Beauty,Mobile,U01771,S0000919,viewed,,,
2025-09-24,2025-09,United States,Beauty,Mobile,U00880,S0000933,viewed,,,
2025-09-24,2025-09,United States,Sports,Mobile,U02078,S0001179,add_to_cart,,,
2025-09-24,2025-09,United States,Sports,Mobile,U02078,S0001179,checkout_started,,,
2025-09-24,2025-09,United States,Sports,Mobile,U02078,S0001179,viewed,,,
2025-09-24,2025-09,United Kingdom,Home,Mobile,U02098,S0001307,viewed,,,
2025-09-24,2025-09,United States,Beauty,Desktop,U00223,S0001413,viewed,,,
2025-09-24,2025-09,United States,Electronics,Desktop,U02523,S0001425,add_to_cart,,,
2025-09-24,2025-09,United States,Electronics,Desktop,U02523,S0001425,checkout_started,,,
2025-09-24,2025-09,United States,Electronics,Desktop,U02523,S0001425,purchased,4.0,134.87409238584033,539.5
2025-09-24,2025-09,United States,Electronics,Desktop,U02523,S0001425,viewed,,,
2025-09-24,2025-09,United States,Apparel,Mobile,U02525,S0001502,viewed,,,
2025-09-24,2025-09,United States,Apparel,Mobile,U01728,S0001562,viewed,,,
2025-09-24,2025-09,United States,Sports,Mobile,U00580,S0001660,viewed,,,
2025-09-24,2025-09,United States,Beauty,Desktop,U02169,S0001804,add_to_cart,,,
2025-09-24,2025-09,United States,Beauty,Desktop,U02169,S0001804,viewed,,,
2025-09-24,2025-09,United States,Electronics,Mobile,U01316,S0001818,viewed,,,
2025-09-24,2025-09,United States,Home,Mobile,U01374,S0001852,viewed,,,
2025-09-24,2025-09,United States,Home,Desktop,U01142,S0001942,viewed,,,
2025-09-24,2025-09,United States,Electronics,Desktop,U00600,S0002079,viewed,,,
2025-09-24,2025-09,Australia,Beauty,Tablet,U02351,S0002126,add_to_cart,,,
2025-09-24,2025-09,Australia,Beauty,Tablet,U02351,S0002126,checkout_started,,,
2025-09-24,2025-09,Australia,Beauty,Tablet,U02351,S0002126,viewed,,,
2025-09-24,2025-09,United States,Electronics,Tablet,U00226,S0002188,viewed,,,
2025-09-24,2025-09,Canada,Home,Mobile,U00770,S0002346,viewed,,,
2025-09-24,2025-09,Australia,Electronics,Desktop,U00101,S0002399,viewed,,,
2025-09-24,2025-09,Germany,Electronics,Desktop,U01142,S0002418,add_to_cart,,,
2025-09-24,2025-09,Germany,Electronics,Desktop,U01142,S0002418,checkout_started,,,
2025-09-24,2025-09,Germany,Electronics,Desktop,U01142,S0002418,viewed,,,
2025-09-24,2025-09,United States,Home,Desktop,U01862,S0002421,viewed,,,
2025-09-24,2025-09,United States,Sports,Mobile,U00464,S0002608,viewed,,,
2025-09-24,2025-09,United States,Apparel,Mobile,U01933,S0002895,viewed,,,
2025-09-24,2025-09,United Kingdom,Apparel,Desktop,U00836,S0003222,viewed,,,
2025-09-24,2025-09,United States,Electronics,Desktop,U01139,S0003306,viewed,,,
2025-09-24,2025-09,United States,Beauty,Mobile,U00600,S0003319,add_to_cart,,,
2025-09-24,2025-09,United States,Beauty,Mobile,U00600,S0003319,checkout_started,,,
2025-09-24,2025-09,United States,Beauty,Mobile,U00600,S0003319,purchased,3.0,58.30067047609615,174.9
2025-09-24,2025-09,United States,Beauty,Mobile,U00600,S0003319,viewed,,,
2025-09-24,2025-09,United Kingdom,Beauty,Mobile,U02578,S0003391,viewed,,,
2025-09-24,2025-09,United States,Beauty,Mobile,U02010,S0003468,viewed,,,
2025-09-24,2025-09,United States,Beauty,Desktop,U01600,S0003566,add_to_cart,,,
2025-09-24,2025-09,United States,Beauty,Desktop,U01600,S0003566,checkout_started,,,
2025-09-24,2025-09,United States,Beauty,Desktop,U01600,S0003566,viewed,,,
2025-09-24,2025-09,United States,Home,Mobile,U01264,S0003718,viewed,,,
2025-09-24,2025-09,United States,Home,Desktop,U01592,S0003793,viewed,,,
2025-09-24,2025-09,United States,Home,Mobile,U02017,S0003974,viewed,,,
2025-09-24,2025-09,United States,Sports,Tablet,U02047,S0004007,add_to_cart,,,
2025-09-24,2025-09,United States,Sports,Tablet,U02047,S0004007,viewed,,,
2025-09-24,2025-09,Canada,Sports,Desktop,U01440,S0004138,viewed,,,
2025-09-24,2025-09,United States,Electronics,Tablet,U01238,S0004235,add_to_cart,,,
2025-09-24,2025-09,United States,Electronics,Tablet,U01238,S0004235,checkout_started,,,
2025-09-24,2025-09,United States,Electronics,Tablet,U01238,S0004235,purchased,3.0,133.81361272719488,401.44
2025-09-24,2025-09,United States,Electronics,Tablet,U01238,S0004235,viewed,,,
2025-09-24,2025-09,United States,Home,Desktop,U00797,S0004344,viewed,,,
2025-09-24,2025-09,Canada,Sports,Mobile,U00202,S0004358,viewed,,,
2025-09-24,2025-09,Germany,Apparel,Desktop,U02066,S0004387,add_to_cart,,,
2025-09-24,2025-09,Germany,Apparel,Desktop,U02066,S0004387,checkout_started,,,
2025-09-24,2025-09,Germany,Apparel,Desktop,U02066,S0004387,purchased,3.0,39.60350373991295,118.81
2025-09-24,2025-09,Germany,Apparel,Desktop,U02066,S0004387,viewed,,,
2025-09-24,2025-09,Germany,Electronics,Mobile,U01365,S0004398,add_to_cart,,,
2025-09-24,2025-09,Germany,Electronics,Mobile,U01365,S0004398,viewed,,,
2025-09-24,2025-09,United States,Home,Desktop,U02284,S0004407,add_to_cart,,,
2025-09-24,2025-09,United States,Home,Desktop,U02284,S0004407,viewed,,,
2025-09-24,2025-09,United Kingdom,Home,Desktop,U00672,S0004409,viewed,,,
2025-09-24,2025-09,United States,Electronics,Desktop,U01133,S0004427,add_to_cart,,,
2025-09-24,2025-09,United States,Electronics,Desktop,U01133,S0004427,viewed,,,
2025-09-24,2025-09,United States,Sports,Mobile,U00875,S0004452,viewed,,,
2025-09-24,2025-09,United States,Beauty,Desktop,U00744,S0004488,viewed,,,
2025-09-24,2025-09,Germany,Apparel,Mobile,U01520,S0004748,viewed,,,
2025-09-24,2025-09,United States,Beauty,Mobile,U00575,S0004794,viewed,,,
2025-09-25,2025-09,United States,Apparel,Desktop,U01188,S0000206,viewed,,,
2025-09-25,2025-09,United States,Home,Mobile,U01276,S0000209,add_to_cart,,,
2025-09-25,2025-09,United States,Home,Mobile,U01276,S0000209,viewed,,,
2025-09-25,2025-09,United States,Electronics,Desktop,U00265,S0000211,viewed,,,
2025-09-25,2025-09,United States,Beauty,Mobile,U02292,S0000292,viewed,,,
2025-09-25,2025-09,Germany,Electronics,Desktop,U01329,S0000380,viewed,,,
2025-09-25,2025-09,United Kingdom,Electronics,Mobile,U01475,S0000509,viewed,,,
2025-09-25,2025-09,Germany,Apparel,Mobile,U00478,S0000618,viewed,,,
2025-09-25,2025-09,Germany,Beauty,Desktop,U01190,S0000744,add_to_cart,,,
2025-09-25,2025-09,Germany,Beauty,Desktop,U01190,S0000744,checkout_started,,,
2025-09-25,2025-09,Germany,Beauty,Desktop,U01190,S0000744,purchased,2.0,35.55466469749937,71.11
2025-09-25,2025-09,Germany,Beauty,Desktop,U01190,S0000744,viewed,,,
2025-09-25,2025-09,United Kingdom,Beauty,Desktop,U01838,S0000779,add_to_cart,,,
2025-09-25,2025-09,United Kingdom,Beauty,Desktop,U01838,S0000779,viewed,,,
2025-09-25,2025-09,United States,Electronics,Mobile,U00738,S0000890,viewed,,,
2025-09-25,2025-09,United Kingdom,Apparel,Mobile,U01031,S0001011,viewed,,,
2025-09-25,2025-09,United Kingdom,Apparel,Mobile,U02086,S0001123,viewed,,,
2025-09-25,2025-09,Germany,Apparel,Mobile,U00324,S0001261,viewed,,,
2025-09-25,2025-09,Germany,Beauty,Mobile,U00385,S0001297,viewed,,,
2025-09-25,2025-09,United States,Electronics,Mobile,U01751,S0001429,viewed,,,
2025-09-25,2025-09,United States,Sports,Desktop,U00900,S0001459,viewed,,,
2025-09-25,2025-09,Germany,Beauty,Desktop,U00302,S0001621,viewed,,,
2025-09-25,2025-09,United States,Apparel,Mobile,U00868,S0001673,add_to_cart,,,
2025-09-25,2025-09,United States,Apparel,Mobile,U00868,S0001673,viewed,,,
2025-09-25,2025-09,United States,Home,Mobile,U02314,S0001701,add_to_cart,,,
2025-09-25,2025-09,United States,Home,Mobile,U02314,S0001701,checkout_started,,,
2025-09-25,2025-09,United States,Home,Mobile,U02314,S0001701,purchased,4.0,78.45454841899594,313.82
2025-09-25,2025-09,United States,Home,Mobile,U02314,S0001701,viewed,,,
2025-09-25,2025-09,Canada,Beauty,Mobile,U00687,S0001882,add_to_cart,,,
2025-09-25,2025-09,Canada,Beauty,Mobile,U00687,S0001882,checkout_started,,,
2025-09-25,2025-09,Canada,Beauty,Mobile,U00687,S0001882,purchased,3.0,15.231773772258208,45.7
2025-09-25,2025-09,Canada,Beauty,Mobile,U00687,S0001882,viewed,,,
2025-09-25,2025-09,Canada,Home,Mobile,U00834,S0002238,add_to_cart,,,
2025-09-25,2025-09,Canada,Home,Mobile,U00834,S0002238,checkout_started,,,
2025-09-25,2025-09,Canada,Home,Mobile,U00834,S0002238,viewed,,,
2025-09-25,2025-09,United States,Electronics,Mobile,U01983,S0002301,viewed,,,
2025-09-25,2025-09,United States,Beauty,Mobile,U00883,S0002333,viewed,,,
2025-09-25,2025-09,Australia,Home,Mobile,U02215,S0002430,viewed,,,
2025-09-25,2025-09,Australia,Home,Desktop,U01864,S0002492,add_to_cart,,,
2025-09-25,2025-09,Australia,Home,Desktop,U01864,S0002492,checkout_started,,,
2025-09-25,2025-09,Australia,Home,Desktop,U01864,S0002492,purchased,3.0,126.87667520811732,380.63
2025-09-25,2025-09,Australia,Home,Desktop,U01864,S0002492,viewed,,,
2025-09-25,2025-09,Australia,Home,Desktop,U02408,S0002577,viewed,,,
2025-09-25,2025-09,United Kingdom,Beauty,Mobile,U02432,S0002658,add_to_cart,,,
2025-09-25,2025-09,United Kingdom,Beauty,Mobile,U02432,S0002658,checkout_started,,,
2025-09-25,2025-09,United Kingdom,Beauty,Mobile,U02432,S0002658,purchased,3.0,36.29735557101328,108.89
2025-09-25,2025-09,United Kingdom,Beauty,Mobile,U02432,S0002658,viewed,,,
2025-09-25,2025-09,Australia,Home,Desktop,U00805,S0003168,viewed,,,
2025-09-25,2025-09,United States,Home,Mobile,U02353,S0003200,add_to_cart,,,
2025-09-25,2025-09,United States,Home,Mobile,U02353,S0003200,checkout_started,,,
2025-09-25,2025-09,United States,Home,Mobile,U02353,S0003200,purchased,4.0,90.55640032712962,362.23
2025-09-25,2025-09,United States,Home,Mobile,U02353,S0003200,viewed,,,
2025-09-25,2025-09,United States,Electronics,Desktop,U01892,S0003216,viewed,,,
2025-09-25,2025-09,United States,Sports,Mobile,U00650,S0003302,viewed,,,
2025-09-25,2025-09,United States,Electronics,Mobile,U01457,S0003515,add_to_cart,,,
2025-09-25,2025-09,United States,Electronics,Mobile,U01457,S0003515,checkout_started,,,
2025-09-25,2025-09,United States,Electronics,Mobile,U01457,S0003515,purchased,4.0,133.49036201462945,533.96
2025-09-25,2025-09,United States,Electronics,Mobile,U01457,S0003515,viewed,,,
2025-09-25,2025-09,United States,Electronics,Mobile,U01928,S0003720,viewed,,,
2025-09-25,2025-09,Germany,Electronics,Mobile,U01881,S0003754,viewed,,,
2025-09-25,2025-09,Canada,Home,Desktop,U01001,S0004017,viewed,,,
2025-09-25,2025-09,United States,Electronics,Desktop,U01680,S0004033,viewed,,,
2025-09-25,2025-09,United States,Electronics,Desktop,U01777,S0004087,add_to_cart,,,
2025-09-25,2025-09,United States,Electronics,Desktop,U01777,S0004087,checkout_started,,,
2025-09-25,2025-09,United States,Electronics,Desktop,U01777,S0004087,viewed,,,
2025-09-25,2025-09,United States,Apparel,Mobile,U00631,S0004124,viewed,,,
2025-09-25,2025-09,United Kingdom,Home,Desktop,U01999,S0004172,add_to_cart,,,
2025-09-25,2025-09,United Kingdom,Home,Desktop,U01999,S0004172,checkout_started,,,
2025-09-25,2025-09,United Kingdom,Home,Desktop,U01999,S0004172,viewed,,,
2025-09-25,2025-09,United Kingdom,Home,Tablet,U00090,S0004187,viewed,,,
2025-09-25,2025-09,Australia,Electronics,Desktop,U00354,S0004234,viewed,,,
2025-09-25,2025-09,United Kingdom,Home,Mobile,U02382,S0004324,add_to_cart,,,
2025-09-25,2025-09,United Kingdom,Home,Mobile,U02382,S0004324,checkout_started,,,
2025-09-25,2025-09,United Kingdom,Home,Mobile,U02382,S0004324,purchased,1.0,90.59025461866113,90.59
2025-09-25,2025-09,United Kingdom,Home,Mobile,U02382,S0004324,viewed,,,
2025-09-25,2025-09,United States,Apparel,Desktop,U01062,S0004332,viewed,,,
2025-09-25,2025-09,United States,Apparel,Tablet,U02227,S0004378,viewed,,,
2025-09-25,2025-09,United Kingdom,Sports,Mobile,U01985,S0004405,add_to_cart,,,
2025-09-25,2025-09,United Kingdom,Sports,Mobile,U01985,S0004405,viewed,,,
2025-09-25,2025-09,Canada,Sports,Mobile,U01152,S0004494,viewed,,,
2025-09-25,2025-09,United Kingdom,Apparel,Mobile,U02118,S0004509,viewed,,,
2025-09-25,2025-09,United States,Apparel,Mobile,U01069,S0004650,viewed,,,
2025-09-25,2025-09,United States,Beauty,Tablet,U00763,S0004734,viewed,,,
2025-09-25,2025-09,United States,Apparel,Mobile,U00908,S0004741,viewed,,,
2025-09-25,2025-09,United Kingdom,Beauty,Mobile,U00282,S0004775,viewed,,,
2025-09-25,2025-09,United States,Home,Desktop,U00942,S0004859,viewed,,,
2025-09-25,2025-09,Canada,Beauty,Mobile,U02388,S0004949,viewed,,,
2025-09-26,2025-09,Germany,Apparel,Mobile,U02586,S0000039,add_to_cart,,,
2025-09-26,2025-09,Germany,Apparel,Mobile,U02586,S0000039,checkout_started,,,
2025-09-26,2025-09,Germany,Apparel,Mobile,U02586,S0000039,purchased,1.0,71.42329534109965,71.42
2025-09-26,2025-09,Germany,Apparel,Mobile,U02586,S0000039,viewed,,,
2025-09-26,2025-09,United States,Home,Mobile,U01427,S0000111,viewed,,,
2025-09-26,2025-09,United States,Home,Mobile,U01712,S0000143,viewed,,,
2025-09-26,2025-09,United States,Sports,Tablet,U01612,S0000152,viewed,,,
2025-09-26,2025-09,United States,Apparel,Mobile,U00605,S0000216,viewed,,,
2025-09-26,2025-09,Australia,Apparel,Desktop,U01854,S0000281,add_to_cart,,,
2025-09-26,2025-09,Australia,Apparel,Desktop,U01854,S0000281,checkout_started,,,
2025-09-26,2025-09,Australia,Apparel,Desktop,U01854,S0000281,purchased,4.0,39.55867045700592,158.23
2025-09-26,2025-09,Australia,Apparel,Desktop,U01854,S0000281,viewed,,,
2025-09-26,2025-09,Canada,Sports,Desktop,U01026,S0000314,add_to_cart,,,
2025-09-26,2025-09,Canada,Sports,Desktop,U01026,S0000314,checkout_started,,,
2025-09-26,2025-09,Canada,Sports,Desktop,U01026,S0000314,purchased,2.0,128.7642083560529,257.53
2025-09-26,2025-09,Canada,Sports,Desktop,U01026,S0000314,viewed,,,
2025-09-26,2025-09,United Kingdom,Sports,Tablet,U02433,S0000399,add_to_cart,,,
2025-09-26,2025-09,United Kingdom,Sports,Tablet,U02433,S0000399,checkout_started,,,
2025-09-26,2025-09,United Kingdom,Sports,Tablet,U02433,S0000399,purchased,3.0,83.53019362061968,250.59
2025-09-26,2025-09,United Kingdom,Sports,Tablet,U02433,S0000399,viewed,,,
2025-09-26,2025-09,United States,Electronics,Desktop,U01320,S0000413,viewed,,,
2025-09-26,2025-09,Germany,Beauty,Mobile,U01385,S0000505,viewed,,,
2025-09-26,2025-09,United States,Home,Mobile,U00621,S0000573,viewed,,,
2025-09-26,2025-09,Canada,Electronics,Desktop,U01315,S0000950,add_to_cart,,,
2025-09-26,2025-09,Canada,Electronics,Desktop,U01315,S0000950,checkout_started,,,
2025-09-26,2025-09,Canada,Electronics,Desktop,U01315,S0000950,purchased,2.0,127.38266092553488,254.77
2025-09-26,2025-09,Canada,Electronics,Desktop,U01315,S0000950,viewed,,,
2025-09-26,2025-09,United States,Beauty,Tablet,U01815,S0001028,viewed,,,
2025-09-26,2025-09,United States,Electronics,Mobile,U00124,S0001192,viewed,,,
2025-09-26,2025-09,United States,Home,Desktop,U02553,S0001322,viewed,,,
2025-09-26,2025-09,United States,Electronics,Mobile,U02293,S0001491,add_to_cart,,,
2025-09-26,2025-09,United States,Electronics,Mobile,U02293,S0001491,checkout_started,,,
2025-09-26,2025-09,United States,Electronics,Mobile,U02293,S0001491,purchased,3.0,117.43696408339744,352.31
2025-09-26,2025-09,United States,Electronics,Mobile,U02293,S0001491,viewed,,,
2025-09-26,2025-09,Germany,Electronics,Mobile,U01443,S0001551,add_to_cart,,,
2025-09-26,2025-09,Germany,Electronics,Mobile,U01443,S0001551,checkout_started,,,
2025-09-26,2025-09,Germany,Electronics,Mobile,U01443,S0001551,viewed,,,
2025-09-26,2025-09,United States,Sports,Mobile,U00809,S0001640,viewed,,,
2025-09-26,2025-09,Canada,Electronics,Desktop,U00195,S0001794,viewed,,,
2025-09-26,2025-09,United States,Beauty,Mobile,U00081,S0001917,viewed,,,
2025-09-26,2025-09,Germany,Beauty,Mobile,U01082,S0001999,viewed,,,
2025-09-26,2025-09,United Kingdom,Apparel,Desktop,U02221,S0002000,viewed,,,
2025-09-26,2025-09,Australia,Electronics,Desktop,U02188,S0002045,viewed,,,
2025-09-26,2025-09,United States,Apparel,Mobile,U00895,S0002106,viewed,,,
2025-09-26,2025-09,United States,Home,Mobile,U00729,S0002109,viewed,,,
2025-09-26,2025-09,Australia,Home,Mobile,U00103,S0002111,viewed,,,
2025-09-26,2025-09,United States,Sports,Desktop,U02268,S0002311,viewed,,,
2025-09-26,2025-09,United States,Electronics,Mobile,U00170,S0002849,viewed,,,
2025-09-26,2025-09,Germany,Sports,Tablet,U01697,S0002955,viewed,,,
2025-09-26,2025-09,United States,Home,Tablet,U01425,S0003032,viewed,,,
2025-09-26,2025-09,Germany,Apparel,Desktop,U02353,S0003060,viewed,,,
2025-09-26,2025-09,United States,Home,Tablet,U01343,S0003083,add_to_cart,,,
2025-09-26,2025-09,United States,Home,Tablet,U01343,S0003083,viewed,,,
2025-09-26,2025-09,Australia,Home,Mobile,U01865,S0003100,viewed,,,
2025-09-26,2025-09,Australia,Home,Desktop,U00249,S0003212,viewed,,,
2025-09-26,2025-09,United States,Sports,Mobile,U01398,S0003304,add_to_cart,,,
2025-09-26,2025-09,United States,Sports,Mobile,U01398,S0003304,checkout_started,,,
2025-09-26,2025-09,United States,Sports,Mobile,U01398,S0003304,viewed,,,
2025-09-26,2025-09,United Kingdom,Sports,Desktop,U01227,S0003307,viewed,,,
2025-09-26,2025-09,Canada,Apparel,Tablet,U01967,S0003796,viewed,,,
2025-09-26,2025-09,Germany,Apparel,Desktop,U01121,S0004034,viewed,,,
2025-09-26,2025-09,United Kingdom,Beauty,Desktop,U00423,S0004146,viewed,,,
2025-09-26,2025-09,United States,Electronics,Desktop,U00560,S0004242,add_to_cart,,,
2025-09-26,2025-09,United States,Electronics,Desktop,U00560,S0004242,viewed,,,
2025-09-26,2025-09,Canada,Apparel,Mobile,U01660,S0004246,viewed,,,
2025-09-26,2025-09,United States,Apparel,Mobile,U02396,S0004247,viewed,,,
2025-09-26,2025-09,United Kingdom,Sports,Desktop,U00522,S0004301,viewed,,,
2025-09-26,2025-09,Australia,Electronics,Mobile,U00280,S0004316,viewed,,,
2025-09-26,2025-09,United States,Electronics,Mobile,U00356,S0004579,add_to_cart,,,
2025-09-26,2025-09,United States,Electronics,Mobile,U00356,S0004579,checkout_started,,,
2025-09-26,2025-09,United States,Electronics,Mobile,U00356,S0004579,purchased,3.0,135.99315953796003,407.98
2025-09-26,2025-09,United States,Electronics,Mobile,U00356,S0004579,viewed,,,
2025-09-26,2025-09,United States,Beauty,Mobile,U00576,S0004633,viewed,,,
2025-09-26,2025-09,United States,Home,Tablet,U00938,S0004918,add_to_cart,,,
2025-09-26,2025-09,United States,Home,Tablet,U00938,S0004918,checkout_started,,,
2025-09-26,2025-09,United States,Home,Tablet,U00938,S0004918,purchased,2.0,136.17698961005152,272.35
2025-09-26,2025-09,United States,Home,Tablet,U00938,S0004918,viewed,,,
2025-09-27,2025-09,Canada,Apparel,Tablet,U00450,S0000096,add_to_cart,,,
2025-09-27,2025-09,Canada,Apparel,Tablet,U00450,S0000096,viewed,,,
2025-09-27,2025-09,United States,Apparel,Mobile,U00442,S0000299,viewed,,,
2025-09-27,2025-09,United States,Sports,Tablet,U01597,S0000342,viewed,,,
2025-09-27,2025-09,United States,Home,Mobile,U00437,S0000450,viewed,,,
2025-09-27,2025-09,United States,Sports,Mobile,U02573,S0000481,viewed,,,
2025-09-27,2025-09,Germany,Sports,Mobile,U02013,S0000495,add_to_cart,,,
2025-09-27,2025-09,Germany,Sports,Mobile,U02013,S0000495,checkout_started,,,
2025-09-27,2025-09,Germany,Sports,Mobile,U02013,S0000495,purchased,4.0,87.17023174940881,348.68
2025-09-27,2025-09,Germany,Sports,Mobile,U02013,S0000495,viewed,,,
2025-09-27,2025-09,United States,Beauty,Tablet,U01158,S0000534,add_to_cart,,,
2025-09-27,2025-09,United States,Beauty,Tablet,U01158,S0000534,viewed,,,
2025-09-27,2025-09,United Kingdom,Apparel,Desktop,U01914,S0000660,viewed,,,
2025-09-27,2025-09,United Kingdom,Beauty,Tablet,U02516,S0000814,add_to_cart,,,
2025-09-27,2025-09,United Kingdom,Beauty,Tablet,U02516,S0000814,viewed,,,
2025-09-27,2025-09,United States,Beauty,Mobile,U02023,S0000841,viewed,,,
2025-09-27,2025-09,United States,Sports,Tablet,U01071,S0000855,viewed,,,
2025-09-27,2025-09,Australia,Home,Tablet,U01605,S0001114,viewed,,,
2025-09-27,2025-09,United States,Beauty,Desktop,U00756,S0001209,viewed,,,
2025-09-27,2025-09,United States,Beauty,Desktop,U01173,S0001230,add_to_cart,,,
2025-09-27,2025-09,United States,Beauty,Desktop,U01173,S0001230,viewed,,,
2025-09-27,2025-09,Germany,Electronics,Mobile,U00507,S0001382,viewed,,,
2025-09-27,2025-09,United States,Electronics,Mobile,U02413,S0001410,viewed,,,
2025-09-27,2025-09,Germany,Electronics,Desktop,U02460,S0001483,add_to_cart,,,
2025-09-27,2025-09,Germany,Electronics,Desktop,U02460,S0001483,viewed,,,
2025-09-27,2025-09,United States,Beauty,Desktop,U01652,S0001561,add_to_cart,,,
2025-09-27,2025-09,United States,Beauty,Desktop,U01652,S0001561,viewed,,,
2025-09-27,2025-09,Australia,Sports,Desktop,U00601,S0001993,viewed,,,
2025-09-27,2025-09,United Kingdom,Electronics,Mobile,U01373,S0002041,viewed,,,
2025-09-27,2025-09,United States,Electronics,Desktop,U00761,S0002110,viewed,,,
2025-09-27,2025-09,United States,Home,Mobile,U02095,S0002186,add_to_cart,,,
2025-09-27,2025-09,United States,Home,Mobile,U02095,S0002186,viewed,,,
2025-09-27,2025-09,Canada,Electronics,Mobile,U01475,S0002193,add_to_cart,,,
2025-09-27,2025-09,Canada,Electronics,Mobile,U01475,S0002193,viewed,,,
2025-09-27,2025-09,United States,Electronics,Desktop,U00809,S0002197,viewed,,,
2025-09-27,2025-09,United States,Sports,Mobile,U00655,S0002219,add_to_cart,,,
2025-09-27,2025-09,United States,Sports,Mobile,U00655,S0002219,viewed,,,
2025-09-27,2025-09,United States,Sports,Tablet,U02382,S0002229,add_to_cart,,,
2025-09-27,2025-09,United States,Sports,Tablet,U02382,S0002229,checkout_started,,,
2025-09-27,2025-09,United States,Sports,Tablet,U02382,S0002229,purchased,2.0,60.37282124279233,120.75
2025-09-27,2025-09,United States,Sports,Tablet,U02382,S0002229,viewed,,,
2025-09-27,2025-09,United States,Home,Desktop,U00065,S0002398,viewed,,,
2025-09-27,2025-09,United States,Apparel,Mobile,U02292,S0002419,add_to_cart,,,
2025-09-27,2025-09,United States,Apparel,Mobile,U02292,S0002419,checkout_started,,,
2025-09-27,2025-09,United States,Apparel,Mobile,U02292,S0002419,viewed,,,
2025-09-27,2025-09,Australia,Home,Tablet,U01705,S0002541,add_to_cart,,,
2025-09-27,2025-09,Australia,Home,Tablet,U01705,S0002541,viewed,,,
2025-09-27,2025-09,United States,Apparel,Mobile,U01785,S0002583,viewed,,,
2025-09-27,2025-09,United States,Beauty,Mobile,U00954,S0002706,viewed,,,
2025-09-27,2025-09,United Kingdom,Beauty,Mobile,U01851,S0002787,add_to_cart,,,
2025-09-27,2025-09,United Kingdom,Beauty,Mobile,U01851,S0002787,checkout_started,,,
2025-09-27,2025-09,United Kingdom,Beauty,Mobile,U01851,S0002787,purchased,2.0,17.99493619705094,35.99
2025-09-27,2025-09,United Kingdom,Beauty,Mobile,U01851,S0002787,viewed,,,
2025-09-27,2025-09,United Kingdom,Sports,Mobile,U00612,S0002807,viewed,,,
2025-09-27,2025-09,Canada,Apparel,Desktop,U01738,S0002812,viewed,,,
2025-09-27,2025-09,United States,Sports,Desktop,U00181,S0002871,viewed,,,
2025-09-27,2025-09,Australia,Electronics,Desktop,U01225,S0002979,add_to_cart,,,
2025-09-27,2025-09,Australia,Electronics,Desktop,U01225,S0002979,checkout_started,,,
2025-09-27,2025-09,Australia,Electronics,Desktop,U01225,S0002979,purchased,4.0,62.04966504193503,248.2
2025-09-27,2025-09,Australia,Electronics,Desktop,U01225,S0002979,viewed,,,
2025-09-27,2025-09,United States,Electronics,Desktop,U00843,S0003039,add_to_cart,,,
2025-09-27,2025-09,United States,Electronics,Desktop,U00843,S0003039,viewed,,,
2025-09-27,2025-09,United States,Apparel,Tablet,U00577,S0003042,viewed,,,
2025-09-27,2025-09,United States,Electronics,Mobile,U00082,S0003294,add_to_cart,,,
2025-09-27,2025-09,United States,Electronics,Mobile,U00082,S0003294,checkout_started,,,
2025-09-27,2025-09,United States,Electronics,Mobile,U00082,S0003294,purchased,1.0,213.31974784650836,213.32
2025-09-27,2025-09,United States,Electronics,Mobile,U00082,S0003294,viewed,,,
2025-09-27,2025-09,United Kingdom,Home,Mobile,U01259,S0003368,viewed,,,
2025-09-27,2025-09,United States,Apparel,Desktop,U02344,S0003389,viewed,,,
2025-09-27,2025-09,United States,Apparel,Mobile,U00527,S0003420,viewed,,,
2025-09-27,2025-09,United States,Home,Mobile,U01131,S0003525,viewed,,,
2025-09-27,2025-09,United Kingdom,Apparel,Mobile,U01532,S0003596,add_to_cart,,,
2025-09-27,2025-09,United Kingdom,Apparel,Mobile,U01532,S0003596,checkout_started,,,
2025-09-27,2025-09,United Kingdom,Apparel,Mobile,U01532,S0003596,viewed,,,
2025-09-27,2025-09,United States,Home,Mobile,U00778,S0003599,viewed,,,
2025-09-27,2025-09,United States,Home,Mobile,U01154,S0003699,viewed,,,
2025-09-27,2025-09,United States,Electronics,Desktop,U00816,S0003716,add_to_cart,,,
2025-09-27,2025-09,United States,Electronics,Desktop,U00816,S0003716,checkout_started,,,
2025-09-27,2025-09,United States,Electronics,Desktop,U00816,S0003716,viewed,,,
2025-09-27,2025-09,United States,Home,Desktop,U01245,S0003994,viewed,,,
2025-09-27,2025-09,Australia,Beauty,Mobile,U02236,S0004015,viewed,,,
2025-09-27,2025-09,United States,Home,Mobile,U01341,S0004024,add_to_cart,,,
2025-09-27,2025-09,United States,Home,Mobile,U01341,S0004024,checkout_started,,,
2025-09-27,2025-09,United States,Home,Mobile,U01341,S0004024,purchased,2.0,81.22838209027928,162.46
2025-09-27,2025-09,United States,Home,Mobile,U01341,S0004024,viewed,,,
2025-09-27,2025-09,United States,Electronics,Mobile,U00127,S0004082,viewed,,,
2025-09-27,2025-09,United States,Home,Mobile,U01347,S0004115,add_to_cart,,,
2025-09-27,2025-09,United States,Home,Mobile,U01347,S0004115,viewed,,,
2025-09-27,2025-09,United Kingdom,Electronics,Desktop,U00395,S0004263,viewed,,,
2025-09-27,2025-09,Canada,Beauty,Desktop,U00506,S0004507,viewed,,,
2025-09-27,2025-09,United States,Home,Mobile,U01780,S0004580,viewed,,,
2025-09-27,2025-09,United States,Home,Desktop,U01190,S0004617,viewed,,,
2025-09-27,2025-09,Australia,Electronics,Tablet,U00042,S0004632,viewed,,,
2025-09-27,2025-09,United States,Sports,Mobile,U02549,S0004649,viewed,,,
2025-09-27,2025-09,Germany,Apparel,Mobile,U01116,S0004688,add_to_cart,,,
2025-09-27,2025-09,Germany,Apparel,Mobile,U01116,S0004688,viewed,,,
2025-09-27,2025-09,Germany,Electronics,Mobile,U00337,S0004711,viewed,,,
2025-09-27,2025-09,Canada,Electronics,Mobile,U00739,S0004725,viewed,,,
2025-09-27,2025-09,Canada,Apparel,Desktop,U02282,S0004907,add_to_cart,,,
2025-09-27,2025-09,Canada,Apparel,Desktop,U02282,S0004907,viewed,,,
2025-09-28,2025-09,United States,Electronics,Desktop,U00260,S0000136,add_to_cart,,,
2025-09-28,2025-09,United States,Electronics,Desktop,U00260,S0000136,checkout_started,,,
2025-09-28,2025-09,United States,Electronics,Desktop,U00260,S0000136,purchased,2.0,153.42873774934768,306.86
2025-09-28,2025-09,United States,Electronics,Desktop,U00260,S0000136,viewed,,,
2025-09-28,2025-09,United States,Home,Mobile,U01811,S0000154,viewed,,,
2025-09-28,2025-09,Canada,Electronics,Mobile,U00768,S0000190,viewed,,,
2025-09-28,2025-09,United States,Electronics,Mobile,U01531,S0000263,add_to_cart,,,
2025-09-28,2025-09,United States,Electronics,Mobile,U01531,S0000263,checkout_started,,,
2025-09-28,2025-09,United States,Electronics,Mobile,U01531,S0000263,viewed,,,
2025-09-28,2025-09,Australia,Beauty,Mobile,U00481,S0000271,viewed,,,
2025-09-28,2025-09,Australia,Apparel,Mobile,U01023,S0000307,add_to_cart,,,
2025-09-28,2025-09,Australia,Apparel,Mobile,U01023,S0000307,viewed,,,
2025-09-28,2025-09,Canada,Apparel,Desktop,U00316,S0000353,add_to_cart,,,
2025-09-28,2025-09,Canada,Apparel,Desktop,U00316,S0000353,viewed,,,
2025-09-28,2025-09,United States,Electronics,Mobile,U01452,S0000419,add_to_cart,,,
2025-09-28,2025-09,United States,Electronics,Mobile,U01452,S0000419,checkout_started,,,
2025-09-28,2025-09,United States,Electronics,Mobile,U01452,S0000419,purchased,3.0,98.03015637117926,294.09
2025-09-28,2025-09,United States,Electronics,Mobile,U01452,S0000419,viewed,,,
2025-09-28,2025-09,Germany,Home,Tablet,U01332,S0000442,viewed,,,
2025-09-28,2025-09,United Kingdom,Sports,Mobile,U01130,S0000638,add_to_cart,,,
2025-09-28,2025-09,United Kingdom,Sports,Mobile,U01130,S0000638,checkout_started,,,
2025-09-28,2025-09,United Kingdom,Sports,Mobile,U01130,S0000638,purchased,4.0,72.10056416455508,288.4
2025-09-28,2025-09,United Kingdom,Sports,Mobile,U01130,S0000638,viewed,,,
2025-09-28,2025-09,Canada,Apparel,Desktop,U00531,S0000796,add_to_cart,,,
2025-09-28,2025-09,Canada,Apparel,Desktop,U00531,S0000796,viewed,,,
2025-09-28,2025-09,Canada,Home,Desktop,U00998,S0000802,viewed,,,
2025-09-28,2025-09,Germany,Sports,Desktop,U01540,S0000928,viewed,,,
2025-09-28,2025-09,United States,Apparel,Mobile,U01938,S0000971,viewed,,,
2025-09-28,2025-09,Germany,Beauty,Mobile,U02593,S0001239,viewed,,,
2025-09-28,2025-09,United States,Electronics,Tablet,U00148,S0001316,viewed,,,
2025-09-28,2025-09,United States,Apparel,Desktop,U00200,S0001338,viewed,,,
2025-09-28,2025-09,United States,Electronics,Mobile,U02147,S0001367,add_to_cart,,,
2025-09-28,2025-09,United States,Electronics,Mobile,U02147,S0001367,checkout_started,,,
2025-09-28,2025-09,United States,Electronics,Mobile,U02147,S0001367,purchased,1.0,124.50568719517383,124.51
2025-09-28,2025-09,United States,Electronics,Mobile,U02147,S0001367,viewed,,,
2025-09-28,2025-09,Germany,Sports,Desktop,U02422,S0001400,add_to_cart,,,
2025-09-28,2025-09,Germany,Sports,Desktop,U02422,S0001400,checkout_started,,,
2025-09-28,2025-09,Germany,Sports,Desktop,U02422,S0001400,purchased,3.0,57.2352313084109,171.71
2025-09-28,2025-09,Germany,Sports,Desktop,U02422,S0001400,viewed,,,
2025-09-28,2025-09,United States,Electronics,Desktop,U00805,S0001403,viewed,,,
2025-09-28,2025-09,United States,Beauty,Desktop,U02049,S0001451,add_to_cart,,,
2025-09-28,2025-09,United States,Beauty,Desktop,U02049,S0001451,checkout_started,,,
2025-09-28,2025-09,United States,Beauty,Desktop,U02049,S0001451,purchased,4.0,53.45176763783242,213.81
2025-09-28,2025-09,United States,Beauty,Desktop,U02049,S0001451,viewed,,,
2025-09-28,2025-09,United States,Electronics,Desktop,U00741,S0001476,add_to_cart,,,
2025-09-28,2025-09,United States,Electronics,Desktop,U00741,S0001476,checkout_started,,,
2025-09-28,2025-09,United States,Electronics,Desktop,U00741,S0001476,purchased,2.0,236.18674016956294,472.37
2025-09-28,2025-09,United States,Electronics,Desktop,U00741,S0001476,viewed,,,
2025-09-28,2025-09,Germany,Apparel,Desktop,U01204,S0001581,viewed,,,
2025-09-28,2025-09,United States,Beauty,Mobile,U00353,S0001601,add_to_cart,,,
2025-09-28,2025-09,United States,Beauty,Mobile,U00353,S0001601,checkout_started,,,
2025-09-28,2025-09,United States,Beauty,Mobile,U00353,S0001601,purchased,2.0,53.24600025597147,106.49
2025-09-28,2025-09,United States,Beauty,Mobile,U00353,S0001601,viewed,,,
2025-09-28,2025-09,United States,Electronics,Mobile,U01840,S0001646,viewed,,,
2025-09-28,2025-09,Australia,Home,Desktop,U00263,S0001820,viewed,,,
2025-09-28,2025-09,United States,Beauty,Desktop,U02593,S0001823,add_to_cart,,,
2025-09-28,2025-09,United States,Beauty,Desktop,U02593,S0001823,checkout_started,,,
2025-09-28,2025-09,United States,Beauty,Desktop,U02593,S0001823,purchased,1.0,39.43527292576016,39.44
2025-09-28,2025-09,United States,Beauty,Desktop,U02593,S0001823,viewed,,,
2025-09-28,2025-09,Australia,Sports,Desktop,U01463,S0001862,viewed,,,
2025-09-28,2025-09,United Kingdom,Apparel,Mobile,U00079,S0001907,add_to_cart,,,
2025-09-28,2025-09,United Kingdom,Apparel,Mobile,U00079,S0001907,viewed,,,
2025-09-28,2025-09,Australia,Home,Desktop,U01350,S0002021,add_to_cart,,,
2025-09-28,2025-09,Australia,Home,Desktop,U01350,S0002021,checkout_started,,,
2025-09-28,2025-09,Australia,Home,Desktop,U01350,S0002021,viewed,,,
2025-09-28,2025-09,United States,Electronics,Mobile,U01124,S0002052,add_to_cart,,,
2025-09-28,2025-09,United States,Electronics,Mobile,U01124,S0002052,viewed,,,
2025-09-28,2025-09,Canada,Electronics,Desktop,U00539,S0002255,viewed,,,
2025-09-28,2025-09,United States,Home,Mobile,U01476,S0002273,add_to_cart,,,
2025-09-28,2025-09,United States,Home,Mobile,U01476,S0002273,checkout_started,,,
2025-09-28,2025-09,United States,Home,Mobile,U01476,S0002273,viewed,,,
2025-09-28,2025-09,United States,Home,Mobile,U01716,S0002467,viewed,,,
2025-09-28,2025-09,United States,Electronics,Mobile,U01017,S0002708,add_to_cart,,,
2025-09-28,2025-09,United States,Electronics,Mobile,U01017,S0002708,checkout_started,,,
2025-09-28,2025-09,United States,Electronics,Mobile,U01017,S0002708,purchased,3.0,129.8425688700451,389.53
2025-09-28,2025-09,United States,Electronics,Mobile,U01017,S0002708,viewed,,,
2025-09-28,2025-09,United States,Electronics,Mobile,U02208,S0002776,add_to_cart,,,
2025-09-28,2025-09,United States,Electronics,Mobile,U02208,S0002776,viewed,,,
2025-09-28,2025-09,United States,Electronics,Mobile,U01051,S0002833,add_to_cart,,,
2025-09-28,2025-09,United States,Electronics,Mobile,U01051,S0002833,viewed,,,
2025-09-28,2025-09,United States,Sports,Desktop,U01867,S0002997,add_to_cart,,,
2025-09-28,2025-09,United States,Sports,Desktop,U01867,S0002997,checkout_started,,,
2025-09-28,2025-09,United States,Sports,Desktop,U01867,S0002997,purchased,2.0,100.03858983099087,200.08
2025-09-28,2025-09,United States,Sports,Desktop,U01867,S0002997,viewed,,,
2025-09-28,2025-09,United States,Beauty,Desktop,U01423,S0003106,viewed,,,
2025-09-28,2025-09,Canada,Home,Mobile,U00191,S0003178,add_to_cart,,,
2025-09-28,2025-09,Canada,Home,Mobile,U00191,S0003178,checkout_started,,,
2025-09-28,2025-09,Canada,Home,Mobile,U00191,S0003178,purchased,3.0,116.08152389856473,348.24
2025-09-28,2025-09,Canada,Home,Mobile,U00191,S0003178,viewed,,,
2025-09-28,2025-09,United States,Home,Mobile,U01142,S0003205,viewed,,,
2025-09-28,2025-09,Canada,Sports,Mobile,U01476,S0003430,add_to_cart,,,
2025-09-28,2025-09,Canada,Sports,Mobile,U01476,S0003430,checkout_started,,,
2025-09-28,2025-09,Canada,Sports,Mobile,U01476,S0003430,purchased,3.0,74.61454207441436,223.84
2025-09-28,2025-09,Canada,Sports,Mobile,U01476,S0003430,viewed,,,
2025-09-28,2025-09,United States,Home,Mobile,U00498,S0003437,add_to_cart,,,
2025-09-28,2025-09,United States,Home,Mobile,U00498,S0003437,viewed,,,
2025-09-28,2025-09,United States,Home,Desktop,U02098,S0003475,add_to_cart,,,
2025-09-28,2025-09,United States,Home,Desktop,U02098,S0003475,checkout_started,,,
2025-09-28,2025-09,United States,Home,Desktop,U02098,S0003475,purchased,3.0,42.75529283811245,128.27
2025-09-28,2025-09,United States,Home,Desktop,U02098,S0003475,viewed,,,
2025-09-28,2025-09,United States,Apparel,Mobile,U01048,S0003592,viewed,,,
2025-09-28,2025-09,United Kingdom,Apparel,Mobile,U00739,S0003742,viewed,,,
2025-09-28,2025-09,Canada,Apparel,Mobile,U00469,S0003844,viewed,,,
2025-09-28,2025-09,United States,Home,Tablet,U01907,S0003899,add_to_cart,,,
2025-09-28,2025-09,United States,Home,Tablet,U01907,S0003899,checkout_started,,,
2025-09-28,2025-09,United States,Home,Tablet,U01907,S0003899,purchased,4.0,52.46937863248737,209.88
2025-09-28,2025-09,United States,Home,Tablet,U01907,S0003899,viewed,,,
2025-09-28,2025-09,United States,Sports,Desktop,U01272,S0004158,add_to_cart,,,
2025-09-28,2025-09,United States,Sports,Desktop,U01272,S0004158,viewed,,,
2025-09-28,2025-09,United States,Apparel,Desktop,U00189,S0004177,add_to_cart,,,
2025-09-28,2025-09,United States,Apparel,Desktop,U00189,S0004177,checkout_started,,,
2025-09-28,2025-09,United States,Apparel,Desktop,U00189,S0004177,purchased,2.0,41.018466197665866,82.04
2025-09-28,2025-09,United States,Apparel,Desktop,U00189,S0004177,viewed,,,
2025-09-28,2025-09,United States,Sports,Mobile,U01673,S0004205,add_to_cart,,,
2025-09-28,2025-09,United States,Sports,Mobile,U01673,S0004205,viewed,,,
2025-09-28,2025-09,Canada,Electronics,Mobile,U00730,S0004375,viewed,,,
2025-09-28,2025-09,Canada,Apparel,Mobile,U00617,S0004397,add_to_cart,,,
2025-09-28,2025-09,Canada,Apparel,Mobile,U00617,S0004397,viewed,,,
2025-09-28,2025-09,United States,Apparel,Mobile,U00545,S0004482,viewed,,,
2025-09-28,2025-09,Canada,Sports,Mobile,U00552,S0004511,viewed,,,
2025-09-28,2025-09,United States,Home,Mobile,U00821,S0004590,add_to_cart,,,
2025-09-28,2025-09,United States,Home,Mobile,U00821,S0004590,checkout_started,,,
2025-09-28,2025-09,United States,Home,Mobile,U00821,S0004590,purchased,4.0,91.02758434085786,364.11
2025-09-28,2025-09,United States,Home,Mobile,U00821,S0004590,viewed,,,
2025-09-28,2025-09,United States,Apparel,Mobile,U01944,S0004699,add_to_cart,,,
2025-09-28,2025-09,United States,Apparel,Mobile,U01944,S0004699,checkout_started,,,
2025-09-28,2025-09,United States,Apparel,Mobile,U01944,S0004699,viewed,,,
2025-09-28,2025-09,United States,Home,Mobile,U00332,S0004771,viewed,,,
2025-09-28,2025-09,United States,Home,Mobile,U00317,S0004816,add_to_cart,,,
2025-09-28,2025-09,United States,Home,Mobile,U00317,S0004816,viewed,,,
2025-09-28,2025-09,United Kingdom,Beauty,Mobile,U01606,S0004939,viewed,,,
2025-09-29,2025-09,United States,Beauty,Desktop,U00650,S0000088,add_to_cart,,,
2025-09-29,2025-09,United States,Beauty,Desktop,U00650,S0000088,viewed,,,
2025-09-29,2025-09,United States,Beauty,Mobile,U01281,S0000226,viewed,,,
2025-09-29,2025-09,United States,Home,Desktop,U02376,S0000239,viewed,,,
2025-09-29,2025-09,United States,Apparel,Mobile,U01016,S0000333,viewed,,,
2025-09-29,2025-09,United States,Beauty,Mobile,U02264,S0000400,viewed,,,
2025-09-29,2025-09,Germany,Beauty,Mobile,U01736,S0000447,add_to_cart,,,
2025-09-29,2025-09,Germany,Beauty,Mobile,U01736,S0000447,viewed,,,
2025-09-29,2025-09,Australia,Home,Desktop,U00262,S0000526,viewed,,,
2025-09-29,2025-09,Australia,Beauty,Desktop,U00649,S0000748,add_to_cart,,,
2025-09-29,2025-09,Australia,Beauty,Desktop,U00649,S0000748,viewed,,,
2025-09-29,2025-09,Australia,Home,Mobile,U02397,S0000749,viewed,,,
2025-09-29,2025-09,United States,Sports,Mobile,U02130,S0000952,viewed,,,
2025-09-29,2025-09,Canada,Home,Mobile,U01534,S0001014,add_to_cart,,,
2025-09-29,2025-09,Canada,Home,Mobile,U01534,S0001014,viewed,,,
2025-09-29,2025-09,United States,Apparel,Mobile,U02465,S0001034,viewed,,,
2025-09-29,2025-09,Germany,Electronics,Mobile,U00983,S0001060,add_to_cart,,,
2025-09-29,2025-09,Germany,Electronics,Mobile,U00983,S0001060,checkout_started,,,
2025-09-29,2025-09,Germany,Electronics,Mobile,U00983,S0001060,viewed,,,
2025-09-29,2025-09,United States,Sports,Desktop,U02145,S0001105,viewed,,,
2025-09-29,2025-09,United States,Electronics,Mobile,U00019,S0001155,viewed,,,
2025-09-29,2025-09,United Kingdom,Home,Mobile,U02210,S0001186,add_to_cart,,,
2025-09-29,2025-09,United Kingdom,Home,Mobile,U02210,S0001186,checkout_started,,,
2025-09-29,2025-09,United Kingdom,Home,Mobile,U02210,S0001186,purchased,2.0,81.23591796519803,162.47
2025-09-29,2025-09,United Kingdom,Home,Mobile,U02210,S0001186,viewed,,,
2025-09-29,2025-09,United States,Home,Desktop,U01976,S0001391,add_to_cart,,,
2025-09-29,2025-09,United States,Home,Desktop,U01976,S0001391,viewed,,,
2025-09-29,2025-09,United Kingdom,Home,Desktop,U01142,S0001462,viewed,,,
2025-09-29,2025-09,United States,Home,Mobile,U00371,S0001779,viewed,,,
2025-09-29,2025-09,Canada,Beauty,Mobile,U02051,S0001821,add_to_cart,,,
2025-09-29,2025-09,Canada,Beauty,Mobile,U02051,S0001821,checkout_started,,,
2025-09-29,2025-09,Canada,Beauty,Mobile,U02051,S0001821,purchased,4.0,38.95161871614889,155.81
2025-09-29,2025-09,Canada,Beauty,Mobile,U02051,S0001821,viewed,,,
2025-09-29,2025-09,Canada,Sports,Mobile,U00149,S0001838,viewed,,,
2025-09-29,2025-09,United States,Electronics,Mobile,U00356,S0002089,add_to_cart,,,
2025-09-29,2025-09,United States,Electronics,Mobile,U00356,S0002089,checkout_started,,,
2025-09-29,2025-09,United States,Electronics,Mobile,U00356,S0002089,purchased,2.0,162.65935299378674,325.32
2025-09-29,2025-09,United States,Electronics,Mobile,U00356,S0002089,viewed,,,
2025-09-29,2025-09,United States,Home,Mobile,U02309,S0002127,add_to_cart,,,
2025-09-29,2025-09,United States,Home,Mobile,U02309,S0002127,viewed,,,
2025-09-29,2025-09,United States,Electronics,Mobile,U01221,S0002187,add_to_cart,,,
2025-09-29,2025-09,United States,Electronics,Mobile,U01221,S0002187,viewed,,,
2025-09-29,2025-09,United States,Apparel,Desktop,U01981,S0002309,viewed,,,
2025-09-29,2025-09,United States,Electronics,Desktop,U02405,S0002355,viewed,,,
2025-09-29,2025-09,United States,Sports,Mobile,U01898,S0002434,viewed,,,
2025-09-29,2025-09,Canada,Apparel,Desktop,U01278,S0002595,add_to_cart,,,
2025-09-29,2025-09,Canada,Apparel,Desktop,U01278,S0002595,viewed,,,
2025-09-29,2025-09,United Kingdom,Electronics,Mobile,U01332,S0002781,add_to_cart,,,
2025-09-29,2025-09,United Kingdom,Electronics,Mobile,U01332,S0002781,checkout_started,,,
2025-09-29,2025-09,United Kingdom,Electronics,Mobile,U01332,S0002781,purchased,1.0,95.02814469195235,95.03
2025-09-29,2025-09,United Kingdom,Electronics,Mobile,U01332,S0002781,viewed,,,
2025-09-29,2025-09,United States,Sports,Desktop,U01379,S0002808,viewed,,,
2025-09-29,2025-09,United States,Sports,Mobile,U01328,S0003062,viewed,,,
2025-09-29,2025-09,Canada,Electronics,Mobile,U00954,S0003098,add_to_cart,,,
2025-09-29,2025-09,Canada,Electronics,Mobile,U00954,S0003098,checkout_started,,,
2025-09-29,2025-09,Canada,Electronics,Mobile,U00954,S0003098,purchased,4.0,177.79119919993002,711.16
2025-09-29,2025-09,Canada,Electronics,Mobile,U00954,S0003098,viewed,,,
2025-09-29,2025-09,United States,Electronics,Desktop,U00713,S0003164,viewed,,,
2025-09-29,2025-09,Canada,Electronics,Desktop,U02501,S0003342,add_to_cart,,,
2025-09-29,2025-09,Canada,Electronics,Desktop,U02501,S0003342,viewed,,,
2025-09-29,2025-09,United States,Electronics,Tablet,U01696,S0003373,viewed,,,
2025-09-29,2025-09,United States,Apparel,Desktop,U00730,S0003503,add_to_cart,,,
2025-09-29,2025-09,United States,Apparel,Desktop,U00730,S0003503,viewed,,,
2025-09-29,2025-09,United Kingdom,Home,Mobile,U00242,S0003549,viewed,,,
2025-09-29,2025-09,United States,Apparel,Tablet,U00170,S0003584,viewed,,,
2025-09-29,2025-09,United States,Electronics,Mobile,U01892,S0003697,viewed,,,
2025-09-29,2025-09,United States,Home,Mobile,U02354,S0003942,viewed,,,
2025-09-29,2025-09,United States,Electronics,Mobile,U01939,S0003987,viewed,,,
2025-09-29,2025-09,United States,Beauty,Desktop,U02548,S0004039,viewed,,,
2025-09-29,2025-09,Canada,Sports,Mobile,U00885,S0004274,viewed,,,
2025-09-29,2025-09,United States,Home,Mobile,U00710,S0004290,add_to_cart,,,
2025-09-29,2025-09,United States,Home,Mobile,U00710,S0004290,checkout_started,,,
2025-09-29,2025-09,United States,Home,Mobile,U00710,S0004290,viewed,,,
2025-09-29,2025-09,Canada,Electronics,Mobile,U00683,S0004425,add_to_cart,,,
2025-09-29,2025-09,Canada,Electronics,Mobile,U00683,S0004425,viewed,,,
2025-09-29,2025-09,United States,Beauty,Mobile,U00387,S0004440,add_to_cart,,,
2025-09-29,2025-09,United States,Beauty,Mobile,U00387,S0004440,checkout_started,,,
2025-09-29,2025-09,United States,Beauty,Mobile,U00387,S0004440,purchased,2.0,66.4133820301808,132.83
2025-09-29,2025-09,United States,Beauty,Mobile,U00387,S0004440,viewed,,,
2025-09-29,2025-09,Canada,Beauty,Mobile,U02513,S0004447,viewed,,,
2025-09-29,2025-09,United States,Home,Tablet,U01515,S0004495,viewed,,,
2025-09-29,2025-09,United States,Home,Tablet,U01034,S0004569,add_to_cart,,,
2025-09-29,2025-09,United States,Home,Tablet,U01034,S0004569,viewed,,,
2025-09-29,2025-09,Canada,Home,Mobile,U02484,S0004588,add_to_cart,,,
2025-09-29,2025-09,Canada,Home,Mobile,U02484,S0004588,checkout_started,,,
2025-09-29,2025-09,Canada,Home,Mobile,U02484,S0004588,purchased,3.0,60.384755332976326,181.15
2025-09-29,2025-09,Canada,Home,Mobile,U02484,S0004588,viewed,,,
2025-09-29,2025-09,United Kingdom,Apparel,Tablet,U00410,S0004603,viewed,,,
2025-09-29,2025-09,United States,Electronics,Mobile,U00106,S0004665,viewed,,,
2025-09-29,2025-09,Australia,Electronics,Tablet,U01580,S0004667,viewed,,,
2025-09-29,2025-09,Germany,Beauty,Desktop,U01809,S0004746,viewed,,,
2025-09-29,2025-09,United States,Apparel,Desktop,U01765,S0004789,add_to_cart,,,
2025-09-29,2025-09,United States,Apparel,Desktop,U01765,S0004789,checkout_started,,,
2025-09-29,2025-09,United States,Apparel,Desktop,U01765,S0004789,purchased,1.0,39.148382287573774,39.15
2025-09-29,2025-09,United States,Apparel,Desktop,U01765,S0004789,viewed,,,
2025-09-30,2025-09,United States,Sports,Desktop,U01795,S0000066,viewed,,,
2025-09-30,2025-09,United States,Sports,Mobile,U01877,S0000167,add_to_cart,,,
2025-09-30,2025-09,United States,Sports,Mobile,U01877,S0000167,viewed,,,
2025-09-30,2025-09,United States,Beauty,Desktop,U00175,S0000309,viewed,,,
2025-09-30,2025-09,United States,Beauty,Desktop,U00819,S0000321,add_to_cart,,,
2025-09-30,2025-09,United States,Beauty,Desktop,U00819,S0000321,viewed,,,
2025-09-30,2025-09,United Kingdom,Sports,Mobile,U01494,S0000338,add_to_cart,,,
2025-09-30,2025-09,United Kingdom,Sports,Mobile,U01494,S0000338,viewed,,,
2025-09-30,2025-09,United Kingdom,Home,Desktop,U01515,S0000368,add_to_cart,,,
2025-09-30,2025-09,United Kingdom,Home,Desktop,U01515,S0000368,viewed,,,
2025-09-30,2025-09,United States,Apparel,Mobile,U01750,S0000403,add_to_cart,,,
2025-09-30,2025-09,United States,Apparel,Mobile,U01750,S0000403,checkout_started,,,
2025-09-30,2025-09,United States,Apparel,Mobile,U01750,S0000403,purchased,2.0,43.209838609325615,86.42
2025-09-30,2025-09,United States,Apparel,Mobile,U01750,S0000403,viewed,,,
2025-09-30,2025-09,United States,Sports,Desktop,U01594,S0000525,viewed,,,
2025-09-30,2025-09,United States,Electronics,Desktop,U01686,S0000554,viewed,,,
2025-09-30,2025-09,Canada,Beauty,Desktop,U02210,S0000595,add_to_cart,,,
2025-09-30,2025-09,Canada,Beauty,Desktop,U02210,S0000595,checkout_started,,,
2025-09-30,2025-09,Canada,Beauty,Desktop,U02210,S0000595,purchased,3.0,29.91576123808064,89.75
2025-09-30,2025-09,Canada,Beauty,Desktop,U02210,S0000595,viewed,,,
2025-09-30,2025-09,United States,Home,Mobile,U01173,S0000607,viewed,,,
2025-09-30,2025-09,Canada,Sports,Mobile,U01463,S0000799,viewed,,,
2025-09-30,2025-09,United States,Sports,Mobile,U01576,S0000968,viewed,,,
2025-09-30,2025-09,United States,Sports,Desktop,U01427,S0000988,add_to_cart,,,
2025-09-30,2025-09,United States,Sports,Desktop,U01427,S0000988,viewed,,,
2025-09-30,2025-09,United Kingdom,Home,Desktop,U01938,S0001177,add_to_cart,,,
2025-09-30,2025-09,United Kingdom,Home,Desktop,U01938,S0001177,viewed,,,
2025-09-30,2025-09,Canada,Home,Mobile,U00163,S0001249,add_to_cart,,,
2025-09-30,2025-09,Canada,Home,Mobile,U00163,S0001249,checkout_started,,,
2025-09-30,2025-09,Canada,Home,Mobile,U00163,S0001249,purchased,3.0,83.94003080696889,251.82
2025-09-30,2025-09,Canada,Home,Mobile,U00163,S0001249,viewed,,,
2025-09-30,2025-09,United States,Beauty,Mobile,U01820,S0001388,viewed,,,
2025-09-30,2025-09,Canada,Electronics,Mobile,U02399,S0001404,viewed,,,
2025-09-30,2025-09,Canada,Apparel,Mobile,U01588,S0001435,viewed,,,
2025-09-30,2025-09,Germany,Beauty,Mobile,U00195,S0001439,add_to_cart,,,
2025-09-30,2025-09,Germany,Beauty,Mobile,U00195,S0001439,viewed,,,
2025-09-30,2025-09,Germany,Apparel,Desktop,U01438,S0001504,viewed,,,
2025-09-30,2025-09,United States,Electronics,Mobile,U00038,S0001527,viewed,,,
2025-09-30,2025-09,Canada,Electronics,Mobile,U01095,S0001576,add_to_cart,,,
2025-09-30,2025-09,Canada,Electronics,Mobile,U01095,S0001576,viewed,,,
2025-09-30,2025-09,United States,Sports,Mobile,U01505,S0001586,viewed,,,
2025-09-30,2025-09,United States,Sports,Mobile,U00830,S0001604,add_to_cart,,,
2025-09-30,2025-09,United States,Sports,Mobile,U00830,S0001604,checkout_started,,,
2025-09-30,2025-09,United States,Sports,Mobile,U00830,S0001604,purchased,3.0,43.269953667419436,129.81
2025-09-30,2025-09,United States,Sports,Mobile,U00830,S0001604,viewed,,,
2025-09-30,2025-09,United States,Apparel,Mobile,U02380,S0001756,viewed,,,
2025-09-30,2025-09,Germany,Home,Mobile,U01437,S0001950,viewed,,,
2025-09-30,2025-09,Australia,Electronics,Mobile,U02106,S0002016,viewed,,,
2025-09-30,2025-09,Germany,Home,Mobile,U01904,S0002083,viewed,,,
2025-09-30,2025-09,United States,Sports,Mobile,U02530,S0002130,viewed,,,
2025-09-30,2025-09,United Kingdom,Sports,Mobile,U01006,S0002152,viewed,,,
2025-09-30,2025-09,United Kingdom,Apparel,Mobile,U01533,S0002167,viewed,,,
2025-09-30,2025-09,Germany,Sports,Mobile,U00792,S0002271,add_to_cart,,,
2025-09-30,2025-09,Germany,Sports,Mobile,U00792,S0002271,checkout_started,,,
2025-09-30,2025-09,Germany,Sports,Mobile,U00792,S0002271,viewed,,,
2025-09-30,2025-09,Australia,Electronics,Mobile,U00161,S0002272,add_to_cart,,,
2025-09-30,2025-09,Australia,Electronics,Mobile,U00161,S0002272,checkout_started,,,
2025-09-30,2025-09,Australia,Electronics,Mobile,U00161,S0002272,purchased,2.0,139.88266375629578,279.77
2025-09-30,2025-09,Australia,Electronics,Mobile,U00161,S0002272,viewed,,,
2025-09-30,2025-09,United States,Sports,Tablet,U01855,S0002283,viewed,,,
2025-09-30,2025-09,United States,Beauty,Mobile,U01965,S0002292,viewed,,,
2025-09-30,2025-09,United States,Home,Mobile,U01405,S0002307,add_to_cart,,,
2025-09-30,2025-09,United States,Home,Mobile,U01405,S0002307,checkout_started,,,
2025-09-30,2025-09,United States,Home,Mobile,U01405,S0002307,viewed,,,
2025-09-30,2025-09,United Kingdom,Beauty,Desktop,U00492,S0002484,viewed,,,
2025-09-30,2025-09,United States,Electronics,Mobile,U00230,S0002526,viewed,,,
2025-09-30,2025-09,United States,Home,Desktop,U00578,S0002537,viewed,,,
2025-09-30,2025-09,United Kingdom,Home,Mobile,U01277,S0002552,viewed,,,
2025-09-30,2025-09,Australia,Apparel,Mobile,U00400,S0002588,viewed,,,
2025-09-30,2025-09,United States,Home,Mobile,U01828,S0002867,viewed,,,
2025-09-30,2025-09,Canada,Apparel,Mobile,U00881,S0002921,viewed,,,
2025-09-30,2025-09,United States,Electronics,Desktop,U00712,S0002928,viewed,,,
2025-09-30,2025-09,United States,Sports,Mobile,U01298,S0003447,add_to_cart,,,
2025-09-30,2025-09,United States,Sports,Mobile,U01298,S0003447,checkout_started,,,
2025-09-30,2025-09,United States,Sports,Mobile,U01298,S0003447,purchased,3.0,85.00404553355293,255.01
2025-09-30,2025-09,United States,Sports,Mobile,U01298,S0003447,viewed,,,
2025-09-30,2025-09,United Kingdom,Beauty,Tablet,U02029,S0003735,viewed,,,
2025-09-30,2025-09,United States,Sports,Desktop,U00508,S0003756,viewed,,,
2025-09-30,2025-09,Germany,Apparel,Desktop,U00934,S0003790,add_to_cart,,,
2025-09-30,2025-09,Germany,Apparel,Desktop,U00934,S0003790,checkout_started,,,
2025-09-30,2025-09,Germany,Apparel,Desktop,U00934,S0003790,viewed,,,
2025-09-30,2025-09,United States,Apparel,Mobile,U00745,S0003859,viewed,,,
2025-09-30,2025-09,Germany,Apparel,Mobile,U01160,S0004001,viewed,,,
2025-09-30,2025-09,United States,Home,Mobile,U00080,S0004051,add_to_cart,,,
2025-09-30,2025-09,United States,Home,Mobile,U00080,S0004051,checkout_started,,,
2025-09-30,2025-09,United States,Home,Mobile,U00080,S0004051,viewed,,,
2025-09-30,2025-09,United Kingdom,Apparel,Mobile,U01089,S0004075,add_to_cart,,,
2025-09-30,2025-09,United Kingdom,Apparel,Mobile,U01089,S0004075,viewed,,,
2025-09-30,2025-09,United States,Beauty,Mobile,U00651,S0004110,add_to_cart,,,
2025-09-30,2025-09,United States,Beauty,Mobile,U00651,S0004110,checkout_started,,,
2025-09-30,2025-09,United States,Beauty,Mobile,U00651,S0004110,purchased,2.0,44.69244899348066,89.38
2025-09-30,2025-09,United States,Beauty,Mobile,U00651,S0004110,viewed,,,
2025-09-30,2025-09,Australia,Home,Mobile,U01095,S0004377,add_to_cart,,,
2025-09-30,2025-09,Australia,Home,Mobile,U01095,S0004377,checkout_started,,,
2025-09-30,2025-09,Australia,Home,Mobile,U01095,S0004377,purchased,4.0,88.49747576288995,353.99
2025-09-30,2025-09,Australia,Home,Mobile,U01095,S0004377,viewed,,,
2025-09-30,2025-09,Canada,Beauty,Desktop,U00348,S0004410,viewed,,,
2025-09-30,2025-09,Australia,Beauty,Desktop,U00129,S0004476,viewed,,,
2025-09-30,2025-09,United Kingdom,Home,Desktop,U01897,S0004612,viewed,,,
2025-09-30,2025-09,Canada,Sports,Mobile,U00040,S0004681,viewed,,,
2025-09-30,2025-09,United Kingdom,Electronics,Mobile,U00653,S0004868,add_to_cart,,,
2025-09-30,2025-09,United Kingdom,Electronics,Mobile,U00653,S0004868,checkout_started,,,
2025-09-30,2025-09,United Kingdom,Electronics,Mobile,U00653,S0004868,viewed,,,
2025-10-01,2025-10,United States,Apparel,Desktop,U00858,S0000077,add_to_cart,,,
2025-10-01,2025-10,United States,Apparel,Desktop,U00858,S0000077,checkout_started,,,
2025-10-01,2025-10,United States,Apparel,Desktop,U00858,S0000077,purchased,1.0,56.10063198778747,56.1
2025-10-01,2025-10,United States,Apparel,Desktop,U00858,S0000077,viewed,,,
2025-10-01,2025-10,United States,Sports,Mobile,U00917,S0000169,viewed,,,
2025-10-01,2025-10,Germany,Home,Mobile,U01457,S0000254,add_to_cart,,,
2025-10-01,2025-10,Germany,Home,Mobile,U01457,S0000254,checkout_started,,,
2025-10-01,2025-10,Germany,Home,Mobile,U01457,S0000254,purchased,2.0,47.15680776828256,94.31
2025-10-01,2025-10,Germany,Home,Mobile,U01457,S0000254,viewed,,,
2025-10-01,2025-10,United Kingdom,Home,Mobile,U01896,S0000294,add_to_cart,,,
2025-10-01,2025-10,United Kingdom,Home,Mobile,U01896,S0000294,checkout_started,,,
2025-10-01,2025-10,United Kingdom,Home,Mobile,U01896,S0000294,purchased,1.0,104.48745642492801,104.49
2025-10-01,2025-10,United Kingdom,Home,Mobile,U01896,S0000294,viewed,,,
2025-10-01,2025-10,United States,Electronics,Desktop,U02037,S0000371,viewed,,,
2025-10-01,2025-10,Germany,Electronics,Mobile,U00554,S0000487,viewed,,,
2025-10-01,2025-10,United States,Home,Mobile,U01452,S0000632,viewed,,,
2025-10-01,2025-10,United States,Home,Mobile,U00141,S0000646,add_to_cart,,,
2025-10-01,2025-10,United States,Home,Mobile,U00141,S0000646,checkout_started,,,
2025-10-01,2025-10,United States,Home,Mobile,U00141,S0000646,viewed,,,
2025-10-01,2025-10,United Kingdom,Home,Tablet,U02419,S0000738,viewed,,,
2025-10-01,2025-10,United States,Sports,Mobile,U00725,S0001030,viewed,,,
2025-10-01,2025-10,United States,Home,Mobile,U00390,S0001069,add_to_cart,,,
2025-10-01,2025-10,United States,Home,Mobile,U00390,S0001069,checkout_started,,,
2025-10-01,2025-10,United States,Home,Mobile,U00390,S0001069,purchased,2.0,110.63027009805057,221.26
2025-10-01,2025-10,United States,Home,Mobile,U00390,S0001069,viewed,,,
2025-10-01,2025-10,Australia,Electronics,Tablet,U00818,S0001095,viewed,,,
2025-10-01,2025-10,Canada,Electronics,Desktop,U00180,S0001145,viewed,,,
2025-10-01,2025-10,United States,Electronics,Desktop,U00899,S0001494,viewed,,,
2025-10-01,2025-10,United Kingdom,Home,Mobile,U00718,S0001511,viewed,,,
2025-10-01,2025-10,United Kingdom,Electronics,Desktop,U00264,S0001514,add_to_cart,,,
2025-10-01,2025-10,United Kingdom,Electronics,Desktop,U00264,S0001514,checkout_started,,,
2025-10-01,2025-10,United Kingdom,Electronics,Desktop,U00264,S0001514,purchased,4.0,97.3109901319032,389.24
2025-10-01,2025-10,United Kingdom,Electronics,Desktop,U00264,S0001514,viewed,,,
2025-10-01,2025-10,United States,Electronics,Desktop,U01359,S0001777,add_to_cart,,,
2025-10-01,2025-10,United States,Electronics,Desktop,U01359,S0001777,checkout_started,,,
2025-10-01,2025-10,United States,Electronics,Desktop,U01359,S0001777,purchased,2.0,103.76683895734482,207.53
2025-10-01,2025-10,United States,Electronics,Desktop,U01359,S0001777,viewed,,,
2025-10-01,2025-10,United States,Home,Mobile,U01664,S0001905,add_to_cart,,,
2025-10-01,2025-10,United States,Home,Mobile,U01664,S0001905,checkout_started,,,
2025-10-01,2025-10,United States,Home,Mobile,U01664,S0001905,purchased,3.0,76.03261500386871,228.1
2025-10-01,2025-10,United States,Home,Mobile,U01664,S0001905,viewed,,,
2025-10-01,2025-10,United Kingdom,Sports,Desktop,U00517,S0001915,add_to_cart,,,
2025-10-01,2025-10,United Kingdom,Sports,Desktop,U00517,S0001915,viewed,,,
2025-10-01,2025-10,United States,Electronics,Mobile,U01632,S0002069,add_to_cart,,,
2025-10-01,2025-10,United States,Electronics,Mobile,U01632,S0002069,checkout_started,,,
2025-10-01,2025-10,United States,Electronics,Mobile,U01632,S0002069,purchased,1.0,189.76525615547754,189.77
2025-10-01,2025-10,United States,Electronics,Mobile,U01632,S0002069,viewed,,,
2025-10-01,2025-10,Canada,Electronics,Desktop,U01225,S0002092,viewed,,,
2025-10-01,2025-10,Canada,Electronics,Desktop,U01555,S0002151,viewed,,,
2025-10-01,2025-10,United States,Sports,Desktop,U00192,S0002160,viewed,,,
2025-10-01,2025-10,Australia,Sports,Mobile,U00338,S0002204,viewed,,,
2025-10-01,2025-10,United States,Electronics,Desktop,U00096,S0002347,viewed,,,
2025-10-01,2025-10,Australia,Home,Mobile,U00333,S0002576,viewed,,,
2025-10-01,2025-10,United States,Electronics,Mobile,U00378,S0002637,add_to_cart,,,
2025-10-01,2025-10,United States,Electronics,Mobile,U00378,S0002637,checkout_started,,,
2025-10-01,2025-10,United States,Electronics,Mobile,U00378,S0002637,viewed,,,
2025-10-01,2025-10,United Kingdom,Home,Desktop,U01879,S0002650,add_to_cart,,,
2025-10-01,2025-10,United Kingdom,Home,Desktop,U01879,S0002650,checkout_started,,,
2025-10-01,2025-10,United Kingdom,Home,Desktop,U01879,S0002650,purchased,1.0,128.94965244276167,128.95
2025-10-01,2025-10,United Kingdom,Home,Desktop,U01879,S0002650,viewed,,,
2025-10-01,2025-10,Germany,Electronics,Desktop,U02548,S0003043,add_to_cart,,,
2025-10-01,2025-10,Germany,Electronics,Desktop,U02548,S0003043,checkout_started,,,
2025-10-01,2025-10,Germany,Electronics,Desktop,U02548,S0003043,purchased,1.0,158.7040959925807,158.7
2025-10-01,2025-10,Germany,Electronics,Desktop,U02548,S0003043,viewed,,,
2025-10-01,2025-10,United States,Electronics,Mobile,U00254,S0003395,add_to_cart,,,
2025-10-01,2025-10,United States,Electronics,Mobile,U00254,S0003395,viewed,,,
2025-10-01,2025-10,Canada,Beauty,Desktop,U01765,S0003434,viewed,,,
2025-10-01,2025-10,United States,Beauty,Mobile,U02493,S0003522,viewed,,,
2025-10-01,2025-10,United States,Beauty,Desktop,U02365,S0003574,viewed,,,
2025-10-01,2025-10,United States,Electronics,Desktop,U00826,S0003607,add_to_cart,,,
2025-10-01,2025-10,United States,Electronics,Desktop,U00826,S0003607,checkout_started,,,
2025-10-01,2025-10,United States,Electronics,Desktop,U00826,S0003607,viewed,,,
2025-10-01,2025-10,United States,Beauty,Mobile,U02286,S0003623,add_to_cart,,,
2025-10-01,2025-10,United States,Beauty,Mobile,U02286,S0003623,checkout_started,,,
2025-10-01,2025-10,United States,Beauty,Mobile,U02286,S0003623,purchased,4.0,61.43561119698117,245.74
2025-10-01,2025-10,United States,Beauty,Mobile,U02286,S0003623,viewed,,,
2025-10-01,2025-10,Canada,Apparel,Mobile,U00600,S0003659,viewed,,,
2025-10-01,2025-10,United States,Electronics,Mobile,U01991,S0003694,add_to_cart,,,
2025-10-01,2025-10,United States,Electronics,Mobile,U01991,S0003694,checkout_started,,,
2025-10-01,2025-10,United States,Electronics,Mobile,U01991,S0003694,purchased,2.0,166.37426940603657,332.75
2025-10-01,2025-10,United States,Electronics,Mobile,U01991,S0003694,viewed,,,
2025-10-01,2025-10,United States,Home,Desktop,U02189,S0003770,viewed,,,
2025-10-01,2025-10,Australia,Home,Mobile,U02379,S0003772,add_to_cart,,,
2025-10-01,2025-10,Australia,Home,Mobile,U02379,S0003772,viewed,,,
2025-10-01,2025-10,Australia,Home,Desktop,U01284,S0003996,add_to_cart,,,
2025-10-01,2025-10,Australia,Home,Desktop,U01284,S0003996,checkout_started,,,
2025-10-01,2025-10,Australia,Home,Desktop,U01284,S0003996,purchased,3.0,65.89584408277886,197.69
2025-10-01,2025-10,Australia,Home,Desktop,U01284,S0003996,viewed,,,
2025-10-01,2025-10,United States,Apparel,Desktop,U01907,S0004041,add_to_cart,,,
2025-10-01,2025-10,United States,Apparel,Desktop,U01907,S0004041,viewed,,,
2025-10-01,2025-10,Australia,Home,Mobile,U01068,S0004049,add_to_cart,,,
2025-10-01,2025-10,Australia,Home,Mobile,U01068,S0004049,viewed,,,
2025-10-01,2025-10,Australia,Apparel,Mobile,U00738,S0004100,viewed,,,
2025-10-01,2025-10,United States,Home,Mobile,U02189,S0004151,add_to_cart,,,
2025-10-01,2025-10,United States,Home,Mobile,U02189,S0004151,viewed,,,
2025-10-01,2025-10,United States,Electronics,Desktop,U00737,S0004241,viewed,,,
2025-10-01,2025-10,United States,Sports,Mobile,U00861,S0004256,viewed,,,
2025-10-01,2025-10,Canada,Electronics,Mobile,U01240,S0004257,add_to_cart,,,
2025-10-01,2025-10,Canada,Electronics,Mobile,U01240,S0004257,checkout_started,,,
2025-10-01,2025-10,Canada,Electronics,Mobile,U01240,S0004257,purchased,1.0,137.0204378352965,137.02
2025-10-01,2025-10,Canada,Electronics,Mobile,U01240,S0004257,viewed,,,
2025-10-01,2025-10,Canada,Beauty,Tablet,U02274,S0004338,viewed,,,
2025-10-01,2025-10,United States,Home,Mobile,U01118,S0004389,add_to_cart,,,
2025-10-01,2025-10,United States,Home,Mobile,U01118,S0004389,checkout_started,,,
2025-10-01,2025-10,United States,Home,Mobile,U01118,S0004389,viewed,,,
2025-10-01,2025-10,United States,Electronics,Mobile,U02114,S0004413,viewed,,,
2025-10-01,2025-10,Canada,Electronics,Mobile,U01088,S0004441,viewed,,,
2025-10-01,2025-10,United States,Sports,Mobile,U01027,S0004497,add_to_cart,,,
2025-10-01,2025-10,United States,Sports,Mobile,U01027,S0004497,checkout_started,,,
2025-10-01,2025-10,United States,Sports,Mobile,U01027,S0004497,purchased,3.0,121.55753518202108,364.67
2025-10-01,2025-10,United States,Sports,Mobile,U01027,S0004497,viewed,,,
2025-10-01,2025-10,United States,Home,Desktop,U02179,S0004653,add_to_cart,,,
2025-10-01,2025-10,United States,Home,Desktop,U02179,S0004653,viewed,,,
2025-10-01,2025-10,Canada,Apparel,Mobile,U00636,S0004744,viewed,,,
2025-10-01,2025-10,United States,Beauty,Mobile,U02191,S0004777,add_to_cart,,,
2025-10-01,2025-10,United States,Beauty,Mobile,U02191,S0004777,viewed,,,
2025-10-01,2025-10,United States,Sports,Mobile,U01774,S0004818,viewed,,,
2025-10-01,2025-10,United States,Electronics,Mobile,U00167,S0004925,viewed,,,
2025-10-01,2025-10,United States,Beauty,Desktop,U01066,S0004951,add_to_cart,,,
2025-10-01,2025-10,United States,Beauty,Desktop,U01066,S0004951,checkout_started,,,
2025-10-01,2025-10,United States,Beauty,Desktop,U01066,S0004951,purchased,3.0,49.02239885232446,147.07
2025-10-01,2025-10,United States,Beauty,Desktop,U01066,S0004951,viewed,,,
2025-10-02,2025-10,United States,Home,Desktop,U00209,S0000139,viewed,,,
2025-10-02,2025-10,United States,Electronics,Tablet,U02435,S0000197,viewed,,,
2025-10-02,2025-10,United Kingdom,Apparel,Mobile,U01478,S0000199,viewed,,,
2025-10-02,2025-10,Germany,Home,Mobile,U01638,S0000268,viewed,,,
2025-10-02,2025-10,United Kingdom,Electronics,Mobile,U01088,S0000627,add_to_cart,,,
2025-10-02,2025-10,United Kingdom,Electronics,Mobile,U01088,S0000627,checkout_started,,,
2025-10-02,2025-10,United Kingdom,Electronics,Mobile,U01088,S0000627,purchased,3.0,146.0376014933419,438.11
2025-10-02,2025-10,United Kingdom,Electronics,Mobile,U01088,S0000627,viewed,,,
2025-10-02,2025-10,United States,Apparel,Mobile,U00130,S0000991,add_to_cart,,,
2025-10-02,2025-10,United States,Apparel,Mobile,U00130,S0000991,viewed,,,
2025-10-02,2025-10,United States,Home,Mobile,U00043,S0001142,viewed,,,
2025-10-02,2025-10,Australia,Home,Tablet,U00695,S0001160,add_to_cart,,,
2025-10-02,2025-10,Australia,Home,Tablet,U00695,S0001160,checkout_started,,,
2025-10-02,2025-10,Australia,Home,Tablet,U00695,S0001160,purchased,4.0,73.25530182461637,293.02
2025-10-02,2025-10,Australia,Home,Tablet,U00695,S0001160,viewed,,,
2025-10-02,2025-10,Australia,Apparel,Desktop,U01179,S0001176,viewed,,,
2025-10-02,2025-10,United States,Apparel,Mobile,U01750,S0001236,viewed,,,
2025-10-02,2025-10,United States,Sports,Mobile,U01562,S0001330,viewed,,,
2025-10-02,2025-10,United States,Apparel,Desktop,U01814,S0001357,viewed,,,
2025-10-02,2025-10,United States,Home,Desktop,U00210,S0001372,viewed,,,
2025-10-02,2025-10,Canada,Home,Desktop,U01580,S0001383,add_to_cart,,,
2025-10-02,2025-10,Canada,Home,Desktop,U01580,S0001383,checkout_started,,,
2025-10-02,2025-10,Canada,Home,Desktop,U01580,S0001383,purchased,2.0,113.17513916757703,226.35
2025-10-02,2025-10,Canada,Home,Desktop,U01580,S0001383,viewed,,,
2025-10-02,2025-10,Australia,Apparel,Mobile,U01928,S0001407,viewed,,,
2025-10-02,2025-10,United Kingdom,Electronics,Desktop,U02512,S0001592,add_to_cart,,,
2025-10-02,2025-10,United Kingdom,Electronics,Desktop,U02512,S0001592,checkout_started,,,
2025-10-02,2025-10,United Kingdom,Electronics,Desktop,U02512,S0001592,purchased,1.0,156.8962807922533,156.9
2025-10-02,2025-10,United Kingdom,Electronics,Desktop,U02512,S0001592,viewed,,,
2025-10-02,2025-10,United States,Apparel,Desktop,U00369,S0001647,viewed,,,
2025-10-02,2025-10,United States,Apparel,Mobile,U00779,S0001711,viewed,,,
2025-10-02,2025-10,United States,Home,Tablet,U01461,S0001771,viewed,,,
2025-10-02,2025-10,United States,Apparel,Desktop,U00360,S0001782,viewed,,,
2025-10-02,2025-10,United Kingdom,Apparel,Mobile,U02213,S0001793,viewed,,,
2025-10-02,2025-10,Australia,Sports,Mobile,U02136,S0001900,viewed,,,
2025-10-02,2025-10,Australia,Home,Mobile,U01758,S0001974,add_to_cart,,,
2025-10-02,2025-10,Australia,Home,Mobile,U01758,S0001974,checkout_started,,,
2025-10-02,2025-10,Australia,Home,Mobile,U01758,S0001974,purchased,2.0,84.7116546358467,169.42
2025-10-02,2025-10,Australia,Home,Mobile,U01758,S0001974,viewed,,,
2025-10-02,2025-10,United States,Apparel,Desktop,U00543,S0001978,add_to_cart,,,
2025-10-02,2025-10,United States,Apparel,Desktop,U00543,S0001978,checkout_started,,,
2025-10-02,2025-10,United States,Apparel,Desktop,U00543,S0001978,viewed,,,
2025-10-02,2025-10,Germany,Apparel,Desktop,U02389,S0002030,viewed,,,
2025-10-02,2025-10,Canada,Electronics,Mobile,U00594,S0002074,viewed,,,
2025-10-02,2025-10,United States,Electronics,Tablet,U02376,S0002323,viewed,,,
2025-10-02,2025-10,Australia,Apparel,Desktop,U00640,S0002327,viewed,,,
2025-10-02,2025-10,United States,Sports,Desktop,U01892,S0002367,add_to_cart,,,
2025-10-02,2025-10,United States,Sports,Desktop,U01892,S0002367,viewed,,,
2025-10-02,2025-10,United States,Beauty,Desktop,U01415,S0002461,viewed,,,
2025-10-02,2025-10,United States,Apparel,Tablet,U00071,S0002485,viewed,,,
2025-10-02,2025-10,Australia,Electronics,Desktop,U00291,S0002491,viewed,,,
2025-10-02,2025-10,United States,Beauty,Mobile,U01462,S0002590,viewed,,,
2025-10-02,2025-10,United States,Beauty,Mobile,U01214,S0002740,add_to_cart,,,
2025-10-02,2025-10,United States,Beauty,Mobile,U01214,S0002740,viewed,,,
2025-10-02,2025-10,United States,Home,Desktop,U00883,S0002998,viewed,,,
2025-10-02,2025-10,United States,Apparel,Tablet,U01808,S0003085,add_to_cart,,,
2025-10-02,2025-10,United States,Apparel,Tablet,U01808,S0003085,viewed,,,
2025-10-02,2025-10,United States,Home,Desktop,U01360,S0003091,viewed,,,
2025-10-02,2025-10,Canada,Apparel,Desktop,U01402,S0003174,viewed,,,
2025-10-02,2025-10,United Kingdom,Apparel,Mobile,U02501,S0003213,viewed,,,
2025-10-02,2025-10,United States,Beauty,Mobile,U01590,S0003251,add_to_cart,,,
2025-10-02,2025-10,United States,Beauty,Mobile,U01590,S0003251,checkout_started,,,
2025-10-02,2025-10,United States,Beauty,Mobile,U01590,S0003251,purchased,1.0,23.726521593149833,23.73
2025-10-02,2025-10,United States,Beauty,Mobile,U01590,S0003251,viewed,,,
2025-10-02,2025-10,Australia,Home,Desktop,U01199,S0003487,add_to_cart,,,
2025-10-02,2025-10,Australia,Home,Desktop,U01199,S0003487,checkout_started,,,
2025-10-02,2025-10,Australia,Home,Desktop,U01199,S0003487,purchased,1.0,114.89433496933454,114.89
2025-10-02,2025-10,Australia,Home,Desktop,U01199,S0003487,viewed,,,
2025-10-02,2025-10,United Kingdom,Sports,Mobile,U00752,S0003558,add_to_cart,,,
2025-10-02,2025-10,United Kingdom,Sports,Mobile,U00752,S0003558,checkout_started,,,
2025-10-02,2025-10,United Kingdom,Sports,Mobile,U00752,S0003558,viewed,,,
2025-10-02,2025-10,United Kingdom,Home,Mobile,U02593,S0003597,viewed,,,
2025-10-02,2025-10,United States,Electronics,Mobile,U02585,S0003729,add_to_cart,,,
2025-10-02,2025-10,United States,Electronics,Mobile,U02585,S0003729,viewed,,,
2025-10-02,2025-10,United Kingdom,Home,Desktop,U00589,S0003827,viewed,,,
2025-10-02,2025-10,United Kingdom,Home,Mobile,U02589,S0003986,add_to_cart,,,
2025-10-02,2025-10,United Kingdom,Home,Mobile,U02589,S0003986,checkout_started,,,
2025-10-02,2025-10,United Kingdom,Home,Mobile,U02589,S0003986,purchased,2.0,118.98486988836916,237.97
2025-10-02,2025-10,United Kingdom,Home,Mobile,U02589,S0003986,viewed,,,
2025-10-02,2025-10,Canada,Apparel,Desktop,U01700,S0004066,viewed,,,
2025-10-02,2025-10,United States,Beauty,Mobile,U02542,S0004192,add_to_cart,,,
2025-10-02,2025-10,United States,Beauty,Mobile,U02542,S0004192,checkout_started,,,
2025-10-02,2025-10,United States,Beauty,Mobile,U02542,S0004192,viewed,,,
2025-10-02,2025-10,United States,Sports,Mobile,U00881,S0004203,viewed,,,
2025-10-02,2025-10,Australia,Apparel,Desktop,U00277,S0004218,viewed,,,
2025-10-02,2025-10,United Kingdom,Beauty,Desktop,U02106,S0004229,add_to_cart,,,
2025-10-02,2025-10,United Kingdom,Beauty,Desktop,U02106,S0004229,viewed,,,
2025-10-02,2025-10,United Kingdom,Electronics,Mobile,U02208,S0004254,viewed,,,
2025-10-02,2025-10,Germany,Sports,Mobile,U02262,S0004255,viewed,,,
2025-10-02,2025-10,United States,Home,Mobile,U00900,S0004439,viewed,,,
2025-10-02,2025-10,United States,Apparel,Desktop,U00823,S0004462,add_to_cart,,,
2025-10-02,2025-10,United States,Apparel,Desktop,U00823,S0004462,viewed,,,
2025-10-02,2025-10,United States,Sports,Desktop,U00288,S0004500,add_to_cart,,,
2025-10-02,2025-10,United States,Sports,Desktop,U00288,S0004500,checkout_started,,,
2025-10-02,2025-10,United States,Sports,Desktop,U00288,S0004500,purchased,2.0,84.47578033299814,168.95
2025-10-02,2025-10,United States,Sports,Desktop,U00288,S0004500,viewed,,,
2025-10-02,2025-10,Canada,Apparel,Desktop,U02382,S0004566,add_to_cart,,,
2025-10-02,2025-10,Canada,Apparel,Desktop,U02382,S0004566,viewed,,,
2025-10-02,2025-10,United Kingdom,Apparel,Mobile,U02578,S0004783,viewed,,,
2025-10-02,2025-10,United States,Sports,Mobile,U02428,S0004889,add_to_cart,,,
2025-10-02,2025-10,United States,Sports,Mobile,U02428,S0004889,viewed,,,
2025-10-02,2025-10,United States,Beauty,Mobile,U01508,S0004901,add_to_cart,,,
2025-10-02,2025-10,United States,Beauty,Mobile,U01508,S0004901,checkout_started,,,
2025-10-02,2025-10,United States,Beauty,Mobile,U01508,S0004901,purchased,4.0,38.70120713095838,154.8
2025-10-02,2025-10,United States,Beauty,Mobile,U01508,S0004901,viewed,,,
2025-10-02,2025-10,United Kingdom,Electronics,Mobile,U01615,S0004940,viewed,,,
2025-10-02,2025-10,Canada,Home,Mobile,U00418,S0004968,viewed,,,
2025-10-03,2025-10,United States,Apparel,Mobile,U01465,S0000044,add_to_cart,,,
2025-10-03,2025-10,United States,Apparel,Mobile,U01465,S0000044,checkout_started,,,
2025-10-03,2025-10,United States,Apparel,Mobile,U01465,S0000044,purchased,2.0,35.3210504764944,70.64
2025-10-03,2025-10,United States,Apparel,Mobile,U01465,S0000044,viewed,,,
2025-10-03,2025-10,United States,Sports,Mobile,U01136,S0000521,viewed,,,
2025-10-03,2025-10,United States,Apparel,Mobile,U00535,S0000979,viewed,,,
2025-10-03,2025-10,Germany,Apparel,Desktop,U00863,S0001312,viewed,,,
2025-10-03,2025-10,Canada,Sports,Desktop,U01975,S0001363,viewed,,,
2025-10-03,2025-10,United States,Beauty,Mobile,U00973,S0001685,add_to_cart,,,
2025-10-03,2025-10,United States,Beauty,Mobile,U00973,S0001685,checkout_started,,,
2025-10-03,2025-10,United States,Beauty,Mobile,U00973,S0001685,purchased,1.0,46.3619743992291,46.36
2025-10-03,2025-10,United States,Beauty,Mobile,U00973,S0001685,viewed,,,
2025-10-03,2025-10,Germany,Sports,Mobile,U01368,S0001757,viewed,,,
2025-10-03,2025-10,United States,Electronics,Mobile,U01605,S0001831,add_to_cart,,,
2025-10-03,2025-10,United States,Electronics,Mobile,U01605,S0001831,checkout_started,,,
2025-10-03,2025-10,United States,Electronics,Mobile,U01605,S0001831,purchased,1.0,152.48715465936687,152.49
2025-10-03,2025-10,United States,Electronics,Mobile,U01605,S0001831,viewed,,,
2025-10-03,2025-10,United States,Sports,Tablet,U00719,S0002282,viewed,,,
2025-10-03,2025-10,United Kingdom,Electronics,Desktop,U02490,S0002425,viewed,,,
2025-10-03,2025-10,United States,Electronics,Desktop,U00235,S0002490,viewed,,,
2025-10-03,2025-10,United States,Home,Desktop,U00221,S0002562,viewed,,,
2025-10-03,2025-10,Canada,Apparel,Mobile,U00025,S0002585,add_to_cart,,,
2025-10-03,2025-10,Canada,Apparel,Mobile,U00025,S0002585,viewed,,,
2025-10-03,2025-10,United States,Sports,Mobile,U02131,S0002885,add_to_cart,,,
2025-10-03,2025-10,United States,Sports,Mobile,U02131,S0002885,viewed,,,
2025-10-03,2025-10,United States,Electronics,Tablet,U00180,S0002910,add_to_cart,,,
2025-10-03,2025-10,United States,Electronics,Tablet,U00180,S0002910,checkout_started,,,
2025-10-03,2025-10,United States,Electronics,Tablet,U00180,S0002910,viewed,,,
2025-10-03,2025-10,United States,Sports,Desktop,U00744,S0003021,viewed,,,
2025-10-03,2025-10,United Kingdom,Home,Mobile,U01695,S0003054,viewed,,,
2025-10-03,2025-10,Germany,Apparel,Desktop,U00276,S0003406,add_to_cart,,,
2025-10-03,2025-10,Germany,Apparel,Desktop,U00276,S0003406,checkout_started,,,
2025-10-03,2025-10,Germany,Apparel,Desktop,U00276,S0003406,purchased,4.0,31.531586895841023,126.13
2025-10-03,2025-10,Germany,Apparel,Desktop,U00276,S0003406,viewed,,,
2025-10-03,2025-10,United States,Electronics,Mobile,U00243,S0003407,viewed,,,
2025-10-03,2025-10,Australia,Apparel,Desktop,U01568,S0003454,viewed,,,
2025-10-03,2025-10,Germany,Beauty,Tablet,U02200,S0003510,viewed,,,
2025-10-03,2025-10,United States,Apparel,Mobile,U01819,S0003717,add_to_cart,,,
2025-10-03,2025-10,United States,Apparel,Mobile,U01819,S0003717,checkout_started,,,
2025-10-03,2025-10,United States,Apparel,Mobile,U01819,S0003717,viewed,,,
2025-10-03,2025-10,Canada,Home,Desktop,U00486,S0003854,viewed,,,
2025-10-03,2025-10,United States,Sports,Mobile,U01193,S0004011,viewed,,,
2025-10-03,2025-10,United States,Apparel,Mobile,U01315,S0004174,add_to_cart,,,
2025-10-03,2025-10,United States,Apparel,Mobile,U01315,S0004174,checkout_started,,,
2025-10-03,2025-10,United States,Apparel,Mobile,U01315,S0004174,purchased,3.0,66.24512951292613,198.74
2025-10-03,2025-10,United States,Apparel,Mobile,U01315,S0004174,viewed,,,
2025-10-03,2025-10,Australia,Apparel,Mobile,U02373,S0004176,add_to_cart,,,
2025-10-03,2025-10,Australia,Apparel,Mobile,U02373,S0004176,checkout_started,,,
2025-10-03,2025-10,Australia,Apparel,Mobile,U02373,S0004176,purchased,1.0,43.02849769443781,43.03
2025-10-03,2025-10,Australia,Apparel,Mobile,U02373,S0004176,viewed,,,
2025-10-03,2025-10,United States,Home,Desktop,U01958,S0004245,viewed,,,
2025-10-03,2025-10,United States,Beauty,Tablet,U01387,S0004267,viewed,,,
2025-10-03,2025-10,United States,Beauty,Desktop,U01059,S0004313,add_to_cart,,,
2025-10-03,2025-10,United States,Beauty,Desktop,U01059,S0004313,checkout_started,,,
2025-10-03,2025-10,United States,Beauty,Desktop,U01059,S0004313,purchased,1.0,44.36756630645576,44.37
2025-10-03,2025-10,United States,Beauty,Desktop,U01059,S0004313,viewed,,,
2025-10-03,2025-10,United States,Sports,Desktop,U01716,S0004350,add_to_cart,,,
2025-10-03,2025-10,United States,Sports,Desktop,U01716,S0004350,checkout_started,,,
2025-10-03,2025-10,United States,Sports,Desktop,U01716,S0004350,purchased,4.0,55.83953263427345,223.36
2025-10-03,2025-10,United States,Sports,Desktop,U01716,S0004350,viewed,,,
2025-10-03,2025-10,United States,Beauty,Mobile,U01897,S0004383,viewed,,,
2025-10-03,2025-10,Australia,Apparel,Mobile,U01162,S0004442,add_to_cart,,,
2025-10-03,2025-10,Australia,Apparel,Mobile,U01162,S0004442,checkout_started,,,
2025-10-03,2025-10,Australia,Apparel,Mobile,U01162,S0004442,viewed,,,
2025-10-03,2025-10,Germany,Apparel,Mobile,U01054,S0004517,viewed,,,
2025-10-03,2025-10,United Kingdom,Apparel,Desktop,U01113,S0004630,add_to_cart,,,
2025-10-03,2025-10,United Kingdom,Apparel,Desktop,U01113,S0004630,viewed,,,
2025-10-03,2025-10,Canada,Home,Mobile,U02387,S0004739,viewed,,,
2025-10-03,2025-10,Germany,Home,Desktop,U00169,S0004831,add_to_cart,,,
2025-10-03,2025-10,Germany,Home,Desktop,U00169,S0004831,checkout_started,,,
2025-10-03,2025-10,Germany,Home,Desktop,U00169,S0004831,purchased,1.0,93.50147019781393,93.5
2025-10-03,2025-10,Germany,Home,Desktop,U00169,S0004831,viewed,,,
2025-10-04,2025-10,Canada,Beauty,Mobile,U02503,S0000053,viewed,,,
2025-10-04,2025-10,United States,Beauty,Mobile,U01603,S0000063,add_to_cart,,,
2025-10-04,2025-10,United States,Beauty,Mobile,U01603,S0000063,checkout_started,,,
2025-10-04,2025-10,United States,Beauty,Mobile,U01603,S0000063,viewed,,,
2025-10-04,2025-10,United Kingdom,Apparel,Mobile,U00231,S0000194,viewed,,,
2025-10-04,2025-10,United States,Apparel,Mobile,U01134,S0000201,add_to_cart,,,
2025-10-04,2025-10,United States,Apparel,Mobile,U01134,S0000201,checkout_started,,,
2025-10-04,2025-10,United States,Apparel,Mobile,U01134,S0000201,viewed,,,
2025-10-04,2025-10,Canada,Home,Mobile,U00175,S0000301,viewed,,,
2025-10-04,2025-10,Australia,Apparel,Desktop,U02083,S0000393,add_to_cart,,,
2025-10-04,2025-10,Australia,Apparel,Desktop,U02083,S0000393,checkout_started,,,
2025-10-04,2025-10,Australia,Apparel,Desktop,U02083,S0000393,purchased,2.0,21.643196033932995,43.29
2025-10-04,2025-10,Australia,Apparel,Desktop,U02083,S0000393,viewed,,,
2025-10-04,2025-10,United Kingdom,Electronics,Desktop,U00104,S0000628,viewed,,,
2025-10-04,2025-10,United States,Apparel,Mobile,U00074,S0000630,viewed,,,
2025-10-04,2025-10,United States,Apparel,Mobile,U00053,S0000746,viewed,,,
2025-10-04,2025-10,United States,Apparel,Mobile,U00818,S0000765,add_to_cart,,,
2025-10-04,2025-10,United States,Apparel,Mobile,U00818,S0000765,viewed,,,
2025-10-04,2025-10,Germany,Beauty,Mobile,U02546,S0000998,viewed,,,
2025-10-04,2025-10,Canada,Home,Mobile,U00368,S0001052,add_to_cart,,,
2025-10-04,2025-10,Canada,Home,Mobile,U00368,S0001052,checkout_started,,,
2025-10-04,2025-10,Canada,Home,Mobile,U00368,S0001052,purchased,2.0,113.09235180472605,226.18
2025-10-04,2025-10,Canada,Home,Mobile,U00368,S0001052,viewed,,,
2025-10-04,2025-10,United States,Sports,Mobile,U01902,S0001138,viewed,,,
2025-10-04,2025-10,United States,Home,Tablet,U01316,S0001271,add_to_cart,,,
2025-10-04,2025-10,United States,Home,Tablet,U01316,S0001271,checkout_started,,,
2025-10-04,2025-10,United States,Home,Tablet,U01316,S0001271,purchased,4.0,35.1400919906082,140.56
2025-10-04,2025-10,United States,Home,Tablet,U01316,S0001271,viewed,,,
2025-10-04,2025-10,United States,Electronics,Tablet,U01319,S0001360,add_to_cart,,,
2025-10-04,2025-10,United States,Electronics,Tablet,U01319,S0001360,viewed,,,
2025-10-04,2025-10,Canada,Sports,Desktop,U01661,S0001572,add_to_cart,,,
2025-10-04,2025-10,Canada,Sports,Desktop,U01661,S0001572,checkout_started,,,
2025-10-04,2025-10,Canada,Sports,Desktop,U01661,S0001572,purchased,4.0,119.0101125873918,476.04
2025-10-04,2025-10,Canada,Sports,Desktop,U01661,S0001572,viewed,,,
2025-10-04,2025-10,United Kingdom,Beauty,Desktop,U00857,S0001699,viewed,,,
2025-10-04,2025-10,United States,Home,Tablet,U02509,S0001773,viewed,,,
2025-10-04,2025-10,United States,Electronics,Desktop,U00907,S0001925,viewed,,,
2025-10-04,2025-10,United States,Home,Tablet,U01005,S0001927,add_to_cart,,,
2025-10-04,2025-10,United States,Home,Tablet,U01005,S0001927,checkout_started,,,
2025-10-04,2025-10,United States,Home,Tablet,U01005,S0001927,purchased,4.0,112.81436337293549,451.26
2025-10-04,2025-10,United States,Home,Tablet,U01005,S0001927,viewed,,,
2025-10-04,2025-10,United States,Electronics,Desktop,U01766,S0002053,viewed,,,
2025-10-04,2025-10,United States,Apparel,Mobile,U00400,S0002056,add_to_cart,,,
2025-10-04,2025-10,United States,Apparel,Mobile,U00400,S0002056,checkout_started,,,
2025-10-04,2025-10,United States,Apparel,Mobile,U00400,S0002056,purchased,3.0,63.84654698753199,191.54
2025-10-04,2025-10,United States,Apparel,Mobile,U00400,S0002056,viewed,,,
2025-10-04,2025-10,Germany,Home,Desktop,U00606,S0002145,viewed,,,
2025-10-04,2025-10,Canada,Apparel,Desktop,U01236,S0002191,viewed,,,
2025-10-04,2025-10,United States,Sports,Desktop,U01771,S0002201,viewed,,,
2025-10-04,2025-10,Canada,Apparel,Mobile,U01312,S0002279,add_to_cart,,,
2025-10-04,2025-10,Canada,Apparel,Mobile,U01312,S0002279,checkout_started,,,
2025-10-04,2025-10,Canada,Apparel,Mobile,U01312,S0002279,viewed,,,
2025-10-04,2025-10,United States,Home,Tablet,U01486,S0002356,add_to_cart,,,
2025-10-04,2025-10,United States,Home,Tablet,U01486,S0002356,checkout_started,,,
2025-10-04,2025-10,United States,Home,Tablet,U01486,S0002356,viewed,,,
2025-10-04,2025-10,Germany,Beauty,Mobile,U00431,S0002441,add_to_cart,,,
2025-10-04,2025-10,Germany,Beauty,Mobile,U00431,S0002441,checkout_started,,,
2025-10-04,2025-10,Germany,Beauty,Mobile,U00431,S0002441,viewed,,,
2025-10-04,2025-10,Germany,Apparel,Mobile,U02227,S0002486,add_to_cart,,,
2025-10-04,2025-10,Germany,Apparel,Mobile,U02227,S0002486,viewed,,,
2025-10-04,2025-10,United States,Home,Mobile,U02121,S0002759,viewed,,,
2025-10-04,2025-10,United States,Home,Tablet,U01360,S0002763,viewed,,,
2025-10-04,2025-10,United Kingdom,Electronics,Mobile,U02285,S0002767,viewed,,,
2025-10-04,2025-10,Germany,Sports,Mobile,U00737,S0002827,viewed,,,
2025-10-04,2025-10,United Kingdom,Apparel,Mobile,U00539,S0002850,viewed,,,
2025-10-04,2025-10,United States,Home,Tablet,U00837,S0002893,viewed,,,
2025-10-04,2025-10,Australia,Home,Desktop,U01474,S0003011,add_to_cart,,,
2025-10-04,2025-10,Australia,Home,Desktop,U01474,S0003011,checkout_started,,,
2025-10-04,2025-10,Australia,Home,Desktop,U01474,S0003011,viewed,,,
2025-10-04,2025-10,Germany,Beauty,Mobile,U00352,S0003086,add_to_cart,,,
2025-10-04,2025-10,Germany,Beauty,Mobile,U00352,S0003086,checkout_started,,,
2025-10-04,2025-10,Germany,Beauty,Mobile,U00352,S0003086,viewed,,,
2025-10-04,2025-10,United States,Electronics,Mobile,U01147,S0003101,add_to_cart,,,
2025-10-04,2025-10,United States,Electronics,Mobile,U01147,S0003101,checkout_started,,,
2025-10-04,2025-10,United States,Electronics,Mobile,U01147,S0003101,purchased,1.0,132.1050599185313,132.11
2025-10-04,2025-10,United States,Electronics,Mobile,U01147,S0003101,viewed,,,
2025-10-04,2025-10,Germany,Home,Mobile,U01166,S0003108,add_to_cart,,,
2025-10-04,2025-10,Germany,Home,Mobile,U01166,S0003108,checkout_started,,,
2025-10-04,2025-10,Germany,Home,Mobile,U01166,S0003108,purchased,3.0,117.28217615655865,351.85
2025-10-04,2025-10,Germany,Home,Mobile,U01166,S0003108,viewed,,,
2025-10-04,2025-10,United States,Electronics,Mobile,U00808,S0003115,add_to_cart,,,
2025-10-04,2025-10,United States,Electronics,Mobile,U00808,S0003115,checkout_started,,,
2025-10-04,2025-10,United States,Electronics,Mobile,U00808,S0003115,purchased,2.0,126.00722171964358,252.01
2025-10-04,2025-10,United States,Electronics,Mobile,U00808,S0003115,viewed,,,
2025-10-04,2025-10,Canada,Apparel,Desktop,U00353,S0003131,viewed,,,
2025-10-04,2025-10,Australia,Electronics,Desktop,U02503,S0003237,viewed,,,
2025-10-04,2025-10,Canada,Apparel,Desktop,U01220,S0003465,add_to_cart,,,
2025-10-04,2025-10,Canada,Apparel,Desktop,U01220,S0003465,checkout_started,,,
2025-10-04,2025-10,Canada,Apparel,Desktop,U01220,S0003465,purchased,4.0,45.03154122002832,180.13
2025-10-04,2025-10,Canada,Apparel,Desktop,U01220,S0003465,viewed,,,
2025-10-04,2025-10,United Kingdom,Apparel,Desktop,U02069,S0003677,viewed,,,
2025-10-04,2025-10,United Kingdom,Electronics,Mobile,U00623,S0003711,viewed,,,
2025-10-04,2025-10,Canada,Electronics,Desktop,U00594,S0003848,add_to_cart,,,
2025-10-04,2025-10,Canada,Electronics,Desktop,U00594,S0003848,viewed,,,
2025-10-04,2025-10,Germany,Sports,Mobile,U00371,S0003857,viewed,,,
2025-10-04,2025-10,United Kingdom,Electronics,Mobile,U00106,S0003948,viewed,,,
2025-10-04,2025-10,United States,Sports,Mobile,U01833,S0004093,viewed,,,
2025-10-04,2025-10,United States,Beauty,Desktop,U00612,S0004182,viewed,,,
2025-10-04,2025-10,United Kingdom,Beauty,Mobile,U00342,S0004478,viewed,,,
2025-10-04,2025-10,United States,Apparel,Desktop,U02025,S0004486,add_to_cart,,,
2025-10-04,2025-10,United States,Apparel,Desktop,U02025,S0004486,checkout_started,,,
2025-10-04,2025-10,United States,Apparel,Desktop,U02025,S0004486,purchased,3.0,70.09359116066973,210.28
2025-10-04,2025-10,United States,Apparel,Desktop,U02025,S0004486,viewed,,,
2025-10-04,2025-10,United States,Apparel,Tablet,U01151,S0004738,add_to_cart,,,
2025-10-04,2025-10,United States,Apparel,Tablet,U01151,S0004738,checkout_started,,,
2025-10-04,2025-10,United States,Apparel,Tablet,U01151,S0004738,purchased,3.0,66.1322340294738,198.4
2025-10-04,2025-10,United States,Apparel,Tablet,U01151,S0004738,viewed,,,
2025-10-04,2025-10,United States,Sports,Desktop,U01350,S0004750,add_to_cart,,,
2025-10-04,2025-10,United States,Sports,Desktop,U01350,S0004750,viewed,,,
2025-10-04,2025-10,Canada,Home,Mobile,U01150,S0004786,viewed,,,
2025-10-04,2025-10,Canada,Home,Desktop,U01514,S0004950,add_to_cart,,,
2025-10-04,2025-10,Canada,Home,Desktop,U01514,S0004950,viewed,,,
2025-10-05,2025-10,Germany,Home,Desktop,U01203,S0000022,viewed,,,
2025-10-05,2025-10,United States,Sports,Desktop,U00043,S0000068,viewed,,,
2025-10-05,2025-10,United Kingdom,Beauty,Desktop,U02095,S0000332,add_to_cart,,,
2025-10-05,2025-10,United Kingdom,Beauty,Desktop,U02095,S0000332,checkout_started,,,
2025-10-05,2025-10,United Kingdom,Beauty,Desktop,U02095,S0000332,purchased,2.0,16.20783469253857,32.42
2025-10-05,2025-10,United Kingdom,Beauty,Desktop,U02095,S0000332,viewed,,,
2025-10-05,2025-10,Canada,Home,Mobile,U00621,S0000374,viewed,,,
2025-10-05,2025-10,United States,Apparel,Mobile,U01264,S0000379,viewed,,,
2025-10-05,2025-10,United States,Beauty,Mobile,U01292,S0000498,viewed,,,
2025-10-05,2025-10,United States,Apparel,Mobile,U01402,S0000576,add_to_cart,,,
2025-10-05,2025-10,United States,Apparel,Mobile,U01402,S0000576,checkout_started,,,
2025-10-05,2025-10,United States,Apparel,Mobile,U01402,S0000576,viewed,,,
2025-10-05,2025-10,United States,Apparel,Desktop,U00735,S0000634,viewed,,,
2025-10-05,2025-10,United Kingdom,Beauty,Desktop,U01426,S0000770,viewed,,,
2025-10-05,2025-10,United States,Beauty,Mobile,U02068,S0000909,add_to_cart,,,
2025-10-05,2025-10,United States,Beauty,Mobile,U02068,S0000909,checkout_started,,,
2025-10-05,2025-10,United States,Beauty,Mobile,U02068,S0000909,purchased,1.0,51.41218365490117,51.41
2025-10-05,2025-10,United States,Beauty,Mobile,U02068,S0000909,viewed,,,
2025-10-05,2025-10,Canada,Apparel,Mobile,U01790,S0000913,viewed,,,
2025-10-05,2025-10,Australia,Home,Mobile,U01930,S0001044,add_to_cart,,,
2025-10-05,2025-10,Australia,Home,Mobile,U01930,S0001044,viewed,,,
2025-10-05,2025-10,Germany,Electronics,Mobile,U00030,S0001151,viewed,,,
2025-10-05,2025-10,Germany,Beauty,Mobile,U00112,S0001268,add_to_cart,,,
2025-10-05,2025-10,Germany,Beauty,Mobile,U00112,S0001268,checkout_started,,,
2025-10-05,2025-10,Germany,Beauty,Mobile,U00112,S0001268,viewed,,,
2025-10-05,2025-10,Germany,Beauty,Mobile,U01762,S0001718,viewed,,,
2025-10-05,2025-10,Canada,Electronics,Tablet,U00425,S0001748,viewed,,,
2025-10-05,2025-10,Canada,Apparel,Tablet,U01781,S0001772,add_to_cart,,,
2025-10-05,2025-10,Canada,Apparel,Tablet,U01781,S0001772,checkout_started,,,
2025-10-05,2025-10,Canada,Apparel,Tablet,U01781,S0001772,purchased,2.0,38.539775144210495,77.08
2025-10-05,2025-10,Canada,Apparel,Tablet,U01781,S0001772,viewed,,,
2025-10-05,2025-10,United States,Electronics,Mobile,U01799,S0001857,viewed,,,
2025-10-05,2025-10,United States,Beauty,Mobile,U01450,S0001864,add_to_cart,,,
2025-10-05,2025-10,United States,Beauty,Mobile,U01450,S0001864,checkout_started,,,
2025-10-05,2025-10,United States,Beauty,Mobile,U01450,S0001864,purchased,3.0,41.949474103901366,125.85
2025-10-05,2025-10,United States,Beauty,Mobile,U01450,S0001864,viewed,,,
2025-10-05,2025-10,Australia,Sports,Desktop,U01256,S0001937,add_to_cart,,,
2025-10-05,2025-10,Australia,Sports,Desktop,U01256,S0001937,checkout_started,,,
2025-10-05,2025-10,Australia,Sports,Desktop,U01256,S0001937,purchased,2.0,66.70169731298694,133.4
2025-10-05,2025-10,Australia,Sports,Desktop,U01256,S0001937,viewed,,,
2025-10-05,2025-10,United States,Electronics,Tablet,U02063,S0001945,add_to_cart,,,
2025-10-05,2025-10,United States,Electronics,Tablet,U02063,S0001945,viewed,,,
2025-10-05,2025-10,Canada,Beauty,Mobile,U02350,S0001967,viewed,,,
2025-10-05,2025-10,Australia,Apparel,Mobile,U02566,S0002407,viewed,,,
2025-10-05,2025-10,Canada,Apparel,Desktop,U00627,S0002415,add_to_cart,,,
2025-10-05,2025-10,Canada,Apparel,Desktop,U00627,S0002415,viewed,,,
2025-10-05,2025-10,Australia,Sports,Mobile,U00927,S0002569,viewed,,,
2025-10-05,2025-10,United States,Electronics,Desktop,U02148,S0002587,viewed,,,
2025-10-05,2025-10,Australia,Sports,Mobile,U01698,S0002592,viewed,,,
2025-10-05,2025-10,United States,Apparel,Desktop,U00704,S0002654,viewed,,,
2025-10-05,2025-10,Australia,Apparel,Mobile,U00736,S0002680,viewed,,,
2025-10-05,2025-10,Canada,Beauty,Desktop,U01834,S0002696,viewed,,,
2025-10-05,2025-10,United States,Sports,Mobile,U00074,S0002724,viewed,,,
2025-10-05,2025-10,United States,Apparel,Mobile,U01030,S0002920,add_to_cart,,,
2025-10-05,2025-10,United States,Apparel,Mobile,U01030,S0002920,checkout_started,,,
2025-10-05,2025-10,United States,Apparel,Mobile,U01030,S0002920,purchased,4.0,62.191423834118325,248.77
2025-10-05,2025-10,United States,Apparel,Mobile,U01030,S0002920,viewed,,,
2025-10-05,2025-10,United Kingdom,Apparel,Desktop,U02215,S0003006,viewed,,,
2025-10-05,2025-10,United States,Electronics,Desktop,U00492,S0003025,viewed,,,
2025-10-05,2025-10,United States,Apparel,Mobile,U01301,S0003228,add_to_cart,,,
2025-10-05,2025-10,United States,Apparel,Mobile,U01301,S0003228,checkout_started,,,
2025-10-05,2025-10,United States,Apparel,Mobile,U01301,S0003228,viewed,,,
2025-10-05,2025-10,Germany,Home,Mobile,U01349,S0003254,viewed,,,
2025-10-05,2025-10,United States,Beauty,Mobile,U01190,S0003493,add_to_cart,,,
2025-10-05,2025-10,United States,Beauty,Mobile,U01190,S0003493,checkout_started,,,
2025-10-05,2025-10,United States,Beauty,Mobile,U01190,S0003493,purchased,2.0,28.428199700548397,56.86
2025-10-05,2025-10,United States,Beauty,Mobile,U01190,S0003493,viewed,,,
2025-10-05,2025-10,Canada,Beauty,Tablet,U01837,S0003531,viewed,,,
2025-10-05,2025-10,Canada,Apparel,Mobile,U01142,S0003737,viewed,,,
2025-10-05,2025-10,United States,Sports,Desktop,U00292,S0003951,add_to_cart,,,
2025-10-05,2025-10,United States,Sports,Desktop,U00292,S0003951,checkout_started,,,
2025-10-05,2025-10,United States,Sports,Desktop,U00292,S0003951,purchased,4.0,63.95659565321978,255.83
2025-10-05,2025-10,United States,Sports,Desktop,U00292,S0003951,viewed,,,
2025-10-05,2025-10,Canada,Apparel,Mobile,U01653,S0003964,viewed,,,
2025-10-05,2025-10,United States,Home,Desktop,U00638,S0004040,add_to_cart,,,
2025-10-05,2025-10,United States,Home,Desktop,U00638,S0004040,checkout_started,,,
2025-10-05,2025-10,United States,Home,Desktop,U00638,S0004040,purchased,2.0,91.80549881918516,183.61
2025-10-05,2025-10,United States,Home,Desktop,U00638,S0004040,viewed,,,
2025-10-05,2025-10,Australia,Electronics,Mobile,U01771,S0004056,add_to_cart,,,
2025-10-05,2025-10,Australia,Electronics,Mobile,U01771,S0004056,checkout_started,,,
2025-10-05,2025-10,Australia,Electronics,Mobile,U01771,S0004056,viewed,,,
2025-10-05,2025-10,United States,Beauty,Desktop,U01409,S0004171,add_to_cart,,,
2025-10-05,2025-10,United States,Beauty,Desktop,U01409,S0004171,checkout_started,,,
2025-10-05,2025-10,United States,Beauty,Desktop,U01409,S0004171,purchased,3.0,21.46697959358276,64.4
2025-10-05,2025-10,United States,Beauty,Desktop,U01409,S0004171,viewed,,,
2025-10-05,2025-10,Germany,Home,Mobile,U00284,S0004250,add_to_cart,,,
2025-10-05,2025-10,Germany,Home,Mobile,U00284,S0004250,checkout_started,,,
2025-10-05,2025-10,Germany,Home,Mobile,U00284,S0004250,purchased,3.0,92.91958806259277,278.76
2025-10-05,2025-10,Germany,Home,Mobile,U00284,S0004250,viewed,,,
2025-10-05,2025-10,Canada,Home,Desktop,U02580,S0004345,add_to_cart,,,
2025-10-05,2025-10,Canada,Home,Desktop,U02580,S0004345,checkout_started,,,
2025-10-05,2025-10,Canada,Home,Desktop,U02580,S0004345,purchased,2.0,143.31362257914043,286.63
2025-10-05,2025-10,Canada,Home,Desktop,U02580,S0004345,viewed,,,
2025-10-05,2025-10,United Kingdom,Electronics,Desktop,U01243,S0004401,viewed,,,
2025-10-05,2025-10,Canada,Apparel,Mobile,U00947,S0004506,viewed,,,
2025-10-05,2025-10,Germany,Apparel,Mobile,U00779,S0004664,add_to_cart,,,
2025-10-05,2025-10,Germany,Apparel,Mobile,U00779,S0004664,checkout_started,,,
2025-10-05,2025-10,Germany,Apparel,Mobile,U00779,S0004664,viewed,,,
2025-10-05,2025-10,United States,Electronics,Mobile,U00028,S0004676,add_to_cart,,,
2025-10-05,2025-10,United States,Electronics,Mobile,U00028,S0004676,checkout_started,,,
2025-10-05,2025-10,United States,Electronics,Mobile,U00028,S0004676,purchased,1.0,96.48438230778571,96.48
2025-10-05,2025-10,United States,Electronics,Mobile,U00028,S0004676,viewed,,,
2025-10-05,2025-10,United States,Electronics,Mobile,U01037,S0004881,viewed,,,
2025-10-05,2025-10,Germany,Sports,Desktop,U00052,S0004935,viewed,,,
2025-10-05,2025-10,Germany,Electronics,Desktop,U01789,S0004947,add_to_cart,,,
2025-10-05,2025-10,Germany,Electronics,Desktop,U01789,S0004947,viewed,,,
2025-10-05,2025-10,United Kingdom,Beauty,Desktop,U01333,S0004955,viewed,,,
2025-10-05,2025-10,United States,Home,Mobile,U02111,S0004958,add_to_cart,,,
2025-10-05,2025-10,United States,Home,Mobile,U02111,S0004958,viewed,,,
2025-10-06,2025-10,United States,Apparel,Desktop,U02521,S0000094,add_to_cart,,,
2025-10-06,2025-10,United States,Apparel,Desktop,U02521,S0000094,checkout_started,,,
2025-10-06,2025-10,United States,Apparel,Desktop,U02521,S0000094,purchased,2.0,47.84340338541534,95.69
2025-10-06,2025-10,United States,Apparel,Desktop,U02521,S0000094,viewed,,,
2025-10-06,2025-10,Canada,Home,Desktop,U00324,S0000188,viewed,,,
2025-10-06,2025-10,Canada,Electronics,Mobile,U00855,S0000614,add_to_cart,,,
2025-10-06,2025-10,Canada,Electronics,Mobile,U00855,S0000614,checkout_started,,,
2025-10-06,2025-10,Canada,Electronics,Mobile,U00855,S0000614,purchased,1.0,91.22774316233813,91.23
2025-10-06,2025-10,Canada,Electronics,Mobile,U00855,S0000614,viewed,,,
2025-10-06,2025-10,United States,Apparel,Mobile,U01375,S0000758,viewed,,,
2025-10-06,2025-10,United States,Electronics,Mobile,U01254,S0000809,add_to_cart,,,
2025-10-06,2025-10,United States,Electronics,Mobile,U01254,S0000809,checkout_started,,,
2025-10-06,2025-10,United States,Electronics,Mobile,U01254,S0000809,viewed,,,
2025-10-06,2025-10,United States,Apparel,Mobile,U00863,S0001017,viewed,,,
2025-10-06,2025-10,Germany,Home,Tablet,U00660,S0001066,viewed,,,
2025-10-06,2025-10,United States,Electronics,Desktop,U02010,S0001159,viewed,,,
2025-10-06,2025-10,Germany,Sports,Desktop,U01212,S0001285,viewed,,,
2025-10-06,2025-10,United States,Home,Mobile,U00637,S0001385,viewed,,,
2025-10-06,2025-10,United Kingdom,Home,Tablet,U00260,S0001468,viewed,,,
2025-10-06,2025-10,United States,Sports,Mobile,U00962,S0001593,add_to_cart,,,
2025-10-06,2025-10,United States,Sports,Mobile,U00962,S0001593,viewed,,,
2025-10-06,2025-10,United States,Home,Mobile,U01135,S0001629,viewed,,,
2025-10-06,2025-10,United States,Home,Desktop,U00087,S0001761,add_to_cart,,,
2025-10-06,2025-10,United States,Home,Desktop,U00087,S0001761,checkout_started,,,
2025-10-06,2025-10,United States,Home,Desktop,U00087,S0001761,purchased,1.0,98.72350444389058,98.72
2025-10-06,2025-10,United States,Home,Desktop,U00087,S0001761,viewed,,,
2025-10-06,2025-10,United States,Apparel,Mobile,U00821,S0001881,viewed,,,
2025-10-06,2025-10,United States,Electronics,Mobile,U00641,S0002216,viewed,,,
2025-10-06,2025-10,Canada,Sports,Mobile,U01096,S0002405,viewed,,,
2025-10-06,2025-10,United States,Sports,Mobile,U01961,S0002428,viewed,,,
2025-10-06,2025-10,Australia,Apparel,Mobile,U02499,S0002544,add_to_cart,,,
2025-10-06,2025-10,Australia,Apparel,Mobile,U02499,S0002544,checkout_started,,,
2025-10-06,2025-10,Australia,Apparel,Mobile,U02499,S0002544,purchased,3.0,51.00046988713768,153.0
2025-10-06,2025-10,Australia,Apparel,Mobile,U02499,S0002544,viewed,,,
2025-10-06,2025-10,United States,Electronics,Mobile,U00035,S0002581,add_to_cart,,,
2025-10-06,2025-10,United States,Electronics,Mobile,U00035,S0002581,viewed,,,
2025-10-06,2025-10,Canada,Home,Mobile,U00711,S0002600,viewed,,,
2025-10-06,2025-10,United States,Electronics,Mobile,U02241,S0002683,viewed,,,
2025-10-06,2025-10,United States,Apparel,Mobile,U01096,S0002779,add_to_cart,,,
2025-10-06,2025-10,United States,Apparel,Mobile,U01096,S0002779,checkout_started,,,
2025-10-06,2025-10,United States,Apparel,Mobile,U01096,S0002779,viewed,,,
2025-10-06,2025-10,Canada,Home,Desktop,U02393,S0002835,viewed,,,
2025-10-06,2025-10,United States,Beauty,Mobile,U02399,S0002848,viewed,,,
2025-10-06,2025-10,Canada,Home,Mobile,U00754,S0002875,add_to_cart,,,
2025-10-06,2025-10,Canada,Home,Mobile,U00754,S0002875,checkout_started,,,
2025-10-06,2025-10,Canada,Home,Mobile,U00754,S0002875,purchased,2.0,95.99570385575929,191.99
2025-10-06,2025-10,Canada,Home,Mobile,U00754,S0002875,viewed,,,
2025-10-06,2025-10,Australia,Apparel,Mobile,U02588,S0003023,viewed,,,
2025-10-06,2025-10,United Kingdom,Home,Desktop,U01684,S0003059,add_to_cart,,,
2025-10-06,2025-10,United Kingdom,Home,Desktop,U01684,S0003059,checkout_started,,,
2025-10-06,2025-10,United Kingdom,Home,Desktop,U01684,S0003059,purchased,1.0,80.14037534750881,80.14
2025-10-06,2025-10,United Kingdom,Home,Desktop,U01684,S0003059,viewed,,,
2025-10-06,2025-10,Canada,Apparel,Desktop,U00469,S0003063,viewed,,,
2025-10-06,2025-10,Australia,Apparel,Mobile,U00928,S0003424,viewed,,,
2025-10-06,2025-10,Australia,Apparel,Desktop,U01235,S0003815,viewed,,,
2025-10-06,2025-10,United States,Beauty,Mobile,U02206,S0004150,viewed,,,
2025-10-06,2025-10,United States,Electronics,Mobile,U01619,S0004252,viewed,,,
2025-10-06,2025-10,United States,Electronics,Mobile,U01105,S0004385,viewed,,,
2025-10-06,2025-10,Australia,Electronics,Desktop,U00187,S0004490,add_to_cart,,,
2025-10-06,2025-10,Australia,Electronics,Desktop,U00187,S0004490,checkout_started,,,
2025-10-06,2025-10,Australia,Electronics,Desktop,U00187,S0004490,purchased,1.0,154.90975401101045,154.91
2025-10-06,2025-10,Australia,Electronics,Desktop,U00187,S0004490,viewed,,,
2025-10-06,2025-10,United States,Home,Desktop,U02259,S0004498,add_to_cart,,,
2025-10-06,2025-10,United States,Home,Desktop,U02259,S0004498,checkout_started,,,
2025-10-06,2025-10,United States,Home,Desktop,U02259,S0004498,purchased,2.0,128.01357347583902,256.03
2025-10-06,2025-10,United States,Home,Desktop,U02259,S0004498,viewed,,,
2025-10-06,2025-10,United Kingdom,Electronics,Mobile,U01320,S0004626,add_to_cart,,,
2025-10-06,2025-10,United Kingdom,Electronics,Mobile,U01320,S0004626,checkout_started,,,
2025-10-06,2025-10,United Kingdom,Electronics,Mobile,U01320,S0004626,purchased,4.0,170.19113027006358,680.76
2025-10-06,2025-10,United Kingdom,Electronics,Mobile,U01320,S0004626,viewed,,,
2025-10-06,2025-10,United States,Beauty,Desktop,U01856,S0004799,add_to_cart,,,
2025-10-06,2025-10,United States,Beauty,Desktop,U01856,S0004799,checkout_started,,,
2025-10-06,2025-10,United States,Beauty,Desktop,U01856,S0004799,purchased,4.0,31.3910248492268,125.56
2025-10-06,2025-10,United States,Beauty,Desktop,U01856,S0004799,viewed,,,
2025-10-06,2025-10,United States,Apparel,Mobile,U00370,S0004809,add_to_cart,,,
2025-10-06,2025-10,United States,Apparel,Mobile,U00370,S0004809,checkout_started,,,
2025-10-06,2025-10,United States,Apparel,Mobile,U00370,S0004809,purchased,4.0,40.940454485750635,163.76
2025-10-06,2025-10,United States,Apparel,Mobile,U00370,S0004809,viewed,,,
2025-10-06,2025-10,United Kingdom,Sports,Desktop,U00971,S0004833,viewed,,,
2025-10-06,2025-10,United States,Electronics,Desktop,U00279,S0004961,add_to_cart,,,
2025-10-06,2025-10,United States,Electronics,Desktop,U00279,S0004961,checkout_started,,,
2025-10-06,2025-10,United States,Electronics,Desktop,U00279,S0004961,purchased,3.0,158.01801571391528,474.05
2025-10-06,2025-10,United States,Electronics,Desktop,U00279,S0004961,viewed,,,
2025-10-06,2025-10,United States,Beauty,Desktop,U00865,S0004972,add_to_cart,,,
2025-10-06,2025-10,United States,Beauty,Desktop,U00865,S0004972,checkout_started,,,
2025-10-06,2025-10,United States,Beauty,Desktop,U00865,S0004972,viewed,,,
2025-10-07,2025-10,United States,Home,Desktop,U01447,S0000440,add_to_cart,,,
2025-10-07,2025-10,United States,Home,Desktop,U01447,S0000440,checkout_started,,,
2025-10-07,2025-10,United States,Home,Desktop,U01447,S0000440,viewed,,,
2025-10-07,2025-10,United States,Electronics,Mobile,U00922,S0000552,viewed,,,
2025-10-07,2025-10,Canada,Sports,Desktop,U00567,S0000957,add_to_cart,,,
2025-10-07,2025-10,Canada,Sports,Desktop,U00567,S0000957,checkout_started,,,
2025-10-07,2025-10,Canada,Sports,Desktop,U00567,S0000957,purchased,2.0,48.794982519552704,97.59
2025-10-07,2025-10,Canada,Sports,Desktop,U00567,S0000957,viewed,,,
2025-10-07,2025-10,Canada,Home,Mobile,U01199,S0001094,viewed,,,
2025-10-07,2025-10,United States,Sports,Desktop,U02030,S0001168,viewed,,,
2025-10-07,2025-10,United States,Beauty,Mobile,U02417,S0001173,add_to_cart,,,
2025-10-07,2025-10,United States,Beauty,Mobile,U02417,S0001173,viewed,,,
2025-10-07,2025-10,United States,Apparel,Mobile,U01547,S0001283,viewed,,,
2025-10-07,2025-10,United States,Sports,Desktop,U00003,S0001302,add_to_cart,,,
2025-10-07,2025-10,United States,Sports,Desktop,U00003,S0001302,checkout_started,,,
2025-10-07,2025-10,United States,Sports,Desktop,U00003,S0001302,purchased,4.0,102.3554684645331,409.42
2025-10-07,2025-10,United States,Sports,Desktop,U00003,S0001302,viewed,,,
2025-10-07,2025-10,Canada,Home,Mobile,U00812,S0001320,viewed,,,
2025-10-07,2025-10,Australia,Home,Mobile,U00105,S0001352,viewed,,,
2025-10-07,2025-10,United States,Sports,Mobile,U00924,S0001478,add_to_cart,,,
2025-10-07,2025-10,United States,Sports,Mobile,U00924,S0001478,viewed,,,
2025-10-07,2025-10,United Kingdom,Apparel,Mobile,U00069,S0001666,add_to_cart,,,
2025-10-07,2025-10,United Kingdom,Apparel,Mobile,U00069,S0001666,checkout_started,,,
2025-10-07,2025-10,United Kingdom,Apparel,Mobile,U00069,S0001666,purchased,4.0,78.91539846918562,315.66
2025-10-07,2025-10,United Kingdom,Apparel,Mobile,U00069,S0001666,viewed,,,
2025-10-07,2025-10,Germany,Home,Mobile,U02068,S0001694,viewed,,,
2025-10-07,2025-10,Australia,Apparel,Desktop,U00027,S0001754,add_to_cart,,,
2025-10-07,2025-10,Australia,Apparel,Desktop,U00027,S0001754,checkout_started,,,
2025-10-07,2025-10,Australia,Apparel,Desktop,U00027,S0001754,purchased,1.0,71.0974432089794,71.1
2025-10-07,2025-10,Australia,Apparel,Desktop,U00027,S0001754,viewed,,,
2025-10-07,2025-10,Australia,Apparel,Mobile,U01427,S0001774,add_to_cart,,,
2025-10-07,2025-10,Australia,Apparel,Mobile,U01427,S0001774,checkout_started,,,
2025-10-07,2025-10,Australia,Apparel,Mobile,U01427,S0001774,purchased,3.0,85.67244067427505,257.02
2025-10-07,2025-10,Australia,Apparel,Mobile,U01427,S0001774,viewed,,,
2025-10-07,2025-10,United Kingdom,Beauty,Mobile,U00670,S0001921,add_to_cart,,,
2025-10-07,2025-10,United Kingdom,Beauty,Mobile,U00670,S0001921,checkout_started,,,
2025-10-07,2025-10,United Kingdom,Beauty,Mobile,U00670,S0001921,purchased,4.0,38.53102448729222,154.12
2025-10-07,2025-10,United Kingdom,Beauty,Mobile,U00670,S0001921,viewed,,,
2025-10-07,2025-10,United States,Apparel,Mobile,U02363,S0001956,viewed,,,
2025-10-07,2025-10,Canada,Electronics,Mobile,U02521,S0002003,add_to_cart,,,
2025-10-07,2025-10,Canada,Electronics,Mobile,U02521,S0002003,checkout_started,,,
2025-10-07,2025-10,Canada,Electronics,Mobile,U02521,S0002003,purchased,1.0,90.51849337238168,90.52
2025-10-07,2025-10,Canada,Electronics,Mobile,U02521,S0002003,viewed,,,
2025-10-07,2025-10,Australia,Electronics,Mobile,U01474,S0002012,viewed,,,
2025-10-07,2025-10,Canada,Home,Mobile,U02515,S0002059,viewed,,,
2025-10-07,2025-10,United States,Beauty,Mobile,U02238,S0002134,add_to_cart,,,
2025-10-07,2025-10,United States,Beauty,Mobile,U02238,S0002134,checkout_started,,,
2025-10-07,2025-10,United States,Beauty,Mobile,U02238,S0002134,purchased,2.0,31.44088560818733,62.88
2025-10-07,2025-10,United States,Beauty,Mobile,U02238,S0002134,viewed,,,
2025-10-07,2025-10,United States,Beauty,Mobile,U00798,S0002140,add_to_cart,,,
2025-10-07,2025-10,United States,Beauty,Mobile,U00798,S0002140,checkout_started,,,
2025-10-07,2025-10,United States,Beauty,Mobile,U00798,S0002140,purchased,2.0,43.97236034384959,87.94
2025-10-07,2025-10,United States,Beauty,Mobile,U00798,S0002140,viewed,,,
2025-10-07,2025-10,Canada,Electronics,Desktop,U01346,S0002225,add_to_cart,,,
2025-10-07,2025-10,Canada,Electronics,Desktop,U01346,S0002225,checkout_started,,,
2025-10-07,2025-10,Canada,Electronics,Desktop,U01346,S0002225,purchased,2.0,127.34867314497717,254.7
2025-10-07,2025-10,Canada,Electronics,Desktop,U01346,S0002225,viewed,,,
2025-10-07,2025-10,United States,Beauty,Desktop,U01747,S0002291,add_to_cart,,,
2025-10-07,2025-10,United States,Beauty,Desktop,U01747,S0002291,checkout_started,,,
2025-10-07,2025-10,United States,Beauty,Desktop,U01747,S0002291,purchased,4.0,37.72835198547805,150.91
2025-10-07,2025-10,United States,Beauty,Desktop,U01747,S0002291,viewed,,,
2025-10-07,2025-10,United States,Sports,Mobile,U00936,S0002342,viewed,,,
2025-10-07,2025-10,Germany,Electronics,Mobile,U00905,S0002374,add_to_cart,,,
2025-10-07,2025-10,Germany,Electronics,Mobile,U00905,S0002374,viewed,,,
2025-10-07,2025-10,United States,Home,Desktop,U01561,S0002384,viewed,,,
2025-10-07,2025-10,United States,Electronics,Mobile,U00850,S0002524,add_to_cart,,,
2025-10-07,2025-10,United States,Electronics,Mobile,U00850,S0002524,checkout_started,,,
2025-10-07,2025-10,United States,Electronics,Mobile,U00850,S0002524,purchased,2.0,55.94706868902591,111.89
2025-10-07,2025-10,United States,Electronics,Mobile,U00850,S0002524,viewed,,,
2025-10-07,2025-10,United States,Beauty,Mobile,U01770,S0002546,viewed,,,
2025-10-07,2025-10,United States,Home,Desktop,U02496,S0002574,add_to_cart,,,
2025-10-07,2025-10,United States,Home,Desktop,U02496,S0002574,checkout_started,,,
2025-10-07,2025-10,United States,Home,Desktop,U02496,S0002574,viewed,,,
2025-10-07,2025-10,United Kingdom,Beauty,Mobile,U01476,S0002622,add_to_cart,,,
2025-10-07,2025-10,United Kingdom,Beauty,Mobile,U01476,S0002622,checkout_started,,,
2025-10-07,2025-10,United Kingdom,Beauty,Mobile,U01476,S0002622,purchased,3.0,12.29801514101785,36.89
2025-10-07,2025-10,United Kingdom,Beauty,Mobile,U01476,S0002622,viewed,,,
2025-10-07,2025-10,United States,Apparel,Desktop,U00500,S0002800,viewed,,,
2025-10-07,2025-10,Germany,Sports,Desktop,U01456,S0002852,viewed,,,
2025-10-07,2025-10,United States,Sports,Mobile,U02326,S0003041,add_to_cart,,,
2025-10-07,2025-10,United States,Sports,Mobile,U02326,S0003041,checkout_started,,,
2025-10-07,2025-10,United States,Sports,Mobile,U02326,S0003041,purchased,4.0,97.07463801823579,388.3
2025-10-07,2025-10,United States,Sports,Mobile,U02326,S0003041,viewed,,,
2025-10-07,2025-10,United States,Beauty,Desktop,U00676,S0003092,add_to_cart,,,
2025-10-07,2025-10,United States,Beauty,Desktop,U00676,S0003092,checkout_started,,,
2025-10-07,2025-10,United States,Beauty,Desktop,U00676,S0003092,purchased,2.0,36.488652388398,72.98
2025-10-07,2025-10,United States,Beauty,Desktop,U00676,S0003092,viewed,,,
2025-10-07,2025-10,United Kingdom,Apparel,Mobile,U01896,S0003166,add_to_cart,,,
2025-10-07,2025-10,United Kingdom,Apparel,Mobile,U01896,S0003166,checkout_started,,,
2025-10-07,2025-10,United Kingdom,Apparel,Mobile,U01896,S0003166,purchased,2.0,80.20052321522007,160.4
2025-10-07,2025-10,United Kingdom,Apparel,Mobile,U01896,S0003166,viewed,,,
2025-10-07,2025-10,United States,Electronics,Mobile,U02590,S0003250,viewed,,,
2025-10-07,2025-10,United States,Beauty,Mobile,U00017,S0003312,viewed,,,
2025-10-07,2025-10,Germany,Home,Tablet,U01172,S0003318,viewed,,,
2025-10-07,2025-10,Germany,Electronics,Mobile,U00426,S0003329,add_to_cart,,,
2025-10-07,2025-10,Germany,Electronics,Mobile,U00426,S0003329,viewed,,,
2025-10-07,2025-10,United States,Sports,Desktop,U01282,S0003380,viewed,,,
2025-10-07,2025-10,Australia,Electronics,Mobile,U02203,S0003405,add_to_cart,,,
2025-10-07,2025-10,Australia,Electronics,Mobile,U02203,S0003405,viewed,,,
2025-10-07,2025-10,Canada,Apparel,Mobile,U00665,S0003460,viewed,,,
2025-10-07,2025-10,United States,Electronics,Mobile,U00893,S0003691,viewed,,,
2025-10-07,2025-10,Germany,Electronics,Mobile,U01181,S0003695,viewed,,,
2025-10-07,2025-10,United States,Home,Desktop,U01004,S0003733,viewed,,,
2025-10-07,2025-10,Canada,Beauty,Mobile,U01450,S0004052,viewed,,,
2025-10-07,2025-10,Germany,Apparel,Desktop,U01762,S0004162,add_to_cart,,,
2025-10-07,2025-10,Germany,Apparel,Desktop,U01762,S0004162,viewed,,,
2025-10-07,2025-10,Australia,Electronics,Desktop,U01106,S0004175,add_to_cart,,,
2025-10-07,2025-10,Australia,Electronics,Desktop,U01106,S0004175,viewed,,,
2025-10-07,2025-10,Canada,Apparel,Mobile,U01182,S0004326,viewed,,,
2025-10-07,2025-10,Canada,Sports,Desktop,U02548,S0004403,add_to_cart,,,
2025-10-07,2025-10,Canada,Sports,Desktop,U02548,S0004403,checkout_started,,,
2025-10-07,2025-10,Canada,Sports,Desktop,U02548,S0004403,purchased,4.0,88.81497288517225,355.26
2025-10-07,2025-10,Canada,Sports,Desktop,U02548,S0004403,viewed,,,
2025-10-07,2025-10,United Kingdom,Sports,Mobile,U02248,S0004625,add_to_cart,,,
2025-10-07,2025-10,United Kingdom,Sports,Mobile,U02248,S0004625,checkout_started,,,
2025-10-07,2025-10,United Kingdom,Sports,Mobile,U02248,S0004625,purchased,1.0,101.16787224256714,101.17
2025-10-07,2025-10,United Kingdom,Sports,Mobile,U02248,S0004625,viewed,,,
2025-10-07,2025-10,Germany,Apparel,Mobile,U00768,S0004651,viewed,,,
2025-10-07,2025-10,Germany,Electronics,Tablet,U01434,S0004719,viewed,,,
2025-10-07,2025-10,United States,Home,Desktop,U02566,S0004795,viewed,,,
2025-10-07,2025-10,United Kingdom,Apparel,Desktop,U01484,S0004927,add_to_cart,,,
2025-10-07,2025-10,United Kingdom,Apparel,Desktop,U01484,S0004927,checkout_started,,,
2025-10-07,2025-10,United Kingdom,Apparel,Desktop,U01484,S0004927,viewed,,,
2025-10-07,2025-10,Canada,Apparel,Mobile,U02223,S0004984,viewed,,,
2025-10-08,2025-10,United States,Sports,Mobile,U00661,S0000027,add_to_cart,,,
2025-10-08,2025-10,United States,Sports,Mobile,U00661,S0000027,viewed,,,
2025-10-08,2025-10,Australia,Apparel,Mobile,U01336,S0000065,viewed,,,
2025-10-08,2025-10,Australia,Electronics,Mobile,U01450,S0000144,viewed,,,
2025-10-08,2025-10,United States,Home,Desktop,U00746,S0000163,add_to_cart,,,
2025-10-08,2025-10,United States,Home,Desktop,U00746,S0000163,viewed,,,
2025-10-08,2025-10,United States,Apparel,Mobile,U02174,S0000164,viewed,,,
2025-10-08,2025-10,United States,Electronics,Tablet,U00936,S0000373,add_to_cart,,,
2025-10-08,2025-10,United States,Electronics,Tablet,U00936,S0000373,checkout_started,,,
2025-10-08,2025-10,United States,Electronics,Tablet,U00936,S0000373,purchased,1.0,211.77463499020632,211.77
2025-10-08,2025-10,United States,Electronics,Tablet,U00936,S0000373,viewed,,,
2025-10-08,2025-10,United States,Sports,Desktop,U00486,S0000496,viewed,,,
2025-10-08,2025-10,United Kingdom,Home,Desktop,U01194,S0000585,viewed,,,
2025-10-08,2025-10,United States,Beauty,Tablet,U01972,S0000687,viewed,,,
2025-10-08,2025-10,Canada,Apparel,Desktop,U01218,S0000907,viewed,,,
2025-10-08,2025-10,Canada,Sports,Desktop,U01220,S0000942,viewed,,,
2025-10-08,2025-10,United States,Sports,Mobile,U02275,S0000960,viewed,,,
2025-10-08,2025-10,United States,Electronics,Desktop,U01595,S0000962,add_to_cart,,,
2025-10-08,2025-10,United States,Electronics,Desktop,U01595,S0000962,viewed,,,
2025-10-08,2025-10,United States,Home,Mobile,U00185,S0001131,viewed,,,
2025-10-08,2025-10,United States,Beauty,Desktop,U00502,S0001252,viewed,,,
2025-10-08,2025-10,United Kingdom,Electronics,Mobile,U01571,S0001340,add_to_cart,,,
2025-10-08,2025-10,United Kingdom,Electronics,Mobile,U01571,S0001340,checkout_started,,,
2025-10-08,2025-10,United Kingdom,Electronics,Mobile,U01571,S0001340,purchased,1.0,99.153364117319,99.15
2025-10-08,2025-10,United Kingdom,Electronics,Mobile,U01571,S0001340,viewed,,,
2025-10-08,2025-10,Germany,Beauty,Mobile,U00733,S0001495,add_to_cart,,,
2025-10-08,2025-10,Germany,Beauty,Mobile,U00733,S0001495,viewed,,,
2025-10-08,2025-10,Germany,Home,Mobile,U00270,S0001688,viewed,,,
2025-10-08,2025-10,Canada,Apparel,Desktop,U00453,S0001719,viewed,,,
2025-10-08,2025-10,Canada,Apparel,Desktop,U00746,S0001762,viewed,,,
2025-10-08,2025-10,United States,Home,Desktop,U00167,S0001835,viewed,,,
2025-10-08,2025-10,United States,Beauty,Mobile,U00286,S0001847,add_to_cart,,,
2025-10-08,2025-10,United States,Beauty,Mobile,U00286,S0001847,checkout_started,,,
2025-10-08,2025-10,United States,Beauty,Mobile,U00286,S0001847,purchased,2.0,27.25414412608113,54.51
2025-10-08,2025-10,United States,Beauty,Mobile,U00286,S0001847,viewed,,,
2025-10-08,2025-10,United States,Apparel,Mobile,U02559,S0001866,add_to_cart,,,
2025-10-08,2025-10,United States,Apparel,Mobile,U02559,S0001866,viewed,,,
2025-10-08,2025-10,United States,Apparel,Desktop,U01153,S0001875,add_to_cart,,,
2025-10-08,2025-10,United States,Apparel,Desktop,U01153,S0001875,checkout_started,,,
2025-10-08,2025-10,United States,Apparel,Desktop,U01153,S0001875,purchased,2.0,57.52360743536299,115.05
2025-10-08,2025-10,United States,Apparel,Desktop,U01153,S0001875,viewed,,,
2025-10-08,2025-10,United States,Apparel,Mobile,U01259,S0002060,viewed,,,
2025-10-08,2025-10,United States,Home,Mobile,U01580,S0002073,viewed,,,
2025-10-08,2025-10,United States,Sports,Mobile,U01540,S0002076,viewed,,,
2025-10-08,2025-10,Canada,Electronics,Mobile,U01627,S0002163,add_to_cart,,,
2025-10-08,2025-10,Canada,Electronics,Mobile,U01627,S0002163,checkout_started,,,
2025-10-08,2025-10,Canada,Electronics,Mobile,U01627,S0002163,purchased,4.0,116.23102782758106,464.92
2025-10-08,2025-10,Canada,Electronics,Mobile,U01627,S0002163,viewed,,,
2025-10-08,2025-10,United States,Electronics,Mobile,U02593,S0002192,add_to_cart,,,
2025-10-08,2025-10,United States,Electronics,Mobile,U02593,S0002192,viewed,,,
2025-10-08,2025-10,United Kingdom,Sports,Desktop,U00775,S0002357,viewed,,,
2025-10-08,2025-10,Canada,Sports,Desktop,U01641,S0002509,viewed,,,
2025-10-08,2025-10,United States,Sports,Desktop,U02174,S0002564,add_to_cart,,,
2025-10-08,2025-10,United States,Sports,Desktop,U02174,S0002564,checkout_started,,,
2025-10-08,2025-10,United States,Sports,Desktop,U02174,S0002564,purchased,3.0,79.40216155369384,238.21
2025-10-08,2025-10,United States,Sports,Desktop,U02174,S0002564,viewed,,,
2025-10-08,2025-10,Canada,Electronics,Desktop,U00290,S0002746,viewed,,,
2025-10-08,2025-10,Australia,Electronics,Mobile,U00345,S0002915,viewed,,,
2025-10-08,2025-10,United States,Electronics,Mobile,U01022,S0003142,viewed,,,
2025-10-08,2025-10,United States,Electronics,Mobile,U00485,S0003188,viewed,,,
2025-10-08,2025-10,Canada,Sports,Desktop,U02362,S0003260,add_to_cart,,,
2025-10-08,2025-10,Canada,Sports,Desktop,U02362,S0003260,checkout_started,,,
2025-10-08,2025-10,Canada,Sports,Desktop,U02362,S0003260,purchased,4.0,128.47415064107747,513.9
2025-10-08,2025-10,Canada,Sports,Desktop,U02362,S0003260,viewed,,,
2025-10-08,2025-10,United States,Apparel,Tablet,U00053,S0003272,viewed,,,
2025-10-08,2025-10,United Kingdom,Electronics,Mobile,U01308,S0003274,viewed,,,
2025-10-08,2025-10,United Kingdom,Beauty,Mobile,U01108,S0003291,add_to_cart,,,
2025-10-08,2025-10,United Kingdom,Beauty,Mobile,U01108,S0003291,checkout_started,,,
2025-10-08,2025-10,United Kingdom,Beauty,Mobile,U01108,S0003291,purchased,3.0,37.25735377405569,111.77
2025-10-08,2025-10,United Kingdom,Beauty,Mobile,U01108,S0003291,viewed,,,
2025-10-08,2025-10,United States,Electronics,Mobile,U00096,S0003315,viewed,,,
2025-10-08,2025-10,Germany,Home,Mobile,U00161,S0003416,add_to_cart,,,
2025-10-08,2025-10,Germany,Home,Mobile,U00161,S0003416,checkout_started,,,
2025-10-08,2025-10,Germany,Home,Mobile,U00161,S0003416,purchased,1.0,98.06914561452442,98.07
2025-10-08,2025-10,Germany,Home,Mobile,U00161,S0003416,viewed,,,
2025-10-08,2025-10,United States,Beauty,Desktop,U01628,S0003479,add_to_cart,,,
2025-10-08,2025-10,United States,Beauty,Desktop,U01628,S0003479,viewed,,,
2025-10-08,2025-10,United Kingdom,Home,Desktop,U00351,S0003485,viewed,,,
2025-10-08,2025-10,United Kingdom,Sports,Mobile,U01824,S0003547,add_to_cart,,,
2025-10-08,2025-10,United Kingdom,Sports,Mobile,U01824,S0003547,viewed,,,
2025-10-08,2025-10,United Kingdom,Sports,Desktop,U02444,S0003618,viewed,,,
2025-10-08,2025-10,Australia,Electronics,Desktop,U00838,S0003653,viewed,,,
2025-10-08,2025-10,United States,Home,Desktop,U01351,S0003698,viewed,,,
2025-10-08,2025-10,United States,Apparel,Mobile,U00778,S0003765,add_to_cart,,,
2025-10-08,2025-10,United States,Apparel,Mobile,U00778,S0003765,checkout_started,,,
2025-10-08,2025-10,United States,Apparel,Mobile,U00778,S0003765,viewed,,,
2025-10-08,2025-10,United States,Apparel,Mobile,U00585,S0003766,viewed,,,
2025-10-08,2025-10,United States,Apparel,Mobile,U01769,S0004161,add_to_cart,,,
2025-10-08,2025-10,United States,Apparel,Mobile,U01769,S0004161,checkout_started,,,
2025-10-08,2025-10,United States,Apparel,Mobile,U01769,S0004161,purchased,3.0,70.36244316044125,211.09
2025-10-08,2025-10,United States,Apparel,Mobile,U01769,S0004161,viewed,,,
2025-10-08,2025-10,United Kingdom,Home,Mobile,U00988,S0004471,add_to_cart,,,
2025-10-08,2025-10,United Kingdom,Home,Mobile,U00988,S0004471,viewed,,,
2025-10-08,2025-10,United States,Sports,Desktop,U01729,S0004646,viewed,,,
2025-10-08,2025-10,Germany,Sports,Tablet,U02555,S0004877,add_to_cart,,,
2025-10-08,2025-10,Germany,Sports,Tablet,U02555,S0004877,checkout_started,,,
2025-10-08,2025-10,Germany,Sports,Tablet,U02555,S0004877,purchased,1.0,86.2910432323621,86.29
2025-10-08,2025-10,Germany,Sports,Tablet,U02555,S0004877,viewed,,,
2025-10-08,2025-10,Germany,Sports,Desktop,U02036,S0004896,viewed,,,
2025-10-09,2025-10,Canada,Electronics,Mobile,U00923,S0000165,viewed,,,
2025-10-09,2025-10,United States,Home,Mobile,U02422,S0000248,viewed,,,
2025-10-09,2025-10,United States,Electronics,Desktop,U01599,S0000275,viewed,,,
2025-10-09,2025-10,Australia,Apparel,Mobile,U00782,S0000425,viewed,,,
2025-10-09,2025-10,United Kingdom,Beauty,Mobile,U00777,S0000464,viewed,,,
2025-10-09,2025-10,United States,Apparel,Tablet,U01799,S0000572,add_to_cart,,,
2025-10-09,2025-10,United States,Apparel,Tablet,U01799,S0000572,checkout_started,,,
2025-10-09,2025-10,United States,Apparel,Tablet,U01799,S0000572,viewed,,,
2025-10-09,2025-10,Canada,Apparel,Desktop,U02270,S0000624,viewed,,,
2025-10-09,2025-10,Germany,Electronics,Mobile,U00322,S0000732,add_to_cart,,,
2025-10-09,2025-10,Germany,Electronics,Mobile,U00322,S0000732,viewed,,,
2025-10-09,2025-10,United Kingdom,Sports,Mobile,U01035,S0000777,viewed,,,
2025-10-09,2025-10,Germany,Sports,Mobile,U00294,S0000929,viewed,,,
2025-10-09,2025-10,United States,Sports,Desktop,U00628,S0000972,add_to_cart,,,
2025-10-09,2025-10,United States,Sports,Desktop,U00628,S0000972,checkout_started,,,
2025-10-09,2025-10,United States,Sports,Desktop,U00628,S0000972,purchased,1.0,50.05714566893646,50.06
2025-10-09,2025-10,United States,Sports,Desktop,U00628,S0000972,viewed,,,
2025-10-09,2025-10,United Kingdom,Beauty,Mobile,U00912,S0001043,viewed,,,
2025-10-09,2025-10,United States,Electronics,Mobile,U01500,S0001079,viewed,,,
2025-10-09,2025-10,United States,Electronics,Mobile,U00463,S0001185,viewed,,,
2025-10-09,2025-10,Germany,Home,Mobile,U02344,S0001191,viewed,,,
2025-10-09,2025-10,United States,Electronics,Mobile,U00977,S0001225,viewed,,,
2025-10-09,2025-10,United States,Electronics,Tablet,U01029,S0001309,viewed,,,
2025-10-09,2025-10,United Kingdom,Sports,Desktop,U01890,S0001374,add_to_cart,,,
2025-10-09,2025-10,United Kingdom,Sports,Desktop,U01890,S0001374,viewed,,,
2025-10-09,2025-10,United States,Beauty,Mobile,U00838,S0001480,add_to_cart,,,
2025-10-09,2025-10,United States,Beauty,Mobile,U00838,S0001480,viewed,,,
2025-10-09,2025-10,Australia,Home,Tablet,U01854,S0001485,viewed,,,
2025-10-09,2025-10,United States,Home,Desktop,U01873,S0001584,viewed,,,
2025-10-09,2025-10,Germany,Apparel,Mobile,U02257,S0001635,add_to_cart,,,
2025-10-09,2025-10,Germany,Apparel,Mobile,U02257,S0001635,checkout_started,,,
2025-10-09,2025-10,Germany,Apparel,Mobile,U02257,S0001635,purchased,1.0,50.631699636497636,50.63
2025-10-09,2025-10,Germany,Apparel,Mobile,U02257,S0001635,viewed,,,
2025-10-09,2025-10,Germany,Sports,Mobile,U00760,S0001678,add_to_cart,,,
2025-10-09,2025-10,Germany,Sports,Mobile,U00760,S0001678,viewed,,,
2025-10-09,2025-10,United States,Electronics,Desktop,U00947,S0001888,viewed,,,
2025-10-09,2025-10,United States,Sports,Desktop,U01589,S0002017,add_to_cart,,,
2025-10-09,2025-10,United States,Sports,Desktop,U01589,S0002017,viewed,,,
2025-10-09,2025-10,United Kingdom,Apparel,Mobile,U01833,S0002070,add_to_cart,,,
2025-10-09,2025-10,United Kingdom,Apparel,Mobile,U01833,S0002070,checkout_started,,,
2025-10-09,2025-10,United Kingdom,Apparel,Mobile,U01833,S0002070,purchased,3.0,77.33158876476276,231.99
2025-10-09,2025-10,United Kingdom,Apparel,Mobile,U01833,S0002070,viewed,,,
2025-10-09,2025-10,United States,Beauty,Mobile,U00852,S0002224,add_to_cart,,,
2025-10-09,2025-10,United States,Beauty,Mobile,U00852,S0002224,checkout_started,,,
2025-10-09,2025-10,United States,Beauty,Mobile,U00852,S0002224,viewed,,,
2025-10-09,2025-10,Canada,Home,Desktop,U01738,S0002250,viewed,,,
2025-10-09,2025-10,United States,Home,Mobile,U00135,S0002290,viewed,,,
2025-10-09,2025-10,Canada,Home,Desktop,U02296,S0002341,add_to_cart,,,
2025-10-09,2025-10,Canada,Home,Desktop,U02296,S0002341,checkout_started,,,
2025-10-09,2025-10,Canada,Home,Desktop,U02296,S0002341,purchased,2.0,107.66829813676597,215.34
2025-10-09,2025-10,Canada,Home,Desktop,U02296,S0002341,viewed,,,
2025-10-09,2025-10,United States,Electronics,Mobile,U01909,S0002420,add_to_cart,,,
2025-10-09,2025-10,United States,Electronics,Mobile,U01909,S0002420,checkout_started,,,
2025-10-09,2025-10,United States,Electronics,Mobile,U01909,S0002420,viewed,,,
2025-10-09,2025-10,United States,Electronics,Desktop,U00573,S0002473,add_to_cart,,,
2025-10-09,2025-10,United States,Electronics,Desktop,U00573,S0002473,viewed,,,
2025-10-09,2025-10,Canada,Beauty,Desktop,U01884,S0002476,viewed,,,
2025-10-09,2025-10,Germany,Apparel,Mobile,U02238,S0002495,viewed,,,
2025-10-09,2025-10,Germany,Beauty,Desktop,U00615,S0002698,add_to_cart,,,
2025-10-09,2025-10,Germany,Beauty,Desktop,U00615,S0002698,checkout_started,,,
2025-10-09,2025-10,Germany,Beauty,Desktop,U00615,S0002698,purchased,4.0,58.27971043364252,233.12
2025-10-09,2025-10,Germany,Beauty,Desktop,U00615,S0002698,viewed,,,
2025-10-09,2025-10,United States,Home,Mobile,U01512,S0002749,viewed,,,
2025-10-09,2025-10,Germany,Sports,Tablet,U00337,S0002925,viewed,,,
2025-10-09,2025-10,United States,Apparel,Tablet,U00227,S0002962,add_to_cart,,,
2025-10-09,2025-10,United States,Apparel,Tablet,U00227,S0002962,viewed,,,
2025-10-09,2025-10,United States,Apparel,Desktop,U00162,S0003071,viewed,,,
2025-10-09,2025-10,Canada,Apparel,Mobile,U00815,S0003209,viewed,,,
2025-10-09,2025-10,United States,Sports,Desktop,U02069,S0003285,add_to_cart,,,
2025-10-09,2025-10,United States,Sports,Desktop,U02069,S0003285,checkout_started,,,
2025-10-09,2025-10,United States,Sports,Desktop,U02069,S0003285,viewed,,,
2025-10-09,2025-10,United States,Apparel,Mobile,U01273,S0003369,viewed,,,
2025-10-09,2025-10,Australia,Electronics,Mobile,U01937,S0003461,add_to_cart,,,
2025-10-09,2025-10,Australia,Electronics,Mobile,U01937,S0003461,checkout_started,,,
2025-10-09,2025-10,Australia,Electronics,Mobile,U01937,S0003461,viewed,,,
2025-10-09,2025-10,Germany,Sports,Desktop,U02442,S0003555,viewed,,,
2025-10-09,2025-10,Germany,Beauty,Mobile,U02540,S0003563,add_to_cart,,,
2025-10-09,2025-10,Germany,Beauty,Mobile,U02540,S0003563,checkout_started,,,
2025-10-09,2025-10,Germany,Beauty,Mobile,U02540,S0003563,viewed,,,
2025-10-09,2025-10,Germany,Home,Desktop,U02032,S0003567,add_to_cart,,,
2025-10-09,2025-10,Germany,Home,Desktop,U02032,S0003567,viewed,,,
2025-10-09,2025-10,United States,Apparel,Desktop,U02282,S0003886,viewed,,,
2025-10-09,2025-10,United States,Sports,Mobile,U01078,S0003924,viewed,,,
2025-10-09,2025-10,United States,Beauty,Mobile,U00016,S0003989,viewed,,,
2025-10-09,2025-10,United States,Beauty,Desktop,U00297,S0004030,add_to_cart,,,
2025-10-09,2025-10,United States,Beauty,Desktop,U00297,S0004030,checkout_started,,,
2025-10-09,2025-10,United States,Beauty,Desktop,U00297,S0004030,purchased,3.0,39.12753376809843,117.38
2025-10-09,2025-10,United States,Beauty,Desktop,U00297,S0004030,viewed,,,
2025-10-09,2025-10,United States,Beauty,Mobile,U02492,S0004045,viewed,,,
2025-10-09,2025-10,Canada,Beauty,Desktop,U01252,S0004068,add_to_cart,,,
2025-10-09,2025-10,Canada,Beauty,Desktop,U01252,S0004068,viewed,,,
2025-10-09,2025-10,Canada,Home,Desktop,U00417,S0004130,add_to_cart,,,
2025-10-09,2025-10,Canada,Home,Desktop,U00417,S0004130,checkout_started,,,
2025-10-09,2025-10,Canada,Home,Desktop,U00417,S0004130,purchased,3.0,70.0105105758031,210.03
2025-10-09,2025-10,Canada,Home,Desktop,U00417,S0004130,viewed,,,
2025-10-09,2025-10,United States,Home,Desktop,U01830,S0004147,add_to_cart,,,
2025-10-09,2025-10,United States,Home,Desktop,U01830,S0004147,checkout_started,,,
2025-10-09,2025-10,United States,Home,Desktop,U01830,S0004147,purchased,4.0,86.77573446928689,347.1
2025-10-09,2025-10,United States,Home,Desktop,U01830,S0004147,viewed,,,
2025-10-09,2025-10,United States,Electronics,Tablet,U02438,S0004213,add_to_cart,,,
2025-10-09,2025-10,United States,Electronics,Tablet,U02438,S0004213,checkout_started,,,
2025-10-09,2025-10,United States,Electronics,Tablet,U02438,S0004213,purchased,4.0,154.9755737522043,619.9
2025-10-09,2025-10,United States,Electronics,Tablet,U02438,S0004213,viewed,,,
2025-10-09,2025-10,United States,Beauty,Mobile,U01649,S0004251,viewed,,,
2025-10-09,2025-10,United States,Beauty,Mobile,U01493,S0004318,add_to_cart,,,
2025-10-09,2025-10,United States,Beauty,Mobile,U01493,S0004318,checkout_started,,,
2025-10-09,2025-10,United States,Beauty,Mobile,U01493,S0004318,purchased,1.0,53.5913718818731,53.59
2025-10-09,2025-10,United States,Beauty,Mobile,U01493,S0004318,viewed,,,
2025-10-09,2025-10,United States,Home,Mobile,U00410,S0004342,add_to_cart,,,
2025-10-09,2025-10,United States,Home,Mobile,U00410,S0004342,viewed,,,
2025-10-09,2025-10,United Kingdom,Electronics,Mobile,U00290,S0004354,viewed,,,
2025-10-09,2025-10,United States,Home,Mobile,U00695,S0004446,viewed,,,
2025-10-09,2025-10,United States,Sports,Desktop,U00803,S0004562,add_to_cart,,,
2025-10-09,2025-10,United States,Sports,Desktop,U00803,S0004562,checkout_started,,,
2025-10-09,2025-10,United States,Sports,Desktop,U00803,S0004562,viewed,,,
2025-10-09,2025-10,Australia,Home,Mobile,U02037,S0004659,add_to_cart,,,
2025-10-09,2025-10,Australia,Home,Mobile,U02037,S0004659,checkout_started,,,
2025-10-09,2025-10,Australia,Home,Mobile,U02037,S0004659,purchased,1.0,118.60240914151895,118.6
2025-10-09,2025-10,Australia,Home,Mobile,U02037,S0004659,viewed,,,
2025-10-09,2025-10,Canada,Home,Desktop,U00619,S0004736,viewed,,,
2025-10-09,2025-10,United States,Beauty,Desktop,U01007,S0004826,add_to_cart,,,
2025-10-09,2025-10,United States,Beauty,Desktop,U01007,S0004826,checkout_started,,,
2025-10-09,2025-10,United States,Beauty,Desktop,U01007,S0004826,purchased,4.0,65.85625347525021,263.43
2025-10-09,2025-10,United States,Beauty,Desktop,U01007,S0004826,viewed,,,
2025-10-10,2025-10,United States,Home,Mobile,U02009,S0000005,viewed,,,
2025-10-10,2025-10,United States,Home,Desktop,U02082,S0000155,viewed,,,
2025-10-10,2025-10,United States,Electronics,Desktop,U02140,S0000238,viewed,,,
2025-10-10,2025-10,United States,Beauty,Mobile,U01899,S0000407,viewed,,,
2025-10-10,2025-10,United Kingdom,Home,Mobile,U01367,S0000435,viewed,,,
2025-10-10,2025-10,Australia,Beauty,Desktop,U02078,S0000473,add_to_cart,,,
2025-10-10,2025-10,Australia,Beauty,Desktop,U02078,S0000473,checkout_started,,,
2025-10-10,2025-10,Australia,Beauty,Desktop,U02078,S0000473,purchased,4.0,16.828892804259112,67.32
2025-10-10,2025-10,Australia,Beauty,Desktop,U02078,S0000473,viewed,,,
2025-10-10,2025-10,United States,Beauty,Mobile,U00086,S0000500,add_to_cart,,,
2025-10-10,2025-10,United States,Beauty,Mobile,U00086,S0000500,viewed,,,
2025-10-10,2025-10,Australia,Apparel,Mobile,U00401,S0000547,viewed,,,
2025-10-10,2025-10,United States,Apparel,Desktop,U00057,S0000621,add_to_cart,,,
2025-10-10,2025-10,United States,Apparel,Desktop,U00057,S0000621,checkout_started,,,
2025-10-10,2025-10,United States,Apparel,Desktop,U00057,S0000621,purchased,3.0,61.66441693754779,184.99
2025-10-10,2025-10,United States,Apparel,Desktop,U00057,S0000621,viewed,,,
2025-10-10,2025-10,United States,Sports,Mobile,U01356,S0000633,add_to_cart,,,
2025-10-10,2025-10,United States,Sports,Mobile,U01356,S0000633,checkout_started,,,
2025-10-10,2025-10,United States,Sports,Mobile,U01356,S0000633,purchased,1.0,68.73857738431678,68.74
2025-10-10,2025-10,United States,Sports,Mobile,U01356,S0000633,viewed,,,
2025-10-10,2025-10,United Kingdom,Electronics,Mobile,U01050,S0000795,add_to_cart,,,
2025-10-10,2025-10,United Kingdom,Electronics,Mobile,U01050,S0000795,viewed,,,
2025-10-10,2025-10,United States,Beauty,Mobile,U01700,S0000954,add_to_cart,,,
2025-10-10,2025-10,United States,Beauty,Mobile,U01700,S0000954,checkout_started,,,
2025-10-10,2025-10,United States,Beauty,Mobile,U01700,S0000954,viewed,,,
2025-10-10,2025-10,Australia,Electronics,Desktop,U01703,S0000994,viewed,,,
2025-10-10,2025-10,Germany,Sports,Desktop,U01665,S0001059,viewed,,,
2025-10-10,2025-10,United States,Home,Tablet,U00647,S0001100,viewed,,,
2025-10-10,2025-10,United States,Electronics,Mobile,U01710,S0001153,viewed,,,
2025-10-10,2025-10,United States,Home,Tablet,U00603,S0001333,viewed,,,
2025-10-10,2025-10,United States,Home,Mobile,U02126,S0001437,viewed,,,
2025-10-10,2025-10,Germany,Electronics,Desktop,U02111,S0001444,viewed,,,
2025-10-10,2025-10,United States,Home,Mobile,U02085,S0001496,add_to_cart,,,
2025-10-10,2025-10,United States,Home,Mobile,U02085,S0001496,viewed,,,
2025-10-10,2025-10,Australia,Electronics,Tablet,U00499,S0001687,viewed,,,
2025-10-10,2025-10,Canada,Apparel,Desktop,U00007,S0001741,viewed,,,
2025-10-10,2025-10,United Kingdom,Sports,Mobile,U00737,S0001841,viewed,,,
2025-10-10,2025-10,United States,Beauty,Desktop,U02053,S0001924,viewed,,,
2025-10-10,2025-10,Germany,Electronics,Desktop,U01589,S0002007,viewed,,,
2025-10-10,2025-10,United Kingdom,Home,Desktop,U00564,S0002276,viewed,,,
2025-10-10,2025-10,Germany,Electronics,Mobile,U02425,S0002566,add_to_cart,,,
2025-10-10,2025-10,Germany,Electronics,Mobile,U02425,S0002566,checkout_started,,,
2025-10-10,2025-10,Germany,Electronics,Mobile,U02425,S0002566,purchased,1.0,143.68926110326117,143.69
2025-10-10,2025-10,Germany,Electronics,Mobile,U02425,S0002566,viewed,,,
2025-10-10,2025-10,United States,Sports,Mobile,U01596,S0002661,viewed,,,
2025-10-10,2025-10,United States,Home,Mobile,U01904,S0002694,add_to_cart,,,
2025-10-10,2025-10,United States,Home,Mobile,U01904,S0002694,viewed,,,
2025-10-10,2025-10,Canada,Apparel,Mobile,U01747,S0002717,viewed,,,
2025-10-10,2025-10,Canada,Home,Mobile,U01088,S0002760,viewed,,,
2025-10-10,2025-10,Australia,Apparel,Mobile,U01865,S0002762,viewed,,,
2025-10-10,2025-10,United States,Beauty,Tablet,U01295,S0002934,viewed,,,
2025-10-10,2025-10,Germany,Electronics,Desktop,U00618,S0002990,add_to_cart,,,
2025-10-10,2025-10,Germany,Electronics,Desktop,U00618,S0002990,viewed,,,
2025-10-10,2025-10,Germany,Home,Mobile,U00627,S0003008,viewed,,,
2025-10-10,2025-10,Canada,Beauty,Tablet,U00773,S0003173,viewed,,,
2025-10-10,2025-10,Canada,Apparel,Mobile,U02379,S0003218,viewed,,,
2025-10-10,2025-10,Germany,Apparel,Mobile,U01348,S0003220,add_to_cart,,,
2025-10-10,2025-10,Germany,Apparel,Mobile,U01348,S0003220,viewed,,,
2025-10-10,2025-10,Germany,Apparel,Mobile,U01369,S0003325,viewed,,,
2025-10-10,2025-10,Canada,Apparel,Desktop,U00071,S0003669,viewed,,,
2025-10-10,2025-10,United Kingdom,Sports,Mobile,U00065,S0003676,viewed,,,
2025-10-10,2025-10,United States,Sports,Mobile,U01329,S0003771,add_to_cart,,,
2025-10-10,2025-10,United States,Sports,Mobile,U01329,S0003771,checkout_started,,,
2025-10-10,2025-10,United States,Sports,Mobile,U01329,S0003771,purchased,4.0,103.88969067136117,415.56
2025-10-10,2025-10,United States,Sports,Mobile,U01329,S0003771,viewed,,,
2025-10-10,2025-10,United Kingdom,Sports,Desktop,U01339,S0003775,add_to_cart,,,
2025-10-10,2025-10,United Kingdom,Sports,Desktop,U01339,S0003775,checkout_started,,,
2025-10-10,2025-10,United Kingdom,Sports,Desktop,U01339,S0003775,viewed,,,
2025-10-10,2025-10,United States,Apparel,Tablet,U02248,S0004035,viewed,,,
2025-10-10,2025-10,United States,Electronics,Tablet,U00345,S0004191,viewed,,,
2025-10-10,2025-10,United States,Beauty,Mobile,U00003,S0004284,add_to_cart,,,
2025-10-10,2025-10,United States,Beauty,Mobile,U00003,S0004284,checkout_started,,,
2025-10-10,2025-10,United States,Beauty,Mobile,U00003,S0004284,purchased,1.0,46.25055921448239,46.25
2025-10-10,2025-10,United States,Beauty,Mobile,U00003,S0004284,viewed,,,
2025-10-10,2025-10,United States,Electronics,Mobile,U00216,S0004328,viewed,,,
2025-10-10,2025-10,Germany,Electronics,Mobile,U00885,S0004336,viewed,,,
2025-10-10,2025-10,United States,Apparel,Mobile,U02423,S0004520,viewed,,,
2025-10-10,2025-10,United States,Electronics,Mobile,U01546,S0004616,viewed,,,
2025-10-10,2025-10,Germany,Electronics,Mobile,U00864,S0004670,add_to_cart,,,
2025-10-10,2025-10,Germany,Electronics,Mobile,U00864,S0004670,viewed,,,
2025-10-10,2025-10,Canada,Beauty,Desktop,U00226,S0004710,add_to_cart,,,
2025-10-10,2025-10,Canada,Beauty,Desktop,U00226,S0004710,viewed,,,
2025-10-10,2025-10,Canada,Beauty,Mobile,U01378,S0004743,viewed,,,
2025-10-11,2025-10,United States,Electronics,Desktop,U01776,S0000004,add_to_cart,,,
2025-10-11,2025-10,United States,Electronics,Desktop,U01776,S0000004,checkout_started,,,
2025-10-11,2025-10,United States,Electronics,Desktop,U01776,S0000004,purchased,1.0,153.63193805021172,153.63
2025-10-11,2025-10,United States,Electronics,Desktop,U01776,S0000004,viewed,,,
2025-10-11,2025-10,United States,Apparel,Desktop,U00605,S0000030,add_to_cart,,,
2025-10-11,2025-10,United States,Apparel,Desktop,U00605,S0000030,checkout_started,,,
2025-10-11,2025-10,United States,Apparel,Desktop,U00605,S0000030,viewed,,,
2025-10-11,2025-10,Canada,Electronics,Mobile,U01319,S0000082,viewed,,,
2025-10-11,2025-10,United States,Apparel,Mobile,U02307,S0000091,viewed,,,
2025-10-11,2025-10,Canada,Electronics,Mobile,U02121,S0000121,viewed,,,
2025-10-11,2025-10,Germany,Electronics,Mobile,U02588,S0000140,viewed,,,
2025-10-11,2025-10,United States,Electronics,Mobile,U02579,S0000285,viewed,,,
2025-10-11,2025-10,United States,Home,Mobile,U01728,S0000298,viewed,,,
2025-10-11,2025-10,Canada,Beauty,Desktop,U01228,S0000354,add_to_cart,,,
2025-10-11,2025-10,Canada,Beauty,Desktop,U01228,S0000354,checkout_started,,,
2025-10-11,2025-10,Canada,Beauty,Desktop,U01228,S0000354,purchased,1.0,48.15136011406379,48.15
2025-10-11,2025-10,Canada,Beauty,Desktop,U01228,S0000354,viewed,,,
2025-10-11,2025-10,United Kingdom,Apparel,Mobile,U01972,S0000689,viewed,,,
2025-10-11,2025-10,Canada,Apparel,Mobile,U01043,S0000756,add_to_cart,,,
2025-10-11,2025-10,Canada,Apparel,Mobile,U01043,S0000756,viewed,,,
2025-10-11,2025-10,United States,Sports,Desktop,U01092,S0000800,add_to_cart,,,
2025-10-11,2025-10,United States,Sports,Desktop,U01092,S0000800,checkout_started,,,
2025-10-11,2025-10,United States,Sports,Desktop,U01092,S0000800,viewed,,,
2025-10-11,2025-10,United States,Home,Mobile,U02178,S0000935,viewed,,,
2025-10-11,2025-10,United States,Apparel,Mobile,U01133,S0001039,add_to_cart,,,
2025-10-11,2025-10,United States,Apparel,Mobile,U01133,S0001039,checkout_started,,,
2025-10-11,2025-10,United States,Apparel,Mobile,U01133,S0001039,purchased,4.0,60.18914977420084,240.76
2025-10-11,2025-10,United States,Apparel,Mobile,U01133,S0001039,viewed,,,
2025-10-11,2025-10,United States,Beauty,Desktop,U02438,S0001220,add_to_cart,,,
2025-10-11,2025-10,United States,Beauty,Desktop,U02438,S0001220,viewed,,,
2025-10-11,2025-10,United States,Apparel,Tablet,U00609,S0001263,add_to_cart,,,
2025-10-11,2025-10,United States,Apparel,Tablet,U00609,S0001263,checkout_started,,,
2025-10-11,2025-10,United States,Apparel,Tablet,U00609,S0001263,purchased,4.0,25.93599607913103,103.74
2025-10-11,2025-10,United States,Apparel,Tablet,U00609,S0001263,viewed,,,
2025-10-11,2025-10,Australia,Electronics,Mobile,U00089,S0001293,add_to_cart,,,
2025-10-11,2025-10,Australia,Electronics,Mobile,U00089,S0001293,checkout_started,,,
2025-10-11,2025-10,Australia,Electronics,Mobile,U00089,S0001293,purchased,1.0,80.43044868542471,80.43
2025-10-11,2025-10,Australia,Electronics,Mobile,U00089,S0001293,viewed,,,
2025-10-11,2025-10,United States,Apparel,Desktop,U00285,S0001418,viewed,,,
2025-10-11,2025-10,United Kingdom,Beauty,Desktop,U00327,S0001729,viewed,,,
2025-10-11,2025-10,United States,Home,Mobile,U02122,S0001992,add_to_cart,,,
2025-10-11,2025-10,United States,Home,Mobile,U02122,S0001992,checkout_started,,,
2025-10-11,2025-10,United States,Home,Mobile,U02122,S0001992,purchased,2.0,83.0570677287154,166.11
2025-10-11,2025-10,United States,Home,Mobile,U02122,S0001992,viewed,,,
2025-10-11,2025-10,Australia,Sports,Desktop,U00402,S0002078,viewed,,,
2025-10-11,2025-10,United States,Sports,Mobile,U00042,S0002135,add_to_cart,,,
2025-10-11,2025-10,United States,Sports,Mobile,U00042,S0002135,checkout_started,,,
2025-10-11,2025-10,United States,Sports,Mobile,U00042,S0002135,purchased,2.0,83.55828513938285,167.12
2025-10-11,2025-10,United States,Sports,Mobile,U00042,S0002135,viewed,,,
2025-10-11,2025-10,United Kingdom,Electronics,Tablet,U00799,S0002146,add_to_cart,,,
2025-10-11,2025-10,United Kingdom,Electronics,Tablet,U00799,S0002146,checkout_started,,,
2025-10-11,2025-10,United Kingdom,Electronics,Tablet,U00799,S0002146,purchased,4.0,146.4149475332582,585.66
2025-10-11,2025-10,United Kingdom,Electronics,Tablet,U00799,S0002146,viewed,,,
2025-10-11,2025-10,Germany,Beauty,Mobile,U01894,S0002157,add_to_cart,,,
2025-10-11,2025-10,Germany,Beauty,Mobile,U01894,S0002157,viewed,,,
2025-10-11,2025-10,Australia,Apparel,Mobile,U02286,S0002318,viewed,,,
2025-10-11,2025-10,United States,Home,Mobile,U00393,S0002521,add_to_cart,,,
2025-10-11,2025-10,United States,Home,Mobile,U00393,S0002521,checkout_started,,,
2025-10-11,2025-10,United States,Home,Mobile,U00393,S0002521,viewed,,,
2025-10-11,2025-10,United States,Home,Desktop,U00728,S0002565,viewed,,,
2025-10-11,2025-10,Germany,Apparel,Desktop,U00373,S0002802,viewed,,,
2025-10-11,2025-10,Germany,Apparel,Mobile,U01272,S0002841,add_to_cart,,,
2025-10-11,2025-10,Germany,Apparel,Mobile,U01272,S0002841,viewed,,,
2025-10-11,2025-10,Australia,Sports,Mobile,U02462,S0002916,add_to_cart,,,
2025-10-11,2025-10,Australia,Sports,Mobile,U02462,S0002916,viewed,,,
2025-10-11,2025-10,United States,Apparel,Mobile,U00143,S0002954,viewed,,,
2025-10-11,2025-10,United States,Beauty,Desktop,U00344,S0002999,add_to_cart,,,
2025-10-11,2025-10,United States,Beauty,Desktop,U00344,S0002999,checkout_started,,,
2025-10-11,2025-10,United States,Beauty,Desktop,U00344,S0002999,purchased,1.0,34.35875234366582,34.36
2025-10-11,2025-10,United States,Beauty,Desktop,U00344,S0002999,viewed,,,
2025-10-11,2025-10,United States,Home,Desktop,U02327,S0003081,viewed,,,
2025-10-11,2025-10,United Kingdom,Beauty,Mobile,U01739,S0003104,viewed,,,
2025-10-11,2025-10,Australia,Sports,Mobile,U01957,S0003125,viewed,,,
2025-10-11,2025-10,United States,Home,Desktop,U01658,S0003261,viewed,,,
2025-10-11,2025-10,Germany,Apparel,Mobile,U02563,S0003356,add_to_cart,,,
2025-10-11,2025-10,Germany,Apparel,Mobile,U02563,S0003356,checkout_started,,,
2025-10-11,2025-10,Germany,Apparel,Mobile,U02563,S0003356,viewed,,,
2025-10-11,2025-10,Germany,Apparel,Desktop,U01374,S0003489,viewed,,,
2025-10-11,2025-10,Canada,Electronics,Desktop,U02280,S0003551,add_to_cart,,,
2025-10-11,2025-10,Canada,Electronics,Desktop,U02280,S0003551,checkout_started,,,
2025-10-11,2025-10,Canada,Electronics,Desktop,U02280,S0003551,purchased,2.0,153.28761433610663,306.58
2025-10-11,2025-10,Canada,Electronics,Desktop,U02280,S0003551,viewed,,,
2025-10-11,2025-10,Canada,Apparel,Tablet,U02132,S0003601,viewed,,,
2025-10-11,2025-10,United States,Electronics,Mobile,U00038,S0003619,viewed,,,
2025-10-11,2025-10,United Kingdom,Sports,Desktop,U02075,S0003624,viewed,,,
2025-10-11,2025-10,United Kingdom,Beauty,Tablet,U00309,S0003744,add_to_cart,,,
2025-10-11,2025-10,United Kingdom,Beauty,Tablet,U00309,S0003744,checkout_started,,,
2025-10-11,2025-10,United Kingdom,Beauty,Tablet,U00309,S0003744,viewed,,,
2025-10-11,2025-10,Australia,Beauty,Desktop,U01548,S0003812,viewed,,,
2025-10-11,2025-10,Australia,Apparel,Mobile,U02390,S0003814,viewed,,,
2025-10-11,2025-10,United States,Sports,Desktop,U00078,S0003860,viewed,,,
2025-10-11,2025-10,United Kingdom,Sports,Desktop,U01779,S0003893,viewed,,,
2025-10-11,2025-10,Germany,Beauty,Mobile,U00318,S0004028,viewed,,,
2025-10-11,2025-10,United States,Apparel,Desktop,U02548,S0004094,viewed,,,
2025-10-11,2025-10,United States,Electronics,Mobile,U01952,S0004297,viewed,,,
2025-10-11,2025-10,Canada,Apparel,Desktop,U01113,S0004416,viewed,,,
2025-10-11,2025-10,Germany,Electronics,Desktop,U00420,S0004529,add_to_cart,,,
2025-10-11,2025-10,Germany,Electronics,Desktop,U00420,S0004529,viewed,,,
2025-10-11,2025-10,United States,Sports,Mobile,U02118,S0004610,add_to_cart,,,
2025-10-11,2025-10,United States,Sports,Mobile,U02118,S0004610,checkout_started,,,
2025-10-11,2025-10,United States,Sports,Mobile,U02118,S0004610,purchased,3.0,77.55005213712482,232.65
2025-10-11,2025-10,United States,Sports,Mobile,U02118,S0004610,viewed,,,
2025-10-11,2025-10,United States,Electronics,Mobile,U01977,S0004765,add_to_cart,,,
2025-10-11,2025-10,United States,Electronics,Mobile,U01977,S0004765,checkout_started,,,
2025-10-11,2025-10,United States,Electronics,Mobile,U01977,S0004765,purchased,3.0,174.37873148753437,523.14
2025-10-11,2025-10,United States,Electronics,Mobile,U01977,S0004765,viewed,,,
2025-10-11,2025-10,Germany,Apparel,Desktop,U01642,S0004878,viewed,,,
2025-10-12,2025-10,United States,Beauty,Mobile,U01670,S0000020,viewed,,,
2025-10-12,2025-10,United States,Apparel,Desktop,U00825,S0000031,add_to_cart,,,
2025-10-12,2025-10,United States,Apparel,Desktop,U00825,S0000031,viewed,,,
2025-10-12,2025-10,United States,Apparel,Mobile,U02006,S0000047,viewed,,,
2025-10-12,2025-10,Germany,Electronics,Mobile,U01697,S0000186,viewed,,,
2025-10-12,2025-10,Australia,Apparel,Desktop,U01597,S0000214,viewed,,,
2025-10-12,2025-10,United States,Electronics,Mobile,U00135,S0000219,viewed,,,
2025-10-12,2025-10,Canada,Beauty,Desktop,U02305,S0000222,viewed,,,
2025-10-12,2025-10,United States,Apparel,Mobile,U01413,S0000267,add_to_cart,,,
2025-10-12,2025-10,United States,Apparel,Mobile,U01413,S0000267,viewed,,,
2025-10-12,2025-10,United States,Beauty,Desktop,U02177,S0000506,viewed,,,
2025-10-12,2025-10,United States,Beauty,Mobile,U00145,S0000537,viewed,,,
2025-10-12,2025-10,United Kingdom,Beauty,Desktop,U00230,S0000792,viewed,,,
2025-10-12,2025-10,United States,Home,Tablet,U02138,S0000833,add_to_cart,,,
2025-10-12,2025-10,United States,Home,Tablet,U02138,S0000833,checkout_started,,,
2025-10-12,2025-10,United States,Home,Tablet,U02138,S0000833,purchased,2.0,128.76183233971915,257.52
2025-10-12,2025-10,United States,Home,Tablet,U02138,S0000833,viewed,,,
2025-10-12,2025-10,United States,Beauty,Mobile,U02404,S0000869,add_to_cart,,,
2025-10-12,2025-10,United States,Beauty,Mobile,U02404,S0000869,checkout_started,,,
2025-10-12,2025-10,United States,Beauty,Mobile,U02404,S0000869,purchased,2.0,33.60717773390145,67.21
2025-10-12,2025-10,United States,Beauty,Mobile,U02404,S0000869,viewed,,,
2025-10-12,2025-10,Canada,Home,Mobile,U02046,S0000871,add_to_cart,,,
2025-10-12,2025-10,Canada,Home,Mobile,U02046,S0000871,viewed,,,
2025-10-12,2025-10,United Kingdom,Beauty,Mobile,U02166,S0000883,viewed,,,
2025-10-12,2025-10,United Kingdom,Beauty,Mobile,U01705,S0000923,viewed,,,
2025-10-12,2025-10,United States,Electronics,Desktop,U00012,S0001057,viewed,,,
2025-10-12,2025-10,United States,Electronics,Tablet,U02536,S0001092,viewed,,,
2025-10-12,2025-10,United Kingdom,Sports,Mobile,U02381,S0001184,add_to_cart,,,
2025-10-12,2025-10,United Kingdom,Sports,Mobile,U02381,S0001184,checkout_started,,,
2025-10-12,2025-10,United Kingdom,Sports,Mobile,U02381,S0001184,viewed,,,
2025-10-12,2025-10,United States,Beauty,Mobile,U01211,S0001319,viewed,,,
2025-10-12,2025-10,United States,Apparel,Mobile,U00169,S0001331,viewed,,,
2025-10-12,2025-10,United States,Beauty,Mobile,U00452,S0001368,add_to_cart,,,
2025-10-12,2025-10,United States,Beauty,Mobile,U00452,S0001368,checkout_started,,,
2025-10-12,2025-10,United States,Beauty,Mobile,U00452,S0001368,purchased,1.0,25.271424734085183,25.27
2025-10-12,2025-10,United States,Beauty,Mobile,U00452,S0001368,viewed,,,
2025-10-12,2025-10,Australia,Electronics,Desktop,U02442,S0001373,viewed,,,
2025-10-12,2025-10,United Kingdom,Electronics,Desktop,U01685,S0001458,viewed,,,
2025-10-12,2025-10,Australia,Electronics,Mobile,U01166,S0001473,viewed,,,
2025-10-12,2025-10,United Kingdom,Home,Desktop,U00717,S0001566,viewed,,,
2025-10-12,2025-10,United States,Home,Mobile,U02528,S0001643,viewed,,,
2025-10-12,2025-10,United States,Sports,Desktop,U01372,S0001743,add_to_cart,,,
2025-10-12,2025-10,United States,Sports,Desktop,U01372,S0001743,checkout_started,,,
2025-10-12,2025-10,United States,Sports,Desktop,U01372,S0001743,purchased,3.0,64.64484422432211,193.93
2025-10-12,2025-10,United States,Sports,Desktop,U01372,S0001743,viewed,,,
2025-10-12,2025-10,United States,Beauty,Mobile,U01372,S0001803,viewed,,,
2025-10-12,2025-10,United Kingdom,Home,Mobile,U01761,S0001853,add_to_cart,,,
2025-10-12,2025-10,United Kingdom,Home,Mobile,U01761,S0001853,checkout_started,,,
2025-10-12,2025-10,United Kingdom,Home,Mobile,U01761,S0001853,purchased,1.0,51.24894498357022,51.25
2025-10-12,2025-10,United Kingdom,Home,Mobile,U01761,S0001853,viewed,,,
2025-10-12,2025-10,Canada,Electronics,Desktop,U02285,S0001890,viewed,,,
2025-10-12,2025-10,United States,Sports,Mobile,U00206,S0001919,add_to_cart,,,
2025-10-12,2025-10,United States,Sports,Mobile,U00206,S0001919,viewed,,,
2025-10-12,2025-10,Australia,Apparel,Desktop,U01990,S0002040,viewed,,,
2025-10-12,2025-10,United States,Apparel,Mobile,U01549,S0002047,viewed,,,
2025-10-12,2025-10,United States,Home,Mobile,U00761,S0002180,viewed,,,
2025-10-12,2025-10,Canada,Apparel,Mobile,U00011,S0002205,add_to_cart,,,
2025-10-12,2025-10,Canada,Apparel,Mobile,U00011,S0002205,viewed,,,
2025-10-12,2025-10,United Kingdom,Home,Mobile,U01592,S0002217,viewed,,,
2025-10-12,2025-10,United Kingdom,Apparel,Mobile,U00638,S0002243,add_to_cart,,,
2025-10-12,2025-10,United Kingdom,Apparel,Mobile,U00638,S0002243,checkout_started,,,
2025-10-12,2025-10,United Kingdom,Apparel,Mobile,U00638,S0002243,purchased,1.0,26.73441030580466,26.73
2025-10-12,2025-10,United Kingdom,Apparel,Mobile,U00638,S0002243,viewed,,,
2025-10-12,2025-10,Canada,Electronics,Tablet,U02521,S0002337,add_to_cart,,,
2025-10-12,2025-10,Canada,Electronics,Tablet,U02521,S0002337,checkout_started,,,
2025-10-12,2025-10,Canada,Electronics,Tablet,U02521,S0002337,purchased,2.0,169.24542677034077,338.49
2025-10-12,2025-10,Canada,Electronics,Tablet,U02521,S0002337,viewed,,,
2025-10-12,2025-10,United States,Home,Mobile,U00102,S0002382,add_to_cart,,,
2025-10-12,2025-10,United States,Home,Mobile,U00102,S0002382,viewed,,,
2025-10-12,2025-10,United States,Home,Mobile,U02576,S0002391,add_to_cart,,,
2025-10-12,2025-10,United States,Home,Mobile,U02576,S0002391,viewed,,,
2025-10-12,2025-10,United States,Beauty,Mobile,U01067,S0002435,viewed,,,
2025-10-12,2025-10,United States,Sports,Mobile,U00908,S0002578,viewed,,,
2025-10-12,2025-10,United Kingdom,Home,Mobile,U00279,S0002645,viewed,,,
2025-10-12,2025-10,Germany,Beauty,Tablet,U00014,S0002735,viewed,,,
2025-10-12,2025-10,United States,Apparel,Mobile,U00900,S0002846,viewed,,,
2025-10-12,2025-10,United Kingdom,Apparel,Desktop,U02365,S0002860,add_to_cart,,,
2025-10-12,2025-10,United Kingdom,Apparel,Desktop,U02365,S0002860,checkout_started,,,
2025-10-12,2025-10,United Kingdom,Apparel,Desktop,U02365,S0002860,viewed,,,
2025-10-12,2025-10,Canada,Apparel,Mobile,U00630,S0002991,viewed,,,
2025-10-12,2025-10,Australia,Sports,Tablet,U02136,S0003080,add_to_cart,,,
2025-10-12,2025-10,Australia,Sports,Tablet,U02136,S0003080,viewed,,,
2025-10-12,2025-10,United States,Electronics,Tablet,U01048,S0003143,viewed,,,
2025-10-12,2025-10,Canada,Electronics,Mobile,U01749,S0003397,viewed,,,
2025-10-12,2025-10,United States,Home,Mobile,U00799,S0003443,viewed,,,
2025-10-12,2025-10,United States,Home,Desktop,U01854,S0003453,add_to_cart,,,
2025-10-12,2025-10,United States,Home,Desktop,U01854,S0003453,checkout_started,,,
2025-10-12,2025-10,United States,Home,Desktop,U01854,S0003453,purchased,2.0,84.54843360801173,169.1
2025-10-12,2025-10,United States,Home,Desktop,U01854,S0003453,viewed,,,
2025-10-12,2025-10,United States,Beauty,Mobile,U02080,S0003500,viewed,,,
2025-10-12,2025-10,United States,Electronics,Desktop,U02227,S0003556,viewed,,,
2025-10-12,2025-10,United States,Apparel,Mobile,U01982,S0003587,add_to_cart,,,
2025-10-12,2025-10,United States,Apparel,Mobile,U01982,S0003587,viewed,,,
2025-10-12,2025-10,Canada,Electronics,Mobile,U00895,S0003616,viewed,,,
2025-10-12,2025-10,Canada,Home,Mobile,U00176,S0003666,viewed,,,
2025-10-12,2025-10,United Kingdom,Sports,Mobile,U00218,S0003747,add_to_cart,,,
2025-10-12,2025-10,United Kingdom,Sports,Mobile,U00218,S0003747,viewed,,,
2025-10-12,2025-10,United States,Apparel,Mobile,U01513,S0003780,viewed,,,
2025-10-12,2025-10,Germany,Apparel,Desktop,U00966,S0003817,viewed,,,
2025-10-12,2025-10,United States,Home,Desktop,U00818,S0003884,viewed,,,
2025-10-12,2025-10,Canada,Apparel,Mobile,U02594,S0003981,add_to_cart,,,
2025-10-12,2025-10,Canada,Apparel,Mobile,U02594,S0003981,checkout_started,,,
2025-10-12,2025-10,Canada,Apparel,Mobile,U02594,S0003981,purchased,3.0,88.18097991342773,264.54
2025-10-12,2025-10,Canada,Apparel,Mobile,U02594,S0003981,viewed,,,
2025-10-12,2025-10,United States,Home,Mobile,U01183,S0004004,add_to_cart,,,
2025-10-12,2025-10,United States,Home,Mobile,U01183,S0004004,checkout_started,,,
2025-10-12,2025-10,United States,Home,Mobile,U01183,S0004004,purchased,4.0,86.65704130917165,346.63
2025-10-12,2025-10,United States,Home,Mobile,U01183,S0004004,viewed,,,
2025-10-12,2025-10,United Kingdom,Apparel,Desktop,U02234,S0004025,add_to_cart,,,
2025-10-12,2025-10,United Kingdom,Apparel,Desktop,U02234,S0004025,checkout_started,,,
2025-10-12,2025-10,United Kingdom,Apparel,Desktop,U02234,S0004025,purchased,2.0,57.285163658571065,114.57
2025-10-12,2025-10,United Kingdom,Apparel,Desktop,U02234,S0004025,viewed,,,
2025-10-12,2025-10,United States,Sports,Desktop,U02410,S0004047,viewed,,,
2025-10-12,2025-10,United Kingdom,Home,Mobile,U00005,S0004106,viewed,,,
2025-10-12,2025-10,United Kingdom,Beauty,Desktop,U02278,S0004144,add_to_cart,,,
2025-10-12,2025-10,United Kingdom,Beauty,Desktop,U02278,S0004144,checkout_started,,,
2025-10-12,2025-10,United Kingdom,Beauty,Desktop,U02278,S0004144,purchased,3.0,33.73050746142975,101.19
2025-10-12,2025-10,United Kingdom,Beauty,Desktop,U02278,S0004144,viewed,,,
2025-10-12,2025-10,Australia,Electronics,Mobile,U01875,S0004227,add_to_cart,,,
2025-10-12,2025-10,Australia,Electronics,Mobile,U01875,S0004227,checkout_started,,,
2025-10-12,2025-10,Australia,Electronics,Mobile,U01875,S0004227,viewed,,,
2025-10-12,2025-10,United States,Beauty,Mobile,U01784,S0004322,viewed,,,
2025-10-12,2025-10,United States,Sports,Tablet,U00640,S0004424,viewed,,,
2025-10-12,2025-10,United States,Electronics,Mobile,U01412,S0004444,viewed,,,
2025-10-12,2025-10,Australia,Beauty,Mobile,U00323,S0004465,add_to_cart,,,
2025-10-12,2025-10,Australia,Beauty,Mobile,U00323,S0004465,checkout_started,,,
2025-10-12,2025-10,Australia,Beauty,Mobile,U00323,S0004465,viewed,,,
2025-10-12,2025-10,Canada,Electronics,Mobile,U01685,S0004545,viewed,,,
2025-10-12,2025-10,United States,Electronics,Desktop,U02311,S0004759,add_to_cart,,,
2025-10-12,2025-10,United States,Electronics,Desktop,U02311,S0004759,viewed,,,
2025-10-12,2025-10,United States,Sports,Desktop,U01629,S0004942,viewed,,,
2025-10-13,2025-10,United States,Home,Desktop,U02375,S0000054,add_to_cart,,,
2025-10-13,2025-10,United States,Home,Desktop,U02375,S0000054,checkout_started,,,
2025-10-13,2025-10,United States,Home,Desktop,U02375,S0000054,viewed,,,
2025-10-13,2025-10,United States,Home,Mobile,U00454,S0000073,add_to_cart,,,
2025-10-13,2025-10,United States,Home,Mobile,U00454,S0000073,checkout_started,,,
2025-10-13,2025-10,United States,Home,Mobile,U00454,S0000073,purchased,2.0,108.30651975072169,216.61
2025-10-13,2025-10,United States,Home,Mobile,U00454,S0000073,viewed,,,
2025-10-13,2025-10,Australia,Sports,Desktop,U00066,S0000114,add_to_cart,,,
2025-10-13,2025-10,Australia,Sports,Desktop,U00066,S0000114,checkout_started,,,
2025-10-13,2025-10,Australia,Sports,Desktop,U00066,S0000114,purchased,4.0,45.662457810729926,182.65
2025-10-13,2025-10,Australia,Sports,Desktop,U00066,S0000114,viewed,,,
2025-10-13,2025-10,United States,Beauty,Desktop,U00432,S0000176,viewed,,,
2025-10-13,2025-10,United States,Beauty,Mobile,U01358,S0000205,viewed,,,
2025-10-13,2025-10,Germany,Apparel,Desktop,U00352,S0000231,add_to_cart,,,
2025-10-13,2025-10,Germany,Apparel,Desktop,U00352,S0000231,viewed,,,
2025-10-13,2025-10,Canada,Beauty,Mobile,U00649,S0000277,add_to_cart,,,
2025-10-13,2025-10,Canada,Beauty,Mobile,U00649,S0000277,viewed,,,
2025-10-13,2025-10,United States,Electronics,Mobile,U01579,S0000335,add_to_cart,,,
2025-10-13,2025-10,United States,Electronics,Mobile,U01579,S0000335,viewed,,,
2025-10-13,2025-10,United States,Beauty,Desktop,U00472,S0000474,viewed,,,
2025-10-13,2025-10,Germany,Home,Mobile,U01387,S0000485,viewed,,,
2025-10-13,2025-10,United Kingdom,Electronics,Mobile,U00637,S0000612,viewed,,,
2025-10-13,2025-10,Canada,Apparel,Mobile,U02284,S0000647,viewed,,,
2025-10-13,2025-10,Canada,Apparel,Mobile,U01971,S0000710,viewed,,,
2025-10-13,2025-10,Australia,Home,Desktop,U01620,S0000798,add_to_cart,,,
2025-10-13,2025-10,Australia,Home,Desktop,U01620,S0000798,viewed,,,
2025-10-13,2025-10,United States,Home,Desktop,U00489,S0000905,add_to_cart,,,
2025-10-13,2025-10,United States,Home,Desktop,U00489,S0000905,checkout_started,,,
2025-10-13,2025-10,United States,Home,Desktop,U00489,S0000905,purchased,4.0,89.71793786797951,358.87
2025-10-13,2025-10,United States,Home,Desktop,U00489,S0000905,viewed,,,
2025-10-13,2025-10,Canada,Sports,Mobile,U00031,S0000916,add_to_cart,,,
2025-10-13,2025-10,Canada,Sports,Mobile,U00031,S0000916,checkout_started,,,
2025-10-13,2025-10,Canada,Sports,Mobile,U00031,S0000916,viewed,,,
2025-10-13,2025-10,Canada,Home,Desktop,U02580,S0000939,viewed,,,
2025-10-13,2025-10,Germany,Sports,Desktop,U02369,S0001075,add_to_cart,,,
2025-10-13,2025-10,Germany,Sports,Desktop,U02369,S0001075,viewed,,,
2025-10-13,2025-10,United States,Home,Mobile,U01507,S0001213,add_to_cart,,,
2025-10-13,2025-10,United States,Home,Mobile,U01507,S0001213,viewed,,,
2025-10-13,2025-10,Australia,Apparel,Mobile,U01181,S0001248,viewed,,,
2025-10-13,2025-10,United States,Apparel,Tablet,U00785,S0001499,viewed,,,
2025-10-13,2025-10,United States,Apparel,Desktop,U00112,S0001520,viewed,,,
2025-10-13,2025-10,United States,Beauty,Desktop,U01083,S0001555,add_to_cart,,,
2025-10-13,2025-10,United States,Beauty,Desktop,U01083,S0001555,checkout_started,,,
2025-10-13,2025-10,United States,Beauty,Desktop,U01083,S0001555,purchased,2.0,36.21115924802175,72.42
2025-10-13,2025-10,United States,Beauty,Desktop,U01083,S0001555,viewed,,,
2025-10-13,2025-10,Canada,Sports,Desktop,U02149,S0001954,add_to_cart,,,
2025-10-13,2025-10,Canada,Sports,Desktop,U02149,S0001954,checkout_started,,,
2025-10-13,2025-10,Canada,Sports,Desktop,U02149,S0001954,purchased,4.0,99.0794461378198,396.32
2025-10-13,2025-10,Canada,Sports,Desktop,U02149,S0001954,viewed,,,
2025-10-13,2025-10,Canada,Sports,Tablet,U01483,S0002004,add_to_cart,,,
2025-10-13,2025-10,Canada,Sports,Tablet,U01483,S0002004,checkout_started,,,
2025-10-13,2025-10,Canada,Sports,Tablet,U01483,S0002004,viewed,,,
2025-10-13,2025-10,Canada,Electronics,Mobile,U00723,S0002020,viewed,,,
2025-10-13,2025-10,United States,Home,Mobile,U02111,S0002077,viewed,,,
2025-10-13,2025-10,United States,Electronics,Mobile,U00681,S0002189,add_to_cart,,,
2025-10-13,2025-10,United States,Electronics,Mobile,U00681,S0002189,checkout_started,,,
2025-10-13,2025-10,United States,Electronics,Mobile,U00681,S0002189,purchased,1.0,163.05404701556517,163.05
2025-10-13,2025-10,United States,Electronics,Mobile,U00681,S0002189,viewed,,,
2025-10-13,2025-10,United States,Electronics,Desktop,U02137,S0002274,add_to_cart,,,
2025-10-13,2025-10,United States,Electronics,Desktop,U02137,S0002274,checkout_started,,,
2025-10-13,2025-10,United States,Electronics,Desktop,U02137,S0002274,viewed,,,
2025-10-13,2025-10,Canada,Apparel,Mobile,U00837,S0002354,viewed,,,
2025-10-13,2025-10,Canada,Apparel,Tablet,U01400,S0002409,add_to_cart,,,
2025-10-13,2025-10,Canada,Apparel,Tablet,U01400,S0002409,checkout_started,,,
2025-10-13,2025-10,Canada,Apparel,Tablet,U01400,S0002409,purchased,3.0,61.46032978243069,184.38
2025-10-13,2025-10,Canada,Apparel,Tablet,U01400,S0002409,viewed,,,
2025-10-13,2025-10,Australia,Beauty,Desktop,U01165,S0002465,add_to_cart,,,
2025-10-13,2025-10,Australia,Beauty,Desktop,U01165,S0002465,viewed,,,
2025-10-13,2025-10,Australia,Beauty,Desktop,U00411,S0002507,viewed,,,
2025-10-13,2025-10,Germany,Electronics,Tablet,U00576,S0002582,viewed,,,
2025-10-13,2025-10,United Kingdom,Home,Desktop,U01632,S0002644,viewed,,,
2025-10-13,2025-10,United States,Home,Desktop,U01138,S0002716,viewed,,,
2025-10-13,2025-10,United States,Apparel,Mobile,U02468,S0002730,viewed,,,
2025-10-13,2025-10,United States,Electronics,Desktop,U00455,S0002845,viewed,,,
2025-10-13,2025-10,United States,Electronics,Desktop,U00397,S0003016,viewed,,,
2025-10-13,2025-10,Australia,Beauty,Mobile,U02051,S0003132,viewed,,,
2025-10-13,2025-10,Australia,Apparel,Mobile,U00664,S0003292,viewed,,,
2025-10-13,2025-10,United States,Electronics,Mobile,U01156,S0003631,viewed,,,
2025-10-13,2025-10,Australia,Beauty,Mobile,U01394,S0003954,viewed,,,
2025-10-13,2025-10,United States,Electronics,Desktop,U01906,S0004050,add_to_cart,,,
2025-10-13,2025-10,United States,Electronics,Desktop,U01906,S0004050,checkout_started,,,
2025-10-13,2025-10,United States,Electronics,Desktop,U01906,S0004050,purchased,3.0,157.60506769533612,472.82
2025-10-13,2025-10,United States,Electronics,Desktop,U01906,S0004050,viewed,,,
2025-10-13,2025-10,Canada,Apparel,Desktop,U01936,S0004167,viewed,,,
2025-10-13,2025-10,United Kingdom,Apparel,Desktop,U00480,S0004179,viewed,,,
2025-10-13,2025-10,United States,Electronics,Mobile,U02297,S0004180,viewed,,,
2025-10-13,2025-10,United States,Sports,Desktop,U02136,S0004323,viewed,,,
2025-10-13,2025-10,Canada,Apparel,Desktop,U02397,S0004526,viewed,,,
2025-10-13,2025-10,United States,Apparel,Desktop,U01127,S0004742,add_to_cart,,,
2025-10-13,2025-10,United States,Apparel,Desktop,U01127,S0004742,checkout_started,,,
2025-10-13,2025-10,United States,Apparel,Desktop,U01127,S0004742,purchased,2.0,75.09485844752297,150.19
2025-10-13,2025-10,United States,Apparel,Desktop,U01127,S0004742,viewed,,,
2025-10-14,2025-10,United States,Electronics,Mobile,U02491,S0000070,add_to_cart,,,
2025-10-14,2025-10,United States,Electronics,Mobile,U02491,S0000070,checkout_started,,,
2025-10-14,2025-10,United States,Electronics,Mobile,U02491,S0000070,purchased,4.0,95.76163924739834,383.05
2025-10-14,2025-10,United States,Electronics,Mobile,U02491,S0000070,viewed,,,
2025-10-14,2025-10,United States,Beauty,Desktop,U00981,S0000076,viewed,,,
2025-10-14,2025-10,United States,Sports,Mobile,U00847,S0000109,viewed,,,
2025-10-14,2025-10,Canada,Electronics,Desktop,U01763,S0000124,viewed,,,
2025-10-14,2025-10,Canada,Electronics,Mobile,U00757,S0000290,viewed,,,
2025-10-14,2025-10,United States,Beauty,Desktop,U00225,S0000367,add_to_cart,,,
2025-10-14,2025-10,United States,Beauty,Desktop,U00225,S0000367,viewed,,,
2025-10-14,2025-10,United States,Apparel,Mobile,U01474,S0000519,viewed,,,
2025-10-14,2025-10,United States,Home,Mobile,U00117,S0000622,viewed,,,
2025-10-14,2025-10,United States,Apparel,Mobile,U01394,S0000709,viewed,,,
2025-10-14,2025-10,United States,Sports,Mobile,U01481,S0000785,viewed,,,
2025-10-14,2025-10,Germany,Home,Desktop,U01692,S0000944,viewed,,,
2025-10-14,2025-10,Canada,Sports,Desktop,U01293,S0000973,viewed,,,
2025-10-14,2025-10,Australia,Home,Mobile,U00158,S0000974,viewed,,,
2025-10-14,2025-10,United States,Electronics,Mobile,U02305,S0001102,viewed,,,
2025-10-14,2025-10,United States,Electronics,Mobile,U02478,S0001202,add_to_cart,,,
2025-10-14,2025-10,United States,Electronics,Mobile,U02478,S0001202,checkout_started,,,
2025-10-14,2025-10,United States,Electronics,Mobile,U02478,S0001202,purchased,3.0,207.16362112827466,621.49
2025-10-14,2025-10,United States,Electronics,Mobile,U02478,S0001202,viewed,,,
2025-10-14,2025-10,United Kingdom,Sports,Mobile,U00248,S0001420,viewed,,,
2025-10-14,2025-10,United States,Electronics,Desktop,U02216,S0001431,viewed,,,
2025-10-14,2025-10,Germany,Beauty,Tablet,U02439,S0001541,viewed,,,
2025-10-14,2025-10,United States,Beauty,Mobile,U02294,S0001697,add_to_cart,,,
2025-10-14,2025-10,United States,Beauty,Mobile,U02294,S0001697,checkout_started,,,
2025-10-14,2025-10,United States,Beauty,Mobile,U02294,S0001697,purchased,3.0,19.669133572627047,59.01
2025-10-14,2025-10,United States,Beauty,Mobile,U02294,S0001697,viewed,,,
2025-10-14,2025-10,Germany,Electronics,Mobile,U00927,S0001712,viewed,,,
2025-10-14,2025-10,United States,Beauty,Desktop,U01448,S0001768,add_to_cart,,,
2025-10-14,2025-10,United States,Beauty,Desktop,U01448,S0001768,checkout_started,,,
2025-10-14,2025-10,United States,Beauty,Desktop,U01448,S0001768,purchased,4.0,40.79755587395135,163.19
2025-10-14,2025-10,United States,Beauty,Desktop,U01448,S0001768,viewed,,,
2025-10-14,2025-10,United Kingdom,Beauty,Desktop,U00643,S0001789,viewed,,,
2025-10-14,2025-10,Canada,Apparel,Desktop,U01897,S0001795,viewed,,,
2025-10-14,2025-10,United Kingdom,Home,Mobile,U00179,S0001802,viewed,,,
2025-10-14,2025-10,United States,Home,Mobile,U01464,S0001968,add_to_cart,,,
2025-10-14,2025-10,United States,Home,Mobile,U01464,S0001968,checkout_started,,,
2025-10-14,2025-10,United States,Home,Mobile,U01464,S0001968,purchased,3.0,117.77813527250584,353.33
2025-10-14,2025-10,United States,Home,Mobile,U01464,S0001968,viewed,,,
2025-10-14,2025-10,Canada,Apparel,Mobile,U02568,S0002026,add_to_cart,,,
2025-10-14,2025-10,Canada,Apparel,Mobile,U02568,S0002026,viewed,,,
2025-10-14,2025-10,United States,Sports,Mobile,U00740,S0002239,viewed,,,
2025-10-14,2025-10,Germany,Electronics,Desktop,U01541,S0002395,viewed,,,
2025-10-14,2025-10,Canada,Beauty,Mobile,U02500,S0002454,viewed,,,
2025-10-14,2025-10,Canada,Sports,Tablet,U00647,S0002456,viewed,,,
2025-10-14,2025-10,United States,Beauty,Desktop,U00262,S0002459,add_to_cart,,,
2025-10-14,2025-10,United States,Beauty,Desktop,U00262,S0002459,checkout_started,,,
2025-10-14,2025-10,United States,Beauty,Desktop,U00262,S0002459,purchased,1.0,53.41768519021862,53.42
2025-10-14,2025-10,United States,Beauty,Desktop,U00262,S0002459,viewed,,,
2025-10-14,2025-10,United States,Electronics,Tablet,U00551,S0002463,viewed,,,
2025-10-14,2025-10,United Kingdom,Beauty,Tablet,U00816,S0002527,viewed,,,
2025-10-14,2025-10,United States,Electronics,Mobile,U01220,S0002549,viewed,,,
2025-10-14,2025-10,United States,Home,Mobile,U00525,S0002913,add_to_cart,,,
2025-10-14,2025-10,United States,Home,Mobile,U00525,S0002913,viewed,,,
2025-10-14,2025-10,Australia,Beauty,Desktop,U01695,S0002960,viewed,,,
2025-10-14,2025-10,Germany,Electronics,Desktop,U01214,S0002976,viewed,,,
2025-10-14,2025-10,United States,Beauty,Mobile,U02590,S0002980,add_to_cart,,,
2025-10-14,2025-10,United States,Beauty,Mobile,U02590,S0002980,viewed,,,
2025-10-14,2025-10,United States,Beauty,Mobile,U01249,S0003090,add_to_cart,,,
2025-10-14,2025-10,United States,Beauty,Mobile,U01249,S0003090,checkout_started,,,
2025-10-14,2025-10,United States,Beauty,Mobile,U01249,S0003090,purchased,2.0,44.3011452215107,88.6
2025-10-14,2025-10,United States,Beauty,Mobile,U01249,S0003090,viewed,,,
2025-10-14,2025-10,United Kingdom,Home,Mobile,U01925,S0003123,add_to_cart,,,
2025-10-14,2025-10,United Kingdom,Home,Mobile,U01925,S0003123,checkout_started,,,
2025-10-14,2025-10,United Kingdom,Home,Mobile,U01925,S0003123,purchased,4.0,69.57363860701538,278.29
2025-10-14,2025-10,United Kingdom,Home,Mobile,U01925,S0003123,viewed,,,
2025-10-14,2025-10,United States,Electronics,Tablet,U02366,S0003138,add_to_cart,,,
2025-10-14,2025-10,United States,Electronics,Tablet,U02366,S0003138,checkout_started,,,
2025-10-14,2025-10,United States,Electronics,Tablet,U02366,S0003138,purchased,2.0,196.35522086847945,392.71
2025-10-14,2025-10,United States,Electronics,Tablet,U02366,S0003138,viewed,,,
2025-10-14,2025-10,United Kingdom,Home,Mobile,U02293,S0003139,add_to_cart,,,
2025-10-14,2025-10,United Kingdom,Home,Mobile,U02293,S0003139,checkout_started,,,
2025-10-14,2025-10,United Kingdom,Home,Mobile,U02293,S0003139,purchased,2.0,78.86969397016823,157.74
2025-10-14,2025-10,United Kingdom,Home,Mobile,U02293,S0003139,viewed,,,
2025-10-14,2025-10,United States,Apparel,Mobile,U00088,S0003286,add_to_cart,,,
2025-10-14,2025-10,United States,Apparel,Mobile,U00088,S0003286,checkout_started,,,
2025-10-14,2025-10,United States,Apparel,Mobile,U00088,S0003286,purchased,2.0,64.52815717722312,129.06
2025-10-14,2025-10,United States,Apparel,Mobile,U00088,S0003286,viewed,,,
2025-10-14,2025-10,United Kingdom,Electronics,Desktop,U01940,S0003410,viewed,,,
2025-10-14,2025-10,Australia,Home,Mobile,U01472,S0003451,viewed,,,
2025-10-14,2025-10,Australia,Home,Desktop,U00509,S0003498,add_to_cart,,,
2025-10-14,2025-10,Australia,Home,Desktop,U00509,S0003498,viewed,,,
2025-10-14,2025-10,Germany,Beauty,Desktop,U01820,S0003560,add_to_cart,,,
2025-10-14,2025-10,Germany,Beauty,Desktop,U01820,S0003560,viewed,,,
2025-10-14,2025-10,United States,Electronics,Desktop,U02048,S0003636,viewed,,,
2025-10-14,2025-10,United States,Apparel,Mobile,U00265,S0003662,viewed,,,
2025-10-14,2025-10,Canada,Electronics,Mobile,U01595,S0003846,viewed,,,
2025-10-14,2025-10,United Kingdom,Sports,Mobile,U02154,S0003874,add_to_cart,,,
2025-10-14,2025-10,United Kingdom,Sports,Mobile,U02154,S0003874,checkout_started,,,
2025-10-14,2025-10,United Kingdom,Sports,Mobile,U02154,S0003874,purchased,1.0,100.43344721057134,100.43
2025-10-14,2025-10,United Kingdom,Sports,Mobile,U02154,S0003874,viewed,,,
2025-10-14,2025-10,United States,Home,Desktop,U02578,S0003938,add_to_cart,,,
2025-10-14,2025-10,United States,Home,Desktop,U02578,S0003938,checkout_started,,,
2025-10-14,2025-10,United States,Home,Desktop,U02578,S0003938,purchased,3.0,79.89167877737087,239.68
2025-10-14,2025-10,United States,Home,Desktop,U02578,S0003938,viewed,,,
2025-10-14,2025-10,Germany,Beauty,Mobile,U01602,S0003971,viewed,,,
2025-10-14,2025-10,United States,Electronics,Mobile,U00706,S0003990,viewed,,,
2025-10-14,2025-10,Germany,Electronics,Mobile,U01882,S0004116,viewed,,,
2025-10-14,2025-10,Germany,Home,Mobile,U01168,S0004343,viewed,,,
2025-10-14,2025-10,United States,Sports,Mobile,U01141,S0004417,viewed,,,
2025-10-14,2025-10,Germany,Electronics,Desktop,U01846,S0004453,add_to_cart,,,
2025-10-14,2025-10,Germany,Electronics,Desktop,U01846,S0004453,checkout_started,,,
2025-10-14,2025-10,Germany,Electronics,Desktop,U01846,S0004453,purchased,1.0,146.5940743678938,146.59
2025-10-14,2025-10,Germany,Electronics,Desktop,U01846,S0004453,viewed,,,
2025-10-14,2025-10,Australia,Beauty,Desktop,U01531,S0004481,viewed,,,
2025-10-14,2025-10,United Kingdom,Apparel,Mobile,U01183,S0004485,viewed,,,
2025-10-14,2025-10,Australia,Beauty,Desktop,U00120,S0004606,add_to_cart,,,
2025-10-14,2025-10,Australia,Beauty,Desktop,U00120,S0004606,checkout_started,,,
2025-10-14,2025-10,Australia,Beauty,Desktop,U00120,S0004606,purchased,4.0,44.5327923822263,178.13
2025-10-14,2025-10,Australia,Beauty,Desktop,U00120,S0004606,viewed,,,
2025-10-14,2025-10,United Kingdom,Home,Desktop,U00831,S0004707,add_to_cart,,,
2025-10-14,2025-10,United Kingdom,Home,Desktop,U00831,S0004707,viewed,,,
2025-10-14,2025-10,Germany,Beauty,Desktop,U00706,S0004726,add_to_cart,,,
2025-10-14,2025-10,Germany,Beauty,Desktop,U00706,S0004726,checkout_started,,,
2025-10-14,2025-10,Germany,Beauty,Desktop,U00706,S0004726,purchased,3.0,30.202788123082463,90.61
2025-10-14,2025-10,Germany,Beauty,Desktop,U00706,S0004726,viewed,,,
2025-10-14,2025-10,United Kingdom,Apparel,Mobile,U02298,S0004807,viewed,,,
2025-10-14,2025-10,United States,Home,Desktop,U00700,S0004867,add_to_cart,,,
2025-10-14,2025-10,United States,Home,Desktop,U00700,S0004867,checkout_started,,,
2025-10-14,2025-10,United States,Home,Desktop,U00700,S0004867,viewed,,,
2025-10-15,2025-10,United Kingdom,Electronics,Desktop,U00544,S0000276,add_to_cart,,,
2025-10-15,2025-10,United Kingdom,Electronics,Desktop,U00544,S0000276,viewed,,,
2025-10-15,2025-10,United States,Beauty,Mobile,U01863,S0000282,viewed,,,
2025-10-15,2025-10,United Kingdom,Apparel,Mobile,U02099,S0000444,viewed,,,
2025-10-15,2025-10,United States,Sports,Mobile,U01766,S0000644,viewed,,,
2025-10-15,2025-10,Australia,Beauty,Tablet,U01079,S0000729,viewed,,,
2025-10-15,2025-10,Canada,Home,Desktop,U00856,S0000768,add_to_cart,,,
2025-10-15,2025-10,Canada,Home,Desktop,U00856,S0000768,checkout_started,,,
2025-10-15,2025-10,Canada,Home,Desktop,U00856,S0000768,viewed,,,
2025-10-15,2025-10,United States,Home,Desktop,U02278,S0001031,viewed,,,
2025-10-15,2025-10,Canada,Sports,Desktop,U00538,S0001101,add_to_cart,,,
2025-10-15,2025-10,Canada,Sports,Desktop,U00538,S0001101,checkout_started,,,
2025-10-15,2025-10,Canada,Sports,Desktop,U00538,S0001101,viewed,,,
2025-10-15,2025-10,Canada,Beauty,Mobile,U02121,S0001146,add_to_cart,,,
2025-10-15,2025-10,Canada,Beauty,Mobile,U02121,S0001146,checkout_started,,,
2025-10-15,2025-10,Canada,Beauty,Mobile,U02121,S0001146,purchased,4.0,37.01889452492404,148.08
2025-10-15,2025-10,Canada,Beauty,Mobile,U02121,S0001146,viewed,,,
2025-10-15,2025-10,United States,Electronics,Mobile,U01271,S0001508,viewed,,,
2025-10-15,2025-10,United Kingdom,Sports,Desktop,U00712,S0001517,viewed,,,
2025-10-15,2025-10,Canada,Electronics,Mobile,U01243,S0001799,add_to_cart,,,
2025-10-15,2025-10,Canada,Electronics,Mobile,U01243,S0001799,checkout_started,,,
2025-10-15,2025-10,Canada,Electronics,Mobile,U01243,S0001799,viewed,,,
2025-10-15,2025-10,Australia,Apparel,Mobile,U02358,S0001808,viewed,,,
2025-10-15,2025-10,United Kingdom,Apparel,Mobile,U02062,S0001932,viewed,,,
2025-10-15,2025-10,Australia,Sports,Desktop,U02026,S0002178,add_to_cart,,,
2025-10-15,2025-10,Australia,Sports,Desktop,U02026,S0002178,checkout_started,,,
2025-10-15,2025-10,Australia,Sports,Desktop,U02026,S0002178,purchased,1.0,96.08820415829521,96.09
2025-10-15,2025-10,Australia,Sports,Desktop,U02026,S0002178,viewed,,,
2025-10-15,2025-10,Germany,Sports,Mobile,U01742,S0002416,viewed,,,
2025-10-15,2025-10,Germany,Apparel,Mobile,U01697,S0002686,viewed,,,
2025-10-15,2025-10,Australia,Apparel,Mobile,U00739,S0002769,viewed,,,
2025-10-15,2025-10,Canada,Electronics,Mobile,U02253,S0002844,viewed,,,
2025-10-15,2025-10,United States,Home,Tablet,U01283,S0002958,add_to_cart,,,
2025-10-15,2025-10,United States,Home,Tablet,U01283,S0002958,checkout_started,,,
2025-10-15,2025-10,United States,Home,Tablet,U01283,S0002958,purchased,1.0,91.36198916471152,91.36
2025-10-15,2025-10,United States,Home,Tablet,U01283,S0002958,viewed,,,
2025-10-15,2025-10,Canada,Home,Mobile,U01723,S0003056,viewed,,,
2025-10-15,2025-10,Canada,Electronics,Tablet,U01021,S0003072,viewed,,,
2025-10-15,2025-10,United States,Electronics,Desktop,U01901,S0003262,viewed,,,
2025-10-15,2025-10,Germany,Sports,Tablet,U00678,S0003427,add_to_cart,,,
2025-10-15,2025-10,Germany,Sports,Tablet,U00678,S0003427,checkout_started,,,
2025-10-15,2025-10,Germany,Sports,Tablet,U00678,S0003427,purchased,1.0,66.14522391376923,66.15
2025-10-15,2025-10,Germany,Sports,Tablet,U00678,S0003427,viewed,,,
2025-10-15,2025-10,United States,Electronics,Desktop,U01928,S0003656,add_to_cart,,,
2025-10-15,2025-10,United States,Electronics,Desktop,U01928,S0003656,checkout_started,,,
2025-10-15,2025-10,United States,Electronics,Desktop,U01928,S0003656,purchased,1.0,150.65818409340872,150.66
2025-10-15,2025-10,United States,Electronics,Desktop,U01928,S0003656,viewed,,,
2025-10-15,2025-10,Canada,Electronics,Desktop,U01479,S0003855,add_to_cart,,,
2025-10-15,2025-10,Canada,Electronics,Desktop,U01479,S0003855,checkout_started,,,
2025-10-15,2025-10,Canada,Electronics,Desktop,U01479,S0003855,purchased,2.0,145.62026427247287,291.24
2025-10-15,2025-10,Canada,Electronics,Desktop,U01479,S0003855,viewed,,,
2025-10-15,2025-10,United States,Home,Desktop,U01699,S0003923,viewed,,,
2025-10-15,2025-10,United States,Home,Mobile,U01940,S0004112,add_to_cart,,,
2025-10-15,2025-10,United States,Home,Mobile,U01940,S0004112,checkout_started,,,
2025-10-15,2025-10,United States,Home,Mobile,U01940,S0004112,purchased,1.0,77.92257753290878,77.92
2025-10-15,2025-10,United States,Home,Mobile,U01940,S0004112,viewed,,,
2025-10-15,2025-10,Australia,Sports,Desktop,U01866,S0004217,add_to_cart,,,
2025-10-15,2025-10,Australia,Sports,Desktop,U01866,S0004217,viewed,,,
2025-10-15,2025-10,Australia,Home,Mobile,U01423,S0004281,add_to_cart,,,
2025-10-15,2025-10,Australia,Home,Mobile,U01423,S0004281,checkout_started,,,
2025-10-15,2025-10,Australia,Home,Mobile,U01423,S0004281,viewed,,,
2025-10-15,2025-10,United Kingdom,Sports,Tablet,U01063,S0004355,viewed,,,
2025-10-15,2025-10,United States,Electronics,Desktop,U02343,S0004428,add_to_cart,,,
2025-10-15,2025-10,United States,Electronics,Desktop,U02343,S0004428,viewed,,,
2025-10-15,2025-10,United States,Electronics,Mobile,U01965,S0004473,viewed,,,
2025-10-15,2025-10,United Kingdom,Apparel,Mobile,U01433,S0004561,viewed,,,
2025-10-15,2025-10,Canada,Apparel,Tablet,U01203,S0004608,add_to_cart,,,
2025-10-15,2025-10,Canada,Apparel,Tablet,U01203,S0004608,checkout_started,,,
2025-10-15,2025-10,Canada,Apparel,Tablet,U01203,S0004608,purchased,1.0,91.51075019159929,91.51
2025-10-15,2025-10,Canada,Apparel,Tablet,U01203,S0004608,viewed,,,
2025-10-15,2025-10,Germany,Electronics,Mobile,U01204,S0004714,viewed,,,
2025-10-15,2025-10,United States,Sports,Desktop,U00843,S0004830,viewed,,,
2025-10-15,2025-10,Australia,Home,Mobile,U01382,S0004890,add_to_cart,,,
2025-10-15,2025-10,Australia,Home,Mobile,U01382,S0004890,viewed,,,
2025-10-15,2025-10,Canada,Home,Desktop,U01232,S0004895,add_to_cart,,,
2025-10-15,2025-10,Canada,Home,Desktop,U01232,S0004895,checkout_started,,,
2025-10-15,2025-10,Canada,Home,Desktop,U01232,S0004895,purchased,4.0,88.83163078402752,355.33
2025-10-15,2025-10,Canada,Home,Desktop,U01232,S0004895,viewed,,,
2025-10-16,2025-10,Germany,Beauty,Desktop,U00129,S0000055,viewed,,,
2025-10-16,2025-10,United States,Electronics,Desktop,U01657,S0000183,viewed,,,
2025-10-16,2025-10,United States,Electronics,Tablet,U02028,S0000185,add_to_cart,,,
2025-10-16,2025-10,United States,Electronics,Tablet,U02028,S0000185,viewed,,,
2025-10-16,2025-10,United States,Home,Desktop,U02175,S0000203,viewed,,,
2025-10-16,2025-10,United Kingdom,Beauty,Mobile,U00979,S0000235,add_to_cart,,,
2025-10-16,2025-10,United Kingdom,Beauty,Mobile,U00979,S0000235,checkout_started,,,
2025-10-16,2025-10,United Kingdom,Beauty,Mobile,U00979,S0000235,viewed,,,
2025-10-16,2025-10,United States,Sports,Mobile,U01099,S0000252,viewed,,,
2025-10-16,2025-10,United States,Sports,Desktop,U01976,S0000284,add_to_cart,,,
2025-10-16,2025-10,United States,Sports,Desktop,U01976,S0000284,checkout_started,,,
2025-10-16,2025-10,United States,Sports,Desktop,U01976,S0000284,purchased,3.0,117.62477865029588,352.87
2025-10-16,2025-10,United States,Sports,Desktop,U01976,S0000284,viewed,,,
2025-10-16,2025-10,Canada,Electronics,Mobile,U00065,S0000405,add_to_cart,,,
2025-10-16,2025-10,Canada,Electronics,Mobile,U00065,S0000405,checkout_started,,,
2025-10-16,2025-10,Canada,Electronics,Mobile,U00065,S0000405,viewed,,,
2025-10-16,2025-10,United Kingdom,Beauty,Desktop,U02191,S0000453,add_to_cart,,,
2025-10-16,2025-10,United Kingdom,Beauty,Desktop,U02191,S0000453,checkout_started,,,
2025-10-16,2025-10,United Kingdom,Beauty,Desktop,U02191,S0000453,purchased,1.0,29.518328173138435,29.52
2025-10-16,2025-10,United Kingdom,Beauty,Desktop,U02191,S0000453,viewed,,,
2025-10-16,2025-10,United States,Beauty,Desktop,U02047,S0000563,viewed,,,
2025-10-16,2025-10,Germany,Beauty,Desktop,U02415,S0000651,add_to_cart,,,
2025-10-16,2025-10,Germany,Beauty,Desktop,U02415,S0000651,viewed,,,
2025-10-16,2025-10,Australia,Beauty,Desktop,U01944,S0000718,viewed,,,
2025-10-16,2025-10,Germany,Home,Desktop,U00207,S0001018,viewed,,,
2025-10-16,2025-10,United Kingdom,Apparel,Mobile,U00395,S0001116,add_to_cart,,,
2025-10-16,2025-10,United Kingdom,Apparel,Mobile,U00395,S0001116,checkout_started,,,
2025-10-16,2025-10,United Kingdom,Apparel,Mobile,U00395,S0001116,purchased,4.0,76.38790772114612,305.55
2025-10-16,2025-10,United Kingdom,Apparel,Mobile,U00395,S0001116,viewed,,,
2025-10-16,2025-10,United States,Apparel,Desktop,U00702,S0001120,viewed,,,
2025-10-16,2025-10,Canada,Beauty,Mobile,U00577,S0001162,viewed,,,
2025-10-16,2025-10,Germany,Apparel,Mobile,U00864,S0001244,viewed,,,
2025-10-16,2025-10,United Kingdom,Electronics,Mobile,U00333,S0001353,viewed,,,
2025-10-16,2025-10,United States,Electronics,Mobile,U00948,S0001356,add_to_cart,,,
2025-10-16,2025-10,United States,Electronics,Mobile,U00948,S0001356,checkout_started,,,
2025-10-16,2025-10,United States,Electronics,Mobile,U00948,S0001356,purchased,3.0,217.0614626703458,651.18
2025-10-16,2025-10,United States,Electronics,Mobile,U00948,S0001356,viewed,,,
2025-10-16,2025-10,Germany,Electronics,Desktop,U00631,S0001477,viewed,,,
2025-10-16,2025-10,United Kingdom,Electronics,Mobile,U01446,S0001492,viewed,,,
2025-10-16,2025-10,United States,Electronics,Mobile,U00507,S0001519,add_to_cart,,,
2025-10-16,2025-10,United States,Electronics,Mobile,U00507,S0001519,viewed,,,
2025-10-16,2025-10,United Kingdom,Home,Mobile,U01479,S0001549,viewed,,,
2025-10-16,2025-10,United States,Sports,Desktop,U01341,S0001814,viewed,,,
2025-10-16,2025-10,Canada,Apparel,Mobile,U00054,S0001918,viewed,,,
2025-10-16,2025-10,United States,Sports,Mobile,U00078,S0002011,viewed,,,
2025-10-16,2025-10,United Kingdom,Electronics,Mobile,U00668,S0002156,add_to_cart,,,
2025-10-16,2025-10,United Kingdom,Electronics,Mobile,U00668,S0002156,viewed,,,
2025-10-16,2025-10,United States,Electronics,Mobile,U00643,S0002298,viewed,,,
2025-10-16,2025-10,Germany,Apparel,Mobile,U01721,S0002538,add_to_cart,,,
2025-10-16,2025-10,Germany,Apparel,Mobile,U01721,S0002538,checkout_started,,,
2025-10-16,2025-10,Germany,Apparel,Mobile,U01721,S0002538,viewed,,,
2025-10-16,2025-10,United States,Apparel,Desktop,U01640,S0002540,viewed,,,
2025-10-16,2025-10,Australia,Apparel,Tablet,U01998,S0002642,viewed,,,
2025-10-16,2025-10,Australia,Beauty,Desktop,U01614,S0002664,add_to_cart,,,
2025-10-16,2025-10,Australia,Beauty,Desktop,U01614,S0002664,checkout_started,,,
2025-10-16,2025-10,Australia,Beauty,Desktop,U01614,S0002664,purchased,4.0,44.172853076096025,176.69
2025-10-16,2025-10,Australia,Beauty,Desktop,U01614,S0002664,viewed,,,
2025-10-16,2025-10,United States,Home,Mobile,U01740,S0002739,add_to_cart,,,
2025-10-16,2025-10,United States,Home,Mobile,U01740,S0002739,viewed,,,
2025-10-16,2025-10,United States,Apparel,Mobile,U00512,S0002948,viewed,,,
2025-10-16,2025-10,Germany,Apparel,Desktop,U00165,S0002977,add_to_cart,,,
2025-10-16,2025-10,Germany,Apparel,Desktop,U00165,S0002977,checkout_started,,,
2025-10-16,2025-10,Germany,Apparel,Desktop,U00165,S0002977,viewed,,,
2025-10-16,2025-10,United States,Electronics,Mobile,U02073,S0003015,add_to_cart,,,
2025-10-16,2025-10,United States,Electronics,Mobile,U02073,S0003015,viewed,,,
2025-10-16,2025-10,Australia,Beauty,Mobile,U02478,S0003116,viewed,,,
2025-10-16,2025-10,United States,Beauty,Mobile,U00471,S0003140,add_to_cart,,,
2025-10-16,2025-10,United States,Beauty,Mobile,U00471,S0003140,viewed,,,
2025-10-16,2025-10,United States,Beauty,Desktop,U02000,S0003141,viewed,,,
2025-10-16,2025-10,Germany,Electronics,Mobile,U00568,S0003450,viewed,,,
2025-10-16,2025-10,United States,Home,Desktop,U02219,S0003638,viewed,,,
2025-10-16,2025-10,United States,Electronics,Mobile,U01432,S0003644,add_to_cart,,,
2025-10-16,2025-10,United States,Electronics,Mobile,U01432,S0003644,viewed,,,
2025-10-16,2025-10,United States,Electronics,Mobile,U02393,S0003660,viewed,,,
2025-10-16,2025-10,United States,Sports,Desktop,U01281,S0003709,viewed,,,
2025-10-16,2025-10,United States,Apparel,Mobile,U00793,S0003842,viewed,,,
2025-10-16,2025-10,United States,Sports,Desktop,U01070,S0004014,add_to_cart,,,
2025-10-16,2025-10,United States,Sports,Desktop,U01070,S0004014,viewed,,,
2025-10-16,2025-10,United States,Beauty,Mobile,U00473,S0004196,viewed,,,
2025-10-16,2025-10,United Kingdom,Apparel,Desktop,U01798,S0004293,add_to_cart,,,
2025-10-16,2025-10,United Kingdom,Apparel,Desktop,U01798,S0004293,viewed,,,
2025-10-16,2025-10,Canada,Sports,Desktop,U02442,S0004363,viewed,,,
2025-10-16,2025-10,Germany,Electronics,Mobile,U01302,S0004415,viewed,,,
2025-10-16,2025-10,United States,Home,Desktop,U00423,S0004573,viewed,,,
2025-10-16,2025-10,Germany,Apparel,Desktop,U01405,S0004638,viewed,,,
2025-10-16,2025-10,United States,Home,Mobile,U02363,S0004660,add_to_cart,,,
2025-10-16,2025-10,United States,Home,Mobile,U02363,S0004660,viewed,,,
2025-10-16,2025-10,United States,Apparel,Mobile,U00103,S0004825,viewed,,,
2025-10-16,2025-10,Canada,Electronics,Mobile,U00993,S0004883,viewed,,,
2025-10-16,2025-10,United States,Sports,Mobile,U01599,S0005000,viewed,,,
2025-10-17,2025-10,Australia,Electronics,Desktop,U02289,S0000021,viewed,,,
2025-10-17,2025-10,United States,Electronics,Mobile,U00620,S0000115,viewed,,,
2025-10-17,2025-10,United States,Home,Desktop,U00359,S0000159,add_to_cart,,,
2025-10-17,2025-10,United States,Home,Desktop,U00359,S0000159,checkout_started,,,
2025-10-17,2025-10,United States,Home,Desktop,U00359,S0000159,purchased,3.0,102.08873159912586,306.27
2025-10-17,2025-10,United States,Home,Desktop,U00359,S0000159,viewed,,,
2025-10-17,2025-10,Canada,Apparel,Mobile,U01046,S0000180,viewed,,,
2025-10-17,2025-10,United Kingdom,Electronics,Desktop,U01009,S0000406,viewed,,,
2025-10-17,2025-10,United States,Beauty,Mobile,U01671,S0000420,viewed,,,
2025-10-17,2025-10,Australia,Apparel,Desktop,U00655,S0000445,add_to_cart,,,
2025-10-17,2025-10,Australia,Apparel,Desktop,U00655,S0000445,checkout_started,,,
2025-10-17,2025-10,Australia,Apparel,Desktop,U00655,S0000445,viewed,,,
2025-10-17,2025-10,Germany,Sports,Desktop,U01337,S0000556,viewed,,,
2025-10-17,2025-10,United States,Sports,Desktop,U01155,S0000629,viewed,,,
2025-10-17,2025-10,United States,Home,Desktop,U00526,S0000667,viewed,,,
2025-10-17,2025-10,United States,Apparel,Desktop,U00224,S0000876,viewed,,,
2025-10-17,2025-10,United States,Home,Mobile,U00055,S0000897,viewed,,,
2025-10-17,2025-10,Germany,Sports,Mobile,U00477,S0000940,add_to_cart,,,
2025-10-17,2025-10,Germany,Sports,Mobile,U00477,S0000940,checkout_started,,,
2025-10-17,2025-10,Germany,Sports,Mobile,U00477,S0000940,purchased,2.0,62.303622156115345,124.61
2025-10-17,2025-10,Germany,Sports,Mobile,U00477,S0000940,viewed,,,
2025-10-17,2025-10,Germany,Apparel,Mobile,U01939,S0001008,viewed,,,
2025-10-17,2025-10,United States,Electronics,Desktop,U01079,S0001051,viewed,,,
2025-10-17,2025-10,Germany,Sports,Tablet,U01013,S0001053,viewed,,,
2025-10-17,2025-10,United States,Apparel,Mobile,U00548,S0001091,viewed,,,
2025-10-17,2025-10,United Kingdom,Electronics,Mobile,U02357,S0001152,viewed,,,
2025-10-17,2025-10,Canada,Sports,Desktop,U01141,S0001217,add_to_cart,,,
2025-10-17,2025-10,Canada,Sports,Desktop,U01141,S0001217,checkout_started,,,
2025-10-17,2025-10,Canada,Sports,Desktop,U01141,S0001217,purchased,1.0,51.81842735226784,51.82
2025-10-17,2025-10,Canada,Sports,Desktop,U01141,S0001217,viewed,,,
2025-10-17,2025-10,Canada,Beauty,Mobile,U01692,S0001241,add_to_cart,,,
2025-10-17,2025-10,Canada,Beauty,Mobile,U01692,S0001241,checkout_started,,,
2025-10-17,2025-10,Canada,Beauty,Mobile,U01692,S0001241,viewed,,,
2025-10-17,2025-10,United States,Apparel,Mobile,U01496,S0001379,viewed,,,
2025-10-17,2025-10,Australia,Beauty,Mobile,U00299,S0001490,viewed,,,
2025-10-17,2025-10,Germany,Electronics,Desktop,U01559,S0001618,viewed,,,
2025-10-17,2025-10,United States,Beauty,Desktop,U01035,S0001737,add_to_cart,,,
2025-10-17,2025-10,United States,Beauty,Desktop,U01035,S0001737,checkout_started,,,
2025-10-17,2025-10,United States,Beauty,Desktop,U01035,S0001737,purchased,4.0,48.75609636178181,195.02
2025-10-17,2025-10,United States,Beauty,Desktop,U01035,S0001737,viewed,,,
2025-10-17,2025-10,Germany,Apparel,Mobile,U01729,S0001767,viewed,,,
2025-10-17,2025-10,Germany,Home,Mobile,U01231,S0002066,viewed,,,
2025-10-17,2025-10,Canada,Electronics,Desktop,U00887,S0002251,viewed,,,
2025-10-17,2025-10,Canada,Electronics,Mobile,U02301,S0002254,viewed,,,
2025-10-17,2025-10,United States,Electronics,Mobile,U01305,S0002313,viewed,,,
2025-10-17,2025-10,United States,Electronics,Mobile,U02055,S0002350,viewed,,,
2025-10-17,2025-10,United States,Sports,Mobile,U01676,S0002597,add_to_cart,,,
2025-10-17,2025-10,United States,Sports,Mobile,U01676,S0002597,checkout_started,,,
2025-10-17,2025-10,United States,Sports,Mobile,U01676,S0002597,purchased,2.0,103.52479489943256,207.05
2025-10-17,2025-10,United States,Sports,Mobile,U01676,S0002597,viewed,,,
2025-10-17,2025-10,United States,Electronics,Desktop,U01337,S0002685,viewed,,,
2025-10-17,2025-10,United States,Electronics,Desktop,U00376,S0002715,viewed,,,
2025-10-17,2025-10,United States,Home,Mobile,U00297,S0002901,add_to_cart,,,
2025-10-17,2025-10,United States,Home,Mobile,U00297,S0002901,viewed,,,
2025-10-17,2025-10,Canada,Electronics,Desktop,U00526,S0002952,viewed,,,
2025-10-17,2025-10,United Kingdom,Apparel,Desktop,U00479,S0003012,add_to_cart,,,
2025-10-17,2025-10,United Kingdom,Apparel,Desktop,U00479,S0003012,checkout_started,,,
2025-10-17,2025-10,United Kingdom,Apparel,Desktop,U00479,S0003012,purchased,4.0,37.567893532890096,150.27
2025-10-17,2025-10,United Kingdom,Apparel,Desktop,U00479,S0003012,viewed,,,
2025-10-17,2025-10,Canada,Apparel,Tablet,U00542,S0003129,add_to_cart,,,
2025-10-17,2025-10,Canada,Apparel,Tablet,U00542,S0003129,checkout_started,,,
2025-10-17,2025-10,Canada,Apparel,Tablet,U00542,S0003129,purchased,2.0,67.68416561973388,135.37
2025-10-17,2025-10,Canada,Apparel,Tablet,U00542,S0003129,viewed,,,
2025-10-17,2025-10,United States,Apparel,Mobile,U00271,S0003374,viewed,,,
2025-10-17,2025-10,Canada,Sports,Mobile,U00349,S0003376,viewed,,,
2025-10-17,2025-10,United Kingdom,Electronics,Desktop,U00434,S0003377,viewed,,,
2025-10-17,2025-10,United States,Beauty,Mobile,U01705,S0003706,viewed,,,
2025-10-17,2025-10,United States,Apparel,Mobile,U01357,S0003762,viewed,,,
2025-10-17,2025-10,United Kingdom,Apparel,Mobile,U01481,S0003903,add_to_cart,,,
2025-10-17,2025-10,United Kingdom,Apparel,Mobile,U01481,S0003903,checkout_started,,,
2025-10-17,2025-10,United Kingdom,Apparel,Mobile,U01481,S0003903,purchased,2.0,64.1594426359088,128.32
2025-10-17,2025-10,United Kingdom,Apparel,Mobile,U01481,S0003903,viewed,,,
2025-10-17,2025-10,United Kingdom,Home,Tablet,U00549,S0003927,viewed,,,
2025-10-17,2025-10,Australia,Sports,Tablet,U00612,S0003940,add_to_cart,,,
2025-10-17,2025-10,Australia,Sports,Tablet,U00612,S0003940,checkout_started,,,
2025-10-17,2025-10,Australia,Sports,Tablet,U00612,S0003940,viewed,,,
2025-10-17,2025-10,United States,Beauty,Desktop,U01076,S0004085,add_to_cart,,,
2025-10-17,2025-10,United States,Beauty,Desktop,U01076,S0004085,checkout_started,,,
2025-10-17,2025-10,United States,Beauty,Desktop,U01076,S0004085,purchased,3.0,27.320251256309945,81.96
2025-10-17,2025-10,United States,Beauty,Desktop,U01076,S0004085,viewed,,,
2025-10-17,2025-10,Australia,Sports,Desktop,U00713,S0004126,add_to_cart,,,
2025-10-17,2025-10,Australia,Sports,Desktop,U00713,S0004126,checkout_started,,,
2025-10-17,2025-10,Australia,Sports,Desktop,U00713,S0004126,purchased,4.0,76.09349441938748,304.37
2025-10-17,2025-10,Australia,Sports,Desktop,U00713,S0004126,viewed,,,
2025-10-17,2025-10,Canada,Apparel,Mobile,U01963,S0004134,add_to_cart,,,
2025-10-17,2025-10,Canada,Apparel,Mobile,U01963,S0004134,viewed,,,
2025-10-17,2025-10,United States,Beauty,Desktop,U01497,S0004140,viewed,,,
2025-10-17,2025-10,United States,Apparel,Desktop,U01754,S0004169,add_to_cart,,,
2025-10-17,2025-10,United States,Apparel,Desktop,U01754,S0004169,checkout_started,,,
2025-10-17,2025-10,United States,Apparel,Desktop,U01754,S0004169,purchased,2.0,67.73308873278376,135.47
2025-10-17,2025-10,United States,Apparel,Desktop,U01754,S0004169,viewed,,,
2025-10-17,2025-10,United States,Apparel,Mobile,U00186,S0004173,viewed,,,
2025-10-17,2025-10,Germany,Apparel,Mobile,U01686,S0004270,viewed,,,
2025-10-17,2025-10,United States,Home,Desktop,U00712,S0004340,viewed,,,
2025-10-17,2025-10,Canada,Home,Mobile,U00091,S0004346,viewed,,,
2025-10-17,2025-10,United Kingdom,Beauty,Mobile,U00438,S0004395,viewed,,,
2025-10-17,2025-10,United States,Apparel,Desktop,U01481,S0004536,add_to_cart,,,
2025-10-17,2025-10,United States,Apparel,Desktop,U01481,S0004536,checkout_started,,,
2025-10-17,2025-10,United States,Apparel,Desktop,U01481,S0004536,purchased,2.0,38.46946746009388,76.94
2025-10-17,2025-10,United States,Apparel,Desktop,U01481,S0004536,viewed,,,
2025-10-17,2025-10,United States,Electronics,Mobile,U01638,S0004716,viewed,,,
2025-10-17,2025-10,United States,Apparel,Desktop,U01619,S0004797,add_to_cart,,,
2025-10-17,2025-10,United States,Apparel,Desktop,U01619,S0004797,checkout_started,,,
2025-10-17,2025-10,United States,Apparel,Desktop,U01619,S0004797,purchased,2.0,77.03239695667757,154.06
2025-10-17,2025-10,United States,Apparel,Desktop,U01619,S0004797,viewed,,,
2025-10-17,2025-10,United States,Electronics,Mobile,U02367,S0004962,viewed,,,
2025-10-18,2025-10,United States,Apparel,Mobile,U00146,S0000017,viewed,,,
2025-10-18,2025-10,Canada,Apparel,Mobile,U02076,S0000296,add_to_cart,,,
2025-10-18,2025-10,Canada,Apparel,Mobile,U02076,S0000296,checkout_started,,,
2025-10-18,2025-10,Canada,Apparel,Mobile,U02076,S0000296,purchased,3.0,67.54512361505451,202.64
2025-10-18,2025-10,Canada,Apparel,Mobile,U02076,S0000296,viewed,,,
2025-10-18,2025-10,Canada,Sports,Mobile,U01163,S0000344,add_to_cart,,,
2025-10-18,2025-10,Canada,Sports,Mobile,U01163,S0000344,checkout_started,,,
2025-10-18,2025-10,Canada,Sports,Mobile,U01163,S0000344,purchased,2.0,63.75285044795439,127.51
2025-10-18,2025-10,Canada,Sports,Mobile,U01163,S0000344,viewed,,,
2025-10-18,2025-10,Australia,Electronics,Desktop,U00399,S0000366,viewed,,,
2025-10-18,2025-10,Canada,Electronics,Tablet,U01114,S0000449,viewed,,,
2025-10-18,2025-10,United Kingdom,Apparel,Desktop,U00571,S0000549,viewed,,,
2025-10-18,2025-10,Canada,Sports,Mobile,U01549,S0000608,add_to_cart,,,
2025-10-18,2025-10,Canada,Sports,Mobile,U01549,S0000608,viewed,,,
2025-10-18,2025-10,Germany,Beauty,Desktop,U01620,S0000701,viewed,,,
2025-10-18,2025-10,Germany,Apparel,Mobile,U00520,S0000717,viewed,,,
2025-10-18,2025-10,United Kingdom,Apparel,Mobile,U01138,S0000803,viewed,,,
2025-10-18,2025-10,Germany,Sports,Mobile,U00255,S0001000,add_to_cart,,,
2025-10-18,2025-10,Germany,Sports,Mobile,U00255,S0001000,checkout_started,,,
2025-10-18,2025-10,Germany,Sports,Mobile,U00255,S0001000,viewed,,,
2025-10-18,2025-10,Germany,Sports,Desktop,U00220,S0001010,viewed,,,
2025-10-18,2025-10,United States,Sports,Mobile,U01389,S0001015,viewed,,,
2025-10-18,2025-10,Germany,Beauty,Mobile,U00649,S0001165,add_to_cart,,,
2025-10-18,2025-10,Germany,Beauty,Mobile,U00649,S0001165,viewed,,,
2025-10-18,2025-10,United States,Apparel,Tablet,U01836,S0001207,add_to_cart,,,
2025-10-18,2025-10,United States,Apparel,Tablet,U01836,S0001207,checkout_started,,,
2025-10-18,2025-10,United States,Apparel,Tablet,U01836,S0001207,purchased,1.0,69.28303798188632,69.28
2025-10-18,2025-10,United States,Apparel,Tablet,U01836,S0001207,viewed,,,
2025-10-18,2025-10,Germany,Sports,Mobile,U01850,S0001296,viewed,,,
2025-10-18,2025-10,Australia,Home,Desktop,U00713,S0001442,viewed,,,
2025-10-18,2025-10,United Kingdom,Electronics,Mobile,U01257,S0001460,add_to_cart,,,
2025-10-18,2025-10,United Kingdom,Electronics,Mobile,U01257,S0001460,viewed,,,
2025-10-18,2025-10,United Kingdom,Home,Mobile,U01612,S0001583,viewed,,,
2025-10-18,2025-10,United States,Home,Mobile,U01354,S0001680,viewed,,,
2025-10-18,2025-10,United States,Beauty,Desktop,U00410,S0001686,viewed,,,
2025-10-18,2025-10,United States,Sports,Mobile,U01734,S0001720,viewed,,,
2025-10-18,2025-10,United States,Electronics,Mobile,U00899,S0001849,add_to_cart,,,
2025-10-18,2025-10,United States,Electronics,Mobile,U00899,S0001849,checkout_started,,,
2025-10-18,2025-10,United States,Electronics,Mobile,U00899,S0001849,viewed,,,
2025-10-18,2025-10,Germany,Beauty,Mobile,U02346,S0001916,add_to_cart,,,
2025-10-18,2025-10,Germany,Beauty,Mobile,U02346,S0001916,checkout_started,,,
2025-10-18,2025-10,Germany,Beauty,Mobile,U02346,S0001916,purchased,4.0,25.930068570405354,103.72
2025-10-18,2025-10,Germany,Beauty,Mobile,U02346,S0001916,viewed,,,
2025-10-18,2025-10,United States,Home,Tablet,U02043,S0002133,viewed,,,
2025-10-18,2025-10,United States,Electronics,Desktop,U02509,S0002264,viewed,,,
2025-10-18,2025-10,United States,Apparel,Desktop,U02493,S0002477,viewed,,,
2025-10-18,2025-10,United States,Apparel,Mobile,U02091,S0002714,viewed,,,
2025-10-18,2025-10,Germany,Electronics,Mobile,U02191,S0002743,viewed,,,
2025-10-18,2025-10,United States,Beauty,Desktop,U01315,S0002811,viewed,,,
2025-10-18,2025-10,United States,Home,Mobile,U01688,S0002876,viewed,,,
2025-10-18,2025-10,Australia,Beauty,Desktop,U00199,S0002950,viewed,,,
2025-10-18,2025-10,United States,Sports,Desktop,U02515,S0002959,add_to_cart,,,
2025-10-18,2025-10,United States,Sports,Desktop,U02515,S0002959,checkout_started,,,
2025-10-18,2025-10,United States,Sports,Desktop,U02515,S0002959,purchased,1.0,72.64438369958768,72.64
2025-10-18,2025-10,United States,Sports,Desktop,U02515,S0002959,viewed,,,
2025-10-18,2025-10,United States,Electronics,Mobile,U02075,S0003244,viewed,,,
2025-10-18,2025-10,Germany,Apparel,Mobile,U00139,S0003311,add_to_cart,,,
2025-10-18,2025-10,Germany,Apparel,Mobile,U00139,S0003311,checkout_started,,,
2025-10-18,2025-10,Germany,Apparel,Mobile,U00139,S0003311,purchased,3.0,36.960479569538975,110.88
2025-10-18,2025-10,Germany,Apparel,Mobile,U00139,S0003311,viewed,,,
2025-10-18,2025-10,United States,Home,Desktop,U01982,S0003421,add_to_cart,,,
2025-10-18,2025-10,United States,Home,Desktop,U01982,S0003421,viewed,,,
2025-10-18,2025-10,United States,Home,Mobile,U00153,S0003654,viewed,,,
2025-10-18,2025-10,United States,Sports,Desktop,U00981,S0003657,viewed,,,
2025-10-18,2025-10,United States,Beauty,Mobile,U00840,S0003665,add_to_cart,,,
2025-10-18,2025-10,United States,Beauty,Mobile,U00840,S0003665,viewed,,,
2025-10-18,2025-10,Australia,Apparel,Desktop,U02010,S0003809,add_to_cart,,,
2025-10-18,2025-10,Australia,Apparel,Desktop,U02010,S0003809,checkout_started,,,
2025-10-18,2025-10,Australia,Apparel,Desktop,U02010,S0003809,purchased,4.0,61.694530923314176,246.78
2025-10-18,2025-10,Australia,Apparel,Desktop,U02010,S0003809,viewed,,,
2025-10-18,2025-10,United States,Home,Desktop,U00341,S0003901,add_to_cart,,,
2025-10-18,2025-10,United States,Home,Desktop,U00341,S0003901,viewed,,,
2025-10-18,2025-10,United Kingdom,Electronics,Mobile,U01681,S0003957,viewed,,,
2025-10-18,2025-10,United States,Home,Mobile,U00063,S0003995,viewed,,,
2025-10-18,2025-10,Canada,Apparel,Desktop,U02003,S0004000,viewed,,,
2025-10-18,2025-10,United Kingdom,Home,Tablet,U00825,S0004064,add_to_cart,,,
2025-10-18,2025-10,United Kingdom,Home,Tablet,U00825,S0004064,checkout_started,,,
2025-10-18,2025-10,United Kingdom,Home,Tablet,U00825,S0004064,purchased,4.0,62.80146065064186,251.21
2025-10-18,2025-10,United Kingdom,Home,Tablet,U00825,S0004064,viewed,,,
2025-10-18,2025-10,Germany,Home,Desktop,U00897,S0004109,viewed,,,
2025-10-18,2025-10,United States,Home,Mobile,U02246,S0004222,viewed,,,
2025-10-18,2025-10,United States,Electronics,Mobile,U02058,S0004311,viewed,,,
2025-10-18,2025-10,United Kingdom,Electronics,Desktop,U01244,S0004396,viewed,,,
2025-10-18,2025-10,United States,Home,Mobile,U01062,S0004614,add_to_cart,,,
2025-10-18,2025-10,United States,Home,Mobile,U01062,S0004614,checkout_started,,,
2025-10-18,2025-10,United States,Home,Mobile,U01062,S0004614,purchased,3.0,135.3335975066589,406.0
2025-10-18,2025-10,United States,Home,Mobile,U01062,S0004614,viewed,,,
2025-10-18,2025-10,United States,Home,Mobile,U01681,S0004685,viewed,,,
2025-10-18,2025-10,Canada,Beauty,Mobile,U01652,S0004740,add_to_cart,,,
2025-10-18,2025-10,Canada,Beauty,Mobile,U01652,S0004740,checkout_started,,,
2025-10-18,2025-10,Canada,Beauty,Mobile,U01652,S0004740,purchased,3.0,42.467351498020605,127.4
2025-10-18,2025-10,Canada,Beauty,Mobile,U01652,S0004740,viewed,,,
2025-10-18,2025-10,United States,Apparel,Mobile,U02269,S0004948,viewed,,,
2025-10-19,2025-10,United States,Beauty,Mobile,U02197,S0000011,viewed,,,
2025-10-19,2025-10,United States,Electronics,Desktop,U01988,S0000488,add_to_cart,,,
2025-10-19,2025-10,United States,Electronics,Desktop,U01988,S0000488,checkout_started,,,
2025-10-19,2025-10,United States,Electronics,Desktop,U01988,S0000488,viewed,,,
2025-10-19,2025-10,United States,Apparel,Tablet,U00282,S0000507,add_to_cart,,,
2025-10-19,2025-10,United States,Apparel,Tablet,U00282,S0000507,checkout_started,,,
2025-10-19,2025-10,United States,Apparel,Tablet,U00282,S0000507,purchased,2.0,89.35126609176848,178.7
2025-10-19,2025-10,United States,Apparel,Tablet,U00282,S0000507,viewed,,,
2025-10-19,2025-10,United Kingdom,Home,Mobile,U02430,S0000578,viewed,,,
2025-10-19,2025-10,United Kingdom,Electronics,Desktop,U01589,S0000679,viewed,,,
2025-10-19,2025-10,Canada,Home,Mobile,U02442,S0000712,viewed,,,
2025-10-19,2025-10,United States,Apparel,Mobile,U01127,S0000747,add_to_cart,,,
2025-10-19,2025-10,United States,Apparel,Mobile,U01127,S0000747,viewed,,,
2025-10-19,2025-10,United States,Sports,Mobile,U00326,S0000893,add_to_cart,,,
2025-10-19,2025-10,United States,Sports,Mobile,U00326,S0000893,viewed,,,
2025-10-19,2025-10,Canada,Beauty,Mobile,U00346,S0000995,add_to_cart,,,
2025-10-19,2025-10,Canada,Beauty,Mobile,U00346,S0000995,checkout_started,,,
2025-10-19,2025-10,Canada,Beauty,Mobile,U00346,S0000995,purchased,4.0,38.50771261324944,154.03
2025-10-19,2025-10,Canada,Beauty,Mobile,U00346,S0000995,viewed,,,
2025-10-19,2025-10,Canada,Home,Tablet,U02221,S0000997,viewed,,,
2025-10-19,2025-10,United States,Home,Mobile,U01606,S0001074,viewed,,,
2025-10-19,2025-10,United Kingdom,Electronics,Mobile,U01402,S0001147,add_to_cart,,,
2025-10-19,2025-10,United Kingdom,Electronics,Mobile,U01402,S0001147,checkout_started,,,
2025-10-19,2025-10,United Kingdom,Electronics,Mobile,U01402,S0001147,viewed,,,
2025-10-19,2025-10,Canada,Sports,Mobile,U00297,S0001164,add_to_cart,,,
2025-10-19,2025-10,Canada,Sports,Mobile,U00297,S0001164,viewed,,,
2025-10-19,2025-10,United States,Apparel,Mobile,U00835,S0001195,add_to_cart,,,
2025-10-19,2025-10,United States,Apparel,Mobile,U00835,S0001195,viewed,,,
2025-10-19,2025-10,United States,Beauty,Mobile,U00770,S0001299,viewed,,,
2025-10-19,2025-10,United States,Home,Desktop,U01255,S0001311,viewed,,,
2025-10-19,2025-10,Canada,Home,Desktop,U01009,S0001392,viewed,,,
2025-10-19,2025-10,Australia,Apparel,Desktop,U00317,S0001501,add_to_cart,,,
2025-10-19,2025-10,Australia,Apparel,Desktop,U00317,S0001501,viewed,,,
2025-10-19,2025-10,United States,Beauty,Desktop,U01802,S0001665,add_to_cart,,,
2025-10-19,2025-10,United States,Beauty,Desktop,U01802,S0001665,checkout_started,,,
2025-10-19,2025-10,United States,Beauty,Desktop,U01802,S0001665,purchased,1.0,43.905211416818446,43.91
2025-10-19,2025-10,United States,Beauty,Desktop,U01802,S0001665,viewed,,,
2025-10-19,2025-10,United States,Home,Mobile,U01685,S0001800,add_to_cart,,,
2025-10-19,2025-10,United States,Home,Mobile,U01685,S0001800,viewed,,,
2025-10-19,2025-10,United States,Apparel,Mobile,U01113,S0001859,viewed,,,
2025-10-19,2025-10,Canada,Home,Mobile,U01799,S0001902,add_to_cart,,,
2025-10-19,2025-10,Canada,Home,Mobile,U01799,S0001902,checkout_started,,,
2025-10-19,2025-10,Canada,Home,Mobile,U01799,S0001902,purchased,2.0,74.59653593505539,149.19
2025-10-19,2025-10,Canada,Home,Mobile,U01799,S0001902,viewed,,,
2025-10-19,2025-10,Canada,Home,Mobile,U02059,S0001920,viewed,,,
2025-10-19,2025-10,United States,Beauty,Mobile,U00450,S0001957,viewed,,,
2025-10-19,2025-10,Canada,Electronics,Mobile,U02423,S0001958,viewed,,,
2025-10-19,2025-10,United States,Sports,Mobile,U01486,S0001991,add_to_cart,,,
2025-10-19,2025-10,United States,Sports,Mobile,U01486,S0001991,checkout_started,,,
2025-10-19,2025-10,United States,Sports,Mobile,U01486,S0001991,viewed,,,
2025-10-19,2025-10,Canada,Home,Desktop,U01159,S0002029,viewed,,,
2025-10-19,2025-10,United States,Home,Desktop,U00991,S0002048,add_to_cart,,,
2025-10-19,2025-10,United States,Home,Desktop,U00991,S0002048,checkout_started,,,
2025-10-19,2025-10,United States,Home,Desktop,U00991,S0002048,purchased,1.0,69.27801771128628,69.28
2025-10-19,2025-10,United States,Home,Desktop,U00991,S0002048,viewed,,,
2025-10-19,2025-10,United Kingdom,Beauty,Desktop,U00211,S0002411,add_to_cart,,,
2025-10-19,2025-10,United Kingdom,Beauty,Desktop,U00211,S0002411,checkout_started,,,
2025-10-19,2025-10,United Kingdom,Beauty,Desktop,U00211,S0002411,viewed,,,
2025-10-19,2025-10,Canada,Sports,Mobile,U02164,S0002432,viewed,,,
2025-10-19,2025-10,United States,Sports,Desktop,U00038,S0002489,viewed,,,
2025-10-19,2025-10,United Kingdom,Home,Mobile,U02412,S0002518,viewed,,,
2025-10-19,2025-10,United States,Sports,Mobile,U00761,S0002539,viewed,,,
2025-10-19,2025-10,Germany,Beauty,Mobile,U01415,S0002593,add_to_cart,,,
2025-10-19,2025-10,Germany,Beauty,Mobile,U01415,S0002593,checkout_started,,,
2025-10-19,2025-10,Germany,Beauty,Mobile,U01415,S0002593,purchased,3.0,37.189984101207614,111.57
2025-10-19,2025-10,Germany,Beauty,Mobile,U01415,S0002593,viewed,,,
2025-10-19,2025-10,United Kingdom,Apparel,Desktop,U01317,S0002607,add_to_cart,,,
2025-10-19,2025-10,United Kingdom,Apparel,Desktop,U01317,S0002607,checkout_started,,,
2025-10-19,2025-10,United Kingdom,Apparel,Desktop,U01317,S0002607,purchased,2.0,49.99756804173216,100.0
2025-10-19,2025-10,United Kingdom,Apparel,Desktop,U01317,S0002607,viewed,,,
2025-10-19,2025-10,United States,Home,Desktop,U00710,S0002609,viewed,,,
2025-10-19,2025-10,United States,Electronics,Mobile,U00843,S0002732,viewed,,,
2025-10-19,2025-10,United States,Home,Desktop,U02159,S0002777,viewed,,,
2025-10-19,2025-10,United States,Home,Mobile,U01504,S0002949,viewed,,,
2025-10-19,2025-10,United Kingdom,Beauty,Desktop,U01062,S0003017,add_to_cart,,,
2025-10-19,2025-10,United Kingdom,Beauty,Desktop,U01062,S0003017,checkout_started,,,
2025-10-19,2025-10,United Kingdom,Beauty,Desktop,U01062,S0003017,viewed,,,
2025-10-19,2025-10,United States,Beauty,Mobile,U00503,S0003044,viewed,,,
2025-10-19,2025-10,United Kingdom,Electronics,Mobile,U00131,S0003265,add_to_cart,,,
2025-10-19,2025-10,United Kingdom,Electronics,Mobile,U00131,S0003265,checkout_started,,,
2025-10-19,2025-10,United Kingdom,Electronics,Mobile,U00131,S0003265,purchased,4.0,132.13225820894093,528.53
2025-10-19,2025-10,United Kingdom,Electronics,Mobile,U00131,S0003265,viewed,,,
2025-10-19,2025-10,Germany,Electronics,Mobile,U01037,S0003337,viewed,,,
2025-10-19,2025-10,United States,Electronics,Mobile,U02337,S0003360,viewed,,,
2025-10-19,2025-10,United States,Sports,Mobile,U01350,S0003392,add_to_cart,,,
2025-10-19,2025-10,United States,Sports,Mobile,U01350,S0003392,checkout_started,,,
2025-10-19,2025-10,United States,Sports,Mobile,U01350,S0003392,purchased,3.0,63.767039265492464,191.3
2025-10-19,2025-10,United States,Sports,Mobile,U01350,S0003392,viewed,,,
2025-10-19,2025-10,Canada,Electronics,Desktop,U01839,S0003469,viewed,,,
2025-10-19,2025-10,United States,Apparel,Desktop,U01396,S0003478,add_to_cart,,,
2025-10-19,2025-10,United States,Apparel,Desktop,U01396,S0003478,checkout_started,,,
2025-10-19,2025-10,United States,Apparel,Desktop,U01396,S0003478,purchased,4.0,64.16137453098892,256.65
2025-10-19,2025-10,United States,Apparel,Desktop,U01396,S0003478,viewed,,,
2025-10-19,2025-10,Canada,Home,Desktop,U00055,S0003496,add_to_cart,,,
2025-10-19,2025-10,Canada,Home,Desktop,U00055,S0003496,checkout_started,,,
2025-10-19,2025-10,Canada,Home,Desktop,U00055,S0003496,purchased,1.0,25.45976386116682,25.46
2025-10-19,2025-10,Canada,Home,Desktop,U00055,S0003496,viewed,,,
2025-10-19,2025-10,United States,Home,Desktop,U00072,S0003539,viewed,,,
2025-10-19,2025-10,Canada,Beauty,Mobile,U00110,S0003552,viewed,,,
2025-10-19,2025-10,United States,Beauty,Mobile,U01608,S0003646,viewed,,,
2025-10-19,2025-10,United States,Apparel,Mobile,U02544,S0003728,add_to_cart,,,
2025-10-19,2025-10,United States,Apparel,Mobile,U02544,S0003728,checkout_started,,,
2025-10-19,2025-10,United States,Apparel,Mobile,U02544,S0003728,purchased,1.0,57.51936545024189,57.52
2025-10-19,2025-10,United States,Apparel,Mobile,U02544,S0003728,viewed,,,
2025-10-19,2025-10,United States,Home,Desktop,U00382,S0003738,add_to_cart,,,
2025-10-19,2025-10,United States,Home,Desktop,U00382,S0003738,checkout_started,,,
2025-10-19,2025-10,United States,Home,Desktop,U00382,S0003738,purchased,4.0,114.80511314289362,459.22
2025-10-19,2025-10,United States,Home,Desktop,U00382,S0003738,viewed,,,
2025-10-19,2025-10,United Kingdom,Apparel,Mobile,U01306,S0003773,viewed,,,
2025-10-19,2025-10,United States,Home,Mobile,U02142,S0003777,add_to_cart,,,
2025-10-19,2025-10,United States,Home,Mobile,U02142,S0003777,checkout_started,,,
2025-10-19,2025-10,United States,Home,Mobile,U02142,S0003777,purchased,4.0,151.71764179868748,606.87
2025-10-19,2025-10,United States,Home,Mobile,U02142,S0003777,viewed,,,
2025-10-19,2025-10,United States,Apparel,Mobile,U00261,S0003867,viewed,,,
2025-10-19,2025-10,United States,Home,Desktop,U00740,S0003897,viewed,,,
2025-10-19,2025-10,United States,Sports,Mobile,U02597,S0003937,viewed,,,
2025-10-19,2025-10,Australia,Beauty,Desktop,U00781,S0004032,add_to_cart,,,
2025-10-19,2025-10,Australia,Beauty,Desktop,U00781,S0004032,checkout_started,,,
2025-10-19,2025-10,Australia,Beauty,Desktop,U00781,S0004032,purchased,4.0,37.167699110789755,148.67
2025-10-19,2025-10,Australia,Beauty,Desktop,U00781,S0004032,viewed,,,
2025-10-19,2025-10,Australia,Home,Mobile,U00610,S0004058,add_to_cart,,,
2025-10-19,2025-10,Australia,Home,Mobile,U00610,S0004058,checkout_started,,,
2025-10-19,2025-10,Australia,Home,Mobile,U00610,S0004058,purchased,3.0,72.05502043087048,216.17
2025-10-19,2025-10,Australia,Home,Mobile,U00610,S0004058,viewed,,,
2025-10-19,2025-10,United States,Home,Desktop,U00496,S0004152,add_to_cart,,,
2025-10-19,2025-10,United States,Home,Desktop,U00496,S0004152,viewed,,,
2025-10-19,2025-10,United Kingdom,Beauty,Tablet,U00275,S0004219,add_to_cart,,,
2025-10-19,2025-10,United Kingdom,Beauty,Tablet,U00275,S0004219,viewed,,,
2025-10-19,2025-10,United Kingdom,Beauty,Mobile,U00138,S0004272,add_to_cart,,,
2025-10-19,2025-10,United Kingdom,Beauty,Mobile,U00138,S0004272,viewed,,,
2025-10-19,2025-10,United Kingdom,Sports,Desktop,U02591,S0004370,viewed,,,
2025-10-19,2025-10,United States,Sports,Mobile,U01417,S0004512,viewed,,,
2025-10-19,2025-10,Canada,Electronics,Desktop,U02469,S0004549,viewed,,,
2025-10-19,2025-10,Canada,Sports,Desktop,U00885,S0004813,viewed,,,
2025-10-19,2025-10,United States,Home,Desktop,U01736,S0004836,viewed,,,
2025-10-19,2025-10,Germany,Apparel,Tablet,U01858,S0004920,add_to_cart,,,
2025-10-19,2025-10,Germany,Apparel,Tablet,U01858,S0004920,checkout_started,,,
2025-10-19,2025-10,Germany,Apparel,Tablet,U01858,S0004920,purchased,1.0,30.480571085360637,30.48
2025-10-19,2025-10,Germany,Apparel,Tablet,U01858,S0004920,viewed,,,
2025-10-19,2025-10,United States,Electronics,Mobile,U00581,S0004992,viewed,,,
2025-10-20,2025-10,United States,Apparel,Desktop,U00689,S0000289,viewed,,,
2025-10-20,2025-10,United States,Sports,Mobile,U00609,S0000305,viewed,,,
2025-10-20,2025-10,Australia,Home,Mobile,U00589,S0000351,viewed,,,
2025-10-20,2025-10,United States,Apparel,Desktop,U02122,S0000539,viewed,,,
2025-10-20,2025-10,Australia,Home,Mobile,U01237,S0000561,viewed,,,
2025-10-20,2025-10,Canada,Electronics,Mobile,U00160,S0000606,viewed,,,
2025-10-20,2025-10,United States,Beauty,Desktop,U02485,S0000648,viewed,,,
2025-10-20,2025-10,United States,Home,Desktop,U00572,S0000656,viewed,,,
2025-10-20,2025-10,Canada,Electronics,Desktop,U02377,S0000877,viewed,,,
2025-10-20,2025-10,Germany,Home,Desktop,U00845,S0000917,viewed,,,
2025-10-20,2025-10,Germany,Apparel,Desktop,U01932,S0000927,viewed,,,
2025-10-20,2025-10,Australia,Home,Desktop,U02410,S0000931,viewed,,,
2025-10-20,2025-10,United States,Electronics,Tablet,U01166,S0001140,viewed,,,
2025-10-20,2025-10,United States,Apparel,Desktop,U01906,S0001259,add_to_cart,,,
2025-10-20,2025-10,United States,Apparel,Desktop,U01906,S0001259,viewed,,,
2025-10-20,2025-10,United Kingdom,Electronics,Desktop,U00174,S0001335,viewed,,,
2025-10-20,2025-10,Germany,Apparel,Mobile,U00773,S0001341,viewed,,,
2025-10-20,2025-10,United States,Home,Mobile,U00750,S0001380,viewed,,,
2025-10-20,2025-10,Germany,Apparel,Desktop,U00467,S0001553,viewed,,,
2025-10-20,2025-10,United States,Apparel,Mobile,U00265,S0001636,add_to_cart,,,
2025-10-20,2025-10,United States,Apparel,Mobile,U00265,S0001636,checkout_started,,,
2025-10-20,2025-10,United States,Apparel,Mobile,U00265,S0001636,purchased,4.0,32.92702066027665,131.71
2025-10-20,2025-10,United States,Apparel,Mobile,U00265,S0001636,viewed,,,
2025-10-20,2025-10,United States,Home,Mobile,U01172,S0001669,add_to_cart,,,
2025-10-20,2025-10,United States,Home,Mobile,U01172,S0001669,checkout_started,,,
2025-10-20,2025-10,United States,Home,Mobile,U01172,S0001669,viewed,,,
2025-10-20,2025-10,United States,Electronics,Desktop,U00715,S0001725,add_to_cart,,,
2025-10-20,2025-10,United States,Electronics,Desktop,U00715,S0001725,checkout_started,,,
2025-10-20,2025-10,United States,Electronics,Desktop,U00715,S0001725,purchased,1.0,88.19299225183022,88.19
2025-10-20,2025-10,United States,Electronics,Desktop,U00715,S0001725,viewed,,,
2025-10-20,2025-10,United States,Apparel,Mobile,U01047,S0001848,add_to_cart,,,
2025-10-20,2025-10,United States,Apparel,Mobile,U01047,S0001848,viewed,,,
2025-10-20,2025-10,United States,Electronics,Mobile,U00097,S0001901,add_to_cart,,,
2025-10-20,2025-10,United States,Electronics,Mobile,U00097,S0001901,checkout_started,,,
2025-10-20,2025-10,United States,Electronics,Mobile,U00097,S0001901,purchased,4.0,190.6483712201069,762.59
2025-10-20,2025-10,United States,Electronics,Mobile,U00097,S0001901,viewed,,,
2025-10-20,2025-10,Germany,Beauty,Desktop,U01173,S0001922,add_to_cart,,,
2025-10-20,2025-10,Germany,Beauty,Desktop,U01173,S0001922,checkout_started,,,
2025-10-20,2025-10,Germany,Beauty,Desktop,U01173,S0001922,purchased,1.0,37.601236115530284,37.6
2025-10-20,2025-10,Germany,Beauty,Desktop,U01173,S0001922,viewed,,,
2025-10-20,2025-10,United Kingdom,Beauty,Mobile,U01619,S0002118,viewed,,,
2025-10-20,2025-10,United Kingdom,Beauty,Desktop,U00584,S0002139,viewed,,,
2025-10-20,2025-10,United States,Home,Tablet,U00826,S0002310,viewed,,,
2025-10-20,2025-10,Australia,Apparel,Desktop,U00335,S0002336,viewed,,,
2025-10-20,2025-10,United States,Sports,Mobile,U02039,S0002351,add_to_cart,,,
2025-10-20,2025-10,United States,Sports,Mobile,U02039,S0002351,checkout_started,,,
2025-10-20,2025-10,United States,Sports,Mobile,U02039,S0002351,viewed,,,
2025-10-20,2025-10,United States,Home,Mobile,U01076,S0002666,viewed,,,
2025-10-20,2025-10,United States,Electronics,Mobile,U01853,S0002766,viewed,,,
2025-10-20,2025-10,United States,Electronics,Mobile,U00809,S0002794,viewed,,,
2025-10-20,2025-10,Canada,Electronics,Desktop,U00410,S0002821,add_to_cart,,,
2025-10-20,2025-10,Canada,Electronics,Desktop,U00410,S0002821,checkout_started,,,
2025-10-20,2025-10,Canada,Electronics,Desktop,U00410,S0002821,purchased,1.0,124.50234494241246,124.5
2025-10-20,2025-10,Canada,Electronics,Desktop,U00410,S0002821,viewed,,,
2025-10-20,2025-10,Canada,Apparel,Tablet,U00237,S0002896,add_to_cart,,,
2025-10-20,2025-10,Canada,Apparel,Tablet,U00237,S0002896,checkout_started,,,
2025-10-20,2025-10,Canada,Apparel,Tablet,U00237,S0002896,purchased,4.0,60.59167344620601,242.37
2025-10-20,2025-10,Canada,Apparel,Tablet,U00237,S0002896,viewed,,,
2025-10-20,2025-10,Canada,Electronics,Mobile,U00338,S0002924,viewed,,,
2025-10-20,2025-10,United States,Home,Desktop,U00824,S0003111,add_to_cart,,,
2025-10-20,2025-10,United States,Home,Desktop,U00824,S0003111,checkout_started,,,
2025-10-20,2025-10,United States,Home,Desktop,U00824,S0003111,viewed,,,
2025-10-20,2025-10,United States,Apparel,Desktop,U00202,S0003299,viewed,,,
2025-10-20,2025-10,United States,Electronics,Mobile,U02299,S0003341,viewed,,,
2025-10-20,2025-10,Germany,Electronics,Desktop,U00783,S0003345,add_to_cart,,,
2025-10-20,2025-10,Germany,Electronics,Desktop,U00783,S0003345,checkout_started,,,
2025-10-20,2025-10,Germany,Electronics,Desktop,U00783,S0003345,viewed,,,
2025-10-20,2025-10,United States,Electronics,Mobile,U01033,S0003467,viewed,,,
2025-10-20,2025-10,United States,Electronics,Desktop,U00053,S0003637,add_to_cart,,,
2025-10-20,2025-10,United States,Electronics,Desktop,U00053,S0003637,viewed,,,
2025-10-20,2025-10,United Kingdom,Apparel,Desktop,U01515,S0003679,add_to_cart,,,
2025-10-20,2025-10,United Kingdom,Apparel,Desktop,U01515,S0003679,checkout_started,,,
2025-10-20,2025-10,United Kingdom,Apparel,Desktop,U01515,S0003679,viewed,,,
2025-10-20,2025-10,United Kingdom,Sports,Mobile,U01990,S0003979,add_to_cart,,,
2025-10-20,2025-10,United Kingdom,Sports,Mobile,U01990,S0003979,checkout_started,,,
2025-10-20,2025-10,United Kingdom,Sports,Mobile,U01990,S0003979,viewed,,,
2025-10-20,2025-10,Australia,Beauty,Desktop,U02023,S0004023,viewed,,,
2025-10-20,2025-10,United States,Home,Desktop,U00595,S0004031,viewed,,,
2025-10-20,2025-10,United States,Beauty,Mobile,U00329,S0004097,viewed,,,
2025-10-20,2025-10,United Kingdom,Sports,Desktop,U00790,S0004224,viewed,,,
2025-10-20,2025-10,United Kingdom,Apparel,Mobile,U01660,S0004480,add_to_cart,,,
2025-10-20,2025-10,United Kingdom,Apparel,Mobile,U01660,S0004480,viewed,,,
2025-10-20,2025-10,Canada,Electronics,Desktop,U00950,S0004487,viewed,,,
2025-10-20,2025-10,Canada,Sports,Mobile,U00512,S0004502,viewed,,,
2025-10-20,2025-10,United States,Electronics,Mobile,U02242,S0004523,viewed,,,
2025-10-20,2025-10,United States,Apparel,Desktop,U01184,S0004819,add_to_cart,,,
2025-10-20,2025-10,United States,Apparel,Desktop,U01184,S0004819,checkout_started,,,
2025-10-20,2025-10,United States,Apparel,Desktop,U01184,S0004819,purchased,4.0,81.63929862828279,326.56
2025-10-20,2025-10,United States,Apparel,Desktop,U01184,S0004819,viewed,,,
2025-10-20,2025-10,Germany,Electronics,Tablet,U02077,S0004821,viewed,,,
2025-10-20,2025-10,United States,Electronics,Mobile,U02447,S0004828,add_to_cart,,,
2025-10-20,2025-10,United States,Electronics,Mobile,U02447,S0004828,viewed,,,
2025-10-20,2025-10,United Kingdom,Beauty,Desktop,U02557,S0004888,viewed,,,
2025-10-20,2025-10,Canada,Home,Mobile,U00616,S0004912,viewed,,,
2025-10-21,2025-10,Canada,Sports,Desktop,U01825,S0000029,viewed,,,
2025-10-21,2025-10,Canada,Electronics,Desktop,U02463,S0000057,viewed,,,
2025-10-21,2025-10,United States,Electronics,Mobile,U01030,S0000132,viewed,,,
2025-10-21,2025-10,United States,Electronics,Mobile,U00225,S0000229,add_to_cart,,,
2025-10-21,2025-10,United States,Electronics,Mobile,U00225,S0000229,viewed,,,
2025-10-21,2025-10,United Kingdom,Electronics,Desktop,U02398,S0000295,add_to_cart,,,
2025-10-21,2025-10,United Kingdom,Electronics,Desktop,U02398,S0000295,viewed,,,
2025-10-21,2025-10,United States,Electronics,Desktop,U01936,S0000308,add_to_cart,,,
2025-10-21,2025-10,United States,Electronics,Desktop,U01936,S0000308,checkout_started,,,
2025-10-21,2025-10,United States,Electronics,Desktop,U01936,S0000308,viewed,,,
2025-10-21,2025-10,United Kingdom,Home,Desktop,U01464,S0000331,add_to_cart,,,
2025-10-21,2025-10,United Kingdom,Home,Desktop,U01464,S0000331,viewed,,,
2025-10-21,2025-10,United States,Home,Mobile,U00638,S0000655,viewed,,,
2025-10-21,2025-10,Australia,Beauty,Tablet,U00421,S0000762,viewed,,,
2025-10-21,2025-10,Germany,Electronics,Mobile,U01415,S0000789,viewed,,,
2025-10-21,2025-10,United Kingdom,Home,Desktop,U01112,S0000807,viewed,,,
2025-10-21,2025-10,United Kingdom,Home,Desktop,U01707,S0000879,viewed,,,
2025-10-21,2025-10,Germany,Electronics,Desktop,U02413,S0000983,viewed,,,
2025-10-21,2025-10,United Kingdom,Beauty,Tablet,U01230,S0000992,viewed,,,
2025-10-21,2025-10,United States,Apparel,Mobile,U00785,S0001222,add_to_cart,,,
2025-10-21,2025-10,United States,Apparel,Mobile,U00785,S0001222,checkout_started,,,
2025-10-21,2025-10,United States,Apparel,Mobile,U00785,S0001222,viewed,,,
2025-10-21,2025-10,Germany,Apparel,Mobile,U00313,S0001323,viewed,,,
2025-10-21,2025-10,United States,Electronics,Desktop,U01592,S0001497,viewed,,,
2025-10-21,2025-10,United States,Home,Mobile,U00099,S0001577,viewed,,,
2025-10-21,2025-10,United States,Beauty,Mobile,U01380,S0001625,viewed,,,
2025-10-21,2025-10,Germany,Home,Mobile,U00715,S0001664,viewed,,,
2025-10-21,2025-10,Germany,Electronics,Desktop,U02210,S0001840,viewed,,,
2025-10-21,2025-10,United Kingdom,Electronics,Tablet,U00884,S0001997,add_to_cart,,,
2025-10-21,2025-10,United Kingdom,Electronics,Tablet,U00884,S0001997,checkout_started,,,
2025-10-21,2025-10,United Kingdom,Electronics,Tablet,U00884,S0001997,viewed,,,
2025-10-21,2025-10,United States,Electronics,Tablet,U01113,S0002119,viewed,,,
2025-10-21,2025-10,United States,Apparel,Desktop,U01470,S0002137,viewed,,,
2025-10-21,2025-10,Canada,Apparel,Mobile,U02132,S0002154,viewed,,,
2025-10-21,2025-10,United States,Electronics,Desktop,U01458,S0002252,viewed,,,
2025-10-21,2025-10,United States,Electronics,Mobile,U00869,S0002335,viewed,,,
2025-10-21,2025-10,Germany,Electronics,Mobile,U02197,S0002343,add_to_cart,,,
2025-10-21,2025-10,Germany,Electronics,Mobile,U02197,S0002343,checkout_started,,,
2025-10-21,2025-10,Germany,Electronics,Mobile,U02197,S0002343,purchased,1.0,138.7860743292236,138.79
2025-10-21,2025-10,Germany,Electronics,Mobile,U02197,S0002343,viewed,,,
2025-10-21,2025-10,United States,Home,Mobile,U00635,S0002404,viewed,,,
2025-10-21,2025-10,United Kingdom,Apparel,Desktop,U00225,S0002775,viewed,,,
2025-10-21,2025-10,United Kingdom,Electronics,Mobile,U01349,S0002834,viewed,,,
2025-10-21,2025-10,United States,Electronics,Desktop,U01417,S0002836,add_to_cart,,,
2025-10-21,2025-10,United States,Electronics,Desktop,U01417,S0002836,checkout_started,,,
2025-10-21,2025-10,United States,Electronics,Desktop,U01417,S0002836,viewed,,,
2025-10-21,2025-10,United States,Electronics,Desktop,U01665,S0003066,viewed,,,
2025-10-21,2025-10,Canada,Electronics,Mobile,U01091,S0003146,add_to_cart,,,
2025-10-21,2025-10,Canada,Electronics,Mobile,U01091,S0003146,viewed,,,
2025-10-21,2025-10,Germany,Home,Tablet,U01200,S0003477,add_to_cart,,,
2025-10-21,2025-10,Germany,Home,Tablet,U01200,S0003477,viewed,,,
2025-10-21,2025-10,Canada,Beauty,Mobile,U01386,S0003598,viewed,,,
2025-10-21,2025-10,United States,Sports,Desktop,U01611,S0003632,viewed,,,
2025-10-21,2025-10,United States,Home,Mobile,U02330,S0003758,add_to_cart,,,
2025-10-21,2025-10,United States,Home,Mobile,U02330,S0003758,checkout_started,,,
2025-10-21,2025-10,United States,Home,Mobile,U02330,S0003758,purchased,2.0,61.19781856963575,122.4
2025-10-21,2025-10,United States,Home,Mobile,U02330,S0003758,viewed,,,
2025-10-21,2025-10,United States,Beauty,Mobile,U01349,S0003786,viewed,,,
2025-10-21,2025-10,Canada,Home,Desktop,U01681,S0003823,add_to_cart,,,
2025-10-21,2025-10,Canada,Home,Desktop,U01681,S0003823,viewed,,,
2025-10-21,2025-10,Australia,Apparel,Mobile,U00392,S0003828,viewed,,,
2025-10-21,2025-10,United States,Home,Desktop,U02500,S0003861,add_to_cart,,,
2025-10-21,2025-10,United States,Home,Desktop,U02500,S0003861,checkout_started,,,
2025-10-21,2025-10,United States,Home,Desktop,U02500,S0003861,purchased,4.0,94.58304146693106,378.33
2025-10-21,2025-10,United States,Home,Desktop,U02500,S0003861,viewed,,,
2025-10-21,2025-10,United States,Electronics,Desktop,U00388,S0003914,add_to_cart,,,
2025-10-21,2025-10,United States,Electronics,Desktop,U00388,S0003914,checkout_started,,,
2025-10-21,2025-10,United States,Electronics,Desktop,U00388,S0003914,viewed,,,
2025-10-21,2025-10,United States,Beauty,Mobile,U00244,S0003941,viewed,,,
2025-10-21,2025-10,Canada,Home,Mobile,U00656,S0004096,viewed,,,
2025-10-21,2025-10,United States,Sports,Mobile,U00257,S0004129,add_to_cart,,,
2025-10-21,2025-10,United States,Sports,Mobile,U00257,S0004129,viewed,,,
2025-10-21,2025-10,Canada,Electronics,Mobile,U02381,S0004197,viewed,,,
2025-10-21,2025-10,United States,Apparel,Desktop,U00100,S0004353,viewed,,,
2025-10-21,2025-10,United States,Apparel,Tablet,U02010,S0004449,viewed,,,
2025-10-21,2025-10,Australia,Apparel,Desktop,U00963,S0004703,add_to_cart,,,
2025-10-21,2025-10,Australia,Apparel,Desktop,U00963,S0004703,checkout_started,,,
2025-10-21,2025-10,Australia,Apparel,Desktop,U00963,S0004703,purchased,1.0,43.65680636454462,43.66
2025-10-21,2025-10,Australia,Apparel,Desktop,U00963,S0004703,viewed,,,
2025-10-21,2025-10,Australia,Home,Desktop,U00326,S0004708,viewed,,,
2025-10-21,2025-10,United States,Home,Mobile,U00438,S0004994,add_to_cart,,,
2025-10-21,2025-10,United States,Home,Mobile,U00438,S0004994,checkout_started,,,
2025-10-21,2025-10,United States,Home,Mobile,U00438,S0004994,purchased,2.0,51.65025004626972,103.3
2025-10-21,2025-10,United States,Home,Mobile,U00438,S0004994,viewed,,,
2025-10-22,2025-10,Canada,Electronics,Mobile,U00380,S0000034,add_to_cart,,,
2025-10-22,2025-10,Canada,Electronics,Mobile,U00380,S0000034,checkout_started,,,
2025-10-22,2025-10,Canada,Electronics,Mobile,U00380,S0000034,purchased,3.0,97.43449479415814,292.3
2025-10-22,2025-10,Canada,Electronics,Mobile,U00380,S0000034,viewed,,,
2025-10-22,2025-10,United States,Beauty,Desktop,U02098,S0000079,add_to_cart,,,
2025-10-22,2025-10,United States,Beauty,Desktop,U02098,S0000079,viewed,,,
2025-10-22,2025-10,United Kingdom,Home,Tablet,U02580,S0000113,add_to_cart,,,
2025-10-22,2025-10,United Kingdom,Home,Tablet,U02580,S0000113,checkout_started,,,
2025-10-22,2025-10,United Kingdom,Home,Tablet,U02580,S0000113,purchased,2.0,96.40017844392422,192.8
2025-10-22,2025-10,United Kingdom,Home,Tablet,U02580,S0000113,viewed,,,
2025-10-22,2025-10,United States,Beauty,Mobile,U00108,S0000134,add_to_cart,,,
2025-10-22,2025-10,United States,Beauty,Mobile,U00108,S0000134,checkout_started,,,
2025-10-22,2025-10,United States,Beauty,Mobile,U00108,S0000134,viewed,,,
2025-10-22,2025-10,Canada,Beauty,Mobile,U00318,S0000158,viewed,,,
2025-10-22,2025-10,United States,Sports,Mobile,U01278,S0000330,viewed,,,
2025-10-22,2025-10,Canada,Beauty,Tablet,U00356,S0000456,viewed,,,
2025-10-22,2025-10,United States,Apparel,Mobile,U02119,S0000706,viewed,,,
2025-10-22,2025-10,United States,Apparel,Mobile,U00375,S0000755,viewed,,,
2025-10-22,2025-10,Canada,Sports,Mobile,U01664,S0001003,viewed,,,
2025-10-22,2025-10,United States,Beauty,Desktop,U02403,S0001084,viewed,,,
2025-10-22,2025-10,Canada,Electronics,Mobile,U00831,S0001129,viewed,,,
2025-10-22,2025-10,United States,Home,Mobile,U01791,S0001258,viewed,,,
2025-10-22,2025-10,Germany,Apparel,Mobile,U02119,S0001365,viewed,,,
2025-10-22,2025-10,United States,Electronics,Mobile,U01265,S0001387,viewed,,,
2025-10-22,2025-10,United Kingdom,Electronics,Desktop,U01084,S0001412,viewed,,,
2025-10-22,2025-10,Australia,Beauty,Desktop,U00923,S0001434,add_to_cart,,,
2025-10-22,2025-10,Australia,Beauty,Desktop,U00923,S0001434,viewed,,,
2025-10-22,2025-10,United States,Electronics,Tablet,U00090,S0001565,viewed,,,
2025-10-22,2025-10,Canada,Sports,Desktop,U00807,S0001938,add_to_cart,,,
2025-10-22,2025-10,Canada,Sports,Desktop,U00807,S0001938,checkout_started,,,
2025-10-22,2025-10,Canada,Sports,Desktop,U00807,S0001938,viewed,,,
2025-10-22,2025-10,Canada,Electronics,Tablet,U00795,S0001975,viewed,,,
2025-10-22,2025-10,United States,Electronics,Desktop,U02318,S0002031,viewed,,,
2025-10-22,2025-10,United States,Beauty,Mobile,U00127,S0002062,add_to_cart,,,
2025-10-22,2025-10,United States,Beauty,Mobile,U00127,S0002062,viewed,,,
2025-10-22,2025-10,United States,Electronics,Tablet,U02579,S0002426,viewed,,,
2025-10-22,2025-10,United States,Apparel,Desktop,U02084,S0002436,add_to_cart,,,
2025-10-22,2025-10,United States,Apparel,Desktop,U02084,S0002436,viewed,,,
2025-10-22,2025-10,United States,Home,Tablet,U00061,S0002586,viewed,,,
2025-10-22,2025-10,Canada,Electronics,Mobile,U00538,S0002604,viewed,,,
2025-10-22,2025-10,Canada,Home,Desktop,U01112,S0002634,add_to_cart,,,
2025-10-22,2025-10,Canada,Home,Desktop,U01112,S0002634,viewed,,,
2025-10-22,2025-10,United Kingdom,Apparel,Desktop,U00853,S0002656,viewed,,,
2025-10-22,2025-10,United Kingdom,Home,Mobile,U01581,S0002688,viewed,,,
2025-10-22,2025-10,United States,Home,Mobile,U02411,S0002883,viewed,,,
2025-10-22,2025-10,Canada,Electronics,Mobile,U01686,S0003033,add_to_cart,,,
2025-10-22,2025-10,Canada,Electronics,Mobile,U01686,S0003033,checkout_started,,,
2025-10-22,2025-10,Canada,Electronics,Mobile,U01686,S0003033,viewed,,,
2025-10-22,2025-10,Germany,Electronics,Mobile,U01604,S0003176,viewed,,,
2025-10-22,2025-10,United States,Beauty,Desktop,U00131,S0003215,add_to_cart,,,
2025-10-22,2025-10,United States,Beauty,Desktop,U00131,S0003215,checkout_started,,,
2025-10-22,2025-10,United States,Beauty,Desktop,U00131,S0003215,purchased,1.0,35.90031541660389,35.9
2025-10-22,2025-10,United States,Beauty,Desktop,U00131,S0003215,viewed,,,
2025-10-22,2025-10,United Kingdom,Electronics,Mobile,U01342,S0003259,viewed,,,
2025-10-22,2025-10,United Kingdom,Electronics,Mobile,U00398,S0003448,viewed,,,
2025-10-22,2025-10,United States,Sports,Desktop,U00528,S0003611,viewed,,,
2025-10-22,2025-10,United States,Apparel,Desktop,U02448,S0003661,viewed,,,
2025-10-22,2025-10,United States,Home,Mobile,U00069,S0003760,viewed,,,
2025-10-22,2025-10,United States,Beauty,Mobile,U01674,S0003843,viewed,,,
2025-10-22,2025-10,United Kingdom,Beauty,Mobile,U01723,S0004163,add_to_cart,,,
2025-10-22,2025-10,United Kingdom,Beauty,Mobile,U01723,S0004163,viewed,,,
2025-10-22,2025-10,United States,Sports,Tablet,U00559,S0004195,viewed,,,
2025-10-22,2025-10,Germany,Apparel,Desktop,U00858,S0004371,add_to_cart,,,
2025-10-22,2025-10,Germany,Apparel,Desktop,U00858,S0004371,checkout_started,,,
2025-10-22,2025-10,Germany,Apparel,Desktop,U00858,S0004371,purchased,1.0,69.234954224696,69.23
2025-10-22,2025-10,Germany,Apparel,Desktop,U00858,S0004371,viewed,,,
2025-10-22,2025-10,Australia,Electronics,Desktop,U00636,S0004384,viewed,,,
2025-10-22,2025-10,United States,Electronics,Desktop,U01140,S0004530,viewed,,,
2025-10-22,2025-10,United States,Beauty,Mobile,U01120,S0004554,add_to_cart,,,
2025-10-22,2025-10,United States,Beauty,Mobile,U01120,S0004554,checkout_started,,,
2025-10-22,2025-10,United States,Beauty,Mobile,U01120,S0004554,purchased,4.0,28.32220890348775,113.29
2025-10-22,2025-10,United States,Beauty,Mobile,U01120,S0004554,viewed,,,
2025-10-22,2025-10,United States,Beauty,Mobile,U01898,S0004615,viewed,,,
2025-10-22,2025-10,Canada,Apparel,Desktop,U02128,S0004677,add_to_cart,,,
2025-10-22,2025-10,Canada,Apparel,Desktop,U02128,S0004677,checkout_started,,,
2025-10-22,2025-10,Canada,Apparel,Desktop,U02128,S0004677,viewed,,,
2025-10-22,2025-10,United States,Sports,Mobile,U01360,S0004787,add_to_cart,,,
2025-10-22,2025-10,United States,Sports,Mobile,U01360,S0004787,viewed,,,
2025-10-22,2025-10,United States,Apparel,Mobile,U02060,S0004800,add_to_cart,,,
2025-10-22,2025-10,United States,Apparel,Mobile,U02060,S0004800,checkout_started,,,
2025-10-22,2025-10,United States,Apparel,Mobile,U02060,S0004800,purchased,1.0,56.49067483368226,56.49
2025-10-22,2025-10,United States,Apparel,Mobile,U02060,S0004800,viewed,,,
2025-10-22,2025-10,United States,Electronics,Mobile,U02286,S0004814,add_to_cart,,,
2025-10-22,2025-10,United States,Electronics,Mobile,U02286,S0004814,checkout_started,,,
2025-10-22,2025-10,United States,Electronics,Mobile,U02286,S0004814,purchased,1.0,123.17185721321323,123.17
2025-10-22,2025-10,United States,Electronics,Mobile,U02286,S0004814,viewed,,,
2025-10-22,2025-10,Canada,Home,Desktop,U01824,S0004923,viewed,,,
2025-10-23,2025-10,Australia,Home,Mobile,U00682,S0000116,viewed,,,
2025-10-23,2025-10,United States,Home,Desktop,U01941,S0000126,viewed,,,
2025-10-23,2025-10,Australia,Electronics,Mobile,U01760,S0000129,add_to_cart,,,
2025-10-23,2025-10,Australia,Electronics,Mobile,U01760,S0000129,checkout_started,,,
2025-10-23,2025-10,Australia,Electronics,Mobile,U01760,S0000129,purchased,1.0,116.2228190270763,116.22
2025-10-23,2025-10,Australia,Electronics,Mobile,U01760,S0000129,viewed,,,
2025-10-23,2025-10,United States,Sports,Desktop,U00840,S0000131,add_to_cart,,,
2025-10-23,2025-10,United States,Sports,Desktop,U00840,S0000131,checkout_started,,,
2025-10-23,2025-10,United States,Sports,Desktop,U00840,S0000131,purchased,2.0,78.34114746787681,156.68
2025-10-23,2025-10,United States,Sports,Desktop,U00840,S0000131,viewed,,,
2025-10-23,2025-10,Canada,Sports,Mobile,U02243,S0000288,viewed,,,
2025-10-23,2025-10,Germany,Electronics,Mobile,U01051,S0000437,viewed,,,
2025-10-23,2025-10,Germany,Sports,Mobile,U00564,S0000570,viewed,,,
2025-10-23,2025-10,Germany,Apparel,Tablet,U00834,S0000708,add_to_cart,,,
2025-10-23,2025-10,Germany,Apparel,Tablet,U00834,S0000708,checkout_started,,,
2025-10-23,2025-10,Germany,Apparel,Tablet,U00834,S0000708,viewed,,,
2025-10-23,2025-10,United States,Apparel,Desktop,U02073,S0000922,add_to_cart,,,
2025-10-23,2025-10,United States,Apparel,Desktop,U02073,S0000922,checkout_started,,,
2025-10-23,2025-10,United States,Apparel,Desktop,U02073,S0000922,purchased,3.0,70.74985910527829,212.25
2025-10-23,2025-10,United States,Apparel,Desktop,U02073,S0000922,viewed,,,
2025-10-23,2025-10,United States,Electronics,Desktop,U00417,S0000978,viewed,,,
2025-10-23,2025-10,United Kingdom,Apparel,Tablet,U01587,S0000980,viewed,,,
2025-10-23,2025-10,Australia,Apparel,Desktop,U01374,S0001029,viewed,,,
2025-10-23,2025-10,Canada,Electronics,Tablet,U00336,S0001189,viewed,,,
2025-10-23,2025-10,United States,Electronics,Mobile,U01747,S0001344,viewed,,,
2025-10-23,2025-10,United Kingdom,Beauty,Mobile,U01211,S0001455,viewed,,,
2025-10-23,2025-10,United States,Beauty,Desktop,U01546,S0001544,add_to_cart,,,
2025-10-23,2025-10,United States,Beauty,Desktop,U01546,S0001544,checkout_started,,,
2025-10-23,2025-10,United States,Beauty,Desktop,U01546,S0001544,viewed,,,
2025-10-23,2025-10,United Kingdom,Apparel,Mobile,U01262,S0001631,add_to_cart,,,
2025-10-23,2025-10,United Kingdom,Apparel,Mobile,U01262,S0001631,checkout_started,,,
2025-10-23,2025-10,United Kingdom,Apparel,Mobile,U01262,S0001631,viewed,,,
2025-10-23,2025-10,United States,Apparel,Desktop,U00914,S0001672,viewed,,,
2025-10-23,2025-10,United States,Beauty,Mobile,U01551,S0001728,viewed,,,
2025-10-23,2025-10,United States,Home,Mobile,U00773,S0001759,viewed,,,
2025-10-23,2025-10,United States,Sports,Tablet,U01255,S0001765,viewed,,,
2025-10-23,2025-10,Australia,Home,Desktop,U00684,S0001897,add_to_cart,,,
2025-10-23,2025-10,Australia,Home,Desktop,U00684,S0001897,viewed,,,
2025-10-23,2025-10,United Kingdom,Apparel,Mobile,U00621,S0002199,add_to_cart,,,
2025-10-23,2025-10,United Kingdom,Apparel,Mobile,U00621,S0002199,viewed,,,
2025-10-23,2025-10,Germany,Apparel,Mobile,U00384,S0002247,add_to_cart,,,
2025-10-23,2025-10,Germany,Apparel,Mobile,U00384,S0002247,checkout_started,,,
2025-10-23,2025-10,Germany,Apparel,Mobile,U00384,S0002247,purchased,4.0,54.02411535162816,216.1
2025-10-23,2025-10,Germany,Apparel,Mobile,U00384,S0002247,viewed,,,
2025-10-23,2025-10,Germany,Sports,Mobile,U02451,S0002303,add_to_cart,,,
2025-10-23,2025-10,Germany,Sports,Mobile,U02451,S0002303,checkout_started,,,
2025-10-23,2025-10,Germany,Sports,Mobile,U02451,S0002303,purchased,1.0,58.6460874668919,58.65
2025-10-23,2025-10,Germany,Sports,Mobile,U02451,S0002303,viewed,,,
2025-10-23,2025-10,United States,Beauty,Desktop,U02296,S0002402,viewed,,,
2025-10-23,2025-10,United States,Apparel,Mobile,U01815,S0002580,viewed,,,
2025-10-23,2025-10,United States,Electronics,Mobile,U01449,S0002647,viewed,,,
2025-10-23,2025-10,United Kingdom,Home,Mobile,U00430,S0002737,add_to_cart,,,
2025-10-23,2025-10,United Kingdom,Home,Mobile,U00430,S0002737,checkout_started,,,
2025-10-23,2025-10,United Kingdom,Home,Mobile,U00430,S0002737,viewed,,,
2025-10-23,2025-10,Germany,Electronics,Mobile,U00347,S0002798,viewed,,,
2025-10-23,2025-10,United States,Electronics,Desktop,U00258,S0002857,add_to_cart,,,
2025-10-23,2025-10,United States,Electronics,Desktop,U00258,S0002857,checkout_started,,,
2025-10-23,2025-10,United States,Electronics,Desktop,U00258,S0002857,viewed,,,
2025-10-23,2025-10,Australia,Beauty,Mobile,U02292,S0002892,add_to_cart,,,
2025-10-23,2025-10,Australia,Beauty,Mobile,U02292,S0002892,checkout_started,,,
2025-10-23,2025-10,Australia,Beauty,Mobile,U02292,S0002892,viewed,,,
2025-10-23,2025-10,United States,Beauty,Mobile,U01682,S0003144,viewed,,,
2025-10-23,2025-10,Germany,Beauty,Desktop,U00921,S0003235,viewed,,,
2025-10-23,2025-10,United States,Electronics,Desktop,U02249,S0003236,add_to_cart,,,
2025-10-23,2025-10,United States,Electronics,Desktop,U02249,S0003236,checkout_started,,,
2025-10-23,2025-10,United States,Electronics,Desktop,U02249,S0003236,purchased,2.0,169.7510573217279,339.5
2025-10-23,2025-10,United States,Electronics,Desktop,U02249,S0003236,viewed,,,
2025-10-23,2025-10,United States,Electronics,Mobile,U01157,S0003594,viewed,,,
2025-10-23,2025-10,Germany,Beauty,Mobile,U00324,S0003684,add_to_cart,,,
2025-10-23,2025-10,Germany,Beauty,Mobile,U00324,S0003684,checkout_started,,,
2025-10-23,2025-10,Germany,Beauty,Mobile,U00324,S0003684,purchased,3.0,28.86537537829284,86.6
2025-10-23,2025-10,Germany,Beauty,Mobile,U00324,S0003684,viewed,,,
2025-10-23,2025-10,United States,Home,Desktop,U02019,S0003763,viewed,,,
2025-10-23,2025-10,Canada,Apparel,Mobile,U00716,S0003883,add_to_cart,,,
2025-10-23,2025-10,Canada,Apparel,Mobile,U00716,S0003883,checkout_started,,,
2025-10-23,2025-10,Canada,Apparel,Mobile,U00716,S0003883,purchased,2.0,61.40644455286221,122.81
2025-10-23,2025-10,Canada,Apparel,Mobile,U00716,S0003883,viewed,,,
2025-10-23,2025-10,United Kingdom,Sports,Mobile,U02352,S0003891,viewed,,,
2025-10-23,2025-10,United States,Apparel,Mobile,U00851,S0003926,viewed,,,
2025-10-23,2025-10,Australia,Electronics,Desktop,U01897,S0004186,add_to_cart,,,
2025-10-23,2025-10,Australia,Electronics,Desktop,U01897,S0004186,checkout_started,,,
2025-10-23,2025-10,Australia,Electronics,Desktop,U01897,S0004186,purchased,2.0,130.70761864783657,261.42
2025-10-23,2025-10,Australia,Electronics,Desktop,U01897,S0004186,viewed,,,
2025-10-23,2025-10,United States,Beauty,Mobile,U00370,S0004352,viewed,,,
2025-10-23,2025-10,United States,Home,Mobile,U02045,S0004658,viewed,,,
2025-10-23,2025-10,United Kingdom,Beauty,Desktop,U00320,S0004678,viewed,,,
2025-10-23,2025-10,United Kingdom,Sports,Mobile,U02100,S0004721,viewed,,,
2025-10-23,2025-10,United Kingdom,Home,Mobile,U00836,S0004757,viewed,,,
2025-10-23,2025-10,United States,Electronics,Mobile,U00924,S0004767,viewed,,,
2025-10-23,2025-10,United States,Home,Desktop,U02081,S0004892,viewed,,,
2025-10-23,2025-10,United Kingdom,Home,Desktop,U00527,S0004977,viewed,,,
2025-10-24,2025-10,United States,Electronics,Desktop,U02009,S0000228,viewed,,,
2025-10-24,2025-10,United States,Electronics,Desktop,U02281,S0000242,add_to_cart,,,
2025-10-24,2025-10,United States,Electronics,Desktop,U02281,S0000242,checkout_started,,,
2025-10-24,2025-10,United States,Electronics,Desktop,U02281,S0000242,purchased,2.0,89.05570874940105,178.11
2025-10-24,2025-10,United States,Electronics,Desktop,U02281,S0000242,viewed,,,
2025-10-24,2025-10,United States,Home,Mobile,U02308,S0000266,viewed,,,
2025-10-24,2025-10,United States,Home,Mobile,U00643,S0000424,add_to_cart,,,
2025-10-24,2025-10,United States,Home,Mobile,U00643,S0000424,checkout_started,,,
2025-10-24,2025-10,United States,Home,Mobile,U00643,S0000424,purchased,3.0,70.0324940906252,210.1
2025-10-24,2025-10,United States,Home,Mobile,U00643,S0000424,viewed,,,
2025-10-24,2025-10,Germany,Electronics,Desktop,U00231,S0000535,viewed,,,
2025-10-24,2025-10,Australia,Electronics,Mobile,U01388,S0000597,viewed,,,
2025-10-24,2025-10,United States,Apparel,Desktop,U01359,S0000677,viewed,,,
2025-10-24,2025-10,United States,Home,Mobile,U00669,S0000930,add_to_cart,,,
2025-10-24,2025-10,United States,Home,Mobile,U00669,S0000930,checkout_started,,,
2025-10-24,2025-10,United States,Home,Mobile,U00669,S0000930,viewed,,,
2025-10-24,2025-10,United States,Home,Tablet,U00561,S0001118,add_to_cart,,,
2025-10-24,2025-10,United States,Home,Tablet,U00561,S0001118,checkout_started,,,
2025-10-24,2025-10,United States,Home,Tablet,U00561,S0001118,purchased,3.0,84.41256662598629,253.24
2025-10-24,2025-10,United States,Home,Tablet,U00561,S0001118,viewed,,,
2025-10-24,2025-10,United Kingdom,Electronics,Mobile,U00621,S0001161,add_to_cart,,,
2025-10-24,2025-10,United Kingdom,Electronics,Mobile,U00621,S0001161,checkout_started,,,
2025-10-24,2025-10,United Kingdom,Electronics,Mobile,U00621,S0001161,purchased,3.0,136.30184439093796,408.91
2025-10-24,2025-10,United Kingdom,Electronics,Mobile,U00621,S0001161,viewed,,,
2025-10-24,2025-10,Canada,Sports,Mobile,U00607,S0001415,viewed,,,
2025-10-24,2025-10,Canada,Electronics,Mobile,U02043,S0001627,viewed,,,
2025-10-24,2025-10,Canada,Sports,Mobile,U01603,S0001628,viewed,,,
2025-10-24,2025-10,United States,Apparel,Desktop,U02481,S0001760,viewed,,,
2025-10-24,2025-10,United States,Beauty,Desktop,U02244,S0001791,viewed,,,
2025-10-24,2025-10,United States,Apparel,Desktop,U02403,S0001858,add_to_cart,,,
2025-10-24,2025-10,United States,Apparel,Desktop,U02403,S0001858,checkout_started,,,
2025-10-24,2025-10,United States,Apparel,Desktop,U02403,S0001858,purchased,2.0,80.78801751532275,161.58
2025-10-24,2025-10,United States,Apparel,Desktop,U02403,S0001858,viewed,,,
2025-10-24,2025-10,United States,Apparel,Tablet,U00183,S0002037,viewed,,,
2025-10-24,2025-10,Australia,Electronics,Desktop,U01571,S0002123,viewed,,,
2025-10-24,2025-10,Canada,Electronics,Mobile,U00116,S0002190,viewed,,,
2025-10-24,2025-10,Australia,Electronics,Mobile,U02358,S0002464,viewed,,,
2025-10-24,2025-10,United States,Electronics,Mobile,U00152,S0002530,add_to_cart,,,
2025-10-24,2025-10,United States,Electronics,Mobile,U00152,S0002530,viewed,,,
2025-10-24,2025-10,United States,Electronics,Desktop,U02126,S0002548,add_to_cart,,,
2025-10-24,2025-10,United States,Electronics,Desktop,U02126,S0002548,checkout_started,,,
2025-10-24,2025-10,United States,Electronics,Desktop,U02126,S0002548,viewed,,,
2025-10-24,2025-10,Australia,Home,Mobile,U01718,S0002561,viewed,,,
2025-10-24,2025-10,United States,Apparel,Desktop,U01467,S0002626,add_to_cart,,,
2025-10-24,2025-10,United States,Apparel,Desktop,U01467,S0002626,viewed,,,
2025-10-24,2025-10,Australia,Electronics,Desktop,U01135,S0002679,viewed,,,
2025-10-24,2025-10,United Kingdom,Home,Mobile,U01130,S0002719,add_to_cart,,,
2025-10-24,2025-10,United Kingdom,Home,Mobile,U01130,S0002719,checkout_started,,,
2025-10-24,2025-10,United Kingdom,Home,Mobile,U01130,S0002719,purchased,1.0,91.13431002103457,91.13
2025-10-24,2025-10,United Kingdom,Home,Mobile,U01130,S0002719,viewed,,,
2025-10-24,2025-10,Canada,Home,Tablet,U00574,S0002729,add_to_cart,,,
2025-10-24,2025-10,Canada,Home,Tablet,U00574,S0002729,viewed,,,
2025-10-24,2025-10,Australia,Apparel,Tablet,U00538,S0002753,add_to_cart,,,
2025-10-24,2025-10,Australia,Apparel,Tablet,U00538,S0002753,checkout_started,,,
2025-10-24,2025-10,Australia,Apparel,Tablet,U00538,S0002753,purchased,1.0,73.64849687235375,73.65
2025-10-24,2025-10,Australia,Apparel,Tablet,U00538,S0002753,viewed,,,
2025-10-24,2025-10,Australia,Electronics,Mobile,U02134,S0003075,add_to_cart,,,
2025-10-24,2025-10,Australia,Electronics,Mobile,U02134,S0003075,checkout_started,,,
2025-10-24,2025-10,Australia,Electronics,Mobile,U02134,S0003075,viewed,,,
2025-10-24,2025-10,Canada,Electronics,Mobile,U02123,S0003137,viewed,,,
2025-10-24,2025-10,United Kingdom,Apparel,Mobile,U01585,S0003227,add_to_cart,,,
2025-10-24,2025-10,United Kingdom,Apparel,Mobile,U01585,S0003227,viewed,,,
2025-10-24,2025-10,Germany,Beauty,Mobile,U00181,S0003378,add_to_cart,,,
2025-10-24,2025-10,Germany,Beauty,Mobile,U00181,S0003378,checkout_started,,,
2025-10-24,2025-10,Germany,Beauty,Mobile,U00181,S0003378,purchased,4.0,39.53896313377244,158.16
2025-10-24,2025-10,Germany,Beauty,Mobile,U00181,S0003378,viewed,,,
2025-10-24,2025-10,Canada,Home,Mobile,U00184,S0003512,viewed,,,
2025-10-24,2025-10,United States,Sports,Desktop,U02595,S0003542,add_to_cart,,,
2025-10-24,2025-10,United States,Sports,Desktop,U02595,S0003542,checkout_started,,,
2025-10-24,2025-10,United States,Sports,Desktop,U02595,S0003542,purchased,2.0,76.21049055666893,152.42
2025-10-24,2025-10,United States,Sports,Desktop,U02595,S0003542,viewed,,,
2025-10-24,2025-10,United States,Electronics,Desktop,U00631,S0003722,viewed,,,
2025-10-24,2025-10,United Kingdom,Apparel,Mobile,U00547,S0003751,viewed,,,
2025-10-24,2025-10,United States,Beauty,Mobile,U02075,S0003802,add_to_cart,,,
2025-10-24,2025-10,United States,Beauty,Mobile,U02075,S0003802,checkout_started,,,
2025-10-24,2025-10,United States,Beauty,Mobile,U02075,S0003802,purchased,3.0,31.181200812820002,93.54
2025-10-24,2025-10,United States,Beauty,Mobile,U02075,S0003802,viewed,,,
2025-10-24,2025-10,United Kingdom,Home,Mobile,U00889,S0004365,viewed,,,
2025-10-24,2025-10,United States,Home,Mobile,U01178,S0004376,add_to_cart,,,
2025-10-24,2025-10,United States,Home,Mobile,U01178,S0004376,checkout_started,,,
2025-10-24,2025-10,United States,Home,Mobile,U01178,S0004376,purchased,3.0,95.96494647282728,287.89
2025-10-24,2025-10,United States,Home,Mobile,U01178,S0004376,viewed,,,
2025-10-24,2025-10,United Kingdom,Electronics,Desktop,U01095,S0004435,add_to_cart,,,
2025-10-24,2025-10,United Kingdom,Electronics,Desktop,U01095,S0004435,checkout_started,,,
2025-10-24,2025-10,United Kingdom,Electronics,Desktop,U01095,S0004435,viewed,,,
2025-10-24,2025-10,Germany,Beauty,Mobile,U01962,S0004585,viewed,,,
2025-10-24,2025-10,United Kingdom,Apparel,Desktop,U01543,S0004662,viewed,,,
2025-10-24,2025-10,United States,Electronics,Mobile,U02047,S0004866,viewed,,,
2025-10-24,2025-10,Germany,Electronics,Mobile,U01704,S0004898,viewed,,,
2025-10-24,2025-10,Australia,Apparel,Mobile,U01797,S0004900,viewed,,,
2025-10-25,2025-10,United States,Sports,Mobile,U00628,S0000260,viewed,,,
2025-10-25,2025-10,United States,Electronics,Mobile,U01355,S0000270,add_to_cart,,,
2025-10-25,2025-10,United States,Electronics,Mobile,U01355,S0000270,checkout_started,,,
2025-10-25,2025-10,United States,Electronics,Mobile,U01355,S0000270,purchased,3.0,83.23875109102548,249.72
2025-10-25,2025-10,United States,Electronics,Mobile,U01355,S0000270,viewed,,,
2025-10-25,2025-10,Australia,Home,Mobile,U00801,S0000455,add_to_cart,,,
2025-10-25,2025-10,Australia,Home,Mobile,U00801,S0000455,checkout_started,,,
2025-10-25,2025-10,Australia,Home,Mobile,U00801,S0000455,viewed,,,
2025-10-25,2025-10,United States,Electronics,Mobile,U00869,S0000468,add_to_cart,,,
2025-10-25,2025-10,United States,Electronics,Mobile,U00869,S0000468,checkout_started,,,
2025-10-25,2025-10,United States,Electronics,Mobile,U00869,S0000468,viewed,,,
2025-10-25,2025-10,Canada,Sports,Desktop,U01365,S0000520,viewed,,,
2025-10-25,2025-10,Canada,Home,Mobile,U00128,S0000548,viewed,,,
2025-10-25,2025-10,United States,Electronics,Mobile,U01421,S0000665,viewed,,,
2025-10-25,2025-10,United States,Sports,Mobile,U00638,S0000688,add_to_cart,,,
2025-10-25,2025-10,United States,Sports,Mobile,U00638,S0000688,viewed,,,
2025-10-25,2025-10,Australia,Apparel,Mobile,U01995,S0000698,viewed,,,
2025-10-25,2025-10,United Kingdom,Sports,Mobile,U01606,S0000786,viewed,,,
2025-10-25,2025-10,United States,Sports,Tablet,U01363,S0000915,viewed,,,
2025-10-25,2025-10,United States,Electronics,Desktop,U00259,S0000966,viewed,,,
2025-10-25,2025-10,United States,Home,Mobile,U01572,S0000981,viewed,,,
2025-10-25,2025-10,United Kingdom,Beauty,Mobile,U00365,S0000985,add_to_cart,,,
2025-10-25,2025-10,United Kingdom,Beauty,Mobile,U00365,S0000985,checkout_started,,,
2025-10-25,2025-10,United Kingdom,Beauty,Mobile,U00365,S0000985,viewed,,,
2025-10-25,2025-10,United States,Electronics,Desktop,U01588,S0001156,add_to_cart,,,
2025-10-25,2025-10,United States,Electronics,Desktop,U01588,S0001156,checkout_started,,,
2025-10-25,2025-10,United States,Electronics,Desktop,U01588,S0001156,purchased,1.0,64.28831973521042,64.29
2025-10-25,2025-10,United States,Electronics,Desktop,U01588,S0001156,viewed,,,
2025-10-25,2025-10,United Kingdom,Electronics,Desktop,U02381,S0001318,viewed,,,
2025-10-25,2025-10,United Kingdom,Sports,Mobile,U01763,S0001350,add_to_cart,,,
2025-10-25,2025-10,United Kingdom,Sports,Mobile,U01763,S0001350,checkout_started,,,
2025-10-25,2025-10,United Kingdom,Sports,Mobile,U01763,S0001350,purchased,4.0,82.93039996181567,331.72
2025-10-25,2025-10,United Kingdom,Sports,Mobile,U01763,S0001350,viewed,,,
2025-10-25,2025-10,United Kingdom,Apparel,Mobile,U00245,S0001396,add_to_cart,,,
2025-10-25,2025-10,United Kingdom,Apparel,Mobile,U00245,S0001396,checkout_started,,,
2025-10-25,2025-10,United Kingdom,Apparel,Mobile,U00245,S0001396,purchased,2.0,51.21720468950093,102.43
2025-10-25,2025-10,United Kingdom,Apparel,Mobile,U00245,S0001396,viewed,,,
2025-10-25,2025-10,United Kingdom,Apparel,Desktop,U00453,S0001423,add_to_cart,,,
2025-10-25,2025-10,United Kingdom,Apparel,Desktop,U00453,S0001423,checkout_started,,,
2025-10-25,2025-10,United Kingdom,Apparel,Desktop,U00453,S0001423,viewed,,,
2025-10-25,2025-10,United Kingdom,Sports,Mobile,U01076,S0001505,viewed,,,
2025-10-25,2025-10,Germany,Beauty,Mobile,U01668,S0001546,add_to_cart,,,
2025-10-25,2025-10,Germany,Beauty,Mobile,U01668,S0001546,checkout_started,,,
2025-10-25,2025-10,Germany,Beauty,Mobile,U01668,S0001546,purchased,1.0,15.14688777764129,15.15
2025-10-25,2025-10,Germany,Beauty,Mobile,U01668,S0001546,viewed,,,
2025-10-25,2025-10,United States,Home,Mobile,U02598,S0001608,viewed,,,
2025-10-25,2025-10,United States,Apparel,Desktop,U01129,S0001644,viewed,,,
2025-10-25,2025-10,Canada,Apparel,Mobile,U01057,S0001654,viewed,,,
2025-10-25,2025-10,United States,Apparel,Mobile,U01131,S0001833,viewed,,,
2025-10-25,2025-10,United States,Home,Desktop,U00068,S0002065,viewed,,,
2025-10-25,2025-10,Canada,Sports,Mobile,U00917,S0002235,viewed,,,
2025-10-25,2025-10,United States,Beauty,Mobile,U01922,S0002345,add_to_cart,,,
2025-10-25,2025-10,United States,Beauty,Mobile,U01922,S0002345,viewed,,,
2025-10-25,2025-10,Germany,Home,Desktop,U02500,S0002560,viewed,,,
2025-10-25,2025-10,United States,Beauty,Desktop,U01732,S0002614,viewed,,,
2025-10-25,2025-10,Canada,Electronics,Mobile,U00104,S0002676,add_to_cart,,,
2025-10-25,2025-10,Canada,Electronics,Mobile,U00104,S0002676,checkout_started,,,
2025-10-25,2025-10,Canada,Electronics,Mobile,U00104,S0002676,purchased,4.0,109.35969774819506,437.44
2025-10-25,2025-10,Canada,Electronics,Mobile,U00104,S0002676,viewed,,,
2025-10-25,2025-10,Australia,Home,Mobile,U01864,S0002947,viewed,,,
2025-10-25,2025-10,Germany,Beauty,Desktop,U01511,S0002966,viewed,,,
2025-10-25,2025-10,United States,Electronics,Mobile,U01769,S0003415,viewed,,,
2025-10-25,2025-10,United States,Apparel,Mobile,U02276,S0003667,viewed,,,
2025-10-25,2025-10,Australia,Electronics,Mobile,U00673,S0003673,viewed,,,
2025-10-25,2025-10,Germany,Electronics,Mobile,U01857,S0003825,viewed,,,
2025-10-25,2025-10,United States,Sports,Desktop,U02337,S0003955,viewed,,,
2025-10-25,2025-10,Australia,Electronics,Mobile,U01037,S0003969,viewed,,,
2025-10-25,2025-10,Germany,Electronics,Mobile,U01432,S0004060,viewed,,,
2025-10-25,2025-10,United States,Electronics,Mobile,U00772,S0004412,viewed,,,
2025-10-25,2025-10,United States,Home,Mobile,U00155,S0004457,viewed,,,
2025-10-25,2025-10,United States,Apparel,Mobile,U01047,S0004463,viewed,,,
2025-10-25,2025-10,United States,Electronics,Desktop,U01255,S0004508,add_to_cart,,,
2025-10-25,2025-10,United States,Electronics,Desktop,U01255,S0004508,checkout_started,,,
2025-10-25,2025-10,United States,Electronics,Desktop,U01255,S0004508,purchased,3.0,179.71981646666782,539.16
2025-10-25,2025-10,United States,Electronics,Desktop,U01255,S0004508,viewed,,,
2025-10-25,2025-10,United Kingdom,Apparel,Desktop,U00044,S0004547,add_to_cart,,,
2025-10-25,2025-10,United Kingdom,Apparel,Desktop,U00044,S0004547,checkout_started,,,
2025-10-25,2025-10,United Kingdom,Apparel,Desktop,U00044,S0004547,viewed,,,
2025-10-25,2025-10,United States,Apparel,Desktop,U00585,S0004782,add_to_cart,,,
2025-10-25,2025-10,United States,Apparel,Desktop,U00585,S0004782,checkout_started,,,
2025-10-25,2025-10,United States,Apparel,Desktop,U00585,S0004782,viewed,,,
2025-10-25,2025-10,Australia,Apparel,Mobile,U01799,S0004790,viewed,,,
2025-10-25,2025-10,Canada,Apparel,Desktop,U01297,S0004802,add_to_cart,,,
2025-10-25,2025-10,Canada,Apparel,Desktop,U01297,S0004802,checkout_started,,,
2025-10-25,2025-10,Canada,Apparel,Desktop,U01297,S0004802,purchased,1.0,49.93599931052966,49.94
2025-10-25,2025-10,Canada,Apparel,Desktop,U01297,S0004802,viewed,,,
2025-10-25,2025-10,United States,Apparel,Mobile,U00946,S0004874,viewed,,,
2025-10-25,2025-10,United States,Beauty,Mobile,U00634,S0004928,viewed,,,
2025-10-25,2025-10,United States,Electronics,Tablet,U00828,S0004936,viewed,,,
2025-10-25,2025-10,United States,Electronics,Mobile,U00081,S0004938,viewed,,,
2025-10-26,2025-10,United States,Beauty,Mobile,U01192,S0000137,add_to_cart,,,
2025-10-26,2025-10,United States,Beauty,Mobile,U01192,S0000137,viewed,,,
2025-10-26,2025-10,United States,Home,Mobile,U01290,S0000193,viewed,,,
2025-10-26,2025-10,United States,Apparel,Mobile,U02131,S0000394,viewed,,,
2025-10-26,2025-10,United Kingdom,Apparel,Desktop,U00938,S0000490,viewed,,,
2025-10-26,2025-10,United States,Home,Mobile,U00537,S0000494,viewed,,,
2025-10-26,2025-10,United States,Beauty,Tablet,U01537,S0000531,viewed,,,
2025-10-26,2025-10,United States,Apparel,Mobile,U00541,S0000625,viewed,,,
2025-10-26,2025-10,United States,Apparel,Desktop,U01191,S0000720,add_to_cart,,,
2025-10-26,2025-10,United States,Apparel,Desktop,U01191,S0000720,viewed,,,
2025-10-26,2025-10,United Kingdom,Apparel,Tablet,U00156,S0000850,add_to_cart,,,
2025-10-26,2025-10,United Kingdom,Apparel,Tablet,U00156,S0000850,viewed,,,
2025-10-26,2025-10,United Kingdom,Apparel,Mobile,U01867,S0000967,viewed,,,
2025-10-26,2025-10,United States,Home,Mobile,U01484,S0001048,viewed,,,
2025-10-26,2025-10,United States,Electronics,Tablet,U01016,S0001181,viewed,,,
2025-10-26,2025-10,United States,Apparel,Desktop,U02507,S0001188,viewed,,,
2025-10-26,2025-10,United States,Sports,Mobile,U00775,S0001525,viewed,,,
2025-10-26,2025-10,United States,Beauty,Mobile,U00245,S0001568,viewed,,,
2025-10-26,2025-10,Australia,Apparel,Mobile,U01127,S0001580,add_to_cart,,,
2025-10-26,2025-10,Australia,Apparel,Mobile,U01127,S0001580,viewed,,,
2025-10-26,2025-10,United Kingdom,Electronics,Mobile,U02252,S0001764,add_to_cart,,,
2025-10-26,2025-10,United Kingdom,Electronics,Mobile,U02252,S0001764,checkout_started,,,
2025-10-26,2025-10,United Kingdom,Electronics,Mobile,U02252,S0001764,viewed,,,
2025-10-26,2025-10,United States,Beauty,Mobile,U02574,S0001873,add_to_cart,,,
2025-10-26,2025-10,United States,Beauty,Mobile,U02574,S0001873,checkout_started,,,
2025-10-26,2025-10,United States,Beauty,Mobile,U02574,S0001873,purchased,2.0,8.736975816633027,17.47
2025-10-26,2025-10,United States,Beauty,Mobile,U02574,S0001873,viewed,,,
2025-10-26,2025-10,Australia,Home,Desktop,U01124,S0001952,add_to_cart,,,
2025-10-26,2025-10,Australia,Home,Desktop,U01124,S0001952,checkout_started,,,
2025-10-26,2025-10,Australia,Home,Desktop,U01124,S0001952,purchased,2.0,76.64567668075232,153.29
2025-10-26,2025-10,Australia,Home,Desktop,U01124,S0001952,viewed,,,
2025-10-26,2025-10,United States,Electronics,Desktop,U01839,S0002024,viewed,,,
2025-10-26,2025-10,United Kingdom,Sports,Desktop,U00158,S0002183,viewed,,,
2025-10-26,2025-10,Canada,Apparel,Mobile,U01302,S0002213,add_to_cart,,,
2025-10-26,2025-10,Canada,Apparel,Mobile,U01302,S0002213,checkout_started,,,
2025-10-26,2025-10,Canada,Apparel,Mobile,U01302,S0002213,purchased,3.0,34.047305971253,102.14
2025-10-26,2025-10,Canada,Apparel,Mobile,U01302,S0002213,viewed,,,
2025-10-26,2025-10,Canada,Sports,Mobile,U00861,S0002414,viewed,,,
2025-10-26,2025-10,United States,Apparel,Desktop,U01758,S0002445,viewed,,,
2025-10-26,2025-10,United States,Apparel,Mobile,U01322,S0002692,viewed,,,
2025-10-26,2025-10,Canada,Beauty,Mobile,U01129,S0002973,viewed,,,
2025-10-26,2025-10,Canada,Apparel,Desktop,U01074,S0003007,viewed,,,
2025-10-26,2025-10,United States,Home,Desktop,U00630,S0003019,viewed,,,
2025-10-26,2025-10,United States,Electronics,Desktop,U01404,S0003170,viewed,,,
2025-10-26,2025-10,United States,Apparel,Mobile,U02315,S0003225,add_to_cart,,,
2025-10-26,2025-10,United States,Apparel,Mobile,U02315,S0003225,checkout_started,,,
2025-10-26,2025-10,United States,Apparel,Mobile,U02315,S0003225,purchased,4.0,77.55709845253587,310.23
2025-10-26,2025-10,United States,Apparel,Mobile,U02315,S0003225,viewed,,,
2025-10-26,2025-10,United States,Sports,Mobile,U01277,S0003303,add_to_cart,,,
2025-10-26,2025-10,United States,Sports,Mobile,U01277,S0003303,checkout_started,,,
2025-10-26,2025-10,United States,Sports,Mobile,U01277,S0003303,viewed,,,
2025-10-26,2025-10,Canada,Beauty,Desktop,U00659,S0003347,add_to_cart,,,
2025-10-26,2025-10,Canada,Beauty,Desktop,U00659,S0003347,checkout_started,,,
2025-10-26,2025-10,Canada,Beauty,Desktop,U00659,S0003347,purchased,4.0,36.68986383154213,146.76
2025-10-26,2025-10,Canada,Beauty,Desktop,U00659,S0003347,viewed,,,
2025-10-26,2025-10,Canada,Sports,Desktop,U00621,S0003423,viewed,,,
2025-10-26,2025-10,United Kingdom,Apparel,Desktop,U00185,S0003436,add_to_cart,,,
2025-10-26,2025-10,United Kingdom,Apparel,Desktop,U00185,S0003436,checkout_started,,,
2025-10-26,2025-10,United Kingdom,Apparel,Desktop,U00185,S0003436,purchased,4.0,40.210401134796385,160.84
2025-10-26,2025-10,United Kingdom,Apparel,Desktop,U00185,S0003436,viewed,,,
2025-10-26,2025-10,United States,Sports,Mobile,U02143,S0003449,viewed,,,
2025-10-26,2025-10,United States,Beauty,Desktop,U00154,S0003648,viewed,,,
2025-10-26,2025-10,Germany,Sports,Desktop,U01218,S0003810,viewed,,,
2025-10-26,2025-10,United Kingdom,Home,Mobile,U00006,S0003838,viewed,,,
2025-10-26,2025-10,United States,Home,Mobile,U00615,S0003876,viewed,,,
2025-10-26,2025-10,United States,Electronics,Desktop,U01285,S0003895,viewed,,,
2025-10-26,2025-10,United Kingdom,Home,Desktop,U00368,S0004078,add_to_cart,,,
2025-10-26,2025-10,United Kingdom,Home,Desktop,U00368,S0004078,viewed,,,
2025-10-26,2025-10,United Kingdom,Electronics,Tablet,U01820,S0004210,add_to_cart,,,
2025-10-26,2025-10,United Kingdom,Electronics,Tablet,U01820,S0004210,checkout_started,,,
2025-10-26,2025-10,United Kingdom,Electronics,Tablet,U01820,S0004210,purchased,3.0,170.921626136147,512.76
2025-10-26,2025-10,United Kingdom,Electronics,Tablet,U01820,S0004210,viewed,,,
2025-10-26,2025-10,Canada,Beauty,Desktop,U01514,S0004233,viewed,,,
2025-10-26,2025-10,United States,Home,Tablet,U00464,S0004259,add_to_cart,,,
2025-10-26,2025-10,United States,Home,Tablet,U00464,S0004259,viewed,,,
2025-10-26,2025-10,United States,Beauty,Mobile,U01621,S0004265,viewed,,,
2025-10-26,2025-10,Canada,Home,Desktop,U01084,S0004310,viewed,,,
2025-10-26,2025-10,United Kingdom,Electronics,Mobile,U01763,S0004351,viewed,,,
2025-10-26,2025-10,United States,Electronics,Mobile,U01040,S0004390,add_to_cart,,,
2025-10-26,2025-10,United States,Electronics,Mobile,U01040,S0004390,checkout_started,,,
2025-10-26,2025-10,United States,Electronics,Mobile,U01040,S0004390,purchased,4.0,141.90341840978854,567.61
2025-10-26,2025-10,United States,Electronics,Mobile,U01040,S0004390,viewed,,,
2025-10-26,2025-10,Australia,Beauty,Mobile,U00116,S0004541,add_to_cart,,,
2025-10-26,2025-10,Australia,Beauty,Mobile,U00116,S0004541,viewed,,,
2025-10-26,2025-10,United Kingdom,Apparel,Mobile,U01306,S0004589,add_to_cart,,,
2025-10-26,2025-10,United Kingdom,Apparel,Mobile,U01306,S0004589,checkout_started,,,
2025-10-26,2025-10,United Kingdom,Apparel,Mobile,U01306,S0004589,purchased,1.0,39.119011123458364,39.12
2025-10-26,2025-10,United Kingdom,Apparel,Mobile,U01306,S0004589,viewed,,,
2025-10-26,2025-10,United States,Beauty,Mobile,U01134,S0004618,viewed,,,
2025-10-26,2025-10,United States,Beauty,Desktop,U01769,S0004756,add_to_cart,,,
2025-10-26,2025-10,United States,Beauty,Desktop,U01769,S0004756,checkout_started,,,
2025-10-26,2025-10,United States,Beauty,Desktop,U01769,S0004756,purchased,1.0,28.00011088764721,28.0
2025-10-26,2025-10,United States,Beauty,Desktop,U01769,S0004756,viewed,,,
2025-10-26,2025-10,United States,Home,Desktop,U02232,S0004914,viewed,,,
2025-10-26,2025-10,United States,Apparel,Mobile,U00268,S0004980,viewed,,,
2025-10-27,2025-10,Australia,Beauty,Mobile,U01817,S0000269,add_to_cart,,,
2025-10-27,2025-10,Australia,Beauty,Mobile,U01817,S0000269,viewed,,,
2025-10-27,2025-10,Germany,Electronics,Mobile,U01793,S0000323,viewed,,,
2025-10-27,2025-10,Canada,Beauty,Mobile,U00876,S0000601,viewed,,,
2025-10-27,2025-10,Germany,Beauty,Mobile,U01672,S0000672,add_to_cart,,,
2025-10-27,2025-10,Germany,Beauty,Mobile,U01672,S0000672,viewed,,,
2025-10-27,2025-10,United States,Home,Tablet,U00989,S0000702,viewed,,,
2025-10-27,2025-10,United States,Home,Mobile,U00803,S0000767,viewed,,,
2025-10-27,2025-10,United Kingdom,Sports,Desktop,U02075,S0000896,viewed,,,
2025-10-27,2025-10,United States,Electronics,Mobile,U02275,S0000900,add_to_cart,,,
2025-10-27,2025-10,United States,Electronics,Mobile,U02275,S0000900,checkout_started,,,
2025-10-27,2025-10,United States,Electronics,Mobile,U02275,S0000900,purchased,3.0,155.45074808231516,466.35
2025-10-27,2025-10,United States,Electronics,Mobile,U02275,S0000900,viewed,,,
2025-10-27,2025-10,United States,Home,Desktop,U00505,S0000953,viewed,,,
2025-10-27,2025-10,Canada,Sports,Desktop,U01846,S0000956,viewed,,,
2025-10-27,2025-10,United States,Electronics,Desktop,U02376,S0000987,viewed,,,
2025-10-27,2025-10,United States,Beauty,Mobile,U01693,S0001135,viewed,,,
2025-10-27,2025-10,United Kingdom,Beauty,Desktop,U00782,S0001305,viewed,,,
2025-10-27,2025-10,United States,Electronics,Tablet,U01257,S0001554,add_to_cart,,,
2025-10-27,2025-10,United States,Electronics,Tablet,U01257,S0001554,checkout_started,,,
2025-10-27,2025-10,United States,Electronics,Tablet,U01257,S0001554,viewed,,,
2025-10-27,2025-10,Germany,Home,Tablet,U02454,S0001662,viewed,,,
2025-10-27,2025-10,Germany,Home,Mobile,U01183,S0001758,viewed,,,
2025-10-27,2025-10,Canada,Home,Desktop,U01230,S0001829,viewed,,,
2025-10-27,2025-10,United States,Apparel,Mobile,U01713,S0001846,viewed,,,
2025-10-27,2025-10,Australia,Home,Mobile,U00123,S0001885,add_to_cart,,,
2025-10-27,2025-10,Australia,Home,Mobile,U00123,S0001885,checkout_started,,,
2025-10-27,2025-10,Australia,Home,Mobile,U00123,S0001885,viewed,,,
2025-10-27,2025-10,Canada,Sports,Desktop,U00636,S0002027,add_to_cart,,,
2025-10-27,2025-10,Canada,Sports,Desktop,U00636,S0002027,viewed,,,
2025-10-27,2025-10,Germany,Sports,Tablet,U01310,S0002124,add_to_cart,,,
2025-10-27,2025-10,Germany,Sports,Tablet,U01310,S0002124,checkout_started,,,
2025-10-27,2025-10,Germany,Sports,Tablet,U01310,S0002124,viewed,,,
2025-10-27,2025-10,United States,Electronics,Mobile,U00366,S0002144,add_to_cart,,,
2025-10-27,2025-10,United States,Electronics,Mobile,U00366,S0002144,checkout_started,,,
2025-10-27,2025-10,United States,Electronics,Mobile,U00366,S0002144,purchased,3.0,127.62708757520474,382.88
2025-10-27,2025-10,United States,Electronics,Mobile,U00366,S0002144,viewed,,,
2025-10-27,2025-10,United States,Beauty,Desktop,U00737,S0002393,viewed,,,
2025-10-27,2025-10,United States,Sports,Mobile,U02120,S0002417,viewed,,,
2025-10-27,2025-10,United States,Beauty,Mobile,U00651,S0002494,viewed,,,
2025-10-27,2025-10,United States,Home,Tablet,U01872,S0002629,viewed,,,
2025-10-27,2025-10,United States,Electronics,Desktop,U01757,S0002726,viewed,,,
2025-10-27,2025-10,Australia,Apparel,Mobile,U02115,S0002825,viewed,,,
2025-10-27,2025-10,United States,Electronics,Mobile,U01524,S0002864,add_to_cart,,,
2025-10-27,2025-10,United States,Electronics,Mobile,U01524,S0002864,checkout_started,,,
2025-10-27,2025-10,United States,Electronics,Mobile,U01524,S0002864,purchased,4.0,108.05033046415068,432.2
2025-10-27,2025-10,United States,Electronics,Mobile,U01524,S0002864,viewed,,,
2025-10-27,2025-10,United Kingdom,Sports,Mobile,U02493,S0002904,viewed,,,
2025-10-27,2025-10,United States,Apparel,Mobile,U02574,S0002927,add_to_cart,,,
2025-10-27,2025-10,United States,Apparel,Mobile,U02574,S0002927,checkout_started,,,
2025-10-27,2025-10,United States,Apparel,Mobile,U02574,S0002927,purchased,1.0,84.35819459535524,84.36
2025-10-27,2025-10,United States,Apparel,Mobile,U02574,S0002927,viewed,,,
2025-10-27,2025-10,Canada,Electronics,Desktop,U00568,S0002971,add_to_cart,,,
2025-10-27,2025-10,Canada,Electronics,Desktop,U00568,S0002971,checkout_started,,,
2025-10-27,2025-10,Canada,Electronics,Desktop,U00568,S0002971,viewed,,,
2025-10-27,2025-10,United States,Sports,Mobile,U01829,S0003124,viewed,,,
2025-10-27,2025-10,Canada,Apparel,Mobile,U00398,S0003177,add_to_cart,,,
2025-10-27,2025-10,Canada,Apparel,Mobile,U00398,S0003177,viewed,,,
2025-10-27,2025-10,United States,Home,Mobile,U00085,S0003331,add_to_cart,,,
2025-10-27,2025-10,United States,Home,Mobile,U00085,S0003331,checkout_started,,,
2025-10-27,2025-10,United States,Home,Mobile,U00085,S0003331,purchased,4.0,79.25717716623447,317.03
2025-10-27,2025-10,United States,Home,Mobile,U00085,S0003331,viewed,,,
2025-10-27,2025-10,United States,Electronics,Desktop,U01838,S0003344,viewed,,,
2025-10-27,2025-10,Australia,Sports,Mobile,U01398,S0003417,add_to_cart,,,
2025-10-27,2025-10,Australia,Sports,Mobile,U01398,S0003417,viewed,,,
2025-10-27,2025-10,United States,Home,Desktop,U00172,S0003425,viewed,,,
2025-10-27,2025-10,United States,Electronics,Mobile,U01227,S0003602,viewed,,,
2025-10-27,2025-10,United States,Home,Tablet,U01890,S0003609,viewed,,,
2025-10-27,2025-10,Canada,Apparel,Mobile,U01017,S0003613,viewed,,,
2025-10-27,2025-10,Canada,Home,Desktop,U02345,S0003864,viewed,,,
2025-10-27,2025-10,United Kingdom,Sports,Mobile,U02143,S0003920,viewed,,,
2025-10-27,2025-10,United Kingdom,Apparel,Mobile,U01094,S0003922,viewed,,,
2025-10-27,2025-10,Canada,Beauty,Mobile,U02247,S0003970,add_to_cart,,,
2025-10-27,2025-10,Canada,Beauty,Mobile,U02247,S0003970,checkout_started,,,
2025-10-27,2025-10,Canada,Beauty,Mobile,U02247,S0003970,purchased,2.0,39.69775745638408,79.4
2025-10-27,2025-10,Canada,Beauty,Mobile,U02247,S0003970,viewed,,,
2025-10-27,2025-10,Canada,Home,Mobile,U01984,S0004038,viewed,,,
2025-10-27,2025-10,United Kingdom,Home,Mobile,U01214,S0004228,viewed,,,
2025-10-27,2025-10,Canada,Beauty,Desktop,U00651,S0004455,viewed,,,
2025-10-27,2025-10,Canada,Sports,Desktop,U01033,S0004544,viewed,,,
2025-10-27,2025-10,Germany,Home,Desktop,U00713,S0004586,viewed,,,
2025-10-27,2025-10,United States,Electronics,Mobile,U01161,S0004595,viewed,,,
2025-10-27,2025-10,United States,Apparel,Desktop,U00465,S0004621,viewed,,,
2025-10-27,2025-10,Canada,Home,Mobile,U02348,S0004639,viewed,,,
2025-10-27,2025-10,United States,Electronics,Mobile,U01851,S0004801,add_to_cart,,,
2025-10-27,2025-10,United States,Electronics,Mobile,U01851,S0004801,checkout_started,,,
2025-10-27,2025-10,United States,Electronics,Mobile,U01851,S0004801,viewed,,,
2025-10-28,2025-10,Australia,Apparel,Mobile,U01351,S0000085,viewed,,,
2025-10-28,2025-10,United Kingdom,Electronics,Mobile,U02374,S0000192,viewed,,,
2025-10-28,2025-10,Canada,Home,Mobile,U02345,S0000240,viewed,,,
2025-10-28,2025-10,United States,Home,Desktop,U00913,S0000245,viewed,,,
2025-10-28,2025-10,Germany,Electronics,Mobile,U01474,S0000343,viewed,,,
2025-10-28,2025-10,Canada,Electronics,Desktop,U01958,S0000599,viewed,,,
2025-10-28,2025-10,United States,Sports,Mobile,U01285,S0000675,viewed,,,
2025-10-28,2025-10,United States,Home,Mobile,U01344,S0000825,viewed,,,
2025-10-28,2025-10,United States,Beauty,Desktop,U00030,S0000880,add_to_cart,,,
2025-10-28,2025-10,United States,Beauty,Desktop,U00030,S0000880,viewed,,,
2025-10-28,2025-10,United States,Beauty,Desktop,U00547,S0000996,viewed,,,
2025-10-28,2025-10,Australia,Electronics,Desktop,U01403,S0001171,add_to_cart,,,
2025-10-28,2025-10,Australia,Electronics,Desktop,U01403,S0001171,checkout_started,,,
2025-10-28,2025-10,Australia,Electronics,Desktop,U01403,S0001171,purchased,3.0,192.00537151963007,576.02
2025-10-28,2025-10,Australia,Electronics,Desktop,U01403,S0001171,viewed,,,
2025-10-28,2025-10,Australia,Electronics,Mobile,U00442,S0001200,viewed,,,
2025-10-28,2025-10,United States,Apparel,Desktop,U00156,S0001211,viewed,,,
2025-10-28,2025-10,Germany,Electronics,Mobile,U02150,S0001290,viewed,,,
2025-10-28,2025-10,Germany,Beauty,Mobile,U01469,S0001397,add_to_cart,,,
2025-10-28,2025-10,Germany,Beauty,Mobile,U01469,S0001397,viewed,,,
2025-10-28,2025-10,United Kingdom,Beauty,Mobile,U00365,S0001540,add_to_cart,,,
2025-10-28,2025-10,United Kingdom,Beauty,Mobile,U00365,S0001540,checkout_started,,,
2025-10-28,2025-10,United Kingdom,Beauty,Mobile,U00365,S0001540,purchased,2.0,41.05882409513713,82.12
2025-10-28,2025-10,United Kingdom,Beauty,Mobile,U00365,S0001540,viewed,,,
2025-10-28,2025-10,United Kingdom,Beauty,Desktop,U00223,S0001638,viewed,,,
2025-10-28,2025-10,United States,Beauty,Mobile,U00176,S0001661,viewed,,,
2025-10-28,2025-10,United Kingdom,Apparel,Mobile,U01590,S0001753,viewed,,,
2025-10-28,2025-10,United States,Apparel,Desktop,U01712,S0001755,viewed,,,
2025-10-28,2025-10,Australia,Electronics,Mobile,U01529,S0001982,viewed,,,
2025-10-28,2025-10,United States,Apparel,Desktop,U00480,S0002128,add_to_cart,,,
2025-10-28,2025-10,United States,Apparel,Desktop,U00480,S0002128,checkout_started,,,
2025-10-28,2025-10,United States,Apparel,Desktop,U00480,S0002128,purchased,3.0,47.46772821291251,142.4
2025-10-28,2025-10,United States,Apparel,Desktop,U00480,S0002128,viewed,,,
2025-10-28,2025-10,Australia,Home,Desktop,U01010,S0002179,add_to_cart,,,
2025-10-28,2025-10,Australia,Home,Desktop,U01010,S0002179,viewed,,,
2025-10-28,2025-10,United States,Electronics,Mobile,U01599,S0002226,add_to_cart,,,
2025-10-28,2025-10,United States,Electronics,Mobile,U01599,S0002226,checkout_started,,,
2025-10-28,2025-10,United States,Electronics,Mobile,U01599,S0002226,purchased,3.0,128.7580974112151,386.27
2025-10-28,2025-10,United States,Electronics,Mobile,U01599,S0002226,viewed,,,
2025-10-28,2025-10,United States,Sports,Desktop,U02281,S0002359,viewed,,,
2025-10-28,2025-10,Germany,Apparel,Mobile,U01953,S0002508,viewed,,,
2025-10-28,2025-10,United States,Home,Desktop,U00042,S0002721,add_to_cart,,,
2025-10-28,2025-10,United States,Home,Desktop,U00042,S0002721,viewed,,,
2025-10-28,2025-10,Germany,Beauty,Mobile,U01434,S0002829,viewed,,,
2025-10-28,2025-10,United States,Apparel,Mobile,U02277,S0002898,add_to_cart,,,
2025-10-28,2025-10,United States,Apparel,Mobile,U02277,S0002898,checkout_started,,,
2025-10-28,2025-10,United States,Apparel,Mobile,U02277,S0002898,purchased,2.0,50.473631327987164,100.95
2025-10-28,2025-10,United States,Apparel,Mobile,U02277,S0002898,viewed,,,
2025-10-28,2025-10,Canada,Beauty,Desktop,U01952,S0002907,viewed,,,
2025-10-28,2025-10,Germany,Apparel,Mobile,U01736,S0002917,viewed,,,
2025-10-28,2025-10,Germany,Beauty,Mobile,U00784,S0003009,viewed,,,
2025-10-28,2025-10,United States,Electronics,Tablet,U02417,S0003026,add_to_cart,,,
2025-10-28,2025-10,United States,Electronics,Tablet,U02417,S0003026,checkout_started,,,
2025-10-28,2025-10,United States,Electronics,Tablet,U02417,S0003026,purchased,3.0,113.55416510653419,340.66
2025-10-28,2025-10,United States,Electronics,Tablet,U02417,S0003026,viewed,,,
2025-10-28,2025-10,Canada,Apparel,Mobile,U00309,S0003117,viewed,,,
2025-10-28,2025-10,United States,Electronics,Desktop,U01263,S0003121,viewed,,,
2025-10-28,2025-10,Australia,Sports,Desktop,U02289,S0003171,add_to_cart,,,
2025-10-28,2025-10,Australia,Sports,Desktop,U02289,S0003171,checkout_started,,,
2025-10-28,2025-10,Australia,Sports,Desktop,U02289,S0003171,viewed,,,
2025-10-28,2025-10,United States,Apparel,Desktop,U01494,S0003185,viewed,,,
2025-10-28,2025-10,United States,Home,Tablet,U00903,S0003367,viewed,,,
2025-10-28,2025-10,United States,Apparel,Mobile,U01789,S0003600,viewed,,,
2025-10-28,2025-10,Australia,Electronics,Desktop,U01856,S0003604,add_to_cart,,,
2025-10-28,2025-10,Australia,Electronics,Desktop,U01856,S0003604,checkout_started,,,
2025-10-28,2025-10,Australia,Electronics,Desktop,U01856,S0003604,purchased,1.0,179.09494465650954,179.09
2025-10-28,2025-10,Australia,Electronics,Desktop,U01856,S0003604,viewed,,,
2025-10-28,2025-10,United States,Electronics,Tablet,U01032,S0003640,viewed,,,
2025-10-28,2025-10,United States,Beauty,Mobile,U02469,S0003692,viewed,,,
2025-10-28,2025-10,United Kingdom,Home,Desktop,U01966,S0003819,viewed,,,
2025-10-28,2025-10,United States,Apparel,Mobile,U00998,S0003875,viewed,,,
2025-10-28,2025-10,United States,Apparel,Mobile,U01604,S0004496,viewed,,,
2025-10-28,2025-10,Australia,Sports,Desktop,U01674,S0004542,viewed,,,
2025-10-28,2025-10,United Kingdom,Electronics,Tablet,U00740,S0004903,add_to_cart,,,
2025-10-28,2025-10,United Kingdom,Electronics,Tablet,U00740,S0004903,checkout_started,,,
2025-10-28,2025-10,United Kingdom,Electronics,Tablet,U00740,S0004903,purchased,4.0,152.66634640187533,610.67
2025-10-28,2025-10,United Kingdom,Electronics,Tablet,U00740,S0004903,viewed,,,
2025-10-28,2025-10,Germany,Apparel,Mobile,U00593,S0004910,add_to_cart,,,
2025-10-28,2025-10,Germany,Apparel,Mobile,U00593,S0004910,checkout_started,,,
2025-10-28,2025-10,Germany,Apparel,Mobile,U00593,S0004910,purchased,3.0,12.219564111842963,36.66
2025-10-28,2025-10,Germany,Apparel,Mobile,U00593,S0004910,viewed,,,
2025-10-29,2025-10,United Kingdom,Apparel,Desktop,U00560,S0000040,add_to_cart,,,
2025-10-29,2025-10,United Kingdom,Apparel,Desktop,U00560,S0000040,checkout_started,,,
2025-10-29,2025-10,United Kingdom,Apparel,Desktop,U00560,S0000040,viewed,,,
2025-10-29,2025-10,Germany,Electronics,Desktop,U02438,S0000099,add_to_cart,,,
2025-10-29,2025-10,Germany,Electronics,Desktop,U02438,S0000099,checkout_started,,,
2025-10-29,2025-10,Germany,Electronics,Desktop,U02438,S0000099,purchased,2.0,149.20459579212368,298.41
2025-10-29,2025-10,Germany,Electronics,Desktop,U02438,S0000099,viewed,,,
2025-10-29,2025-10,Australia,Home,Mobile,U01570,S0000130,add_to_cart,,,
2025-10-29,2025-10,Australia,Home,Mobile,U01570,S0000130,viewed,,,
2025-10-29,2025-10,United States,Beauty,Mobile,U00785,S0000341,viewed,,,
2025-10-29,2025-10,Canada,Electronics,Mobile,U01023,S0000458,viewed,,,
2025-10-29,2025-10,United Kingdom,Home,Mobile,U00149,S0000475,viewed,,,
2025-10-29,2025-10,United States,Home,Desktop,U01900,S0000616,add_to_cart,,,
2025-10-29,2025-10,United States,Home,Desktop,U01900,S0000616,viewed,,,
2025-10-29,2025-10,Germany,Beauty,Desktop,U02112,S0000658,add_to_cart,,,
2025-10-29,2025-10,Germany,Beauty,Desktop,U02112,S0000658,checkout_started,,,
2025-10-29,2025-10,Germany,Beauty,Desktop,U02112,S0000658,purchased,1.0,43.07826723093779,43.08
2025-10-29,2025-10,Germany,Beauty,Desktop,U02112,S0000658,viewed,,,
2025-10-29,2025-10,United States,Home,Desktop,U02478,S0000673,viewed,,,
2025-10-29,2025-10,United Kingdom,Electronics,Desktop,U02315,S0000743,add_to_cart,,,
2025-10-29,2025-10,United Kingdom,Electronics,Desktop,U02315,S0000743,checkout_started,,,
2025-10-29,2025-10,United Kingdom,Electronics,Desktop,U02315,S0000743,viewed,,,
2025-10-29,2025-10,Australia,Apparel,Desktop,U00381,S0000782,viewed,,,
2025-10-29,2025-10,United States,Electronics,Desktop,U02376,S0000920,add_to_cart,,,
2025-10-29,2025-10,United States,Electronics,Desktop,U02376,S0000920,checkout_started,,,
2025-10-29,2025-10,United States,Electronics,Desktop,U02376,S0000920,viewed,,,
2025-10-29,2025-10,United States,Apparel,Desktop,U01862,S0000958,viewed,,,
2025-10-29,2025-10,United States,Home,Desktop,U00599,S0001068,add_to_cart,,,
2025-10-29,2025-10,United States,Home,Desktop,U00599,S0001068,viewed,,,
2025-10-29,2025-10,United States,Home,Desktop,U02248,S0001111,add_to_cart,,,
2025-10-29,2025-10,United States,Home,Desktop,U02248,S0001111,checkout_started,,,
2025-10-29,2025-10,United States,Home,Desktop,U02248,S0001111,viewed,,,
2025-10-29,2025-10,United States,Electronics,Mobile,U02295,S0001128,viewed,,,
2025-10-29,2025-10,United States,Beauty,Mobile,U00822,S0001172,viewed,,,
2025-10-29,2025-10,United States,Apparel,Desktop,U01015,S0001196,viewed,,,
2025-10-29,2025-10,United States,Beauty,Tablet,U01982,S0001235,viewed,,,
2025-10-29,2025-10,United States,Home,Mobile,U01406,S0001337,viewed,,,
2025-10-29,2025-10,United Kingdom,Beauty,Mobile,U00150,S0001370,viewed,,,
2025-10-29,2025-10,United States,Beauty,Mobile,U00550,S0001417,viewed,,,
2025-10-29,2025-10,United States,Home,Desktop,U00953,S0001467,viewed,,,
2025-10-29,2025-10,United States,Sports,Tablet,U01894,S0001585,add_to_cart,,,
2025-10-29,2025-10,United States,Sports,Tablet,U01894,S0001585,checkout_started,,,
2025-10-29,2025-10,United States,Sports,Tablet,U01894,S0001585,purchased,1.0,69.01353191126698,69.01
2025-10-29,2025-10,United States,Sports,Tablet,U01894,S0001585,viewed,,,
2025-10-29,2025-10,United States,Electronics,Desktop,U02487,S0001985,add_to_cart,,,
2025-10-29,2025-10,United States,Electronics,Desktop,U02487,S0001985,viewed,,,
2025-10-29,2025-10,United States,Home,Desktop,U01864,S0001994,add_to_cart,,,
2025-10-29,2025-10,United States,Home,Desktop,U01864,S0001994,viewed,,,
2025-10-29,2025-10,Canada,Home,Mobile,U01867,S0002010,viewed,,,
2025-10-29,2025-10,Australia,Beauty,Desktop,U01937,S0002158,add_to_cart,,,
2025-10-29,2025-10,Australia,Beauty,Desktop,U01937,S0002158,checkout_started,,,
2025-10-29,2025-10,Australia,Beauty,Desktop,U01937,S0002158,purchased,1.0,22.231992311648185,22.23
2025-10-29,2025-10,Australia,Beauty,Desktop,U01937,S0002158,viewed,,,
2025-10-29,2025-10,United States,Apparel,Mobile,U00598,S0002185,viewed,,,
2025-10-29,2025-10,United States,Apparel,Mobile,U01494,S0002231,viewed,,,
2025-10-29,2025-10,United States,Electronics,Mobile,U02106,S0002437,add_to_cart,,,
2025-10-29,2025-10,United States,Electronics,Mobile,U02106,S0002437,checkout_started,,,
2025-10-29,2025-10,United States,Electronics,Mobile,U02106,S0002437,purchased,2.0,75.36501607989877,150.73
2025-10-29,2025-10,United States,Electronics,Mobile,U02106,S0002437,viewed,,,
2025-10-29,2025-10,Canada,Home,Mobile,U00588,S0002568,add_to_cart,,,
2025-10-29,2025-10,Canada,Home,Mobile,U00588,S0002568,checkout_started,,,
2025-10-29,2025-10,Canada,Home,Mobile,U00588,S0002568,purchased,1.0,117.46236957444188,117.46
2025-10-29,2025-10,Canada,Home,Mobile,U00588,S0002568,viewed,,,
2025-10-29,2025-10,United States,Electronics,Desktop,U00110,S0002689,add_to_cart,,,
2025-10-29,2025-10,United States,Electronics,Desktop,U00110,S0002689,viewed,,,
2025-10-29,2025-10,United States,Home,Desktop,U00052,S0002758,viewed,,,
2025-10-29,2025-10,United States,Home,Mobile,U00968,S0002970,viewed,,,
2025-10-29,2025-10,Australia,Home,Mobile,U00037,S0002992,add_to_cart,,,
2025-10-29,2025-10,Australia,Home,Mobile,U00037,S0002992,viewed,,,
2025-10-29,2025-10,United States,Home,Mobile,U01178,S0002996,viewed,,,
2025-10-29,2025-10,United Kingdom,Apparel,Desktop,U02562,S0003301,add_to_cart,,,
2025-10-29,2025-10,United Kingdom,Apparel,Desktop,U02562,S0003301,checkout_started,,,
2025-10-29,2025-10,United Kingdom,Apparel,Desktop,U02562,S0003301,viewed,,,
2025-10-29,2025-10,Australia,Home,Mobile,U01766,S0003317,add_to_cart,,,
2025-10-29,2025-10,Australia,Home,Mobile,U01766,S0003317,checkout_started,,,
2025-10-29,2025-10,Australia,Home,Mobile,U01766,S0003317,viewed,,,
2025-10-29,2025-10,Australia,Sports,Mobile,U00729,S0003324,viewed,,,
2025-10-29,2025-10,United Kingdom,Apparel,Mobile,U01597,S0003408,viewed,,,
2025-10-29,2025-10,Australia,Beauty,Desktop,U00685,S0003492,add_to_cart,,,
2025-10-29,2025-10,Australia,Beauty,Desktop,U00685,S0003492,checkout_started,,,
2025-10-29,2025-10,Australia,Beauty,Desktop,U00685,S0003492,purchased,1.0,24.136870571749533,24.14
2025-10-29,2025-10,Australia,Beauty,Desktop,U00685,S0003492,viewed,,,
2025-10-29,2025-10,United Kingdom,Home,Desktop,U00885,S0003502,viewed,,,
2025-10-29,2025-10,United States,Beauty,Desktop,U02098,S0003546,viewed,,,
2025-10-29,2025-10,United Kingdom,Home,Desktop,U00550,S0003550,add_to_cart,,,
2025-10-29,2025-10,United Kingdom,Home,Desktop,U00550,S0003550,viewed,,,
2025-10-29,2025-10,Germany,Apparel,Tablet,U01847,S0003721,viewed,,,
2025-10-29,2025-10,United States,Sports,Desktop,U01936,S0003730,add_to_cart,,,
2025-10-29,2025-10,United States,Sports,Desktop,U01936,S0003730,checkout_started,,,
2025-10-29,2025-10,United States,Sports,Desktop,U01936,S0003730,viewed,,,
2025-10-29,2025-10,United States,Sports,Mobile,U01886,S0003757,viewed,,,
2025-10-29,2025-10,United Kingdom,Home,Mobile,U00832,S0003764,add_to_cart,,,
2025-10-29,2025-10,United Kingdom,Home,Mobile,U00832,S0003764,viewed,,,
2025-10-29,2025-10,United States,Electronics,Desktop,U02081,S0003865,viewed,,,
2025-10-29,2025-10,United States,Apparel,Mobile,U00932,S0003925,viewed,,,
2025-10-29,2025-10,United States,Beauty,Mobile,U01663,S0004063,add_to_cart,,,
2025-10-29,2025-10,United States,Beauty,Mobile,U01663,S0004063,checkout_started,,,
2025-10-29,2025-10,United States,Beauty,Mobile,U01663,S0004063,viewed,,,
2025-10-29,2025-10,United States,Home,Mobile,U02573,S0004086,viewed,,,
2025-10-29,2025-10,Canada,Home,Mobile,U01056,S0004619,add_to_cart,,,
2025-10-29,2025-10,Canada,Home,Mobile,U01056,S0004619,viewed,,,
2025-10-29,2025-10,Canada,Electronics,Desktop,U01863,S0004858,add_to_cart,,,
2025-10-29,2025-10,Canada,Electronics,Desktop,U01863,S0004858,checkout_started,,,
2025-10-29,2025-10,Canada,Electronics,Desktop,U01863,S0004858,purchased,4.0,223.5308124567252,894.12
2025-10-29,2025-10,Canada,Electronics,Desktop,U01863,S0004858,viewed,,,
2025-10-30,2025-10,Canada,Electronics,Desktop,U00311,S0000026,add_to_cart,,,
2025-10-30,2025-10,Canada,Electronics,Desktop,U00311,S0000026,checkout_started,,,
2025-10-30,2025-10,Canada,Electronics,Desktop,U00311,S0000026,viewed,,,
2025-10-30,2025-10,United States,Home,Tablet,U02494,S0000244,viewed,,,
2025-10-30,2025-10,United States,Electronics,Tablet,U00586,S0000502,add_to_cart,,,
2025-10-30,2025-10,United States,Electronics,Tablet,U00586,S0000502,viewed,,,
2025-10-30,2025-10,United States,Home,Mobile,U00817,S0000569,viewed,,,
2025-10-30,2025-10,United States,Sports,Desktop,U02003,S0000600,viewed,,,
2025-10-30,2025-10,Germany,Electronics,Tablet,U00861,S0000771,add_to_cart,,,
2025-10-30,2025-10,Germany,Electronics,Tablet,U00861,S0000771,checkout_started,,,
2025-10-30,2025-10,Germany,Electronics,Tablet,U00861,S0000771,purchased,2.0,119.39616443042983,238.79
2025-10-30,2025-10,Germany,Electronics,Tablet,U00861,S0000771,viewed,,,
2025-10-30,2025-10,United States,Home,Desktop,U00388,S0000824,viewed,,,
2025-10-30,2025-10,United States,Apparel,Tablet,U00833,S0000934,viewed,,,
2025-10-30,2025-10,United States,Electronics,Mobile,U02137,S0000984,viewed,,,
2025-10-30,2025-10,United States,Sports,Desktop,U01012,S0001089,viewed,,,
2025-10-30,2025-10,United States,Beauty,Mobile,U00972,S0001130,add_to_cart,,,
2025-10-30,2025-10,United States,Beauty,Mobile,U00972,S0001130,checkout_started,,,
2025-10-30,2025-10,United States,Beauty,Mobile,U00972,S0001130,purchased,1.0,16.84129662164298,16.84
2025-10-30,2025-10,United States,Beauty,Mobile,U00972,S0001130,viewed,,,
2025-10-30,2025-10,United States,Electronics,Desktop,U00141,S0001205,viewed,,,
2025-10-30,2025-10,United States,Home,Mobile,U00732,S0001221,add_to_cart,,,
2025-10-30,2025-10,United States,Home,Mobile,U00732,S0001221,viewed,,,
2025-10-30,2025-10,Australia,Apparel,Mobile,U00658,S0001255,viewed,,,
2025-10-30,2025-10,Canada,Beauty,Mobile,U02430,S0001715,viewed,,,
2025-10-30,2025-10,United Kingdom,Home,Mobile,U01467,S0001717,add_to_cart,,,
2025-10-30,2025-10,United Kingdom,Home,Mobile,U01467,S0001717,viewed,,,
2025-10-30,2025-10,United States,Sports,Desktop,U02292,S0001887,viewed,,,
2025-10-30,2025-10,United States,Home,Desktop,U01116,S0002015,add_to_cart,,,
2025-10-30,2025-10,United States,Home,Desktop,U01116,S0002015,viewed,,,
2025-10-30,2025-10,United States,Electronics,Mobile,U02068,S0002072,add_to_cart,,,
2025-10-30,2025-10,United States,Electronics,Mobile,U02068,S0002072,viewed,,,
2025-10-30,2025-10,United States,Apparel,Mobile,U00853,S0002184,add_to_cart,,,
2025-10-30,2025-10,United States,Apparel,Mobile,U00853,S0002184,viewed,,,
2025-10-30,2025-10,United States,Electronics,Tablet,U00161,S0002361,viewed,,,
2025-10-30,2025-10,United States,Apparel,Mobile,U01122,S0002448,viewed,,,
2025-10-30,2025-10,United States,Sports,Mobile,U01678,S0002481,viewed,,,
2025-10-30,2025-10,Germany,Electronics,Mobile,U00006,S0002754,viewed,,,
2025-10-30,2025-10,Australia,Electronics,Desktop,U01642,S0002905,viewed,,,
2025-10-30,2025-10,United States,Beauty,Mobile,U00210,S0002986,viewed,,,
2025-10-30,2025-10,United States,Sports,Mobile,U01027,S0003118,add_to_cart,,,
2025-10-30,2025-10,United States,Sports,Mobile,U01027,S0003118,viewed,,,
2025-10-30,2025-10,United States,Sports,Desktop,U02598,S0003147,add_to_cart,,,
2025-10-30,2025-10,United States,Sports,Desktop,U02598,S0003147,checkout_started,,,
2025-10-30,2025-10,United States,Sports,Desktop,U02598,S0003147,purchased,1.0,49.08387080009604,49.08
2025-10-30,2025-10,United States,Sports,Desktop,U02598,S0003147,viewed,,,
2025-10-30,2025-10,Australia,Apparel,Desktop,U01111,S0003266,add_to_cart,,,
2025-10-30,2025-10,Australia,Apparel,Desktop,U01111,S0003266,checkout_started,,,
2025-10-30,2025-10,Australia,Apparel,Desktop,U01111,S0003266,purchased,4.0,70.1127817864603,280.45
2025-10-30,2025-10,Australia,Apparel,Desktop,U01111,S0003266,viewed,,,
2025-10-30,2025-10,United States,Home,Desktop,U01505,S0003577,viewed,,,
2025-10-30,2025-10,United States,Apparel,Mobile,U01346,S0003589,add_to_cart,,,
2025-10-30,2025-10,United States,Apparel,Mobile,U01346,S0003589,checkout_started,,,
2025-10-30,2025-10,United States,Apparel,Mobile,U01346,S0003589,viewed,,,
2025-10-30,2025-10,United Kingdom,Apparel,Mobile,U01768,S0003647,add_to_cart,,,
2025-10-30,2025-10,United Kingdom,Apparel,Mobile,U01768,S0003647,checkout_started,,,
2025-10-30,2025-10,United Kingdom,Apparel,Mobile,U01768,S0003647,purchased,1.0,56.680456919371224,56.68
2025-10-30,2025-10,United Kingdom,Apparel,Mobile,U01768,S0003647,viewed,,,
2025-10-30,2025-10,United States,Apparel,Tablet,U02482,S0003675,viewed,,,
2025-10-30,2025-10,United States,Home,Desktop,U02280,S0003696,viewed,,,
2025-10-30,2025-10,United States,Beauty,Mobile,U00801,S0003862,viewed,,,
2025-10-30,2025-10,United States,Home,Mobile,U01989,S0003977,viewed,,,
2025-10-30,2025-10,Canada,Sports,Desktop,U01197,S0004008,viewed,,,
2025-10-30,2025-10,United States,Beauty,Mobile,U00221,S0004042,add_to_cart,,,
2025-10-30,2025-10,United States,Beauty,Mobile,U00221,S0004042,viewed,,,
2025-10-30,2025-10,United Kingdom,Home,Mobile,U01704,S0004560,add_to_cart,,,
2025-10-30,2025-10,United Kingdom,Home,Mobile,U01704,S0004560,viewed,,,
2025-10-30,2025-10,United Kingdom,Apparel,Tablet,U00619,S0004906,viewed,,,
2025-10-30,2025-10,United States,Sports,Mobile,U00828,S0004991,viewed,,,
2025-10-30,2025-10,United States,Beauty,Desktop,U02494,S0004995,add_to_cart,,,
2025-10-30,2025-10,United States,Beauty,Desktop,U02494,S0004995,viewed,,,
2025-10-31,2025-10,United Kingdom,Electronics,Mobile,U01631,S0000003,add_to_cart,,,
2025-10-31,2025-10,United Kingdom,Electronics,Mobile,U01631,S0000003,viewed,,,
2025-10-31,2025-10,United States,Electronics,Mobile,U01599,S0000123,viewed,,,
2025-10-31,2025-10,United States,Home,Desktop,U02233,S0000156,viewed,,,
2025-10-31,2025-10,United Kingdom,Beauty,Mobile,U00898,S0000255,add_to_cart,,,
2025-10-31,2025-10,United Kingdom,Beauty,Mobile,U00898,S0000255,checkout_started,,,
2025-10-31,2025-10,United Kingdom,Beauty,Mobile,U00898,S0000255,purchased,1.0,35.99345731136847,35.99
2025-10-31,2025-10,United Kingdom,Beauty,Mobile,U00898,S0000255,viewed,,,
2025-10-31,2025-10,United States,Beauty,Mobile,U01470,S0000316,viewed,,,
2025-10-31,2025-10,Australia,Electronics,Mobile,U01922,S0000372,add_to_cart,,,
2025-10-31,2025-10,Australia,Electronics,Mobile,U01922,S0000372,checkout_started,,,
2025-10-31,2025-10,Australia,Electronics,Mobile,U01922,S0000372,purchased,4.0,136.43185242789144,545.73
2025-10-31,2025-10,Australia,Electronics,Mobile,U01922,S0000372,viewed,,,
2025-10-31,2025-10,United States,Electronics,Mobile,U00924,S0000446,viewed,,,
2025-10-31,2025-10,United States,Home,Desktop,U01921,S0000652,add_to_cart,,,
2025-10-31,2025-10,United States,Home,Desktop,U01921,S0000652,viewed,,,
2025-10-31,2025-10,United States,Sports,Tablet,U01079,S0000730,viewed,,,
2025-10-31,2025-10,United States,Apparel,Desktop,U02598,S0000842,add_to_cart,,,
2025-10-31,2025-10,United States,Apparel,Desktop,U02598,S0000842,viewed,,,
2025-10-31,2025-10,United States,Electronics,Mobile,U00805,S0000986,viewed,,,
2025-10-31,2025-10,United States,Apparel,Desktop,U00664,S0001224,viewed,,,
2025-10-31,2025-10,United States,Electronics,Mobile,U00186,S0001277,add_to_cart,,,
2025-10-31,2025-10,United States,Electronics,Mobile,U00186,S0001277,checkout_started,,,
2025-10-31,2025-10,United States,Electronics,Mobile,U00186,S0001277,purchased,2.0,147.26250767579725,294.53
2025-10-31,2025-10,United States,Electronics,Mobile,U00186,S0001277,viewed,,,
2025-10-31,2025-10,United States,Beauty,Desktop,U00402,S0001398,add_to_cart,,,
2025-10-31,2025-10,United States,Beauty,Desktop,U00402,S0001398,viewed,,,
2025-10-31,2025-10,United States,Electronics,Desktop,U00730,S0001438,add_to_cart,,,
2025-10-31,2025-10,United States,Electronics,Desktop,U00730,S0001438,checkout_started,,,
2025-10-31,2025-10,United States,Electronics,Desktop,U00730,S0001438,purchased,2.0,180.69576598393348,361.39
2025-10-31,2025-10,United States,Electronics,Desktop,U00730,S0001438,viewed,,,
2025-10-31,2025-10,United States,Home,Mobile,U02240,S0001597,viewed,,,
2025-10-31,2025-10,Germany,Electronics,Desktop,U02154,S0001693,viewed,,,
2025-10-31,2025-10,United States,Apparel,Mobile,U00464,S0001723,add_to_cart,,,
2025-10-31,2025-10,United States,Apparel,Mobile,U00464,S0001723,checkout_started,,,
2025-10-31,2025-10,United States,Apparel,Mobile,U00464,S0001723,viewed,,,
2025-10-31,2025-10,United States,Apparel,Tablet,U02112,S0001812,add_to_cart,,,
2025-10-31,2025-10,United States,Apparel,Tablet,U02112,S0001812,checkout_started,,,
2025-10-31,2025-10,United States,Apparel,Tablet,U02112,S0001812,viewed,,,
2025-10-31,2025-10,United States,Beauty,Desktop,U00765,S0001959,add_to_cart,,,
2025-10-31,2025-10,United States,Beauty,Desktop,U00765,S0001959,viewed,,,
2025-10-31,2025-10,Australia,Apparel,Desktop,U00765,S0001981,viewed,,,
2025-10-31,2025-10,Australia,Home,Mobile,U02493,S0002022,add_to_cart,,,
2025-10-31,2025-10,Australia,Home,Mobile,U02493,S0002022,viewed,,,
2025-10-31,2025-10,United States,Home,Mobile,U01567,S0002023,viewed,,,
2025-10-31,2025-10,United States,Beauty,Mobile,U01316,S0002050,viewed,,,
2025-10-31,2025-10,United Kingdom,Beauty,Mobile,U02303,S0002086,viewed,,,
2025-10-31,2025-10,United States,Electronics,Mobile,U00586,S0002088,add_to_cart,,,
2025-10-31,2025-10,United States,Electronics,Mobile,U00586,S0002088,checkout_started,,,
2025-10-31,2025-10,United States,Electronics,Mobile,U00586,S0002088,purchased,1.0,119.1013833753004,119.1
2025-10-31,2025-10,United States,Electronics,Mobile,U00586,S0002088,viewed,,,
2025-10-31,2025-10,Germany,Home,Mobile,U01930,S0002195,add_to_cart,,,
2025-10-31,2025-10,Germany,Home,Mobile,U01930,S0002195,checkout_started,,,
2025-10-31,2025-10,Germany,Home,Mobile,U01930,S0002195,viewed,,,
2025-10-31,2025-10,Australia,Electronics,Mobile,U01671,S0002258,add_to_cart,,,
2025-10-31,2025-10,Australia,Electronics,Mobile,U01671,S0002258,checkout_started,,,
2025-10-31,2025-10,Australia,Electronics,Mobile,U01671,S0002258,purchased,4.0,204.72109537038457,818.88
2025-10-31,2025-10,Australia,Electronics,Mobile,U01671,S0002258,viewed,,,
2025-10-31,2025-10,Australia,Home,Mobile,U02361,S0002324,add_to_cart,,,
2025-10-31,2025-10,Australia,Home,Mobile,U02361,S0002324,viewed,,,
2025-10-31,2025-10,United States,Home,Mobile,U00992,S0002380,viewed,,,
2025-10-31,2025-10,Germany,Home,Desktop,U00124,S0002396,add_to_cart,,,
2025-10-31,2025-10,Germany,Home,Desktop,U00124,S0002396,checkout_started,,,
2025-10-31,2025-10,Germany,Home,Desktop,U00124,S0002396,purchased,4.0,45.23577132203538,180.94
2025-10-31,2025-10,Germany,Home,Desktop,U00124,S0002396,viewed,,,
2025-10-31,2025-10,Germany,Apparel,Mobile,U00924,S0002551,viewed,,,
2025-10-31,2025-10,Germany,Beauty,Mobile,U00845,S0002584,viewed,,,
2025-10-31,2025-10,United Kingdom,Home,Tablet,U00665,S0002619,add_to_cart,,,
2025-10-31,2025-10,United Kingdom,Home,Tablet,U00665,S0002619,checkout_started,,,
2025-10-31,2025-10,United Kingdom,Home,Tablet,U00665,S0002619,viewed,,,
2025-10-31,2025-10,United States,Apparel,Desktop,U00590,S0002771,add_to_cart,,,
2025-10-31,2025-10,United States,Apparel,Desktop,U00590,S0002771,checkout_started,,,
2025-10-31,2025-10,United States,Apparel,Desktop,U00590,S0002771,purchased,1.0,99.29923087400985,99.3
2025-10-31,2025-10,United States,Apparel,Desktop,U00590,S0002771,viewed,,,
2025-10-31,2025-10,Canada,Home,Tablet,U02254,S0002897,add_to_cart,,,
2025-10-31,2025-10,Canada,Home,Tablet,U02254,S0002897,checkout_started,,,
2025-10-31,2025-10,Canada,Home,Tablet,U02254,S0002897,purchased,4.0,40.98664285944271,163.95
2025-10-31,2025-10,Canada,Home,Tablet,U02254,S0002897,viewed,,,
2025-10-31,2025-10,United Kingdom,Apparel,Desktop,U00897,S0002930,viewed,,,
2025-10-31,2025-10,Australia,Apparel,Mobile,U00469,S0003000,viewed,,,
2025-10-31,2025-10,Australia,Sports,Mobile,U00325,S0003273,viewed,,,
2025-10-31,2025-10,Germany,Electronics,Mobile,U00075,S0003409,viewed,,,
2025-10-31,2025-10,Germany,Home,Desktop,U02537,S0003438,add_to_cart,,,
2025-10-31,2025-10,Germany,Home,Desktop,U02537,S0003438,checkout_started,,,
2025-10-31,2025-10,Germany,Home,Desktop,U02537,S0003438,purchased,2.0,107.5122451101858,215.02
2025-10-31,2025-10,Germany,Home,Desktop,U02537,S0003438,viewed,,,
2025-10-31,2025-10,United Kingdom,Apparel,Tablet,U00469,S0003794,add_to_cart,,,
2025-10-31,2025-10,United Kingdom,Apparel,Tablet,U00469,S0003794,viewed,,,
2025-10-31,2025-10,Canada,Beauty,Mobile,U01390,S0003834,add_to_cart,,,
2025-10-31,2025-10,Canada,Beauty,Mobile,U01390,S0003834,checkout_started,,,
2025-10-31,2025-10,Canada,Beauty,Mobile,U01390,S0003834,purchased,2.0,34.34546885623131,68.69
2025-10-31,2025-10,Canada,Beauty,Mobile,U01390,S0003834,viewed,,,
2025-10-31,2025-10,United States,Beauty,Desktop,U01732,S0003929,viewed,,,
2025-10-31,2025-10,United Kingdom,Sports,Desktop,U02299,S0003963,viewed,,,
2025-10-31,2025-10,United States,Apparel,Desktop,U02214,S0004181,viewed,,,
2025-10-31,2025-10,United States,Apparel,Desktop,U02195,S0004302,add_to_cart,,,
2025-10-31,2025-10,United States,Apparel,Desktop,U02195,S0004302,checkout_started,,,
2025-10-31,2025-10,United States,Apparel,Desktop,U02195,S0004302,viewed,,,
2025-10-31,2025-10,United Kingdom,Apparel,Mobile,U00752,S0004321,add_to_cart,,,
2025-10-31,2025-10,United Kingdom,Apparel,Mobile,U00752,S0004321,viewed,,,
2025-10-31,2025-10,United Kingdom,Beauty,Mobile,U02017,S0004400,viewed,,,
2025-10-31,2025-10,United States,Electronics,Desktop,U00151,S0004437,viewed,,,
2025-10-31,2025-10,Australia,Home,Mobile,U01066,S0004460,viewed,,,
2025-10-31,2025-10,United States,Home,Mobile,U02382,S0004464,add_to_cart,,,
2025-10-31,2025-10,United States,Home,Mobile,U02382,S0004464,checkout_started,,,
2025-10-31,2025-10,United States,Home,Mobile,U02382,S0004464,viewed,,,
2025-10-31,2025-10,United States,Electronics,Desktop,U02137,S0004679,add_to_cart,,,
2025-10-31,2025-10,United States,Electronics,Desktop,U02137,S0004679,checkout_started,,,
2025-10-31,2025-10,United States,Electronics,Desktop,U02137,S0004679,purchased,1.0,218.20798653223707,218.21
2025-10-31,2025-10,United States,Electronics,Desktop,U02137,S0004679,viewed,,,
2025-10-31,2025-10,United States,Home,Mobile,U00593,S0004902,add_to_cart,,,
2025-10-31,2025-10,United States,Home,Mobile,U00593,S0004902,viewed,,,
2025-11-01,2025-11,United Kingdom,Beauty,Mobile,U01325,S0000080,add_to_cart,,,
2025-11-01,2025-11,United Kingdom,Beauty,Mobile,U01325,S0000080,checkout_started,,,
2025-11-01,2025-11,United Kingdom,Beauty,Mobile,U01325,S0000080,purchased,3.0,45.34780029897227,136.04
2025-11-01,2025-11,United Kingdom,Beauty,Mobile,U01325,S0000080,viewed,,,
2025-11-01,2025-11,United States,Sports,Mobile,U02470,S0000108,viewed,,,
2025-11-01,2025-11,United States,Electronics,Desktop,U01606,S0000122,add_to_cart,,,
2025-11-01,2025-11,United States,Electronics,Desktop,U01606,S0000122,viewed,,,
2025-11-01,2025-11,Australia,Apparel,Mobile,U00068,S0000162,add_to_cart,,,
2025-11-01,2025-11,Australia,Apparel,Mobile,U00068,S0000162,viewed,,,
2025-11-01,2025-11,United States,Beauty,Desktop,U01451,S0000237,viewed,,,
2025-11-01,2025-11,Australia,Home,Tablet,U02148,S0000283,viewed,,,
2025-11-01,2025-11,United States,Electronics,Desktop,U02368,S0000311,add_to_cart,,,
2025-11-01,2025-11,United States,Electronics,Desktop,U02368,S0000311,viewed,,,
2025-11-01,2025-11,United States,Apparel,Desktop,U02410,S0000312,add_to_cart,,,
2025-11-01,2025-11,United States,Apparel,Desktop,U02410,S0000312,checkout_started,,,
2025-11-01,2025-11,United States,Apparel,Desktop,U02410,S0000312,viewed,,,
2025-11-01,2025-11,Canada,Electronics,Mobile,U00243,S0000479,viewed,,,
2025-11-01,2025-11,United States,Beauty,Mobile,U01958,S0000641,viewed,,,
2025-11-01,2025-11,Australia,Apparel,Desktop,U01448,S0000736,viewed,,,
2025-11-01,2025-11,United States,Home,Mobile,U01023,S0000819,viewed,,,
2025-11-01,2025-11,Germany,Electronics,Mobile,U01831,S0000822,add_to_cart,,,
2025-11-01,2025-11,Germany,Electronics,Mobile,U01831,S0000822,checkout_started,,,
2025-11-01,2025-11,Germany,Electronics,Mobile,U01831,S0000822,viewed,,,
2025-11-01,2025-11,Canada,Apparel,Desktop,U00890,S0000859,add_to_cart,,,
2025-11-01,2025-11,Canada,Apparel,Desktop,U00890,S0000859,checkout_started,,,
2025-11-01,2025-11,Canada,Apparel,Desktop,U00890,S0000859,purchased,2.0,63.65055183248987,127.3
2025-11-01,2025-11,Canada,Apparel,Desktop,U00890,S0000859,viewed,,,
2025-11-01,2025-11,United States,Home,Desktop,U00455,S0001049,add_to_cart,,,
2025-11-01,2025-11,United States,Home,Desktop,U00455,S0001049,checkout_started,,,
2025-11-01,2025-11,United States,Home,Desktop,U00455,S0001049,viewed,,,
2025-11-01,2025-11,Canada,Home,Desktop,U01160,S0001132,viewed,,,
2025-11-01,2025-11,United States,Apparel,Desktop,U00920,S0001306,add_to_cart,,,
2025-11-01,2025-11,United States,Apparel,Desktop,U00920,S0001306,checkout_started,,,
2025-11-01,2025-11,United States,Apparel,Desktop,U00920,S0001306,purchased,2.0,63.48295412671963,126.97
2025-11-01,2025-11,United States,Apparel,Desktop,U00920,S0001306,viewed,,,
2025-11-01,2025-11,United States,Beauty,Mobile,U02535,S0001427,add_to_cart,,,
2025-11-01,2025-11,United States,Beauty,Mobile,U02535,S0001427,checkout_started,,,
2025-11-01,2025-11,United States,Beauty,Mobile,U02535,S0001427,viewed,,,
2025-11-01,2025-11,United States,Electronics,Mobile,U02397,S0001613,viewed,,,
2025-11-01,2025-11,United States,Home,Mobile,U02083,S0001648,add_to_cart,,,
2025-11-01,2025-11,United States,Home,Mobile,U02083,S0001648,viewed,,,
2025-11-01,2025-11,United States,Sports,Desktop,U01072,S0001813,viewed,,,
2025-11-01,2025-11,United States,Apparel,Tablet,U01415,S0002084,add_to_cart,,,
2025-11-01,2025-11,United States,Apparel,Tablet,U01415,S0002084,checkout_started,,,
2025-11-01,2025-11,United States,Apparel,Tablet,U01415,S0002084,viewed,,,
2025-11-01,2025-11,United States,Home,Desktop,U02245,S0002102,add_to_cart,,,
2025-11-01,2025-11,United States,Home,Desktop,U02245,S0002102,checkout_started,,,
2025-11-01,2025-11,United States,Home,Desktop,U02245,S0002102,purchased,2.0,133.14877655094335,266.3
2025-11-01,2025-11,United States,Home,Desktop,U02245,S0002102,viewed,,,
2025-11-01,2025-11,United States,Electronics,Desktop,U01617,S0002242,viewed,,,
2025-11-01,2025-11,United Kingdom,Apparel,Mobile,U01389,S0002280,viewed,,,
2025-11-01,2025-11,United States,Beauty,Desktop,U01278,S0002563,add_to_cart,,,
2025-11-01,2025-11,United States,Beauty,Desktop,U01278,S0002563,checkout_started,,,
2025-11-01,2025-11,United States,Beauty,Desktop,U01278,S0002563,viewed,,,
2025-11-01,2025-11,Germany,Beauty,Desktop,U01637,S0002616,viewed,,,
2025-11-01,2025-11,United States,Sports,Mobile,U01652,S0002659,viewed,,,
2025-11-01,2025-11,Germany,Electronics,Mobile,U01222,S0002722,viewed,,,
2025-11-01,2025-11,Canada,Beauty,Mobile,U01051,S0002877,add_to_cart,,,
2025-11-01,2025-11,Canada,Beauty,Mobile,U01051,S0002877,checkout_started,,,
2025-11-01,2025-11,Canada,Beauty,Mobile,U01051,S0002877,viewed,,,
2025-11-01,2025-11,Canada,Apparel,Mobile,U00235,S0002932,viewed,,,
2025-11-01,2025-11,Germany,Beauty,Desktop,U01862,S0003002,add_to_cart,,,
2025-11-01,2025-11,Germany,Beauty,Desktop,U01862,S0003002,viewed,,,
2025-11-01,2025-11,United States,Sports,Tablet,U02423,S0003159,add_to_cart,,,
2025-11-01,2025-11,United States,Sports,Tablet,U02423,S0003159,checkout_started,,,
2025-11-01,2025-11,United States,Sports,Tablet,U02423,S0003159,purchased,1.0,107.35291779208053,107.35
2025-11-01,2025-11,United States,Sports,Tablet,U02423,S0003159,viewed,,,
2025-11-01,2025-11,United States,Electronics,Mobile,U00558,S0003193,add_to_cart,,,
2025-11-01,2025-11,United States,Electronics,Mobile,U00558,S0003193,viewed,,,
2025-11-01,2025-11,Canada,Sports,Mobile,U02378,S0003375,viewed,,,
2025-11-01,2025-11,United States,Home,Desktop,U00047,S0003655,viewed,,,
2025-11-01,2025-11,United Kingdom,Sports,Mobile,U01861,S0003739,add_to_cart,,,
2025-11-01,2025-11,United Kingdom,Sports,Mobile,U01861,S0003739,viewed,,,
2025-11-01,2025-11,Canada,Beauty,Mobile,U02255,S0003983,viewed,,,
2025-11-01,2025-11,United States,Sports,Tablet,U01176,S0004305,add_to_cart,,,
2025-11-01,2025-11,United States,Sports,Tablet,U01176,S0004305,checkout_started,,,
2025-11-01,2025-11,United States,Sports,Tablet,U01176,S0004305,viewed,,,
2025-11-01,2025-11,Canada,Electronics,Desktop,U02051,S0004359,viewed,,,
2025-11-01,2025-11,Australia,Home,Mobile,U01433,S0004489,viewed,,,
2025-11-01,2025-11,Australia,Apparel,Desktop,U01722,S0004730,add_to_cart,,,
2025-11-01,2025-11,Australia,Apparel,Desktop,U01722,S0004730,checkout_started,,,
2025-11-01,2025-11,Australia,Apparel,Desktop,U01722,S0004730,purchased,4.0,53.53608705592097,214.14
2025-11-01,2025-11,Australia,Apparel,Desktop,U01722,S0004730,viewed,,,
2025-11-01,2025-11,United States,Beauty,Desktop,U01883,S0004876,viewed,,,
2025-11-01,2025-11,United States,Electronics,Mobile,U01371,S0004879,viewed,,,
2025-11-02,2025-11,United States,Sports,Desktop,U00759,S0000049,add_to_cart,,,
2025-11-02,2025-11,United States,Sports,Desktop,U00759,S0000049,viewed,,,
2025-11-02,2025-11,United States,Sports,Mobile,U01641,S0000060,viewed,,,
2025-11-02,2025-11,Canada,Sports,Desktop,U00831,S0000098,add_to_cart,,,
2025-11-02,2025-11,Canada,Sports,Desktop,U00831,S0000098,checkout_started,,,
2025-11-02,2025-11,Canada,Sports,Desktop,U00831,S0000098,purchased,4.0,84.18181228479673,336.73
2025-11-02,2025-11,Canada,Sports,Desktop,U00831,S0000098,viewed,,,
2025-11-02,2025-11,Canada,Sports,Mobile,U01906,S0000191,add_to_cart,,,
2025-11-02,2025-11,Canada,Sports,Mobile,U01906,S0000191,checkout_started,,,
2025-11-02,2025-11,Canada,Sports,Mobile,U01906,S0000191,viewed,,,
2025-11-02,2025-11,Canada,Sports,Desktop,U00156,S0000257,viewed,,,
2025-11-02,2025-11,United States,Sports,Mobile,U00598,S0000416,viewed,,,
2025-11-02,2025-11,United States,Apparel,Desktop,U01960,S0000550,viewed,,,
2025-11-02,2025-11,United Kingdom,Beauty,Tablet,U00712,S0000711,viewed,,,
2025-11-02,2025-11,United Kingdom,Home,Mobile,U00778,S0000813,add_to_cart,,,
2025-11-02,2025-11,United Kingdom,Home,Mobile,U00778,S0000813,checkout_started,,,
2025-11-02,2025-11,United Kingdom,Home,Mobile,U00778,S0000813,purchased,3.0,125.05089842504005,375.15
2025-11-02,2025-11,United Kingdom,Home,Mobile,U00778,S0000813,viewed,,,
2025-11-02,2025-11,United Kingdom,Beauty,Mobile,U00397,S0000827,viewed,,,
2025-11-02,2025-11,Australia,Sports,Mobile,U00335,S0001071,viewed,,,
2025-11-02,2025-11,United States,Electronics,Desktop,U02192,S0001274,add_to_cart,,,
2025-11-02,2025-11,United States,Electronics,Desktop,U02192,S0001274,viewed,,,
2025-11-02,2025-11,Canada,Sports,Tablet,U02232,S0001298,add_to_cart,,,
2025-11-02,2025-11,Canada,Sports,Tablet,U02232,S0001298,checkout_started,,,
2025-11-02,2025-11,Canada,Sports,Tablet,U02232,S0001298,viewed,,,
2025-11-02,2025-11,Germany,Beauty,Desktop,U00143,S0001327,viewed,,,
2025-11-02,2025-11,United States,Beauty,Mobile,U00202,S0001329,viewed,,,
2025-11-02,2025-11,United Kingdom,Electronics,Mobile,U01823,S0001424,viewed,,,
2025-11-02,2025-11,Canada,Home,Mobile,U00097,S0001510,viewed,,,
2025-11-02,2025-11,United States,Sports,Desktop,U00631,S0001668,viewed,,,
2025-11-02,2025-11,United States,Beauty,Mobile,U01533,S0001696,viewed,,,
2025-11-02,2025-11,Australia,Electronics,Mobile,U01366,S0001703,viewed,,,
2025-11-02,2025-11,United Kingdom,Sports,Mobile,U00698,S0001780,viewed,,,
2025-11-02,2025-11,United States,Sports,Desktop,U00569,S0001973,add_to_cart,,,
2025-11-02,2025-11,United States,Sports,Desktop,U00569,S0001973,viewed,,,
2025-11-02,2025-11,United States,Electronics,Mobile,U01584,S0002034,viewed,,,
2025-11-02,2025-11,Canada,Home,Desktop,U02077,S0002112,viewed,,,
2025-11-02,2025-11,United States,Apparel,Mobile,U02011,S0002267,viewed,,,
2025-11-02,2025-11,Australia,Apparel,Desktop,U00296,S0002285,add_to_cart,,,
2025-11-02,2025-11,Australia,Apparel,Desktop,U00296,S0002285,checkout_started,,,
2025-11-02,2025-11,Australia,Apparel,Desktop,U00296,S0002285,purchased,1.0,56.40277483440345,56.4
2025-11-02,2025-11,Australia,Apparel,Desktop,U00296,S0002285,viewed,,,
2025-11-02,2025-11,United States,Electronics,Mobile,U02430,S0002438,add_to_cart,,,
2025-11-02,2025-11,United States,Electronics,Mobile,U02430,S0002438,checkout_started,,,
2025-11-02,2025-11,United States,Electronics,Mobile,U02430,S0002438,viewed,,,
2025-11-02,2025-11,United States,Electronics,Mobile,U01506,S0002468,add_to_cart,,,
2025-11-02,2025-11,United States,Electronics,Mobile,U01506,S0002468,checkout_started,,,
2025-11-02,2025-11,United States,Electronics,Mobile,U01506,S0002468,purchased,3.0,128.72955496065234,386.19
2025-11-02,2025-11,United States,Electronics,Mobile,U01506,S0002468,viewed,,,
2025-11-02,2025-11,United Kingdom,Beauty,Desktop,U01015,S0002632,viewed,,,
2025-11-02,2025-11,Canada,Sports,Desktop,U01371,S0002817,add_to_cart,,,
2025-11-02,2025-11,Canada,Sports,Desktop,U01371,S0002817,checkout_started,,,
2025-11-02,2025-11,Canada,Sports,Desktop,U01371,S0002817,purchased,1.0,77.94407610992434,77.94
2025-11-02,2025-11,Canada,Sports,Desktop,U01371,S0002817,viewed,,,
2025-11-02,2025-11,Germany,Sports,Mobile,U00841,S0003192,add_to_cart,,,
2025-11-02,2025-11,Germany,Sports,Mobile,U00841,S0003192,checkout_started,,,
2025-11-02,2025-11,Germany,Sports,Mobile,U00841,S0003192,purchased,3.0,69.02621150343396,207.08
2025-11-02,2025-11,Germany,Sports,Mobile,U00841,S0003192,viewed,,,
2025-11-02,2025-11,United States,Home,Mobile,U01455,S0003206,viewed,,,
2025-11-02,2025-11,Australia,Apparel,Desktop,U02256,S0003233,viewed,,,
2025-11-02,2025-11,Canada,Sports,Desktop,U00728,S0003390,viewed,,,
2025-11-02,2025-11,Canada,Home,Desktop,U02410,S0003519,viewed,,,
2025-11-02,2025-11,United States,Home,Tablet,U00032,S0003610,viewed,,,
2025-11-02,2025-11,United Kingdom,Apparel,Desktop,U00327,S0003612,add_to_cart,,,
2025-11-02,2025-11,United Kingdom,Apparel,Desktop,U00327,S0003612,checkout_started,,,
2025-11-02,2025-11,United Kingdom,Apparel,Desktop,U00327,S0003612,purchased,1.0,70.6451293827775,70.65
2025-11-02,2025-11,United Kingdom,Apparel,Desktop,U00327,S0003612,viewed,,,
2025-11-02,2025-11,Canada,Apparel,Mobile,U01630,S0003719,add_to_cart,,,
2025-11-02,2025-11,Canada,Apparel,Mobile,U01630,S0003719,viewed,,,
2025-11-02,2025-11,Germany,Apparel,Mobile,U00565,S0003767,viewed,,,
2025-11-02,2025-11,Canada,Beauty,Desktop,U01431,S0003813,add_to_cart,,,
2025-11-02,2025-11,Canada,Beauty,Desktop,U01431,S0003813,checkout_started,,,
2025-11-02,2025-11,Canada,Beauty,Desktop,U01431,S0003813,viewed,,,
2025-11-02,2025-11,United States,Home,Desktop,U01631,S0003829,add_to_cart,,,
2025-11-02,2025-11,United States,Home,Desktop,U01631,S0003829,checkout_started,,,
2025-11-02,2025-11,United States,Home,Desktop,U01631,S0003829,purchased,4.0,96.07156227237842,384.29
2025-11-02,2025-11,United States,Home,Desktop,U01631,S0003829,viewed,,,
2025-11-02,2025-11,Germany,Beauty,Mobile,U02211,S0003984,viewed,,,
2025-11-02,2025-11,United States,Home,Mobile,U02209,S0004166,add_to_cart,,,
2025-11-02,2025-11,United States,Home,Mobile,U02209,S0004166,checkout_started,,,
2025-11-02,2025-11,United States,Home,Mobile,U02209,S0004166,purchased,4.0,99.54770606053921,398.19
2025-11-02,2025-11,United States,Home,Mobile,U02209,S0004166,viewed,,,
2025-11-02,2025-11,United States,Beauty,Mobile,U01747,S0004170,viewed,,,
2025-11-02,2025-11,United States,Apparel,Desktop,U01181,S0004201,viewed,,,
2025-11-02,2025-11,United Kingdom,Electronics,Mobile,U00485,S0004443,add_to_cart,,,
2025-11-02,2025-11,United Kingdom,Electronics,Mobile,U00485,S0004443,checkout_started,,,
2025-11-02,2025-11,United Kingdom,Electronics,Mobile,U00485,S0004443,purchased,4.0,145.16950345349588,580.68
2025-11-02,2025-11,United Kingdom,Electronics,Mobile,U00485,S0004443,viewed,,,
2025-11-02,2025-11,Australia,Apparel,Mobile,U00314,S0004822,add_to_cart,,,
2025-11-02,2025-11,Australia,Apparel,Mobile,U00314,S0004822,checkout_started,,,
2025-11-02,2025-11,Australia,Apparel,Mobile,U00314,S0004822,viewed,,,
2025-11-02,2025-11,United States,Electronics,Desktop,U00414,S0004924,add_to_cart,,,
2025-11-02,2025-11,United States,Electronics,Desktop,U00414,S0004924,viewed,,,
2025-11-02,2025-11,United States,Home,Desktop,U01470,S0004999,add_to_cart,,,
2025-11-02,2025-11,United States,Home,Desktop,U01470,S0004999,viewed,,,
2025-11-03,2025-11,Australia,Electronics,Desktop,U00373,S0000075,add_to_cart,,,
2025-11-03,2025-11,Australia,Electronics,Desktop,U00373,S0000075,checkout_started,,,
2025-11-03,2025-11,Australia,Electronics,Desktop,U00373,S0000075,purchased,3.0,160.5709234736509,481.71
2025-11-03,2025-11,Australia,Electronics,Desktop,U00373,S0000075,viewed,,,
2025-11-03,2025-11,United States,Electronics,Mobile,U02527,S0000422,viewed,,,
2025-11-03,2025-11,Canada,Apparel,Mobile,U00582,S0000587,add_to_cart,,,
2025-11-03,2025-11,Canada,Apparel,Mobile,U00582,S0000587,checkout_started,,,
2025-11-03,2025-11,Canada,Apparel,Mobile,U00582,S0000587,purchased,3.0,56.2374235447495,168.71
2025-11-03,2025-11,Canada,Apparel,Mobile,U00582,S0000587,viewed,,,
2025-11-03,2025-11,Canada,Apparel,Desktop,U01486,S0000615,add_to_cart,,,
2025-11-03,2025-11,Canada,Apparel,Desktop,U01486,S0000615,viewed,,,
2025-11-03,2025-11,United Kingdom,Electronics,Tablet,U01551,S0000636,viewed,,,
2025-11-03,2025-11,United Kingdom,Apparel,Desktop,U01203,S0000666,viewed,,,
2025-11-03,2025-11,Germany,Electronics,Mobile,U01587,S0000788,add_to_cart,,,
2025-11-03,2025-11,Germany,Electronics,Mobile,U01587,S0000788,checkout_started,,,
2025-11-03,2025-11,Germany,Electronics,Mobile,U01587,S0000788,viewed,,,
2025-11-03,2025-11,United Kingdom,Apparel,Mobile,U00664,S0000941,viewed,,,
2025-11-03,2025-11,United States,Apparel,Mobile,U02053,S0001062,viewed,,,
2025-11-03,2025-11,Australia,Electronics,Mobile,U00251,S0001149,viewed,,,
2025-11-03,2025-11,Germany,Apparel,Mobile,U00442,S0001183,viewed,,,
2025-11-03,2025-11,United States,Apparel,Mobile,U01794,S0001547,viewed,,,
2025-11-03,2025-11,United States,Beauty,Desktop,U00161,S0001614,add_to_cart,,,
2025-11-03,2025-11,United States,Beauty,Desktop,U00161,S0001614,checkout_started,,,
2025-11-03,2025-11,United States,Beauty,Desktop,U00161,S0001614,purchased,1.0,33.92490807399207,33.92
2025-11-03,2025-11,United States,Beauty,Desktop,U00161,S0001614,viewed,,,
2025-11-03,2025-11,United Kingdom,Apparel,Tablet,U01256,S0002136,add_to_cart,,,
2025-11-03,2025-11,United Kingdom,Apparel,Tablet,U01256,S0002136,viewed,,,
2025-11-03,2025-11,United States,Sports,Mobile,U01748,S0002256,viewed,,,
2025-11-03,2025-11,Germany,Apparel,Desktop,U00033,S0002517,viewed,,,
2025-11-03,2025-11,Germany,Beauty,Desktop,U01836,S0002718,viewed,,,
2025-11-03,2025-11,United States,Home,Mobile,U01327,S0003268,viewed,,,
2025-11-03,2025-11,Germany,Sports,Mobile,U02350,S0003573,viewed,,,
2025-11-03,2025-11,Canada,Beauty,Mobile,U00563,S0003576,viewed,,,
2025-11-03,2025-11,United States,Beauty,Mobile,U01534,S0003588,viewed,,,
2025-11-03,2025-11,United Kingdom,Sports,Desktop,U00911,S0003608,add_to_cart,,,
2025-11-03,2025-11,United Kingdom,Sports,Desktop,U00911,S0003608,viewed,,,
2025-11-03,2025-11,United States,Electronics,Mobile,U00868,S0003797,viewed,,,
2025-11-03,2025-11,Germany,Electronics,Mobile,U00805,S0003877,viewed,,,
2025-11-03,2025-11,United States,Beauty,Mobile,U00292,S0003976,add_to_cart,,,
2025-11-03,2025-11,United States,Beauty,Mobile,U00292,S0003976,viewed,,,
2025-11-03,2025-11,Germany,Beauty,Desktop,U02065,S0004013,viewed,,,
2025-11-03,2025-11,Germany,Beauty,Mobile,U00836,S0004020,add_to_cart,,,
2025-11-03,2025-11,Germany,Beauty,Mobile,U00836,S0004020,checkout_started,,,
2025-11-03,2025-11,Germany,Beauty,Mobile,U00836,S0004020,purchased,3.0,38.418674141375455,115.26
2025-11-03,2025-11,Germany,Beauty,Mobile,U00836,S0004020,viewed,,,
2025-11-03,2025-11,United States,Beauty,Mobile,U01537,S0004029,viewed,,,
2025-11-03,2025-11,Australia,Sports,Mobile,U01605,S0004037,add_to_cart,,,
2025-11-03,2025-11,Australia,Sports,Mobile,U01605,S0004037,viewed,,,
2025-11-03,2025-11,United States,Home,Mobile,U02325,S0004215,viewed,,,
2025-11-03,2025-11,United Kingdom,Electronics,Desktop,U02392,S0004501,viewed,,,
2025-11-03,2025-11,United States,Sports,Tablet,U02470,S0004571,viewed,,,
2025-11-03,2025-11,United Kingdom,Sports,Mobile,U00607,S0004591,viewed,,,
2025-11-03,2025-11,Australia,Electronics,Mobile,U02149,S0004672,viewed,,,
2025-11-03,2025-11,United States,Electronics,Mobile,U00300,S0004732,viewed,,,
2025-11-03,2025-11,United States,Home,Mobile,U00945,S0004760,viewed,,,
2025-11-03,2025-11,United States,Apparel,Mobile,U02315,S0004805,add_to_cart,,,
2025-11-03,2025-11,United States,Apparel,Mobile,U02315,S0004805,checkout_started,,,
2025-11-03,2025-11,United States,Apparel,Mobile,U02315,S0004805,viewed,,,
2025-11-03,2025-11,United States,Apparel,Mobile,U01261,S0004856,viewed,,,
2025-11-03,2025-11,United Kingdom,Apparel,Mobile,U01636,S0004887,viewed,,,
2025-11-04,2025-11,Canada,Sports,Tablet,U02155,S0000008,viewed,,,
2025-11-04,2025-11,United States,Apparel,Mobile,U01036,S0000043,viewed,,,
2025-11-04,2025-11,United States,Beauty,Desktop,U00883,S0000086,viewed,,,
2025-11-04,2025-11,Germany,Home,Desktop,U00742,S0000110,add_to_cart,,,
2025-11-04,2025-11,Germany,Home,Desktop,U00742,S0000110,checkout_started,,,
2025-11-04,2025-11,Germany,Home,Desktop,U00742,S0000110,viewed,,,
2025-11-04,2025-11,United States,Electronics,Mobile,U00532,S0000175,viewed,,,
2025-11-04,2025-11,United Kingdom,Electronics,Desktop,U02322,S0000184,viewed,,,
2025-11-04,2025-11,United States,Apparel,Desktop,U01735,S0000204,viewed,,,
2025-11-04,2025-11,United States,Apparel,Desktop,U02395,S0000223,add_to_cart,,,
2025-11-04,2025-11,United States,Apparel,Desktop,U02395,S0000223,checkout_started,,,
2025-11-04,2025-11,United States,Apparel,Desktop,U02395,S0000223,viewed,,,
2025-11-04,2025-11,United States,Home,Mobile,U01464,S0000866,add_to_cart,,,
2025-11-04,2025-11,United States,Home,Mobile,U01464,S0000866,viewed,,,
2025-11-04,2025-11,United States,Sports,Tablet,U01850,S0000875,viewed,,,
2025-11-04,2025-11,United States,Beauty,Mobile,U01412,S0000932,viewed,,,
2025-11-04,2025-11,Canada,Home,Mobile,U02056,S0000982,viewed,,,
2025-11-04,2025-11,United States,Sports,Tablet,U01036,S0001041,viewed,,,
2025-11-04,2025-11,United States,Home,Mobile,U00168,S0001064,viewed,,,
2025-11-04,2025-11,United States,Apparel,Desktop,U00218,S0001194,viewed,,,
2025-11-04,2025-11,Canada,Sports,Mobile,U00430,S0001303,viewed,,,
2025-11-04,2025-11,United Kingdom,Electronics,Desktop,U02559,S0001348,viewed,,,
2025-11-04,2025-11,Canada,Home,Desktop,U00345,S0001472,viewed,,,
2025-11-04,2025-11,United States,Beauty,Mobile,U00845,S0001539,add_to_cart,,,
2025-11-04,2025-11,United States,Beauty,Mobile,U00845,S0001539,checkout_started,,,
2025-11-04,2025-11,United States,Beauty,Mobile,U00845,S0001539,purchased,4.0,43.38164851392031,173.53
2025-11-04,2025-11,United States,Beauty,Mobile,U00845,S0001539,viewed,,,
2025-11-04,2025-11,Australia,Home,Mobile,U02487,S0001595,viewed,,,
2025-11-04,2025-11,Germany,Sports,Desktop,U01525,S0001733,viewed,,,
2025-11-04,2025-11,Germany,Apparel,Mobile,U01852,S0002075,viewed,,,
2025-11-04,2025-11,Canada,Home,Desktop,U01337,S0002120,viewed,,,
2025-11-04,2025-11,United States,Home,Desktop,U00468,S0002141,viewed,,,
2025-11-04,2025-11,Germany,Beauty,Tablet,U01098,S0002155,add_to_cart,,,
2025-11-04,2025-11,Germany,Beauty,Tablet,U01098,S0002155,checkout_started,,,
2025-11-04,2025-11,Germany,Beauty,Tablet,U01098,S0002155,viewed,,,
2025-11-04,2025-11,United States,Home,Desktop,U01158,S0002181,viewed,,,
2025-11-04,2025-11,United States,Beauty,Desktop,U02008,S0002211,add_to_cart,,,
2025-11-04,2025-11,United States,Beauty,Desktop,U02008,S0002211,checkout_started,,,
2025-11-04,2025-11,United States,Beauty,Desktop,U02008,S0002211,viewed,,,
2025-11-04,2025-11,Canada,Electronics,Mobile,U00963,S0002375,add_to_cart,,,
2025-11-04,2025-11,Canada,Electronics,Mobile,U00963,S0002375,viewed,,,
2025-11-04,2025-11,United States,Beauty,Mobile,U02230,S0002501,viewed,,,
2025-11-04,2025-11,United States,Electronics,Mobile,U02200,S0002707,viewed,,,
2025-11-04,2025-11,Australia,Electronics,Mobile,U02565,S0002774,add_to_cart,,,
2025-11-04,2025-11,Australia,Electronics,Mobile,U02565,S0002774,checkout_started,,,
2025-11-04,2025-11,Australia,Electronics,Mobile,U02565,S0002774,purchased,2.0,124.03456692349775,248.07
2025-11-04,2025-11,Australia,Electronics,Mobile,U02565,S0002774,viewed,,,
2025-11-04,2025-11,United States,Home,Mobile,U00567,S0002842,viewed,,,
2025-11-04,2025-11,United Kingdom,Home,Desktop,U02457,S0003005,add_to_cart,,,
2025-11-04,2025-11,United Kingdom,Home,Desktop,U02457,S0003005,viewed,,,
2025-11-04,2025-11,United States,Beauty,Mobile,U01420,S0003068,add_to_cart,,,
2025-11-04,2025-11,United States,Beauty,Mobile,U01420,S0003068,viewed,,,
2025-11-04,2025-11,United Kingdom,Home,Mobile,U00466,S0003105,add_to_cart,,,
2025-11-04,2025-11,United Kingdom,Home,Mobile,U00466,S0003105,checkout_started,,,
2025-11-04,2025-11,United Kingdom,Home,Mobile,U00466,S0003105,purchased,2.0,105.45232383357467,210.9
2025-11-04,2025-11,United Kingdom,Home,Mobile,U00466,S0003105,viewed,,,
2025-11-04,2025-11,United States,Apparel,Desktop,U00818,S0003221,add_to_cart,,,
2025-11-04,2025-11,United States,Apparel,Desktop,U00818,S0003221,checkout_started,,,
2025-11-04,2025-11,United States,Apparel,Desktop,U00818,S0003221,viewed,,,
2025-11-04,2025-11,United Kingdom,Apparel,Desktop,U02331,S0003557,viewed,,,
2025-11-04,2025-11,United States,Apparel,Desktop,U01543,S0003933,viewed,,,
2025-11-04,2025-11,United Kingdom,Apparel,Mobile,U02091,S0004454,add_to_cart,,,
2025-11-04,2025-11,United Kingdom,Apparel,Mobile,U02091,S0004454,checkout_started,,,
2025-11-04,2025-11,United Kingdom,Apparel,Mobile,U02091,S0004454,purchased,2.0,18.019425420929423,36.04
2025-11-04,2025-11,United Kingdom,Apparel,Mobile,U02091,S0004454,viewed,,,
2025-11-04,2025-11,Germany,Sports,Mobile,U01367,S0004493,viewed,,,
2025-11-04,2025-11,Canada,Home,Tablet,U01304,S0004522,add_to_cart,,,
2025-11-04,2025-11,Canada,Home,Tablet,U01304,S0004522,viewed,,,
2025-11-04,2025-11,Australia,Apparel,Mobile,U01397,S0004533,viewed,,,
2025-11-04,2025-11,United States,Apparel,Tablet,U00572,S0004567,viewed,,,
2025-11-04,2025-11,Germany,Electronics,Mobile,U01522,S0004568,viewed,,,
2025-11-04,2025-11,Australia,Sports,Desktop,U01141,S0004683,add_to_cart,,,
2025-11-04,2025-11,Australia,Sports,Desktop,U01141,S0004683,checkout_started,,,
2025-11-04,2025-11,Australia,Sports,Desktop,U01141,S0004683,purchased,1.0,96.36854474105579,96.37
2025-11-04,2025-11,Australia,Sports,Desktop,U01141,S0004683,viewed,,,
2025-11-04,2025-11,Germany,Sports,Mobile,U01355,S0004745,add_to_cart,,,
2025-11-04,2025-11,Germany,Sports,Mobile,U01355,S0004745,checkout_started,,,
2025-11-04,2025-11,Germany,Sports,Mobile,U01355,S0004745,viewed,,,
2025-11-04,2025-11,Australia,Home,Desktop,U01641,S0004870,add_to_cart,,,
2025-11-04,2025-11,Australia,Home,Desktop,U01641,S0004870,viewed,,,
2025-11-05,2025-11,United States,Electronics,Mobile,U00521,S0000177,viewed,,,
2025-11-05,2025-11,United States,Home,Mobile,U00375,S0000212,viewed,,,
2025-11-05,2025-11,Canada,Apparel,Desktop,U02237,S0000430,add_to_cart,,,
2025-11-05,2025-11,Canada,Apparel,Desktop,U02237,S0000430,checkout_started,,,
2025-11-05,2025-11,Canada,Apparel,Desktop,U02237,S0000430,purchased,2.0,53.69132506873518,107.38
2025-11-05,2025-11,Canada,Apparel,Desktop,U02237,S0000430,viewed,,,
2025-11-05,2025-11,Australia,Sports,Mobile,U00739,S0000541,add_to_cart,,,
2025-11-05,2025-11,Australia,Sports,Mobile,U00739,S0000541,checkout_started,,,
2025-11-05,2025-11,Australia,Sports,Mobile,U00739,S0000541,purchased,4.0,61.73930737511967,246.96
2025-11-05,2025-11,Australia,Sports,Mobile,U00739,S0000541,viewed,,,
2025-11-05,2025-11,Canada,Home,Desktop,U01088,S0000892,add_to_cart,,,
2025-11-05,2025-11,Canada,Home,Desktop,U01088,S0000892,checkout_started,,,
2025-11-05,2025-11,Canada,Home,Desktop,U01088,S0000892,purchased,1.0,89.73594919228053,89.74
2025-11-05,2025-11,Canada,Home,Desktop,U01088,S0000892,viewed,,,
2025-11-05,2025-11,Germany,Electronics,Mobile,U00385,S0000906,add_to_cart,,,
2025-11-05,2025-11,Germany,Electronics,Mobile,U00385,S0000906,checkout_started,,,
2025-11-05,2025-11,Germany,Electronics,Mobile,U00385,S0000906,purchased,2.0,148.47036825517455,296.94
2025-11-05,2025-11,Germany,Electronics,Mobile,U00385,S0000906,viewed,,,
2025-11-05,2025-11,Canada,Apparel,Desktop,U01541,S0001045,viewed,,,
2025-11-05,2025-11,Canada,Electronics,Mobile,U00784,S0001077,add_to_cart,,,
2025-11-05,2025-11,Canada,Electronics,Mobile,U00784,S0001077,checkout_started,,,
2025-11-05,2025-11,Canada,Electronics,Mobile,U00784,S0001077,purchased,1.0,145.21889261118574,145.22
2025-11-05,2025-11,Canada,Electronics,Mobile,U00784,S0001077,viewed,,,
2025-11-05,2025-11,United Kingdom,Electronics,Desktop,U01609,S0001197,add_to_cart,,,
2025-11-05,2025-11,United Kingdom,Electronics,Desktop,U01609,S0001197,viewed,,,
2025-11-05,2025-11,United Kingdom,Home,Mobile,U00148,S0001276,viewed,,,
2025-11-05,2025-11,Canada,Home,Desktop,U02035,S0001317,add_to_cart,,,
2025-11-05,2025-11,Canada,Home,Desktop,U02035,S0001317,viewed,,,
2025-11-05,2025-11,United States,Electronics,Mobile,U00207,S0001522,viewed,,,
2025-11-05,2025-11,United States,Electronics,Desktop,U00069,S0001600,viewed,,,
2025-11-05,2025-11,United States,Beauty,Mobile,U01765,S0001894,add_to_cart,,,
2025-11-05,2025-11,United States,Beauty,Mobile,U01765,S0001894,viewed,,,
2025-11-05,2025-11,United States,Sports,Mobile,U02424,S0002055,viewed,,,
2025-11-05,2025-11,United States,Sports,Desktop,U01893,S0002245,viewed,,,
2025-11-05,2025-11,Canada,Apparel,Mobile,U00616,S0002295,add_to_cart,,,
2025-11-05,2025-11,Canada,Apparel,Mobile,U00616,S0002295,checkout_started,,,
2025-11-05,2025-11,Canada,Apparel,Mobile,U00616,S0002295,purchased,4.0,64.84969419406221,259.4
2025-11-05,2025-11,Canada,Apparel,Mobile,U00616,S0002295,viewed,,,
2025-11-05,2025-11,Australia,Apparel,Mobile,U00971,S0002353,viewed,,,
2025-11-05,2025-11,Canada,Electronics,Mobile,U01779,S0002408,viewed,,,
2025-11-05,2025-11,United States,Apparel,Mobile,U01419,S0002799,add_to_cart,,,
2025-11-05,2025-11,United States,Apparel,Mobile,U01419,S0002799,checkout_started,,,
2025-11-05,2025-11,United States,Apparel,Mobile,U01419,S0002799,purchased,1.0,82.91526184953773,82.92
2025-11-05,2025-11,United States,Apparel,Mobile,U01419,S0002799,viewed,,,
2025-11-05,2025-11,United States,Apparel,Mobile,U02131,S0002820,viewed,,,
2025-11-05,2025-11,United States,Apparel,Mobile,U01635,S0002941,add_to_cart,,,
2025-11-05,2025-11,United States,Apparel,Mobile,U01635,S0002941,viewed,,,
2025-11-05,2025-11,United States,Electronics,Tablet,U02291,S0002981,viewed,,,
2025-11-05,2025-11,United Kingdom,Electronics,Mobile,U02071,S0003050,add_to_cart,,,
2025-11-05,2025-11,United Kingdom,Electronics,Mobile,U02071,S0003050,viewed,,,
2025-11-05,2025-11,Australia,Home,Desktop,U02007,S0003065,add_to_cart,,,
2025-11-05,2025-11,Australia,Home,Desktop,U02007,S0003065,viewed,,,
2025-11-05,2025-11,United States,Electronics,Tablet,U01917,S0003135,viewed,,,
2025-11-05,2025-11,United States,Beauty,Desktop,U02117,S0003151,add_to_cart,,,
2025-11-05,2025-11,United States,Beauty,Desktop,U02117,S0003151,checkout_started,,,
2025-11-05,2025-11,United States,Beauty,Desktop,U02117,S0003151,purchased,1.0,33.03918617239539,33.04
2025-11-05,2025-11,United States,Beauty,Desktop,U02117,S0003151,viewed,,,
2025-11-05,2025-11,United States,Home,Mobile,U00870,S0003446,viewed,,,
2025-11-05,2025-11,United Kingdom,Sports,Mobile,U01867,S0003490,add_to_cart,,,
2025-11-05,2025-11,United Kingdom,Sports,Mobile,U01867,S0003490,viewed,,,
2025-11-05,2025-11,United Kingdom,Sports,Desktop,U01052,S0003554,add_to_cart,,,
2025-11-05,2025-11,United Kingdom,Sports,Desktop,U01052,S0003554,checkout_started,,,
2025-11-05,2025-11,United Kingdom,Sports,Desktop,U01052,S0003554,purchased,4.0,57.31627902570562,229.27
2025-11-05,2025-11,United Kingdom,Sports,Desktop,U01052,S0003554,viewed,,,
2025-11-05,2025-11,United States,Electronics,Tablet,U02327,S0003681,viewed,,,
2025-11-05,2025-11,United States,Apparel,Mobile,U00359,S0003856,viewed,,,
2025-11-05,2025-11,Canada,Sports,Mobile,U01497,S0003870,viewed,,,
2025-11-05,2025-11,United States,Home,Mobile,U02337,S0003907,viewed,,,
2025-11-05,2025-11,Canada,Beauty,Desktop,U02249,S0003931,viewed,,,
2025-11-05,2025-11,United States,Beauty,Desktop,U02167,S0004157,viewed,,,
2025-11-05,2025-11,United States,Electronics,Desktop,U02459,S0004165,viewed,,,
2025-11-05,2025-11,United States,Beauty,Mobile,U01674,S0004178,viewed,,,
2025-11-05,2025-11,United States,Apparel,Mobile,U00837,S0004212,viewed,,,
2025-11-05,2025-11,United States,Home,Mobile,U02228,S0004214,add_to_cart,,,
2025-11-05,2025-11,United States,Home,Mobile,U02228,S0004214,checkout_started,,,
2025-11-05,2025-11,United States,Home,Mobile,U02228,S0004214,purchased,2.0,75.33405572216259,150.67
2025-11-05,2025-11,United States,Home,Mobile,U02228,S0004214,viewed,,,
2025-11-05,2025-11,Germany,Apparel,Desktop,U01128,S0004287,add_to_cart,,,
2025-11-05,2025-11,Germany,Apparel,Desktop,U01128,S0004287,viewed,,,
2025-11-05,2025-11,Canada,Home,Mobile,U00192,S0004419,viewed,,,
2025-11-05,2025-11,United States,Electronics,Tablet,U02381,S0004519,viewed,,,
2025-11-05,2025-11,United States,Apparel,Mobile,U01217,S0004555,viewed,,,
2025-11-05,2025-11,United States,Apparel,Desktop,U01849,S0004575,add_to_cart,,,
2025-11-05,2025-11,United States,Apparel,Desktop,U01849,S0004575,viewed,,,
2025-11-05,2025-11,Germany,Apparel,Mobile,U00044,S0004584,viewed,,,
2025-11-05,2025-11,Canada,Beauty,Desktop,U00309,S0004695,viewed,,,
2025-11-06,2025-11,United States,Sports,Mobile,U01713,S0000015,add_to_cart,,,
2025-11-06,2025-11,United States,Sports,Mobile,U01713,S0000015,checkout_started,,,
2025-11-06,2025-11,United States,Sports,Mobile,U01713,S0000015,purchased,4.0,40.99325570465312,163.97
2025-11-06,2025-11,United States,Sports,Mobile,U01713,S0000015,viewed,,,
2025-11-06,2025-11,United States,Electronics,Desktop,U00869,S0000174,add_to_cart,,,
2025-11-06,2025-11,United States,Electronics,Desktop,U00869,S0000174,viewed,,,
2025-11-06,2025-11,United States,Beauty,Mobile,U01373,S0000225,viewed,,,
2025-11-06,2025-11,Canada,Home,Desktop,U02238,S0000236,viewed,,,
2025-11-06,2025-11,Australia,Apparel,Mobile,U00276,S0000318,viewed,,,
2025-11-06,2025-11,United States,Apparel,Mobile,U01412,S0000395,viewed,,,
2025-11-06,2025-11,United Kingdom,Sports,Desktop,U02337,S0000461,viewed,,,
2025-11-06,2025-11,Australia,Apparel,Mobile,U00703,S0000676,viewed,,,
2025-11-06,2025-11,Germany,Apparel,Desktop,U00495,S0000681,viewed,,,
2025-11-06,2025-11,United States,Apparel,Tablet,U00197,S0000697,viewed,,,
2025-11-06,2025-11,Australia,Apparel,Mobile,U01205,S0000713,viewed,,,
2025-11-06,2025-11,Canada,Beauty,Mobile,U01361,S0000727,viewed,,,
2025-11-06,2025-11,Canada,Apparel,Mobile,U00063,S0000774,viewed,,,
2025-11-06,2025-11,United States,Apparel,Tablet,U01019,S0000793,viewed,,,
2025-11-06,2025-11,Germany,Home,Tablet,U01311,S0001119,add_to_cart,,,
2025-11-06,2025-11,Germany,Home,Tablet,U01311,S0001119,viewed,,,
2025-11-06,2025-11,Australia,Sports,Desktop,U00372,S0001137,add_to_cart,,,
2025-11-06,2025-11,Australia,Sports,Desktop,U00372,S0001137,checkout_started,,,
2025-11-06,2025-11,Australia,Sports,Desktop,U00372,S0001137,purchased,4.0,110.74197410076461,442.97
2025-11-06,2025-11,Australia,Sports,Desktop,U00372,S0001137,viewed,,,
2025-11-06,2025-11,United States,Apparel,Mobile,U01978,S0001208,viewed,,,
2025-11-06,2025-11,Australia,Sports,Desktop,U01795,S0001332,add_to_cart,,,
2025-11-06,2025-11,Australia,Sports,Desktop,U01795,S0001332,viewed,,,
2025-11-06,2025-11,United States,Apparel,Mobile,U01246,S0001598,viewed,,,
2025-11-06,2025-11,United States,Beauty,Mobile,U00850,S0001641,viewed,,,
2025-11-06,2025-11,Germany,Apparel,Mobile,U00954,S0001670,viewed,,,
2025-11-06,2025-11,United Kingdom,Electronics,Mobile,U01463,S0001675,add_to_cart,,,
2025-11-06,2025-11,United Kingdom,Electronics,Mobile,U01463,S0001675,viewed,,,
2025-11-06,2025-11,United Kingdom,Beauty,Mobile,U01319,S0001750,viewed,,,
2025-11-06,2025-11,Canada,Apparel,Mobile,U00626,S0001785,viewed,,,
2025-11-06,2025-11,United Kingdom,Electronics,Mobile,U01546,S0001879,viewed,,,
2025-11-06,2025-11,United Kingdom,Home,Mobile,U02113,S0001903,viewed,,,
2025-11-06,2025-11,United States,Sports,Mobile,U01771,S0002018,add_to_cart,,,
2025-11-06,2025-11,United States,Sports,Mobile,U01771,S0002018,viewed,,,
2025-11-06,2025-11,United States,Apparel,Desktop,U01207,S0002019,viewed,,,
2025-11-06,2025-11,United States,Beauty,Desktop,U00043,S0002064,add_to_cart,,,
2025-11-06,2025-11,United States,Beauty,Desktop,U00043,S0002064,viewed,,,
2025-11-06,2025-11,United Kingdom,Electronics,Mobile,U00010,S0002067,viewed,,,
2025-11-06,2025-11,United States,Apparel,Tablet,U00835,S0002131,viewed,,,
2025-11-06,2025-11,Canada,Electronics,Mobile,U01081,S0002268,add_to_cart,,,
2025-11-06,2025-11,Canada,Electronics,Mobile,U01081,S0002268,checkout_started,,,
2025-11-06,2025-11,Canada,Electronics,Mobile,U01081,S0002268,purchased,3.0,116.52474721190168,349.57
2025-11-06,2025-11,Canada,Electronics,Mobile,U01081,S0002268,viewed,,,
2025-11-06,2025-11,United Kingdom,Home,Tablet,U01080,S0002598,viewed,,,
2025-11-06,2025-11,United States,Apparel,Mobile,U01930,S0002793,add_to_cart,,,
2025-11-06,2025-11,United States,Apparel,Mobile,U01930,S0002793,checkout_started,,,
2025-11-06,2025-11,United States,Apparel,Mobile,U01930,S0002793,purchased,3.0,67.47111349819998,202.41
2025-11-06,2025-11,United States,Apparel,Mobile,U01930,S0002793,viewed,,,
2025-11-06,2025-11,United States,Sports,Desktop,U01943,S0002855,add_to_cart,,,
2025-11-06,2025-11,United States,Sports,Desktop,U01943,S0002855,checkout_started,,,
2025-11-06,2025-11,United States,Sports,Desktop,U01943,S0002855,purchased,2.0,78.58329902408418,157.17
2025-11-06,2025-11,United States,Sports,Desktop,U01943,S0002855,viewed,,,
2025-11-06,2025-11,Germany,Beauty,Mobile,U00248,S0002859,viewed,,,
2025-11-06,2025-11,United States,Home,Desktop,U01124,S0002938,add_to_cart,,,
2025-11-06,2025-11,United States,Home,Desktop,U01124,S0002938,checkout_started,,,
2025-11-06,2025-11,United States,Home,Desktop,U01124,S0002938,purchased,1.0,127.08505014147917,127.09
2025-11-06,2025-11,United States,Home,Desktop,U01124,S0002938,viewed,,,
2025-11-06,2025-11,United States,Electronics,Mobile,U00024,S0002969,add_to_cart,,,
2025-11-06,2025-11,United States,Electronics,Mobile,U00024,S0002969,checkout_started,,,
2025-11-06,2025-11,United States,Electronics,Mobile,U00024,S0002969,purchased,1.0,70.40479124784514,70.4
2025-11-06,2025-11,United States,Electronics,Mobile,U00024,S0002969,viewed,,,
2025-11-06,2025-11,United Kingdom,Home,Desktop,U01871,S0002985,viewed,,,
2025-11-06,2025-11,United Kingdom,Apparel,Mobile,U01103,S0003047,add_to_cart,,,
2025-11-06,2025-11,United Kingdom,Apparel,Mobile,U01103,S0003047,viewed,,,
2025-11-06,2025-11,United States,Apparel,Mobile,U01718,S0003093,add_to_cart,,,
2025-11-06,2025-11,United States,Apparel,Mobile,U01718,S0003093,checkout_started,,,
2025-11-06,2025-11,United States,Apparel,Mobile,U01718,S0003093,purchased,1.0,53.20284239373236,53.2
2025-11-06,2025-11,United States,Apparel,Mobile,U01718,S0003093,viewed,,,
2025-11-06,2025-11,Germany,Electronics,Mobile,U00267,S0003400,viewed,,,
2025-11-06,2025-11,United States,Electronics,Mobile,U01533,S0003641,add_to_cart,,,
2025-11-06,2025-11,United States,Electronics,Mobile,U01533,S0003641,viewed,,,
2025-11-06,2025-11,United States,Apparel,Desktop,U01342,S0003715,add_to_cart,,,
2025-11-06,2025-11,United States,Apparel,Desktop,U01342,S0003715,viewed,,,
2025-11-06,2025-11,United States,Apparel,Desktop,U01553,S0003731,add_to_cart,,,
2025-11-06,2025-11,United States,Apparel,Desktop,U01553,S0003731,checkout_started,,,
2025-11-06,2025-11,United States,Apparel,Desktop,U01553,S0003731,purchased,4.0,83.34124167578075,333.36
2025-11-06,2025-11,United States,Apparel,Desktop,U01553,S0003731,viewed,,,
2025-11-06,2025-11,United States,Beauty,Desktop,U00037,S0003836,viewed,,,
2025-11-06,2025-11,United States,Beauty,Mobile,U02328,S0003939,viewed,,,
2025-11-06,2025-11,United States,Sports,Tablet,U00960,S0003953,viewed,,,
2025-11-06,2025-11,Canada,Apparel,Mobile,U01683,S0004121,add_to_cart,,,
2025-11-06,2025-11,Canada,Apparel,Mobile,U01683,S0004121,checkout_started,,,
2025-11-06,2025-11,Canada,Apparel,Mobile,U01683,S0004121,purchased,2.0,33.06847724832114,66.14
2025-11-06,2025-11,Canada,Apparel,Mobile,U01683,S0004121,viewed,,,
2025-11-06,2025-11,United States,Apparel,Desktop,U01303,S0004141,viewed,,,
2025-11-06,2025-11,United States,Apparel,Desktop,U01890,S0004386,add_to_cart,,,
2025-11-06,2025-11,United States,Apparel,Desktop,U01890,S0004386,viewed,,,
2025-11-06,2025-11,Australia,Beauty,Mobile,U00225,S0004414,viewed,,,
2025-11-06,2025-11,United States,Sports,Desktop,U01223,S0004421,viewed,,,
2025-11-06,2025-11,United States,Sports,Mobile,U00558,S0004538,viewed,,,
2025-11-06,2025-11,United States,Sports,Mobile,U00715,S0004686,viewed,,,
2025-11-06,2025-11,United States,Sports,Mobile,U01027,S0004690,viewed,,,
2025-11-06,2025-11,United Kingdom,Beauty,Desktop,U00888,S0004852,viewed,,,
2025-11-06,2025-11,Australia,Electronics,Tablet,U01637,S0004864,viewed,,,
2025-11-06,2025-11,United States,Home,Mobile,U01928,S0004904,viewed,,,
2025-11-06,2025-11,Australia,Apparel,Tablet,U01491,S0004941,viewed,,,
2025-11-06,2025-11,United States,Home,Desktop,U00824,S0004946,add_to_cart,,,
2025-11-06,2025-11,United States,Home,Desktop,U00824,S0004946,viewed,,,
2025-11-07,2025-11,United States,Electronics,Desktop,U01557,S0000013,add_to_cart,,,
2025-11-07,2025-11,United States,Electronics,Desktop,U01557,S0000013,viewed,,,
2025-11-07,2025-11,United States,Beauty,Mobile,U02089,S0000215,viewed,,,
2025-11-07,2025-11,United States,Home,Desktop,U01397,S0000317,viewed,,,
2025-11-07,2025-11,United States,Apparel,Tablet,U00444,S0000377,viewed,,,
2025-11-07,2025-11,United States,Apparel,Desktop,U00589,S0000432,viewed,,,
2025-11-07,2025-11,Canada,Electronics,Mobile,U01543,S0000471,viewed,,,
2025-11-07,2025-11,United States,Home,Desktop,U00264,S0000557,add_to_cart,,,
2025-11-07,2025-11,United States,Home,Desktop,U00264,S0000557,viewed,,,
2025-11-07,2025-11,Germany,Sports,Desktop,U00026,S0000603,add_to_cart,,,
2025-11-07,2025-11,Germany,Sports,Desktop,U00026,S0000603,viewed,,,
2025-11-07,2025-11,United States,Electronics,Desktop,U01238,S0000631,add_to_cart,,,
2025-11-07,2025-11,United States,Electronics,Desktop,U01238,S0000631,checkout_started,,,
2025-11-07,2025-11,United States,Electronics,Desktop,U01238,S0000631,viewed,,,
2025-11-07,2025-11,United States,Beauty,Desktop,U00577,S0000662,add_to_cart,,,
2025-11-07,2025-11,United States,Beauty,Desktop,U00577,S0000662,viewed,,,
2025-11-07,2025-11,United States,Apparel,Mobile,U02170,S0000731,viewed,,,
2025-11-07,2025-11,Canada,Home,Mobile,U00780,S0000737,viewed,,,
2025-11-07,2025-11,Australia,Beauty,Mobile,U00584,S0000739,viewed,,,
2025-11-07,2025-11,United States,Beauty,Mobile,U00859,S0000757,viewed,,,
2025-11-07,2025-11,United States,Sports,Mobile,U00003,S0000760,add_to_cart,,,
2025-11-07,2025-11,United States,Sports,Mobile,U00003,S0000760,viewed,,,
2025-11-07,2025-11,United States,Apparel,Desktop,U00799,S0000805,add_to_cart,,,
2025-11-07,2025-11,United States,Apparel,Desktop,U00799,S0000805,checkout_started,,,
2025-11-07,2025-11,United States,Apparel,Desktop,U00799,S0000805,purchased,4.0,41.72873915692104,166.91
2025-11-07,2025-11,United States,Apparel,Desktop,U00799,S0000805,viewed,,,
2025-11-07,2025-11,United States,Electronics,Desktop,U02118,S0000886,add_to_cart,,,
2025-11-07,2025-11,United States,Electronics,Desktop,U02118,S0000886,checkout_started,,,
2025-11-07,2025-11,United States,Electronics,Desktop,U02118,S0000886,purchased,4.0,179.90049047799022,719.6
2025-11-07,2025-11,United States,Electronics,Desktop,U02118,S0000886,viewed,,,
2025-11-07,2025-11,United States,Electronics,Mobile,U02156,S0001002,viewed,,,
2025-11-07,2025-11,United Kingdom,Home,Mobile,U00182,S0001009,viewed,,,
2025-11-07,2025-11,United States,Sports,Mobile,U02000,S0001033,add_to_cart,,,
2025-11-07,2025-11,United States,Sports,Mobile,U02000,S0001033,viewed,,,
2025-11-07,2025-11,United Kingdom,Home,Mobile,U00486,S0001218,viewed,,,
2025-11-07,2025-11,United States,Sports,Desktop,U01644,S0001232,add_to_cart,,,
2025-11-07,2025-11,United States,Sports,Desktop,U01644,S0001232,checkout_started,,,
2025-11-07,2025-11,United States,Sports,Desktop,U01644,S0001232,viewed,,,
2025-11-07,2025-11,United States,Home,Tablet,U01243,S0001349,viewed,,,
2025-11-07,2025-11,Canada,Home,Desktop,U00080,S0001573,viewed,,,
2025-11-07,2025-11,United States,Home,Desktop,U00027,S0001591,add_to_cart,,,
2025-11-07,2025-11,United States,Home,Desktop,U00027,S0001591,checkout_started,,,
2025-11-07,2025-11,United States,Home,Desktop,U00027,S0001591,viewed,,,
2025-11-07,2025-11,United States,Electronics,Mobile,U02450,S0001602,viewed,,,
2025-11-07,2025-11,Canada,Home,Mobile,U01457,S0001714,add_to_cart,,,
2025-11-07,2025-11,Canada,Home,Mobile,U01457,S0001714,viewed,,,
2025-11-07,2025-11,United States,Home,Mobile,U00900,S0001724,viewed,,,
2025-11-07,2025-11,United States,Apparel,Desktop,U02136,S0001860,viewed,,,
2025-11-07,2025-11,Germany,Home,Desktop,U00984,S0002057,viewed,,,
2025-11-07,2025-11,United States,Sports,Tablet,U02177,S0002058,viewed,,,
2025-11-07,2025-11,United Kingdom,Apparel,Mobile,U01162,S0002087,viewed,,,
2025-11-07,2025-11,United States,Sports,Desktop,U01588,S0002344,viewed,,,
2025-11-07,2025-11,United Kingdom,Apparel,Mobile,U01118,S0002400,add_to_cart,,,
2025-11-07,2025-11,United Kingdom,Apparel,Mobile,U01118,S0002400,viewed,,,
2025-11-07,2025-11,United States,Apparel,Desktop,U00507,S0002573,add_to_cart,,,
2025-11-07,2025-11,United States,Apparel,Desktop,U00507,S0002573,checkout_started,,,
2025-11-07,2025-11,United States,Apparel,Desktop,U00507,S0002573,viewed,,,
2025-11-07,2025-11,United States,Home,Mobile,U02312,S0002691,viewed,,,
2025-11-07,2025-11,United States,Home,Desktop,U01153,S0002709,add_to_cart,,,
2025-11-07,2025-11,United States,Home,Desktop,U01153,S0002709,checkout_started,,,
2025-11-07,2025-11,United States,Home,Desktop,U01153,S0002709,viewed,,,
2025-11-07,2025-11,United States,Apparel,Mobile,U00137,S0002965,viewed,,,
2025-11-07,2025-11,United States,Home,Mobile,U01288,S0003014,viewed,,,
2025-11-07,2025-11,Canada,Electronics,Mobile,U00659,S0003031,viewed,,,
2025-11-07,2025-11,Australia,Electronics,Mobile,U00883,S0003229,viewed,,,
2025-11-07,2025-11,Australia,Home,Mobile,U01548,S0003245,add_to_cart,,,
2025-11-07,2025-11,Australia,Home,Mobile,U01548,S0003245,checkout_started,,,
2025-11-07,2025-11,Australia,Home,Mobile,U01548,S0003245,purchased,3.0,98.42173590512986,295.27
2025-11-07,2025-11,Australia,Home,Mobile,U01548,S0003245,viewed,,,
2025-11-07,2025-11,Australia,Apparel,Mobile,U00368,S0003267,viewed,,,
2025-11-07,2025-11,United States,Apparel,Mobile,U02069,S0003280,add_to_cart,,,
2025-11-07,2025-11,United States,Apparel,Mobile,U02069,S0003280,viewed,,,
2025-11-07,2025-11,United States,Beauty,Mobile,U01590,S0003354,add_to_cart,,,
2025-11-07,2025-11,United States,Beauty,Mobile,U01590,S0003354,viewed,,,
2025-11-07,2025-11,Canada,Beauty,Mobile,U02173,S0003388,add_to_cart,,,
2025-11-07,2025-11,Canada,Beauty,Mobile,U02173,S0003388,checkout_started,,,
2025-11-07,2025-11,Canada,Beauty,Mobile,U02173,S0003388,viewed,,,
2025-11-07,2025-11,United States,Electronics,Desktop,U01265,S0003473,viewed,,,
2025-11-07,2025-11,United States,Electronics,Desktop,U01318,S0003541,viewed,,,
2025-11-07,2025-11,Canada,Home,Mobile,U00524,S0003650,add_to_cart,,,
2025-11-07,2025-11,Canada,Home,Mobile,U00524,S0003650,checkout_started,,,
2025-11-07,2025-11,Canada,Home,Mobile,U00524,S0003650,viewed,,,
2025-11-07,2025-11,United Kingdom,Electronics,Desktop,U02110,S0003680,add_to_cart,,,
2025-11-07,2025-11,United Kingdom,Electronics,Desktop,U02110,S0003680,checkout_started,,,
2025-11-07,2025-11,United Kingdom,Electronics,Desktop,U02110,S0003680,purchased,1.0,163.08899887898517,163.09
2025-11-07,2025-11,United Kingdom,Electronics,Desktop,U02110,S0003680,viewed,,,
2025-11-07,2025-11,United States,Apparel,Mobile,U00662,S0003851,add_to_cart,,,
2025-11-07,2025-11,United States,Apparel,Mobile,U00662,S0003851,checkout_started,,,
2025-11-07,2025-11,United States,Apparel,Mobile,U00662,S0003851,viewed,,,
2025-11-07,2025-11,Australia,Apparel,Desktop,U00431,S0003934,viewed,,,
2025-11-07,2025-11,United Kingdom,Beauty,Desktop,U01684,S0003946,add_to_cart,,,
2025-11-07,2025-11,United Kingdom,Beauty,Desktop,U01684,S0003946,checkout_started,,,
2025-11-07,2025-11,United Kingdom,Beauty,Desktop,U01684,S0003946,viewed,,,
2025-11-07,2025-11,Canada,Home,Mobile,U02154,S0003958,viewed,,,
2025-11-07,2025-11,Australia,Home,Desktop,U00236,S0003999,add_to_cart,,,
2025-11-07,2025-11,Australia,Home,Desktop,U00236,S0003999,checkout_started,,,
2025-11-07,2025-11,Australia,Home,Desktop,U00236,S0003999,viewed,,,
2025-11-07,2025-11,United Kingdom,Apparel,Desktop,U01305,S0004069,add_to_cart,,,
2025-11-07,2025-11,United Kingdom,Apparel,Desktop,U01305,S0004069,viewed,,,
2025-11-07,2025-11,United Kingdom,Apparel,Desktop,U01364,S0004091,add_to_cart,,,
2025-11-07,2025-11,United Kingdom,Apparel,Desktop,U01364,S0004091,viewed,,,
2025-11-07,2025-11,United States,Beauty,Desktop,U02554,S0004133,viewed,,,
2025-11-07,2025-11,United States,Apparel,Mobile,U02547,S0004279,viewed,,,
2025-11-07,2025-11,United Kingdom,Apparel,Mobile,U01940,S0004445,viewed,,,
2025-11-07,2025-11,Canada,Sports,Mobile,U00488,S0004594,viewed,,,
2025-11-07,2025-11,Canada,Beauty,Mobile,U01971,S0004600,viewed,,,
2025-11-07,2025-11,Australia,Electronics,Desktop,U00459,S0004669,viewed,,,
2025-11-07,2025-11,United States,Electronics,Mobile,U00193,S0004705,viewed,,,
2025-11-07,2025-11,United Kingdom,Electronics,Mobile,U00025,S0004932,viewed,,,
2025-11-08,2025-11,Canada,Beauty,Desktop,U00663,S0000059,viewed,,,
2025-11-08,2025-11,United States,Apparel,Tablet,U01612,S0000062,add_to_cart,,,
2025-11-08,2025-11,United States,Apparel,Tablet,U01612,S0000062,viewed,,,
2025-11-08,2025-11,Germany,Beauty,Mobile,U00888,S0000360,viewed,,,
2025-11-08,2025-11,United Kingdom,Home,Mobile,U00664,S0000378,viewed,,,
2025-11-08,2025-11,Canada,Beauty,Mobile,U00466,S0000391,viewed,,,
2025-11-08,2025-11,United States,Electronics,Desktop,U01839,S0000463,viewed,,,
2025-11-08,2025-11,Canada,Beauty,Desktop,U02073,S0000512,add_to_cart,,,
2025-11-08,2025-11,Canada,Beauty,Desktop,U02073,S0000512,checkout_started,,,
2025-11-08,2025-11,Canada,Beauty,Desktop,U02073,S0000512,purchased,3.0,24.59564467012513,73.79
2025-11-08,2025-11,Canada,Beauty,Desktop,U02073,S0000512,viewed,,,
2025-11-08,2025-11,United States,Apparel,Tablet,U00636,S0000878,viewed,,,
2025-11-08,2025-11,United States,Beauty,Desktop,U01400,S0000895,viewed,,,
2025-11-08,2025-11,Germany,Sports,Desktop,U00238,S0001036,add_to_cart,,,
2025-11-08,2025-11,Germany,Sports,Desktop,U00238,S0001036,checkout_started,,,
2025-11-08,2025-11,Germany,Sports,Desktop,U00238,S0001036,purchased,1.0,87.84285508115563,87.84
2025-11-08,2025-11,Germany,Sports,Desktop,U00238,S0001036,viewed,,,
2025-11-08,2025-11,United States,Apparel,Mobile,U00171,S0001139,add_to_cart,,,
2025-11-08,2025-11,United States,Apparel,Mobile,U00171,S0001139,checkout_started,,,
2025-11-08,2025-11,United States,Apparel,Mobile,U00171,S0001139,purchased,4.0,8.0,32.0
2025-11-08,2025-11,United States,Apparel,Mobile,U00171,S0001139,viewed,,,
2025-11-08,2025-11,United States,Beauty,Mobile,U00415,S0001234,viewed,,,
2025-11-08,2025-11,United Kingdom,Electronics,Tablet,U00042,S0001281,viewed,,,
2025-11-08,2025-11,United States,Apparel,Desktop,U00789,S0001282,viewed,,,
2025-11-08,2025-11,United States,Home,Tablet,U01443,S0001394,add_to_cart,,,
2025-11-08,2025-11,United States,Home,Tablet,U01443,S0001394,checkout_started,,,
2025-11-08,2025-11,United States,Home,Tablet,U01443,S0001394,purchased,1.0,78.84322394319534,78.84
2025-11-08,2025-11,United States,Home,Tablet,U01443,S0001394,viewed,,,
2025-11-08,2025-11,United Kingdom,Beauty,Mobile,U00489,S0001449,viewed,,,
2025-11-08,2025-11,United States,Apparel,Mobile,U00229,S0001513,viewed,,,
2025-11-08,2025-11,United States,Apparel,Desktop,U00827,S0001722,viewed,,,
2025-11-08,2025-11,United States,Home,Desktop,U02321,S0001742,viewed,,,
2025-11-08,2025-11,Canada,Home,Desktop,U00711,S0001845,viewed,,,
2025-11-08,2025-11,United States,Sports,Desktop,U01891,S0001861,viewed,,,
2025-11-08,2025-11,Canada,Home,Tablet,U02439,S0001899,viewed,,,
2025-11-08,2025-11,Canada,Electronics,Desktop,U02179,S0001966,add_to_cart,,,
2025-11-08,2025-11,Canada,Electronics,Desktop,U02179,S0001966,checkout_started,,,
2025-11-08,2025-11,Canada,Electronics,Desktop,U02179,S0001966,purchased,4.0,157.82103943484339,631.28
2025-11-08,2025-11,Canada,Electronics,Desktop,U02179,S0001966,viewed,,,
2025-11-08,2025-11,United States,Sports,Mobile,U01585,S0002043,add_to_cart,,,
2025-11-08,2025-11,United States,Sports,Mobile,U01585,S0002043,checkout_started,,,
2025-11-08,2025-11,United States,Sports,Mobile,U01585,S0002043,viewed,,,
2025-11-08,2025-11,United States,Electronics,Mobile,U02257,S0002044,add_to_cart,,,
2025-11-08,2025-11,United States,Electronics,Mobile,U02257,S0002044,checkout_started,,,
2025-11-08,2025-11,United States,Electronics,Mobile,U02257,S0002044,viewed,,,
2025-11-08,2025-11,Germany,Apparel,Mobile,U01394,S0002115,viewed,,,
2025-11-08,2025-11,United States,Sports,Mobile,U00198,S0002125,viewed,,,
2025-11-08,2025-11,Canada,Beauty,Desktop,U02082,S0002172,viewed,,,
2025-11-08,2025-11,United States,Apparel,Mobile,U00910,S0002294,viewed,,,
2025-11-08,2025-11,United Kingdom,Home,Mobile,U01240,S0002325,viewed,,,
2025-11-08,2025-11,United States,Apparel,Mobile,U00228,S0002403,viewed,,,
2025-11-08,2025-11,Australia,Beauty,Mobile,U01783,S0002638,viewed,,,
2025-11-08,2025-11,Australia,Sports,Mobile,U02184,S0002987,add_to_cart,,,
2025-11-08,2025-11,Australia,Sports,Mobile,U02184,S0002987,checkout_started,,,
2025-11-08,2025-11,Australia,Sports,Mobile,U02184,S0002987,viewed,,,
2025-11-08,2025-11,Canada,Electronics,Mobile,U01592,S0003020,add_to_cart,,,
2025-11-08,2025-11,Canada,Electronics,Mobile,U01592,S0003020,checkout_started,,,
2025-11-08,2025-11,Canada,Electronics,Mobile,U01592,S0003020,purchased,4.0,145.92237311615455,583.69
2025-11-08,2025-11,Canada,Electronics,Mobile,U01592,S0003020,viewed,,,
2025-11-08,2025-11,United Kingdom,Apparel,Mobile,U00112,S0003028,viewed,,,
2025-11-08,2025-11,United States,Sports,Desktop,U02201,S0003076,viewed,,,
2025-11-08,2025-11,United Kingdom,Electronics,Tablet,U00278,S0003167,add_to_cart,,,
2025-11-08,2025-11,United Kingdom,Electronics,Tablet,U00278,S0003167,checkout_started,,,
2025-11-08,2025-11,United Kingdom,Electronics,Tablet,U00278,S0003167,purchased,1.0,209.301867352716,209.3
2025-11-08,2025-11,United Kingdom,Electronics,Tablet,U00278,S0003167,viewed,,,
2025-11-08,2025-11,United States,Electronics,Mobile,U01938,S0003183,add_to_cart,,,
2025-11-08,2025-11,United States,Electronics,Mobile,U01938,S0003183,checkout_started,,,
2025-11-08,2025-11,United States,Electronics,Mobile,U01938,S0003183,purchased,3.0,189.36216239482815,568.09
2025-11-08,2025-11,United States,Electronics,Mobile,U01938,S0003183,viewed,,,
2025-11-08,2025-11,Australia,Home,Mobile,U00386,S0003195,add_to_cart,,,
2025-11-08,2025-11,Australia,Home,Mobile,U00386,S0003195,viewed,,,
2025-11-08,2025-11,United States,Electronics,Mobile,U00397,S0003252,viewed,,,
2025-11-08,2025-11,Germany,Electronics,Desktop,U02032,S0003263,add_to_cart,,,
2025-11-08,2025-11,Germany,Electronics,Desktop,U02032,S0003263,checkout_started,,,
2025-11-08,2025-11,Germany,Electronics,Desktop,U02032,S0003263,purchased,1.0,131.28677460870523,131.29
2025-11-08,2025-11,Germany,Electronics,Desktop,U02032,S0003263,viewed,,,
2025-11-08,2025-11,Australia,Electronics,Desktop,U01887,S0003362,viewed,,,
2025-11-08,2025-11,Australia,Home,Mobile,U01818,S0003366,viewed,,,
2025-11-08,2025-11,United States,Electronics,Mobile,U01904,S0003466,viewed,,,
2025-11-08,2025-11,Germany,Beauty,Desktop,U00447,S0003472,add_to_cart,,,
2025-11-08,2025-11,Germany,Beauty,Desktop,U00447,S0003472,checkout_started,,,
2025-11-08,2025-11,Germany,Beauty,Desktop,U00447,S0003472,purchased,3.0,24.265062047316004,72.8
2025-11-08,2025-11,Germany,Beauty,Desktop,U00447,S0003472,viewed,,,
2025-11-08,2025-11,Germany,Home,Desktop,U02221,S0003494,viewed,,,
2025-11-08,2025-11,United States,Apparel,Mobile,U00673,S0003626,viewed,,,
2025-11-08,2025-11,Australia,Home,Desktop,U01226,S0003768,add_to_cart,,,
2025-11-08,2025-11,Australia,Home,Desktop,U01226,S0003768,checkout_started,,,
2025-11-08,2025-11,Australia,Home,Desktop,U01226,S0003768,purchased,1.0,88.58175268612207,88.58
2025-11-08,2025-11,Australia,Home,Desktop,U01226,S0003768,viewed,,,
2025-11-08,2025-11,Germany,Sports,Tablet,U00921,S0003849,viewed,,,
2025-11-08,2025-11,United States,Apparel,Mobile,U00455,S0003930,viewed,,,
2025-11-08,2025-11,Canada,Beauty,Mobile,U02259,S0004193,add_to_cart,,,
2025-11-08,2025-11,Canada,Beauty,Mobile,U02259,S0004193,checkout_started,,,
2025-11-08,2025-11,Canada,Beauty,Mobile,U02259,S0004193,purchased,4.0,42.580859110472915,170.32
2025-11-08,2025-11,Canada,Beauty,Mobile,U02259,S0004193,viewed,,,
2025-11-08,2025-11,Australia,Sports,Mobile,U01620,S0004202,viewed,,,
2025-11-08,2025-11,Germany,Home,Mobile,U01771,S0004307,add_to_cart,,,
2025-11-08,2025-11,Germany,Home,Mobile,U01771,S0004307,checkout_started,,,
2025-11-08,2025-11,Germany,Home,Mobile,U01771,S0004307,purchased,2.0,86.75137973881722,173.5
2025-11-08,2025-11,Germany,Home,Mobile,U01771,S0004307,viewed,,,
2025-11-08,2025-11,Canada,Home,Desktop,U01802,S0004339,viewed,,,
2025-11-08,2025-11,United States,Sports,Mobile,U02364,S0004470,viewed,,,
2025-11-08,2025-11,United States,Home,Desktop,U00977,S0004647,add_to_cart,,,
2025-11-08,2025-11,United States,Home,Desktop,U00977,S0004647,checkout_started,,,
2025-11-08,2025-11,United States,Home,Desktop,U00977,S0004647,purchased,1.0,93.32128021586256,93.32
2025-11-08,2025-11,United States,Home,Desktop,U00977,S0004647,viewed,,,
2025-11-08,2025-11,Canada,Home,Mobile,U01024,S0004778,viewed,,,
2025-11-08,2025-11,Australia,Electronics,Desktop,U01333,S0004815,viewed,,,
2025-11-08,2025-11,United States,Apparel,Mobile,U02591,S0004997,viewed,,,
2025-11-09,2025-11,United States,Apparel,Desktop,U00425,S0000042,add_to_cart,,,
2025-11-09,2025-11,United States,Apparel,Desktop,U00425,S0000042,checkout_started,,,
2025-11-09,2025-11,United States,Apparel,Desktop,U00425,S0000042,purchased,3.0,45.71753167020587,137.15
2025-11-09,2025-11,United States,Apparel,Desktop,U00425,S0000042,viewed,,,
2025-11-09,2025-11,United States,Electronics,Desktop,U01129,S0000051,add_to_cart,,,
2025-11-09,2025-11,United States,Electronics,Desktop,U01129,S0000051,checkout_started,,,
2025-11-09,2025-11,United States,Electronics,Desktop,U01129,S0000051,purchased,4.0,113.52379890054513,454.1
2025-11-09,2025-11,United States,Electronics,Desktop,U01129,S0000051,viewed,,,
2025-11-09,2025-11,United States,Home,Mobile,U00514,S0000234,viewed,,,
2025-11-09,2025-11,United States,Electronics,Desktop,U01519,S0000247,add_to_cart,,,
2025-11-09,2025-11,United States,Electronics,Desktop,U01519,S0000247,viewed,,,
2025-11-09,2025-11,United States,Sports,Desktop,U00460,S0000493,add_to_cart,,,
2025-11-09,2025-11,United States,Sports,Desktop,U00460,S0000493,viewed,,,
2025-11-09,2025-11,United States,Electronics,Mobile,U00969,S0001065,add_to_cart,,,
2025-11-09,2025-11,United States,Electronics,Mobile,U00969,S0001065,checkout_started,,,
2025-11-09,2025-11,United States,Electronics,Mobile,U00969,S0001065,purchased,1.0,136.08797838764295,136.09
2025-11-09,2025-11,United States,Electronics,Mobile,U00969,S0001065,viewed,,,
2025-11-09,2025-11,United States,Sports,Mobile,U01865,S0001073,viewed,,,
2025-11-09,2025-11,Canada,Apparel,Mobile,U02388,S0001098,viewed,,,
2025-11-09,2025-11,United States,Apparel,Mobile,U00876,S0001301,add_to_cart,,,
2025-11-09,2025-11,United States,Apparel,Mobile,U00876,S0001301,checkout_started,,,
2025-11-09,2025-11,United States,Apparel,Mobile,U00876,S0001301,purchased,1.0,49.294240270804295,49.29
2025-11-09,2025-11,United States,Apparel,Mobile,U00876,S0001301,viewed,,,
2025-11-09,2025-11,Germany,Home,Mobile,U00373,S0001378,add_to_cart,,,
2025-11-09,2025-11,Germany,Home,Mobile,U00373,S0001378,checkout_started,,,
2025-11-09,2025-11,Germany,Home,Mobile,U00373,S0001378,purchased,1.0,119.60448399256136,119.6
2025-11-09,2025-11,Germany,Home,Mobile,U00373,S0001378,viewed,,,
2025-11-09,2025-11,Germany,Beauty,Desktop,U00208,S0001667,viewed,,,
2025-11-09,2025-11,United States,Beauty,Mobile,U01364,S0001674,add_to_cart,,,
2025-11-09,2025-11,United States,Beauty,Mobile,U01364,S0001674,checkout_started,,,
2025-11-09,2025-11,United States,Beauty,Mobile,U01364,S0001674,purchased,4.0,42.81523679557395,171.26
2025-11-09,2025-11,United States,Beauty,Mobile,U01364,S0001674,viewed,,,
2025-11-09,2025-11,Germany,Electronics,Mobile,U01925,S0001790,viewed,,,
2025-11-09,2025-11,United States,Beauty,Desktop,U00645,S0001868,viewed,,,
2025-11-09,2025-11,United Kingdom,Electronics,Mobile,U00007,S0001984,viewed,,,
2025-11-09,2025-11,Germany,Electronics,Mobile,U01945,S0001995,viewed,,,
2025-11-09,2025-11,United States,Apparel,Mobile,U02078,S0002049,viewed,,,
2025-11-09,2025-11,United States,Sports,Desktop,U00635,S0002099,viewed,,,
2025-11-09,2025-11,United States,Electronics,Mobile,U00899,S0002348,viewed,,,
2025-11-09,2025-11,United States,Apparel,Mobile,U02283,S0002352,viewed,,,
2025-11-09,2025-11,United Kingdom,Apparel,Mobile,U01918,S0002362,viewed,,,
2025-11-09,2025-11,United States,Sports,Desktop,U02575,S0002365,viewed,,,
2025-11-09,2025-11,United States,Home,Desktop,U02255,S0002422,add_to_cart,,,
2025-11-09,2025-11,United States,Home,Desktop,U02255,S0002422,checkout_started,,,
2025-11-09,2025-11,United States,Home,Desktop,U02255,S0002422,purchased,1.0,85.87773170750276,85.88
2025-11-09,2025-11,United States,Home,Desktop,U02255,S0002422,viewed,,,
2025-11-09,2025-11,Canada,Sports,Desktop,U02310,S0002429,viewed,,,
2025-11-09,2025-11,United States,Home,Mobile,U01935,S0002503,add_to_cart,,,
2025-11-09,2025-11,United States,Home,Mobile,U01935,S0002503,checkout_started,,,
2025-11-09,2025-11,United States,Home,Mobile,U01935,S0002503,viewed,,,
2025-11-09,2025-11,United Kingdom,Beauty,Mobile,U00681,S0002514,viewed,,,
2025-11-09,2025-11,Germany,Electronics,Mobile,U00200,S0002605,add_to_cart,,,
2025-11-09,2025-11,Germany,Electronics,Mobile,U00200,S0002605,viewed,,,
2025-11-09,2025-11,Australia,Beauty,Mobile,U00812,S0002606,viewed,,,
2025-11-09,2025-11,Australia,Apparel,Mobile,U02346,S0003048,viewed,,,
2025-11-09,2025-11,Australia,Electronics,Tablet,U01132,S0003053,viewed,,,
2025-11-09,2025-11,Germany,Apparel,Mobile,U00689,S0003096,viewed,,,
2025-11-09,2025-11,Germany,Home,Mobile,U01708,S0003133,viewed,,,
2025-11-09,2025-11,Canada,Electronics,Mobile,U01015,S0003282,viewed,,,
2025-11-09,2025-11,United States,Beauty,Mobile,U02588,S0003346,viewed,,,
2025-11-09,2025-11,Australia,Electronics,Desktop,U02505,S0003457,viewed,,,
2025-11-09,2025-11,United Kingdom,Home,Desktop,U00106,S0003569,add_to_cart,,,
2025-11-09,2025-11,United Kingdom,Home,Desktop,U00106,S0003569,checkout_started,,,
2025-11-09,2025-11,United Kingdom,Home,Desktop,U00106,S0003569,purchased,4.0,58.604758352710576,234.42
2025-11-09,2025-11,United Kingdom,Home,Desktop,U00106,S0003569,viewed,,,
2025-11-09,2025-11,Germany,Apparel,Mobile,U00508,S0003585,add_to_cart,,,
2025-11-09,2025-11,Germany,Apparel,Mobile,U00508,S0003585,viewed,,,
2025-11-09,2025-11,United States,Sports,Mobile,U00467,S0003615,viewed,,,
2025-11-09,2025-11,Canada,Electronics,Mobile,U02430,S0003634,add_to_cart,,,
2025-11-09,2025-11,Canada,Electronics,Mobile,U02430,S0003634,viewed,,,
2025-11-09,2025-11,United States,Electronics,Mobile,U02164,S0003700,add_to_cart,,,
2025-11-09,2025-11,United States,Electronics,Mobile,U02164,S0003700,checkout_started,,,
2025-11-09,2025-11,United States,Electronics,Mobile,U02164,S0003700,purchased,1.0,131.02021557533456,131.02
2025-11-09,2025-11,United States,Electronics,Mobile,U02164,S0003700,viewed,,,
2025-11-09,2025-11,United States,Apparel,Mobile,U00136,S0003708,add_to_cart,,,
2025-11-09,2025-11,United States,Apparel,Mobile,U00136,S0003708,checkout_started,,,
2025-11-09,2025-11,United States,Apparel,Mobile,U00136,S0003708,purchased,2.0,33.63375194062129,67.27
2025-11-09,2025-11,United States,Apparel,Mobile,U00136,S0003708,viewed,,,
2025-11-09,2025-11,United Kingdom,Beauty,Desktop,U01965,S0003723,add_to_cart,,,
2025-11-09,2025-11,United Kingdom,Beauty,Desktop,U01965,S0003723,checkout_started,,,
2025-11-09,2025-11,United Kingdom,Beauty,Desktop,U01965,S0003723,viewed,,,
2025-11-09,2025-11,United States,Electronics,Mobile,U01977,S0003784,viewed,,,
2025-11-09,2025-11,Germany,Beauty,Mobile,U00043,S0003991,viewed,,,
2025-11-09,2025-11,United States,Electronics,Mobile,U00930,S0003992,viewed,,,
2025-11-09,2025-11,United States,Beauty,Desktop,U01413,S0004043,viewed,,,
2025-11-09,2025-11,United States,Home,Mobile,U01590,S0004065,viewed,,,
2025-11-09,2025-11,United Kingdom,Apparel,Mobile,U01673,S0004239,viewed,,,
2025-11-09,2025-11,Germany,Electronics,Mobile,U01163,S0004264,viewed,,,
2025-11-09,2025-11,United States,Sports,Mobile,U00289,S0004315,viewed,,,
2025-11-09,2025-11,United States,Home,Desktop,U01019,S0004337,add_to_cart,,,
2025-11-09,2025-11,United States,Home,Desktop,U01019,S0004337,checkout_started,,,
2025-11-09,2025-11,United States,Home,Desktop,U01019,S0004337,viewed,,,
2025-11-09,2025-11,United States,Home,Desktop,U01713,S0004534,viewed,,,
2025-11-09,2025-11,United States,Apparel,Desktop,U00012,S0004546,viewed,,,
2025-11-09,2025-11,Canada,Electronics,Desktop,U02004,S0004559,viewed,,,
2025-11-09,2025-11,United States,Sports,Desktop,U00543,S0004604,viewed,,,
2025-11-09,2025-11,United States,Beauty,Mobile,U00730,S0004784,add_to_cart,,,
2025-11-09,2025-11,United States,Beauty,Mobile,U00730,S0004784,checkout_started,,,
2025-11-09,2025-11,United States,Beauty,Mobile,U00730,S0004784,viewed,,,
2025-11-09,2025-11,Germany,Beauty,Desktop,U00468,S0004806,viewed,,,
2025-11-09,2025-11,United States,Electronics,Tablet,U01894,S0004845,viewed,,,
2025-11-09,2025-11,United States,Apparel,Mobile,U00746,S0004860,add_to_cart,,,
2025-11-09,2025-11,United States,Apparel,Mobile,U00746,S0004860,checkout_started,,,
2025-11-09,2025-11,United States,Apparel,Mobile,U00746,S0004860,purchased,2.0,22.552564495866754,45.11
2025-11-09,2025-11,United States,Apparel,Mobile,U00746,S0004860,viewed,,,
2025-11-09,2025-11,United States,Beauty,Desktop,U00489,S0004880,add_to_cart,,,
2025-11-09,2025-11,United States,Beauty,Desktop,U00489,S0004880,checkout_started,,,
2025-11-09,2025-11,United States,Beauty,Desktop,U00489,S0004880,purchased,1.0,37.873503798592765,37.87
2025-11-09,2025-11,United States,Beauty,Desktop,U00489,S0004880,viewed,,,
2025-11-09,2025-11,United Kingdom,Electronics,Mobile,U01709,S0004899,viewed,,,
2025-11-10,2025-11,United Kingdom,Electronics,Desktop,U02444,S0000014,viewed,,,
2025-11-10,2025-11,Australia,Electronics,Mobile,U00359,S0000089,viewed,,,
2025-11-10,2025-11,United States,Sports,Mobile,U01343,S0000128,viewed,,,
2025-11-10,2025-11,Germany,Sports,Mobile,U02254,S0000173,viewed,,,
2025-11-10,2025-11,United States,Apparel,Desktop,U01834,S0000207,viewed,,,
2025-11-10,2025-11,United States,Home,Mobile,U00587,S0000320,add_to_cart,,,
2025-11-10,2025-11,United States,Home,Mobile,U00587,S0000320,checkout_started,,,
2025-11-10,2025-11,United States,Home,Mobile,U00587,S0000320,viewed,,,
2025-11-10,2025-11,United Kingdom,Home,Mobile,U00192,S0000423,viewed,,,
2025-11-10,2025-11,United States,Sports,Mobile,U02238,S0000489,viewed,,,
2025-11-10,2025-11,Canada,Apparel,Desktop,U01585,S0000645,viewed,,,
2025-11-10,2025-11,Australia,Beauty,Mobile,U02159,S0000657,viewed,,,
2025-11-10,2025-11,United Kingdom,Electronics,Desktop,U01718,S0000714,viewed,,,
2025-11-10,2025-11,Canada,Beauty,Mobile,U01616,S0000742,viewed,,,
2025-11-10,2025-11,Australia,Beauty,Tablet,U00511,S0000911,add_to_cart,,,
2025-11-10,2025-11,Australia,Beauty,Tablet,U00511,S0000911,viewed,,,
2025-11-10,2025-11,Canada,Home,Mobile,U01220,S0001061,viewed,,,
2025-11-10,2025-11,United States,Sports,Mobile,U01065,S0001134,viewed,,,
2025-11-10,2025-11,United States,Electronics,Mobile,U01881,S0001148,add_to_cart,,,
2025-11-10,2025-11,United States,Electronics,Mobile,U01881,S0001148,checkout_started,,,
2025-11-10,2025-11,United States,Electronics,Mobile,U01881,S0001148,purchased,2.0,153.18855459182174,306.38
2025-11-10,2025-11,United States,Electronics,Mobile,U01881,S0001148,viewed,,,
2025-11-10,2025-11,United States,Electronics,Desktop,U00508,S0001204,viewed,,,
2025-11-10,2025-11,United States,Electronics,Mobile,U01463,S0001275,viewed,,,
2025-11-10,2025-11,United States,Home,Tablet,U00487,S0001671,add_to_cart,,,
2025-11-10,2025-11,United States,Home,Tablet,U00487,S0001671,checkout_started,,,
2025-11-10,2025-11,United States,Home,Tablet,U00487,S0001671,purchased,1.0,106.38003322625488,106.38
2025-11-10,2025-11,United States,Home,Tablet,U00487,S0001671,viewed,,,
2025-11-10,2025-11,United States,Electronics,Mobile,U02441,S0001775,viewed,,,
2025-11-10,2025-11,Australia,Home,Tablet,U01713,S0001822,viewed,,,
2025-11-10,2025-11,Canada,Beauty,Desktop,U00384,S0002107,viewed,,,
2025-11-10,2025-11,United States,Home,Mobile,U01357,S0002121,viewed,,,
2025-11-10,2025-11,Canada,Apparel,Mobile,U01015,S0002174,add_to_cart,,,
2025-11-10,2025-11,Canada,Apparel,Mobile,U01015,S0002174,checkout_started,,,
2025-11-10,2025-11,Canada,Apparel,Mobile,U01015,S0002174,purchased,2.0,75.8029642504944,151.61
2025-11-10,2025-11,Canada,Apparel,Mobile,U01015,S0002174,viewed,,,
2025-11-10,2025-11,United States,Home,Mobile,U01259,S0002176,add_to_cart,,,
2025-11-10,2025-11,United States,Home,Mobile,U01259,S0002176,checkout_started,,,
2025-11-10,2025-11,United States,Home,Mobile,U01259,S0002176,viewed,,,
2025-11-10,2025-11,United Kingdom,Electronics,Mobile,U01678,S0002281,viewed,,,
2025-11-10,2025-11,United States,Apparel,Mobile,U02191,S0002783,viewed,,,
2025-11-10,2025-11,United States,Sports,Desktop,U02248,S0002843,viewed,,,
2025-11-10,2025-11,United States,Sports,Tablet,U00821,S0002922,add_to_cart,,,
2025-11-10,2025-11,United States,Sports,Tablet,U00821,S0002922,viewed,,,
2025-11-10,2025-11,United States,Home,Mobile,U00491,S0002937,add_to_cart,,,
2025-11-10,2025-11,United States,Home,Mobile,U00491,S0002937,checkout_started,,,
2025-11-10,2025-11,United States,Home,Mobile,U00491,S0002937,purchased,2.0,89.9801843763565,179.96
2025-11-10,2025-11,United States,Home,Mobile,U00491,S0002937,viewed,,,
2025-11-10,2025-11,United Kingdom,Apparel,Mobile,U01490,S0002943,add_to_cart,,,
2025-11-10,2025-11,United Kingdom,Apparel,Mobile,U01490,S0002943,checkout_started,,,
2025-11-10,2025-11,United Kingdom,Apparel,Mobile,U01490,S0002943,purchased,3.0,55.74496041410794,167.23
2025-11-10,2025-11,United Kingdom,Apparel,Mobile,U01490,S0002943,viewed,,,
2025-11-10,2025-11,United States,Beauty,Mobile,U02201,S0002995,viewed,,,
2025-11-10,2025-11,United States,Electronics,Tablet,U02209,S0003112,add_to_cart,,,
2025-11-10,2025-11,United States,Electronics,Tablet,U02209,S0003112,checkout_started,,,
2025-11-10,2025-11,United States,Electronics,Tablet,U02209,S0003112,viewed,,,
2025-11-10,2025-11,Canada,Home,Desktop,U01566,S0003145,viewed,,,
2025-11-10,2025-11,Germany,Home,Desktop,U00152,S0003157,add_to_cart,,,
2025-11-10,2025-11,Germany,Home,Desktop,U00152,S0003157,checkout_started,,,
2025-11-10,2025-11,Germany,Home,Desktop,U00152,S0003157,purchased,3.0,54.43350038704167,163.3
2025-11-10,2025-11,Germany,Home,Desktop,U00152,S0003157,viewed,,,
2025-11-10,2025-11,United States,Electronics,Mobile,U01136,S0003187,add_to_cart,,,
2025-11-10,2025-11,United States,Electronics,Mobile,U01136,S0003187,checkout_started,,,
2025-11-10,2025-11,United States,Electronics,Mobile,U01136,S0003187,purchased,2.0,152.88881448523946,305.78
2025-11-10,2025-11,United States,Electronics,Mobile,U01136,S0003187,viewed,,,
2025-11-10,2025-11,United States,Apparel,Mobile,U01532,S0003203,add_to_cart,,,
2025-11-10,2025-11,United States,Apparel,Mobile,U01532,S0003203,checkout_started,,,
2025-11-10,2025-11,United States,Apparel,Mobile,U01532,S0003203,purchased,2.0,60.092241875685346,120.18
2025-11-10,2025-11,United States,Apparel,Mobile,U01532,S0003203,viewed,,,
2025-11-10,2025-11,United States,Sports,Desktop,U01052,S0003247,viewed,,,
2025-11-10,2025-11,United States,Home,Desktop,U00483,S0003432,add_to_cart,,,
2025-11-10,2025-11,United States,Home,Desktop,U00483,S0003432,checkout_started,,,
2025-11-10,2025-11,United States,Home,Desktop,U00483,S0003432,purchased,3.0,108.5616293881626,325.68
2025-11-10,2025-11,United States,Home,Desktop,U00483,S0003432,viewed,,,
2025-11-10,2025-11,United States,Home,Desktop,U00220,S0003582,add_to_cart,,,
2025-11-10,2025-11,United States,Home,Desktop,U00220,S0003582,checkout_started,,,
2025-11-10,2025-11,United States,Home,Desktop,U00220,S0003582,purchased,2.0,102.0288604349465,204.06
2025-11-10,2025-11,United States,Home,Desktop,U00220,S0003582,viewed,,,
2025-11-10,2025-11,United States,Beauty,Mobile,U02037,S0003627,add_to_cart,,,
2025-11-10,2025-11,United States,Beauty,Mobile,U02037,S0003627,checkout_started,,,
2025-11-10,2025-11,United States,Beauty,Mobile,U02037,S0003627,purchased,4.0,35.55536444061886,142.22
2025-11-10,2025-11,United States,Beauty,Mobile,U02037,S0003627,viewed,,,
2025-11-10,2025-11,United Kingdom,Home,Mobile,U01329,S0003678,add_to_cart,,,
2025-11-10,2025-11,United Kingdom,Home,Mobile,U01329,S0003678,checkout_started,,,
2025-11-10,2025-11,United Kingdom,Home,Mobile,U01329,S0003678,purchased,4.0,110.95366894860167,443.81
2025-11-10,2025-11,United Kingdom,Home,Mobile,U01329,S0003678,viewed,,,
2025-11-10,2025-11,Germany,Beauty,Desktop,U00624,S0003847,add_to_cart,,,
2025-11-10,2025-11,Germany,Beauty,Desktop,U00624,S0003847,checkout_started,,,
2025-11-10,2025-11,Germany,Beauty,Desktop,U00624,S0003847,purchased,3.0,45.45017709088531,136.35
2025-11-10,2025-11,Germany,Beauty,Desktop,U00624,S0003847,viewed,,,
2025-11-10,2025-11,United States,Sports,Desktop,U01699,S0003906,add_to_cart,,,
2025-11-10,2025-11,United States,Sports,Desktop,U01699,S0003906,viewed,,,
2025-11-10,2025-11,Australia,Sports,Desktop,U00123,S0004053,viewed,,,
2025-11-10,2025-11,United States,Apparel,Mobile,U00952,S0004080,viewed,,,
2025-11-10,2025-11,United States,Home,Desktop,U00488,S0004083,viewed,,,
2025-11-10,2025-11,United States,Electronics,Mobile,U00458,S0004278,viewed,,,
2025-11-10,2025-11,United States,Electronics,Desktop,U01232,S0004286,add_to_cart,,,
2025-11-10,2025-11,United States,Electronics,Desktop,U01232,S0004286,checkout_started,,,
2025-11-10,2025-11,United States,Electronics,Desktop,U01232,S0004286,viewed,,,
2025-11-10,2025-11,United States,Home,Mobile,U00909,S0004289,viewed,,,
2025-11-10,2025-11,Australia,Home,Mobile,U00806,S0004298,viewed,,,
2025-11-10,2025-11,United States,Apparel,Mobile,U00329,S0004306,add_to_cart,,,
2025-11-10,2025-11,United States,Apparel,Mobile,U00329,S0004306,viewed,,,
2025-11-10,2025-11,United Kingdom,Sports,Desktop,U00095,S0004349,add_to_cart,,,
2025-11-10,2025-11,United Kingdom,Sports,Desktop,U00095,S0004349,checkout_started,,,
2025-11-10,2025-11,United Kingdom,Sports,Desktop,U00095,S0004349,purchased,4.0,84.75936326640382,339.04
2025-11-10,2025-11,United Kingdom,Sports,Desktop,U00095,S0004349,viewed,,,
2025-11-10,2025-11,Canada,Home,Desktop,U01202,S0004423,add_to_cart,,,
2025-11-10,2025-11,Canada,Home,Desktop,U01202,S0004423,checkout_started,,,
2025-11-10,2025-11,Canada,Home,Desktop,U01202,S0004423,purchased,4.0,62.196784275258246,248.79
2025-11-10,2025-11,Canada,Home,Desktop,U01202,S0004423,viewed,,,
2025-11-10,2025-11,United Kingdom,Home,Mobile,U01143,S0004429,viewed,,,
2025-11-10,2025-11,Canada,Electronics,Mobile,U01949,S0004576,add_to_cart,,,
2025-11-10,2025-11,Canada,Electronics,Mobile,U01949,S0004576,viewed,,,
2025-11-10,2025-11,Australia,Beauty,Mobile,U01715,S0004629,viewed,,,
2025-11-10,2025-11,United States,Apparel,Desktop,U01302,S0004636,add_to_cart,,,
2025-11-10,2025-11,United States,Apparel,Desktop,U01302,S0004636,checkout_started,,,
2025-11-10,2025-11,United States,Apparel,Desktop,U01302,S0004636,viewed,,,
2025-11-10,2025-11,United Kingdom,Apparel,Mobile,U02244,S0004709,viewed,,,
2025-11-10,2025-11,Australia,Electronics,Mobile,U01560,S0004733,add_to_cart,,,
2025-11-10,2025-11,Australia,Electronics,Mobile,U01560,S0004733,checkout_started,,,
2025-11-10,2025-11,Australia,Electronics,Mobile,U01560,S0004733,purchased,2.0,110.38919562294416,220.78
2025-11-10,2025-11,Australia,Electronics,Mobile,U01560,S0004733,viewed,,,
2025-11-10,2025-11,United Kingdom,Home,Desktop,U00632,S0004747,add_to_cart,,,
2025-11-10,2025-11,United Kingdom,Home,Desktop,U00632,S0004747,viewed,,,
2025-11-10,2025-11,United Kingdom,Beauty,Mobile,U02198,S0004772,add_to_cart,,,
2025-11-10,2025-11,United Kingdom,Beauty,Mobile,U02198,S0004772,checkout_started,,,
2025-11-10,2025-11,United Kingdom,Beauty,Mobile,U02198,S0004772,purchased,2.0,31.741802718633508,63.48
2025-11-10,2025-11,United Kingdom,Beauty,Mobile,U02198,S0004772,viewed,,,
2025-11-10,2025-11,Canada,Electronics,Mobile,U02573,S0004841,viewed,,,
2025-11-10,2025-11,Canada,Electronics,Mobile,U00717,S0004846,viewed,,,
2025-11-11,2025-11,United Kingdom,Beauty,Mobile,U00089,S0000002,viewed,,,
2025-11-11,2025-11,Canada,Electronics,Desktop,U02267,S0000025,viewed,,,
2025-11-11,2025-11,Australia,Beauty,Tablet,U02371,S0000050,viewed,,,
2025-11-11,2025-11,United States,Home,Mobile,U01971,S0000107,viewed,,,
2025-11-11,2025-11,Canada,Home,Mobile,U01801,S0000112,viewed,,,
2025-11-11,2025-11,United States,Home,Desktop,U00083,S0000210,viewed,,,
2025-11-11,2025-11,United States,Sports,Mobile,U00742,S0000370,viewed,,,
2025-11-11,2025-11,United States,Electronics,Mobile,U01791,S0000402,viewed,,,
2025-11-11,2025-11,United States,Apparel,Mobile,U01766,S0000598,viewed,,,
2025-11-11,2025-11,United States,Beauty,Mobile,U02595,S0000602,viewed,,,
2025-11-11,2025-11,Germany,Sports,Desktop,U01067,S0000734,viewed,,,
2025-11-11,2025-11,United States,Home,Mobile,U01429,S0000766,viewed,,,
2025-11-11,2025-11,United Kingdom,Apparel,Desktop,U00388,S0000806,viewed,,,
2025-11-11,2025-11,Canada,Electronics,Mobile,U01542,S0000815,viewed,,,
2025-11-11,2025-11,United States,Electronics,Desktop,U02221,S0000836,viewed,,,
2025-11-11,2025-11,United Kingdom,Electronics,Tablet,U00540,S0000864,add_to_cart,,,
2025-11-11,2025-11,United Kingdom,Electronics,Tablet,U00540,S0000864,checkout_started,,,
2025-11-11,2025-11,United Kingdom,Electronics,Tablet,U00540,S0000864,viewed,,,
2025-11-11,2025-11,Canada,Home,Desktop,U01566,S0001058,add_to_cart,,,
2025-11-11,2025-11,Canada,Home,Desktop,U01566,S0001058,checkout_started,,,
2025-11-11,2025-11,Canada,Home,Desktop,U01566,S0001058,viewed,,,
2025-11-11,2025-11,United Kingdom,Beauty,Mobile,U01757,S0001212,add_to_cart,,,
2025-11-11,2025-11,United Kingdom,Beauty,Mobile,U01757,S0001212,checkout_started,,,
2025-11-11,2025-11,United Kingdom,Beauty,Mobile,U01757,S0001212,purchased,4.0,27.394846996608813,109.58
2025-11-11,2025-11,United Kingdom,Beauty,Mobile,U01757,S0001212,viewed,,,
2025-11-11,2025-11,United States,Electronics,Desktop,U00422,S0001242,viewed,,,
2025-11-11,2025-11,Canada,Electronics,Tablet,U02020,S0001278,add_to_cart,,,
2025-11-11,2025-11,Canada,Electronics,Tablet,U02020,S0001278,checkout_started,,,
2025-11-11,2025-11,Canada,Electronics,Tablet,U02020,S0001278,viewed,,,
2025-11-11,2025-11,Australia,Apparel,Desktop,U00121,S0001313,viewed,,,
2025-11-11,2025-11,United States,Apparel,Mobile,U02086,S0001339,viewed,,,
2025-11-11,2025-11,United States,Home,Mobile,U02173,S0001441,add_to_cart,,,
2025-11-11,2025-11,United States,Home,Mobile,U02173,S0001441,checkout_started,,,
2025-11-11,2025-11,United States,Home,Mobile,U02173,S0001441,purchased,4.0,91.03812614873905,364.15
2025-11-11,2025-11,United States,Home,Mobile,U02173,S0001441,viewed,,,
2025-11-11,2025-11,Australia,Beauty,Mobile,U01337,S0001469,viewed,,,
2025-11-11,2025-11,United States,Sports,Desktop,U02286,S0001498,add_to_cart,,,
2025-11-11,2025-11,United States,Sports,Desktop,U02286,S0001498,viewed,,,
2025-11-11,2025-11,United States,Sports,Mobile,U00842,S0001558,add_to_cart,,,
2025-11-11,2025-11,United States,Sports,Mobile,U00842,S0001558,viewed,,,
2025-11-11,2025-11,United Kingdom,Electronics,Mobile,U00873,S0001611,add_to_cart,,,
2025-11-11,2025-11,United Kingdom,Electronics,Mobile,U00873,S0001611,checkout_started,,,
2025-11-11,2025-11,United Kingdom,Electronics,Mobile,U00873,S0001611,purchased,3.0,73.55141431837517,220.65
2025-11-11,2025-11,United Kingdom,Electronics,Mobile,U00873,S0001611,viewed,,,
2025-11-11,2025-11,United States,Electronics,Mobile,U01173,S0001691,add_to_cart,,,
2025-11-11,2025-11,United States,Electronics,Mobile,U01173,S0001691,checkout_started,,,
2025-11-11,2025-11,United States,Electronics,Mobile,U01173,S0001691,purchased,1.0,176.76798882473577,176.77
2025-11-11,2025-11,United States,Electronics,Mobile,U01173,S0001691,viewed,,,
2025-11-11,2025-11,Germany,Sports,Mobile,U01792,S0001731,viewed,,,
2025-11-11,2025-11,Canada,Beauty,Mobile,U01404,S0001825,add_to_cart,,,
2025-11-11,2025-11,Canada,Beauty,Mobile,U01404,S0001825,checkout_started,,,
2025-11-11,2025-11,Canada,Beauty,Mobile,U01404,S0001825,purchased,4.0,38.7909608342853,155.16
2025-11-11,2025-11,Canada,Beauty,Mobile,U01404,S0001825,viewed,,,
2025-11-11,2025-11,Canada,Electronics,Desktop,U00198,S0001870,viewed,,,
2025-11-11,2025-11,United Kingdom,Home,Desktop,U02437,S0001914,viewed,,,
2025-11-11,2025-11,United States,Home,Desktop,U02593,S0002096,viewed,,,
2025-11-11,2025-11,United Kingdom,Electronics,Desktop,U00011,S0002212,viewed,,,
2025-11-11,2025-11,United States,Sports,Tablet,U00149,S0002320,viewed,,,
2025-11-11,2025-11,Canada,Apparel,Mobile,U00387,S0002447,add_to_cart,,,
2025-11-11,2025-11,Canada,Apparel,Mobile,U00387,S0002447,checkout_started,,,
2025-11-11,2025-11,Canada,Apparel,Mobile,U00387,S0002447,purchased,1.0,73.26278782826262,73.26
2025-11-11,2025-11,Canada,Apparel,Mobile,U00387,S0002447,viewed,,,
2025-11-11,2025-11,United States,Beauty,Desktop,U01878,S0002449,add_to_cart,,,
2025-11-11,2025-11,United States,Beauty,Desktop,U01878,S0002449,checkout_started,,,
2025-11-11,2025-11,United States,Beauty,Desktop,U01878,S0002449,purchased,3.0,62.31306139763038,186.94
2025-11-11,2025-11,United States,Beauty,Desktop,U01878,S0002449,viewed,,,
2025-11-11,2025-11,United States,Apparel,Desktop,U01372,S0002575,viewed,,,
2025-11-11,2025-11,United States,Sports,Mobile,U00710,S0002603,viewed,,,
2025-11-11,2025-11,Australia,Home,Mobile,U01237,S0002662,viewed,,,
2025-11-11,2025-11,United States,Electronics,Desktop,U00361,S0002858,viewed,,,
2025-11-11,2025-11,Australia,Electronics,Mobile,U00841,S0002988,add_to_cart,,,
2025-11-11,2025-11,Australia,Electronics,Mobile,U00841,S0002988,viewed,,,
2025-11-11,2025-11,Canada,Home,Mobile,U01679,S0003001,viewed,,,
2025-11-11,2025-11,United States,Home,Mobile,U00815,S0003074,viewed,,,
2025-11-11,2025-11,United States,Apparel,Mobile,U01606,S0003223,add_to_cart,,,
2025-11-11,2025-11,United States,Apparel,Mobile,U01606,S0003223,viewed,,,
2025-11-11,2025-11,Australia,Electronics,Desktop,U02152,S0003224,viewed,,,
2025-11-11,2025-11,United States,Home,Desktop,U02004,S0003226,add_to_cart,,,
2025-11-11,2025-11,United States,Home,Desktop,U02004,S0003226,checkout_started,,,
2025-11-11,2025-11,United States,Home,Desktop,U02004,S0003226,purchased,1.0,105.71283347444137,105.71
2025-11-11,2025-11,United States,Home,Desktop,U02004,S0003226,viewed,,,
2025-11-11,2025-11,United States,Beauty,Mobile,U02051,S0003350,add_to_cart,,,
2025-11-11,2025-11,United States,Beauty,Mobile,U02051,S0003350,checkout_started,,,
2025-11-11,2025-11,United States,Beauty,Mobile,U02051,S0003350,purchased,2.0,26.023302331256907,52.05
2025-11-11,2025-11,United States,Beauty,Mobile,U02051,S0003350,viewed,,,
2025-11-11,2025-11,Australia,Home,Tablet,U01578,S0003387,viewed,,,
2025-11-11,2025-11,Australia,Electronics,Mobile,U01456,S0003429,viewed,,,
2025-11-11,2025-11,Germany,Sports,Mobile,U01704,S0003480,viewed,,,
2025-11-11,2025-11,Australia,Home,Mobile,U01244,S0003544,viewed,,,
2025-11-11,2025-11,United States,Apparel,Desktop,U00334,S0003565,viewed,,,
2025-11-11,2025-11,United States,Electronics,Mobile,U02161,S0003866,viewed,,,
2025-11-11,2025-11,United States,Home,Mobile,U00192,S0004225,viewed,,,
2025-11-11,2025-11,United States,Beauty,Mobile,U01793,S0004276,viewed,,,
2025-11-11,2025-11,United States,Sports,Tablet,U01377,S0004504,viewed,,,
2025-11-11,2025-11,United States,Electronics,Mobile,U01354,S0004915,add_to_cart,,,
2025-11-11,2025-11,United States,Electronics,Mobile,U01354,S0004915,viewed,,,
2025-11-11,2025-11,United States,Beauty,Desktop,U01646,S0004974,add_to_cart,,,
2025-11-11,2025-11,United States,Beauty,Desktop,U01646,S0004974,viewed,,,
2025-11-12,2025-11,United States,Electronics,Desktop,U02436,S0000016,add_to_cart,,,
2025-11-12,2025-11,United States,Electronics,Desktop,U02436,S0000016,checkout_started,,,
2025-11-12,2025-11,United States,Electronics,Desktop,U02436,S0000016,purchased,1.0,114.88369536280156,114.88
2025-11-12,2025-11,United States,Electronics,Desktop,U02436,S0000016,viewed,,,
2025-11-12,2025-11,United States,Home,Desktop,U01674,S0000106,viewed,,,
2025-11-12,2025-11,United States,Beauty,Mobile,U02408,S0000160,viewed,,,
2025-11-12,2025-11,Australia,Electronics,Desktop,U01201,S0000213,add_to_cart,,,
2025-11-12,2025-11,Australia,Electronics,Desktop,U01201,S0000213,checkout_started,,,
2025-11-12,2025-11,Australia,Electronics,Desktop,U01201,S0000213,purchased,1.0,139.94363681741697,139.94
2025-11-12,2025-11,Australia,Electronics,Desktop,U01201,S0000213,viewed,,,
2025-11-12,2025-11,United States,Electronics,Desktop,U02341,S0000249,add_to_cart,,,
2025-11-12,2025-11,United States,Electronics,Desktop,U02341,S0000249,checkout_started,,,
2025-11-12,2025-11,United States,Electronics,Desktop,U02341,S0000249,purchased,4.0,209.42719276455523,837.71
2025-11-12,2025-11,United States,Electronics,Desktop,U02341,S0000249,viewed,,,
2025-11-12,2025-11,United Kingdom,Apparel,Desktop,U02139,S0000278,add_to_cart,,,
2025-11-12,2025-11,United Kingdom,Apparel,Desktop,U02139,S0000278,viewed,,,
2025-11-12,2025-11,United States,Electronics,Mobile,U01377,S0000476,viewed,,,
2025-11-12,2025-11,United Kingdom,Beauty,Mobile,U01372,S0000559,viewed,,,
2025-11-12,2025-11,United States,Sports,Mobile,U01664,S0000613,add_to_cart,,,
2025-11-12,2025-11,United States,Sports,Mobile,U01664,S0000613,viewed,,,
2025-11-12,2025-11,United States,Apparel,Mobile,U00283,S0000639,add_to_cart,,,
2025-11-12,2025-11,United States,Apparel,Mobile,U00283,S0000639,checkout_started,,,
2025-11-12,2025-11,United States,Apparel,Mobile,U00283,S0000639,purchased,4.0,60.67836006642415,242.71
2025-11-12,2025-11,United States,Apparel,Mobile,U00283,S0000639,viewed,,,
2025-11-12,2025-11,Germany,Sports,Tablet,U00545,S0000690,viewed,,,
2025-11-12,2025-11,Germany,Sports,Tablet,U00558,S0000725,viewed,,,
2025-11-12,2025-11,United Kingdom,Apparel,Mobile,U00645,S0000918,add_to_cart,,,
2025-11-12,2025-11,United Kingdom,Apparel,Mobile,U00645,S0000918,checkout_started,,,
2025-11-12,2025-11,United Kingdom,Apparel,Mobile,U00645,S0000918,purchased,2.0,30.22102605115187,60.44
2025-11-12,2025-11,United Kingdom,Apparel,Mobile,U00645,S0000918,viewed,,,
2025-11-12,2025-11,United States,Sports,Mobile,U01768,S0000955,add_to_cart,,,
2025-11-12,2025-11,United States,Sports,Mobile,U01768,S0000955,checkout_started,,,
2025-11-12,2025-11,United States,Sports,Mobile,U01768,S0000955,purchased,1.0,118.31215066435861,118.31
2025-11-12,2025-11,United States,Sports,Mobile,U01768,S0000955,viewed,,,
2025-11-12,2025-11,United States,Sports,Mobile,U01464,S0000990,add_to_cart,,,
2025-11-12,2025-11,United States,Sports,Mobile,U01464,S0000990,checkout_started,,,
2025-11-12,2025-11,United States,Sports,Mobile,U01464,S0000990,viewed,,,
2025-11-12,2025-11,Australia,Apparel,Tablet,U00010,S0001414,viewed,,,
2025-11-12,2025-11,United States,Beauty,Desktop,U00163,S0001416,viewed,,,
2025-11-12,2025-11,United States,Sports,Mobile,U00381,S0001430,add_to_cart,,,
2025-11-12,2025-11,United States,Sports,Mobile,U00381,S0001430,checkout_started,,,
2025-11-12,2025-11,United States,Sports,Mobile,U00381,S0001430,viewed,,,
2025-11-12,2025-11,United States,Apparel,Mobile,U00437,S0001461,add_to_cart,,,
2025-11-12,2025-11,United States,Apparel,Mobile,U00437,S0001461,checkout_started,,,
2025-11-12,2025-11,United States,Apparel,Mobile,U00437,S0001461,purchased,2.0,49.03710015126329,98.07
2025-11-12,2025-11,United States,Apparel,Mobile,U00437,S0001461,viewed,,,
2025-11-12,2025-11,United States,Electronics,Mobile,U01521,S0001726,add_to_cart,,,
2025-11-12,2025-11,United States,Electronics,Mobile,U01521,S0001726,checkout_started,,,
2025-11-12,2025-11,United States,Electronics,Mobile,U01521,S0001726,purchased,3.0,156.62468094941713,469.87
2025-11-12,2025-11,United States,Electronics,Mobile,U01521,S0001726,viewed,,,
2025-11-12,2025-11,United States,Beauty,Desktop,U02517,S0002009,viewed,,,
2025-11-12,2025-11,United Kingdom,Sports,Mobile,U00416,S0002236,add_to_cart,,,
2025-11-12,2025-11,United Kingdom,Sports,Mobile,U00416,S0002236,viewed,,,
2025-11-12,2025-11,United States,Home,Mobile,U00079,S0002284,viewed,,,
2025-11-12,2025-11,United States,Home,Mobile,U00081,S0002648,add_to_cart,,,
2025-11-12,2025-11,United States,Home,Mobile,U00081,S0002648,checkout_started,,,
2025-11-12,2025-11,United States,Home,Mobile,U00081,S0002648,viewed,,,
2025-11-12,2025-11,Australia,Home,Desktop,U00205,S0002671,add_to_cart,,,
2025-11-12,2025-11,Australia,Home,Desktop,U00205,S0002671,checkout_started,,,
2025-11-12,2025-11,Australia,Home,Desktop,U00205,S0002671,purchased,2.0,54.48518536062267,108.97
2025-11-12,2025-11,Australia,Home,Desktop,U00205,S0002671,viewed,,,
2025-11-12,2025-11,Germany,Electronics,Mobile,U02307,S0002725,viewed,,,
2025-11-12,2025-11,United States,Sports,Desktop,U01116,S0002801,add_to_cart,,,
2025-11-12,2025-11,United States,Sports,Desktop,U01116,S0002801,checkout_started,,,
2025-11-12,2025-11,United States,Sports,Desktop,U01116,S0002801,viewed,,,
2025-11-12,2025-11,Australia,Sports,Mobile,U00273,S0002809,add_to_cart,,,
2025-11-12,2025-11,Australia,Sports,Mobile,U00273,S0002809,viewed,,,
2025-11-12,2025-11,Australia,Home,Mobile,U01814,S0003055,viewed,,,
2025-11-12,2025-11,United States,Electronics,Mobile,U00309,S0003130,add_to_cart,,,
2025-11-12,2025-11,United States,Electronics,Mobile,U00309,S0003130,viewed,,,
2025-11-12,2025-11,Germany,Apparel,Mobile,U01688,S0003154,viewed,,,
2025-11-12,2025-11,United States,Beauty,Desktop,U01659,S0003323,add_to_cart,,,
2025-11-12,2025-11,United States,Beauty,Desktop,U01659,S0003323,checkout_started,,,
2025-11-12,2025-11,United States,Beauty,Desktop,U01659,S0003323,purchased,4.0,55.47931691612372,221.92
2025-11-12,2025-11,United States,Beauty,Desktop,U01659,S0003323,viewed,,,
2025-11-12,2025-11,United States,Apparel,Desktop,U02236,S0003326,add_to_cart,,,
2025-11-12,2025-11,United States,Apparel,Desktop,U02236,S0003326,checkout_started,,,
2025-11-12,2025-11,United States,Apparel,Desktop,U02236,S0003326,purchased,3.0,52.53548692255673,157.61
2025-11-12,2025-11,United States,Apparel,Desktop,U02236,S0003326,viewed,,,
2025-11-12,2025-11,Canada,Home,Mobile,U00210,S0003382,viewed,,,
2025-11-12,2025-11,Germany,Beauty,Mobile,U01818,S0003422,add_to_cart,,,
2025-11-12,2025-11,Germany,Beauty,Mobile,U01818,S0003422,checkout_started,,,
2025-11-12,2025-11,Germany,Beauty,Mobile,U01818,S0003422,purchased,1.0,36.345399566994416,36.35
2025-11-12,2025-11,Germany,Beauty,Mobile,U01818,S0003422,viewed,,,
2025-11-12,2025-11,United States,Sports,Desktop,U01747,S0003915,add_to_cart,,,
2025-11-12,2025-11,United States,Sports,Desktop,U01747,S0003915,checkout_started,,,
2025-11-12,2025-11,United States,Sports,Desktop,U01747,S0003915,purchased,3.0,132.38464328597925,397.15
2025-11-12,2025-11,United States,Sports,Desktop,U01747,S0003915,viewed,,,
2025-11-12,2025-11,United States,Home,Desktop,U01852,S0003967,viewed,,,
2025-11-12,2025-11,United States,Beauty,Tablet,U00235,S0004072,viewed,,,
2025-11-12,2025-11,United States,Home,Mobile,U00078,S0004084,add_to_cart,,,
2025-11-12,2025-11,United States,Home,Mobile,U00078,S0004084,viewed,,,
2025-11-12,2025-11,Germany,Apparel,Mobile,U00025,S0004125,viewed,,,
2025-11-12,2025-11,United States,Electronics,Tablet,U02454,S0004362,viewed,,,
2025-11-12,2025-11,Canada,Home,Mobile,U00207,S0004613,add_to_cart,,,
2025-11-12,2025-11,Canada,Home,Mobile,U00207,S0004613,checkout_started,,,
2025-11-12,2025-11,Canada,Home,Mobile,U00207,S0004613,viewed,,,
2025-11-12,2025-11,United Kingdom,Electronics,Desktop,U00750,S0004804,add_to_cart,,,
2025-11-12,2025-11,United Kingdom,Electronics,Desktop,U00750,S0004804,checkout_started,,,
2025-11-12,2025-11,United Kingdom,Electronics,Desktop,U00750,S0004804,viewed,,,
2025-11-12,2025-11,United Kingdom,Electronics,Mobile,U02549,S0004908,viewed,,,
2025-11-12,2025-11,Germany,Home,Mobile,U00156,S0004953,viewed,,,
2025-11-13,2025-11,United States,Apparel,Mobile,U02364,S0000071,add_to_cart,,,
2025-11-13,2025-11,United States,Apparel,Mobile,U02364,S0000071,checkout_started,,,
2025-11-13,2025-11,United States,Apparel,Mobile,U02364,S0000071,purchased,1.0,57.85279816022148,57.85
2025-11-13,2025-11,United States,Apparel,Mobile,U02364,S0000071,viewed,,,
2025-11-13,2025-11,Germany,Apparel,Mobile,U00284,S0000105,viewed,,,
2025-11-13,2025-11,Germany,Apparel,Desktop,U01887,S0000135,viewed,,,
2025-11-13,2025-11,Canada,Beauty,Mobile,U02582,S0000261,viewed,,,
2025-11-13,2025-11,Germany,Beauty,Desktop,U00363,S0000428,viewed,,,
2025-11-13,2025-11,United States,Apparel,Mobile,U02195,S0000484,viewed,,,
2025-11-13,2025-11,United States,Sports,Desktop,U01566,S0000551,add_to_cart,,,
2025-11-13,2025-11,United States,Sports,Desktop,U01566,S0000551,checkout_started,,,
2025-11-13,2025-11,United States,Sports,Desktop,U01566,S0000551,purchased,3.0,72.16615355931224,216.5
2025-11-13,2025-11,United States,Sports,Desktop,U01566,S0000551,viewed,,,
2025-11-13,2025-11,United States,Electronics,Mobile,U00213,S0000591,viewed,,,
2025-11-13,2025-11,Canada,Home,Mobile,U00919,S0000596,viewed,,,
2025-11-13,2025-11,United States,Apparel,Mobile,U01139,S0000686,viewed,,,
2025-11-13,2025-11,United States,Apparel,Mobile,U01528,S0000692,add_to_cart,,,
2025-11-13,2025-11,United States,Apparel,Mobile,U01528,S0000692,checkout_started,,,
2025-11-13,2025-11,United States,Apparel,Mobile,U01528,S0000692,viewed,,,
2025-11-13,2025-11,United States,Home,Mobile,U01122,S0000716,add_to_cart,,,
2025-11-13,2025-11,United States,Home,Mobile,U01122,S0000716,checkout_started,,,
2025-11-13,2025-11,United States,Home,Mobile,U01122,S0000716,purchased,4.0,115.08564130390732,460.34
2025-11-13,2025-11,United States,Home,Mobile,U01122,S0000716,viewed,,,
2025-11-13,2025-11,United Kingdom,Beauty,Mobile,U00044,S0000745,add_to_cart,,,
2025-11-13,2025-11,United Kingdom,Beauty,Mobile,U00044,S0000745,checkout_started,,,
2025-11-13,2025-11,United Kingdom,Beauty,Mobile,U00044,S0000745,purchased,3.0,52.529062087497486,157.59
2025-11-13,2025-11,United Kingdom,Beauty,Mobile,U00044,S0000745,viewed,,,
2025-11-13,2025-11,Germany,Home,Mobile,U01533,S0000852,viewed,,,
2025-11-13,2025-11,United States,Apparel,Tablet,U01813,S0000860,add_to_cart,,,
2025-11-13,2025-11,United States,Apparel,Tablet,U01813,S0000860,checkout_started,,,
2025-11-13,2025-11,United States,Apparel,Tablet,U01813,S0000860,purchased,4.0,63.4034544598812,253.61
2025-11-13,2025-11,United States,Apparel,Tablet,U01813,S0000860,viewed,,,
2025-11-13,2025-11,United Kingdom,Sports,Mobile,U02013,S0001012,viewed,,,
2025-11-13,2025-11,United States,Beauty,Mobile,U01157,S0001087,viewed,,,
2025-11-13,2025-11,United Kingdom,Electronics,Mobile,U02376,S0001133,add_to_cart,,,
2025-11-13,2025-11,United Kingdom,Electronics,Mobile,U02376,S0001133,viewed,,,
2025-11-13,2025-11,United States,Electronics,Mobile,U00413,S0001199,viewed,,,
2025-11-13,2025-11,United States,Electronics,Mobile,U01408,S0001254,viewed,,,
2025-11-13,2025-11,United States,Home,Desktop,U02454,S0001260,add_to_cart,,,
2025-11-13,2025-11,United States,Home,Desktop,U02454,S0001260,checkout_started,,,
2025-11-13,2025-11,United States,Home,Desktop,U02454,S0001260,purchased,4.0,60.87094426519198,243.48
2025-11-13,2025-11,United States,Home,Desktop,U02454,S0001260,viewed,,,
2025-11-13,2025-11,United States,Electronics,Mobile,U00450,S0001284,add_to_cart,,,
2025-11-13,2025-11,United States,Electronics,Mobile,U00450,S0001284,viewed,,,
2025-11-13,2025-11,United Kingdom,Electronics,Mobile,U00235,S0001578,viewed,,,
2025-11-13,2025-11,United States,Home,Desktop,U01225,S0001617,add_to_cart,,,
2025-11-13,2025-11,United States,Home,Desktop,U01225,S0001617,checkout_started,,,
2025-11-13,2025-11,United States,Home,Desktop,U01225,S0001617,purchased,4.0,104.05589521200342,416.22
2025-11-13,2025-11,United States,Home,Desktop,U01225,S0001617,viewed,,,
2025-11-13,2025-11,Germany,Sports,Desktop,U02136,S0001684,viewed,,,
2025-11-13,2025-11,Australia,Sports,Tablet,U01683,S0001736,viewed,,,
2025-11-13,2025-11,United Kingdom,Sports,Tablet,U01296,S0001980,add_to_cart,,,
2025-11-13,2025-11,United Kingdom,Sports,Tablet,U01296,S0001980,checkout_started,,,
2025-11-13,2025-11,United Kingdom,Sports,Tablet,U01296,S0001980,purchased,1.0,93.93719417085427,93.94
2025-11-13,2025-11,United Kingdom,Sports,Tablet,U01296,S0001980,viewed,,,
2025-11-13,2025-11,Canada,Home,Mobile,U02225,S0001986,add_to_cart,,,
2025-11-13,2025-11,Canada,Home,Mobile,U02225,S0001986,checkout_started,,,
2025-11-13,2025-11,Canada,Home,Mobile,U02225,S0001986,purchased,2.0,100.72645823980235,201.45
2025-11-13,2025-11,Canada,Home,Mobile,U02225,S0001986,viewed,,,
2025-11-13,2025-11,Germany,Electronics,Mobile,U01001,S0002005,viewed,,,
2025-11-13,2025-11,United States,Apparel,Desktop,U01303,S0002206,viewed,,,
2025-11-13,2025-11,United States,Beauty,Mobile,U02378,S0002257,viewed,,,
2025-11-13,2025-11,Australia,Beauty,Tablet,U01012,S0002296,viewed,,,
2025-11-13,2025-11,United States,Home,Tablet,U01984,S0002497,viewed,,,
2025-11-13,2025-11,United States,Home,Mobile,U00579,S0002535,viewed,,,
2025-11-13,2025-11,Canada,Beauty,Mobile,U01720,S0002547,add_to_cart,,,
2025-11-13,2025-11,Canada,Beauty,Mobile,U01720,S0002547,checkout_started,,,
2025-11-13,2025-11,Canada,Beauty,Mobile,U01720,S0002547,purchased,1.0,36.367686849739265,36.37
2025-11-13,2025-11,Canada,Beauty,Mobile,U01720,S0002547,viewed,,,
2025-11-13,2025-11,United States,Electronics,Desktop,U02103,S0002557,viewed,,,
2025-11-13,2025-11,United States,Home,Mobile,U01088,S0002567,viewed,,,
2025-11-13,2025-11,Canada,Apparel,Mobile,U01789,S0002571,viewed,,,
2025-11-13,2025-11,Canada,Beauty,Tablet,U01103,S0002702,add_to_cart,,,
2025-11-13,2025-11,Canada,Beauty,Tablet,U01103,S0002702,checkout_started,,,
2025-11-13,2025-11,Canada,Beauty,Tablet,U01103,S0002702,purchased,3.0,30.965875124365272,92.9
2025-11-13,2025-11,Canada,Beauty,Tablet,U01103,S0002702,viewed,,,
2025-11-13,2025-11,United Kingdom,Apparel,Mobile,U00793,S0002832,viewed,,,
2025-11-13,2025-11,Australia,Beauty,Desktop,U02227,S0002899,add_to_cart,,,
2025-11-13,2025-11,Australia,Beauty,Desktop,U02227,S0002899,checkout_started,,,
2025-11-13,2025-11,Australia,Beauty,Desktop,U02227,S0002899,viewed,,,
2025-11-13,2025-11,Canada,Beauty,Mobile,U01106,S0002902,add_to_cart,,,
2025-11-13,2025-11,Canada,Beauty,Mobile,U01106,S0002902,checkout_started,,,
2025-11-13,2025-11,Canada,Beauty,Mobile,U01106,S0002902,purchased,3.0,29.51748077011306,88.55
2025-11-13,2025-11,Canada,Beauty,Mobile,U01106,S0002902,viewed,,,
2025-11-13,2025-11,Australia,Beauty,Tablet,U01411,S0002983,viewed,,,
2025-11-13,2025-11,United States,Sports,Mobile,U02505,S0003037,viewed,,,
2025-11-13,2025-11,Canada,Electronics,Mobile,U01565,S0003057,viewed,,,
2025-11-13,2025-11,United States,Home,Tablet,U01795,S0003296,viewed,,,
2025-11-13,2025-11,United States,Apparel,Mobile,U01081,S0003300,viewed,,,
2025-11-13,2025-11,United States,Apparel,Desktop,U02585,S0003385,viewed,,,
2025-11-13,2025-11,United States,Beauty,Mobile,U02418,S0003393,viewed,,,
2025-11-13,2025-11,Canada,Sports,Desktop,U02300,S0003396,viewed,,,
2025-11-13,2025-11,United States,Home,Desktop,U01652,S0003481,add_to_cart,,,
2025-11-13,2025-11,United States,Home,Desktop,U01652,S0003481,checkout_started,,,
2025-11-13,2025-11,United States,Home,Desktop,U01652,S0003481,purchased,2.0,121.84893618706238,243.7
2025-11-13,2025-11,United States,Home,Desktop,U01652,S0003481,viewed,,,
2025-11-13,2025-11,Germany,Home,Mobile,U02553,S0003483,viewed,,,
2025-11-13,2025-11,United States,Home,Mobile,U00924,S0003564,add_to_cart,,,
2025-11-13,2025-11,United States,Home,Mobile,U00924,S0003564,checkout_started,,,
2025-11-13,2025-11,United States,Home,Mobile,U00924,S0003564,purchased,4.0,72.85387990702834,291.42
2025-11-13,2025-11,United States,Home,Mobile,U00924,S0003564,viewed,,,
2025-11-13,2025-11,Canada,Home,Desktop,U02427,S0003571,viewed,,,
2025-11-13,2025-11,United States,Apparel,Desktop,U00442,S0003752,add_to_cart,,,
2025-11-13,2025-11,United States,Apparel,Desktop,U00442,S0003752,viewed,,,
2025-11-13,2025-11,Germany,Beauty,Mobile,U02275,S0003818,add_to_cart,,,
2025-11-13,2025-11,Germany,Beauty,Mobile,U02275,S0003818,viewed,,,
2025-11-13,2025-11,United States,Electronics,Mobile,U02006,S0004005,add_to_cart,,,
2025-11-13,2025-11,United States,Electronics,Mobile,U02006,S0004005,viewed,,,
2025-11-13,2025-11,Canada,Sports,Mobile,U01201,S0004099,viewed,,,
2025-11-13,2025-11,United States,Sports,Mobile,U02496,S0004271,viewed,,,
2025-11-13,2025-11,Australia,Sports,Mobile,U00324,S0004308,viewed,,,
2025-11-13,2025-11,United States,Home,Desktop,U01724,S0004309,viewed,,,
2025-11-13,2025-11,United States,Electronics,Mobile,U01659,S0004467,add_to_cart,,,
2025-11-13,2025-11,United States,Electronics,Mobile,U01659,S0004467,checkout_started,,,
2025-11-13,2025-11,United States,Electronics,Mobile,U01659,S0004467,purchased,3.0,176.65618272460645,529.97
2025-11-13,2025-11,United States,Electronics,Mobile,U01659,S0004467,viewed,,,
2025-11-13,2025-11,Australia,Apparel,Mobile,U02572,S0004516,add_to_cart,,,
2025-11-13,2025-11,Australia,Apparel,Mobile,U02572,S0004516,viewed,,,
2025-11-13,2025-11,United States,Sports,Desktop,U01251,S0004525,viewed,,,
2025-11-13,2025-11,United States,Apparel,Mobile,U02468,S0004712,viewed,,,
2025-11-13,2025-11,United States,Home,Tablet,U01628,S0004909,add_to_cart,,,
2025-11-13,2025-11,United States,Home,Tablet,U01628,S0004909,checkout_started,,,
2025-11-13,2025-11,United States,Home,Tablet,U01628,S0004909,purchased,4.0,133.72452553695769,534.9
2025-11-13,2025-11,United States,Home,Tablet,U01628,S0004909,viewed,,,
2025-11-13,2025-11,Canada,Electronics,Mobile,U01440,S0004975,viewed,,,
2025-11-13,2025-11,United States,Beauty,Mobile,U00493,S0004976,viewed,,,
2025-11-14,2025-11,United Kingdom,Electronics,Desktop,U00976,S0000092,viewed,,,
2025-11-14,2025-11,United States,Sports,Desktop,U00631,S0000103,add_to_cart,,,
2025-11-14,2025-11,United States,Sports,Desktop,U00631,S0000103,checkout_started,,,
2025-11-14,2025-11,United States,Sports,Desktop,U00631,S0000103,purchased,4.0,90.29235015653762,361.17
2025-11-14,2025-11,United States,Sports,Desktop,U00631,S0000103,viewed,,,
2025-11-14,2025-11,United Kingdom,Sports,Mobile,U00200,S0000166,viewed,,,
2025-11-14,2025-11,United States,Beauty,Mobile,U00810,S0000227,viewed,,,
2025-11-14,2025-11,United States,Home,Desktop,U02154,S0000291,viewed,,,
2025-11-14,2025-11,United Kingdom,Sports,Mobile,U00183,S0000336,viewed,,,
2025-11-14,2025-11,United States,Apparel,Mobile,U01196,S0000472,viewed,,,
2025-11-14,2025-11,United States,Electronics,Mobile,U01210,S0000654,viewed,,,
2025-11-14,2025-11,Germany,Home,Mobile,U02281,S0000837,viewed,,,
2025-11-14,2025-11,United States,Sports,Desktop,U00341,S0000885,viewed,,,
2025-11-14,2025-11,United States,Beauty,Desktop,U01610,S0001001,add_to_cart,,,
2025-11-14,2025-11,United States,Beauty,Desktop,U01610,S0001001,checkout_started,,,
2025-11-14,2025-11,United States,Beauty,Desktop,U01610,S0001001,viewed,,,
2025-11-14,2025-11,United States,Apparel,Desktop,U00062,S0001219,viewed,,,
2025-11-14,2025-11,United States,Home,Desktop,U00251,S0001334,viewed,,,
2025-11-14,2025-11,United States,Beauty,Mobile,U02055,S0001426,viewed,,,
2025-11-14,2025-11,Canada,Sports,Mobile,U01634,S0001574,add_to_cart,,,
2025-11-14,2025-11,Canada,Sports,Mobile,U01634,S0001574,checkout_started,,,
2025-11-14,2025-11,Canada,Sports,Mobile,U01634,S0001574,purchased,3.0,100.52016998991107,301.56
2025-11-14,2025-11,Canada,Sports,Mobile,U01634,S0001574,viewed,,,
2025-11-14,2025-11,United States,Home,Desktop,U00946,S0001749,viewed,,,
2025-11-14,2025-11,Germany,Home,Desktop,U01097,S0002093,viewed,,,
2025-11-14,2025-11,United States,Electronics,Tablet,U00403,S0002159,add_to_cart,,,
2025-11-14,2025-11,United States,Electronics,Tablet,U00403,S0002159,viewed,,,
2025-11-14,2025-11,Canada,Electronics,Desktop,U00119,S0002161,add_to_cart,,,
2025-11-14,2025-11,Canada,Electronics,Desktop,U00119,S0002161,checkout_started,,,
2025-11-14,2025-11,Canada,Electronics,Desktop,U00119,S0002161,viewed,,,
2025-11-14,2025-11,United States,Apparel,Desktop,U02054,S0002532,viewed,,,
2025-11-14,2025-11,Canada,Home,Desktop,U01042,S0002545,add_to_cart,,,
2025-11-14,2025-11,Canada,Home,Desktop,U01042,S0002545,checkout_started,,,
2025-11-14,2025-11,Canada,Home,Desktop,U01042,S0002545,purchased,2.0,106.97170156871374,213.94
2025-11-14,2025-11,Canada,Home,Desktop,U01042,S0002545,viewed,,,
2025-11-14,2025-11,Germany,Electronics,Desktop,U01671,S0002684,add_to_cart,,,
2025-11-14,2025-11,Germany,Electronics,Desktop,U01671,S0002684,checkout_started,,,
2025-11-14,2025-11,Germany,Electronics,Desktop,U01671,S0002684,purchased,3.0,109.33416046719458,328.0
2025-11-14,2025-11,Germany,Electronics,Desktop,U01671,S0002684,viewed,,,
2025-11-14,2025-11,Canada,Home,Desktop,U00312,S0002748,viewed,,,
2025-11-14,2025-11,Canada,Sports,Mobile,U01726,S0002935,viewed,,,
2025-11-14,2025-11,Canada,Home,Mobile,U01400,S0003010,viewed,,,
2025-11-14,2025-11,United States,Beauty,Mobile,U00985,S0003078,viewed,,,
2025-11-14,2025-11,United States,Beauty,Mobile,U01785,S0003198,add_to_cart,,,
2025-11-14,2025-11,United States,Beauty,Mobile,U01785,S0003198,viewed,,,
2025-11-14,2025-11,United States,Sports,Desktop,U00795,S0003208,viewed,,,
2025-11-14,2025-11,United States,Sports,Desktop,U02306,S0003246,viewed,,,
2025-11-14,2025-11,United States,Electronics,Desktop,U01774,S0003401,add_to_cart,,,
2025-11-14,2025-11,United States,Electronics,Desktop,U01774,S0003401,checkout_started,,,
2025-11-14,2025-11,United States,Electronics,Desktop,U01774,S0003401,purchased,2.0,183.41372446199617,366.83
2025-11-14,2025-11,United States,Electronics,Desktop,U01774,S0003401,viewed,,,
2025-11-14,2025-11,United States,Beauty,Mobile,U01380,S0003508,add_to_cart,,,
2025-11-14,2025-11,United States,Beauty,Mobile,U01380,S0003508,checkout_started,,,
2025-11-14,2025-11,United States,Beauty,Mobile,U01380,S0003508,purchased,3.0,22.78620138052988,68.36
2025-11-14,2025-11,United States,Beauty,Mobile,U01380,S0003508,viewed,,,
2025-11-14,2025-11,United Kingdom,Sports,Mobile,U02232,S0003713,viewed,,,
2025-11-14,2025-11,Canada,Home,Desktop,U00275,S0003769,add_to_cart,,,
2025-11-14,2025-11,Canada,Home,Desktop,U00275,S0003769,checkout_started,,,
2025-11-14,2025-11,Canada,Home,Desktop,U00275,S0003769,purchased,2.0,105.13202451673025,210.26
2025-11-14,2025-11,Canada,Home,Desktop,U00275,S0003769,viewed,,,
2025-11-14,2025-11,United States,Electronics,Mobile,U02025,S0003803,viewed,,,
2025-11-14,2025-11,United States,Home,Desktop,U02483,S0003833,add_to_cart,,,
2025-11-14,2025-11,United States,Home,Desktop,U02483,S0003833,checkout_started,,,
2025-11-14,2025-11,United States,Home,Desktop,U02483,S0003833,purchased,4.0,104.39967603363075,417.6
2025-11-14,2025-11,United States,Home,Desktop,U02483,S0003833,viewed,,,
2025-11-14,2025-11,United States,Beauty,Desktop,U00967,S0003868,add_to_cart,,,
2025-11-14,2025-11,United States,Beauty,Desktop,U00967,S0003868,checkout_started,,,
2025-11-14,2025-11,United States,Beauty,Desktop,U00967,S0003868,purchased,4.0,43.74307989797551,174.97
2025-11-14,2025-11,United States,Beauty,Desktop,U00967,S0003868,viewed,,,
2025-11-14,2025-11,United Kingdom,Beauty,Desktop,U01883,S0004054,add_to_cart,,,
2025-11-14,2025-11,United Kingdom,Beauty,Desktop,U01883,S0004054,viewed,,,
2025-11-14,2025-11,Germany,Electronics,Desktop,U02565,S0004206,viewed,,,
2025-11-14,2025-11,Canada,Electronics,Mobile,U00102,S0004288,viewed,,,
2025-11-14,2025-11,United States,Home,Mobile,U02062,S0004753,viewed,,,
2025-11-14,2025-11,United Kingdom,Electronics,Mobile,U01846,S0004810,add_to_cart,,,
2025-11-14,2025-11,United Kingdom,Electronics,Mobile,U01846,S0004810,viewed,,,
2025-11-15,2025-11,United States,Electronics,Mobile,U00252,S0000028,add_to_cart,,,
2025-11-15,2025-11,United States,Electronics,Mobile,U00252,S0000028,viewed,,,
2025-11-15,2025-11,Germany,Home,Mobile,U00963,S0000149,add_to_cart,,,
2025-11-15,2025-11,Germany,Home,Mobile,U00963,S0000149,viewed,,,
2025-11-15,2025-11,Canada,Home,Tablet,U00866,S0000433,viewed,,,
2025-11-15,2025-11,United States,Home,Mobile,U02261,S0000514,add_to_cart,,,
2025-11-15,2025-11,United States,Home,Mobile,U02261,S0000514,checkout_started,,,
2025-11-15,2025-11,United States,Home,Mobile,U02261,S0000514,viewed,,,
2025-11-15,2025-11,United Kingdom,Apparel,Mobile,U02389,S0000524,add_to_cart,,,
2025-11-15,2025-11,United Kingdom,Apparel,Mobile,U02389,S0000524,checkout_started,,,
2025-11-15,2025-11,United Kingdom,Apparel,Mobile,U02389,S0000524,viewed,,,
2025-11-15,2025-11,Canada,Home,Mobile,U01583,S0000605,viewed,,,
2025-11-15,2025-11,United Kingdom,Sports,Mobile,U01950,S0000741,viewed,,,
2025-11-15,2025-11,United States,Sports,Mobile,U02533,S0000794,viewed,,,
2025-11-15,2025-11,United States,Beauty,Tablet,U01570,S0000849,add_to_cart,,,
2025-11-15,2025-11,United States,Beauty,Tablet,U01570,S0000849,viewed,,,
2025-11-15,2025-11,Germany,Electronics,Mobile,U01867,S0000867,add_to_cart,,,
2025-11-15,2025-11,Germany,Electronics,Mobile,U01867,S0000867,checkout_started,,,
2025-11-15,2025-11,Germany,Electronics,Mobile,U01867,S0000867,purchased,2.0,123.56368301422818,247.13
2025-11-15,2025-11,Germany,Electronics,Mobile,U01867,S0000867,viewed,,,
2025-11-15,2025-11,Germany,Home,Tablet,U01270,S0001025,viewed,,,
2025-11-15,2025-11,Australia,Electronics,Mobile,U01236,S0001231,add_to_cart,,,
2025-11-15,2025-11,Australia,Electronics,Mobile,U01236,S0001231,checkout_started,,,
2025-11-15,2025-11,Australia,Electronics,Mobile,U01236,S0001231,viewed,,,
2025-11-15,2025-11,United Kingdom,Home,Mobile,U02342,S0001264,add_to_cart,,,
2025-11-15,2025-11,United Kingdom,Home,Mobile,U02342,S0001264,checkout_started,,,
2025-11-15,2025-11,United Kingdom,Home,Mobile,U02342,S0001264,purchased,4.0,85.70167766159398,342.81
2025-11-15,2025-11,United Kingdom,Home,Mobile,U02342,S0001264,viewed,,,
2025-11-15,2025-11,United States,Electronics,Mobile,U02544,S0001535,viewed,,,
2025-11-15,2025-11,United States,Beauty,Desktop,U01418,S0001587,viewed,,,
2025-11-15,2025-11,United States,Home,Mobile,U01235,S0001603,viewed,,,
2025-11-15,2025-11,United Kingdom,Apparel,Mobile,U01298,S0001843,viewed,,,
2025-11-15,2025-11,United States,Beauty,Desktop,U01225,S0001923,viewed,,,
2025-11-15,2025-11,United States,Home,Desktop,U01833,S0001964,add_to_cart,,,
2025-11-15,2025-11,United States,Home,Desktop,U01833,S0001964,checkout_started,,,
2025-11-15,2025-11,United States,Home,Desktop,U01833,S0001964,purchased,2.0,60.761762242977035,121.52
2025-11-15,2025-11,United States,Home,Desktop,U01833,S0001964,viewed,,,
2025-11-15,2025-11,United States,Home,Desktop,U00212,S0001965,viewed,,,
2025-11-15,2025-11,Australia,Electronics,Desktop,U02295,S0002196,viewed,,,
2025-11-15,2025-11,United States,Beauty,Desktop,U00459,S0002288,add_to_cart,,,
2025-11-15,2025-11,United States,Beauty,Desktop,U00459,S0002288,checkout_started,,,
2025-11-15,2025-11,United States,Beauty,Desktop,U00459,S0002288,purchased,4.0,32.8630195834384,131.45
2025-11-15,2025-11,United States,Beauty,Desktop,U00459,S0002288,viewed,,,
2025-11-15,2025-11,United States,Electronics,Mobile,U02314,S0002326,viewed,,,
2025-11-15,2025-11,Canada,Home,Desktop,U00549,S0002334,viewed,,,
2025-11-15,2025-11,United States,Apparel,Desktop,U00988,S0002338,add_to_cart,,,
2025-11-15,2025-11,United States,Apparel,Desktop,U00988,S0002338,checkout_started,,,
2025-11-15,2025-11,United States,Apparel,Desktop,U00988,S0002338,purchased,1.0,25.292115105420343,25.29
2025-11-15,2025-11,United States,Apparel,Desktop,U00988,S0002338,viewed,,,
2025-11-15,2025-11,Germany,Electronics,Mobile,U00246,S0002372,add_to_cart,,,
2025-11-15,2025-11,Germany,Electronics,Mobile,U00246,S0002372,checkout_started,,,
2025-11-15,2025-11,Germany,Electronics,Mobile,U00246,S0002372,purchased,3.0,91.85992663597867,275.58
2025-11-15,2025-11,Germany,Electronics,Mobile,U00246,S0002372,viewed,,,
2025-11-15,2025-11,United States,Beauty,Mobile,U00723,S0002516,add_to_cart,,,
2025-11-15,2025-11,United States,Beauty,Mobile,U00723,S0002516,checkout_started,,,
2025-11-15,2025-11,United States,Beauty,Mobile,U00723,S0002516,purchased,4.0,47.60465595019416,190.42
2025-11-15,2025-11,United States,Beauty,Mobile,U00723,S0002516,viewed,,,
2025-11-15,2025-11,United States,Electronics,Mobile,U01166,S0002873,viewed,,,
2025-11-15,2025-11,Canada,Apparel,Desktop,U02576,S0002945,viewed,,,
2025-11-15,2025-11,Australia,Apparel,Desktop,U01100,S0002984,viewed,,,
2025-11-15,2025-11,Canada,Home,Desktop,U01150,S0003082,add_to_cart,,,
2025-11-15,2025-11,Canada,Home,Desktop,U01150,S0003082,checkout_started,,,
2025-11-15,2025-11,Canada,Home,Desktop,U01150,S0003082,purchased,2.0,69.15795090843454,138.32
2025-11-15,2025-11,Canada,Home,Desktop,U01150,S0003082,viewed,,,
2025-11-15,2025-11,United States,Apparel,Desktop,U01217,S0003169,add_to_cart,,,
2025-11-15,2025-11,United States,Apparel,Desktop,U01217,S0003169,checkout_started,,,
2025-11-15,2025-11,United States,Apparel,Desktop,U01217,S0003169,purchased,3.0,35.10632954900463,105.32
2025-11-15,2025-11,United States,Apparel,Desktop,U01217,S0003169,viewed,,,
2025-11-15,2025-11,United States,Sports,Desktop,U00332,S0003364,viewed,,,
2025-11-15,2025-11,United States,Electronics,Desktop,U02309,S0003455,add_to_cart,,,
2025-11-15,2025-11,United States,Electronics,Desktop,U02309,S0003455,checkout_started,,,
2025-11-15,2025-11,United States,Electronics,Desktop,U02309,S0003455,purchased,4.0,147.16510603343568,588.66
2025-11-15,2025-11,United States,Electronics,Desktop,U02309,S0003455,viewed,,,
2025-11-15,2025-11,Canada,Apparel,Mobile,U01507,S0003521,viewed,,,
2025-11-15,2025-11,United States,Electronics,Desktop,U00285,S0003890,add_to_cart,,,
2025-11-15,2025-11,United States,Electronics,Desktop,U00285,S0003890,checkout_started,,,
2025-11-15,2025-11,United States,Electronics,Desktop,U00285,S0003890,purchased,3.0,142.38902425809124,427.17
2025-11-15,2025-11,United States,Electronics,Desktop,U00285,S0003890,viewed,,,
2025-11-15,2025-11,United States,Sports,Mobile,U01120,S0004223,viewed,,,
2025-11-15,2025-11,United States,Beauty,Desktop,U01684,S0004243,add_to_cart,,,
2025-11-15,2025-11,United States,Beauty,Desktop,U01684,S0004243,checkout_started,,,
2025-11-15,2025-11,United States,Beauty,Desktop,U01684,S0004243,purchased,4.0,55.888315957650484,223.55
2025-11-15,2025-11,United States,Beauty,Desktop,U01684,S0004243,viewed,,,
2025-11-15,2025-11,United States,Beauty,Mobile,U00345,S0004356,add_to_cart,,,
2025-11-15,2025-11,United States,Beauty,Mobile,U00345,S0004356,checkout_started,,,
2025-11-15,2025-11,United States,Beauty,Mobile,U00345,S0004356,purchased,3.0,48.475654996216335,145.43
2025-11-15,2025-11,United States,Beauty,Mobile,U00345,S0004356,viewed,,,
2025-11-15,2025-11,Australia,Electronics,Desktop,U00743,S0004374,add_to_cart,,,
2025-11-15,2025-11,Australia,Electronics,Desktop,U00743,S0004374,checkout_started,,,
2025-11-15,2025-11,Australia,Electronics,Desktop,U00743,S0004374,viewed,,,
2025-11-15,2025-11,Germany,Home,Mobile,U01738,S0004392,add_to_cart,,,
2025-11-15,2025-11,Germany,Home,Mobile,U01738,S0004392,viewed,,,
2025-11-15,2025-11,Canada,Beauty,Desktop,U02599,S0004637,add_to_cart,,,
2025-11-15,2025-11,Canada,Beauty,Desktop,U02599,S0004637,checkout_started,,,
2025-11-15,2025-11,Canada,Beauty,Desktop,U02599,S0004637,purchased,1.0,50.996660493231275,51.0
2025-11-15,2025-11,Canada,Beauty,Desktop,U02599,S0004637,viewed,,,
2025-11-15,2025-11,Canada,Sports,Mobile,U00799,S0004970,add_to_cart,,,
2025-11-15,2025-11,Canada,Sports,Mobile,U00799,S0004970,checkout_started,,,
2025-11-15,2025-11,Canada,Sports,Mobile,U00799,S0004970,purchased,2.0,33.27854634418994,66.56
2025-11-15,2025-11,Canada,Sports,Mobile,U00799,S0004970,viewed,,,
2025-11-15,2025-11,United States,Electronics,Desktop,U00918,S0004998,viewed,,,
2025-11-16,2025-11,United States,Apparel,Mobile,U01426,S0000038,viewed,,,
2025-11-16,2025-11,United States,Sports,Desktop,U01136,S0000084,add_to_cart,,,
2025-11-16,2025-11,United States,Sports,Desktop,U01136,S0000084,viewed,,,
2025-11-16,2025-11,United States,Apparel,Mobile,U01372,S0000090,viewed,,,
2025-11-16,2025-11,Canada,Sports,Desktop,U01430,S0000101,add_to_cart,,,
2025-11-16,2025-11,Canada,Sports,Desktop,U01430,S0000101,checkout_started,,,
2025-11-16,2025-11,Canada,Sports,Desktop,U01430,S0000101,purchased,1.0,107.9710276574296,107.97
2025-11-16,2025-11,Canada,Sports,Desktop,U01430,S0000101,viewed,,,
2025-11-16,2025-11,Canada,Apparel,Mobile,U02582,S0000302,viewed,,,
2025-11-16,2025-11,United States,Electronics,Desktop,U02327,S0000334,add_to_cart,,,
2025-11-16,2025-11,United States,Electronics,Desktop,U02327,S0000334,checkout_started,,,
2025-11-16,2025-11,United States,Electronics,Desktop,U02327,S0000334,viewed,,,
2025-11-16,2025-11,United States,Apparel,Mobile,U02566,S0000388,add_to_cart,,,
2025-11-16,2025-11,United States,Apparel,Mobile,U02566,S0000388,viewed,,,
2025-11-16,2025-11,United States,Electronics,Mobile,U00242,S0000482,add_to_cart,,,
2025-11-16,2025-11,United States,Electronics,Mobile,U00242,S0000482,checkout_started,,,
2025-11-16,2025-11,United States,Electronics,Mobile,U00242,S0000482,purchased,4.0,152.95502401940794,611.82
2025-11-16,2025-11,United States,Electronics,Mobile,U00242,S0000482,viewed,,,
2025-11-16,2025-11,Canada,Home,Desktop,U00569,S0000545,add_to_cart,,,
2025-11-16,2025-11,Canada,Home,Desktop,U00569,S0000545,checkout_started,,,
2025-11-16,2025-11,Canada,Home,Desktop,U00569,S0000545,purchased,3.0,116.27009779409738,348.81
2025-11-16,2025-11,Canada,Home,Desktop,U00569,S0000545,viewed,,,
2025-11-16,2025-11,United States,Sports,Desktop,U01706,S0000553,viewed,,,
2025-11-16,2025-11,United States,Home,Mobile,U02173,S0000582,viewed,,,
2025-11-16,2025-11,United States,Electronics,Mobile,U00722,S0000611,viewed,,,
2025-11-16,2025-11,Germany,Electronics,Desktop,U00150,S0000816,viewed,,,
2025-11-16,2025-11,United States,Beauty,Mobile,U00610,S0001040,viewed,,,
2025-11-16,2025-11,Germany,Beauty,Mobile,U01652,S0001080,viewed,,,
2025-11-16,2025-11,United States,Electronics,Mobile,U01770,S0001097,viewed,,,
2025-11-16,2025-11,United States,Beauty,Tablet,U01571,S0001650,viewed,,,
2025-11-16,2025-11,Canada,Home,Desktop,U02343,S0001865,viewed,,,
2025-11-16,2025-11,Canada,Electronics,Mobile,U00184,S0001933,viewed,,,
2025-11-16,2025-11,United Kingdom,Beauty,Desktop,U00518,S0001971,add_to_cart,,,
2025-11-16,2025-11,United Kingdom,Beauty,Desktop,U00518,S0001971,viewed,,,
2025-11-16,2025-11,Canada,Electronics,Mobile,U01376,S0001987,add_to_cart,,,
2025-11-16,2025-11,Canada,Electronics,Mobile,U01376,S0001987,checkout_started,,,
2025-11-16,2025-11,Canada,Electronics,Mobile,U01376,S0001987,purchased,2.0,153.89800643224913,307.8
2025-11-16,2025-11,Canada,Electronics,Mobile,U01376,S0001987,viewed,,,
2025-11-16,2025-11,Germany,Sports,Desktop,U00888,S0002081,viewed,,,
2025-11-16,2025-11,Australia,Apparel,Mobile,U01172,S0002246,add_to_cart,,,
2025-11-16,2025-11,Australia,Apparel,Mobile,U01172,S0002246,viewed,,,
2025-11-16,2025-11,Australia,Electronics,Mobile,U02121,S0002286,viewed,,,
2025-11-16,2025-11,United States,Beauty,Desktop,U01492,S0002406,viewed,,,
2025-11-16,2025-11,United States,Electronics,Mobile,U01972,S0002424,viewed,,,
2025-11-16,2025-11,Australia,Apparel,Mobile,U01581,S0002455,add_to_cart,,,
2025-11-16,2025-11,Australia,Apparel,Mobile,U01581,S0002455,viewed,,,
2025-11-16,2025-11,Germany,Beauty,Mobile,U00053,S0002610,add_to_cart,,,
2025-11-16,2025-11,Germany,Beauty,Mobile,U00053,S0002610,checkout_started,,,
2025-11-16,2025-11,Germany,Beauty,Mobile,U00053,S0002610,purchased,1.0,28.03632400306853,28.04
2025-11-16,2025-11,Germany,Beauty,Mobile,U00053,S0002610,viewed,,,
2025-11-16,2025-11,United States,Home,Mobile,U02404,S0002790,viewed,,,
2025-11-16,2025-11,Canada,Home,Mobile,U01329,S0002822,viewed,,,
2025-11-16,2025-11,United States,Home,Mobile,U02056,S0002863,viewed,,,
2025-11-16,2025-11,United States,Electronics,Tablet,U00661,S0003051,add_to_cart,,,
2025-11-16,2025-11,United States,Electronics,Tablet,U00661,S0003051,checkout_started,,,
2025-11-16,2025-11,United States,Electronics,Tablet,U00661,S0003051,purchased,3.0,197.4149072072398,592.24
2025-11-16,2025-11,United States,Electronics,Tablet,U00661,S0003051,viewed,,,
2025-11-16,2025-11,United States,Beauty,Mobile,U00549,S0003067,viewed,,,
2025-11-16,2025-11,United States,Apparel,Mobile,U01168,S0003127,add_to_cart,,,
2025-11-16,2025-11,United States,Apparel,Mobile,U01168,S0003127,viewed,,,
2025-11-16,2025-11,United States,Electronics,Desktop,U00455,S0003148,viewed,,,
2025-11-16,2025-11,Germany,Beauty,Desktop,U00570,S0003190,viewed,,,
2025-11-16,2025-11,Canada,Beauty,Desktop,U01996,S0003230,add_to_cart,,,
2025-11-16,2025-11,Canada,Beauty,Desktop,U01996,S0003230,checkout_started,,,
2025-11-16,2025-11,Canada,Beauty,Desktop,U01996,S0003230,purchased,4.0,48.665709282521696,194.66
2025-11-16,2025-11,Canada,Beauty,Desktop,U01996,S0003230,viewed,,,
2025-11-16,2025-11,United States,Home,Mobile,U00614,S0003381,viewed,,,
2025-11-16,2025-11,United States,Electronics,Mobile,U01780,S0003440,viewed,,,
2025-11-16,2025-11,Australia,Apparel,Tablet,U01895,S0003523,add_to_cart,,,
2025-11-16,2025-11,Australia,Apparel,Tablet,U01895,S0003523,checkout_started,,,
2025-11-16,2025-11,Australia,Apparel,Tablet,U01895,S0003523,purchased,1.0,58.70927668596807,58.71
2025-11-16,2025-11,Australia,Apparel,Tablet,U01895,S0003523,viewed,,,
2025-11-16,2025-11,United States,Sports,Mobile,U01968,S0003540,viewed,,,
2025-11-16,2025-11,United States,Electronics,Mobile,U00605,S0003625,viewed,,,
2025-11-16,2025-11,Germany,Home,Desktop,U00008,S0003630,add_to_cart,,,
2025-11-16,2025-11,Germany,Home,Desktop,U00008,S0003630,checkout_started,,,
2025-11-16,2025-11,Germany,Home,Desktop,U00008,S0003630,purchased,2.0,74.38522478112355,148.77
2025-11-16,2025-11,Germany,Home,Desktop,U00008,S0003630,viewed,,,
2025-11-16,2025-11,Canada,Apparel,Mobile,U01123,S0003740,add_to_cart,,,
2025-11-16,2025-11,Canada,Apparel,Mobile,U01123,S0003740,checkout_started,,,
2025-11-16,2025-11,Canada,Apparel,Mobile,U01123,S0003740,purchased,4.0,62.70009750588424,250.8
2025-11-16,2025-11,Canada,Apparel,Mobile,U01123,S0003740,viewed,,,
2025-11-16,2025-11,United Kingdom,Apparel,Tablet,U00054,S0004073,add_to_cart,,,
2025-11-16,2025-11,United Kingdom,Apparel,Tablet,U00054,S0004073,viewed,,,
2025-11-16,2025-11,Australia,Sports,Tablet,U00047,S0004483,add_to_cart,,,
2025-11-16,2025-11,Australia,Sports,Tablet,U00047,S0004483,viewed,,,
2025-11-16,2025-11,United Kingdom,Sports,Mobile,U01426,S0004539,add_to_cart,,,
2025-11-16,2025-11,United Kingdom,Sports,Mobile,U01426,S0004539,checkout_started,,,
2025-11-16,2025-11,United Kingdom,Sports,Mobile,U01426,S0004539,purchased,4.0,27.978396398369455,111.91
2025-11-16,2025-11,United Kingdom,Sports,Mobile,U01426,S0004539,viewed,,,
2025-11-16,2025-11,Australia,Sports,Desktop,U00536,S0004623,add_to_cart,,,
2025-11-16,2025-11,Australia,Sports,Desktop,U00536,S0004623,viewed,,,
2025-11-16,2025-11,United States,Apparel,Mobile,U00481,S0004661,add_to_cart,,,
2025-11-16,2025-11,United States,Apparel,Mobile,U00481,S0004661,checkout_started,,,
2025-11-16,2025-11,United States,Apparel,Mobile,U00481,S0004661,purchased,1.0,69.07520390352667,69.08
2025-11-16,2025-11,United States,Apparel,Mobile,U00481,S0004661,viewed,,,
2025-11-16,2025-11,United Kingdom,Apparel,Mobile,U01774,S0004666,add_to_cart,,,
2025-11-16,2025-11,United Kingdom,Apparel,Mobile,U01774,S0004666,viewed,,,
2025-11-16,2025-11,United States,Sports,Desktop,U01047,S0004675,add_to_cart,,,
2025-11-16,2025-11,United States,Sports,Desktop,U01047,S0004675,viewed,,,
2025-11-16,2025-11,United States,Beauty,Mobile,U01705,S0004696,add_to_cart,,,
2025-11-16,2025-11,United States,Beauty,Mobile,U01705,S0004696,checkout_started,,,
2025-11-16,2025-11,United States,Beauty,Mobile,U01705,S0004696,purchased,4.0,49.391233370602016,197.56
2025-11-16,2025-11,United States,Beauty,Mobile,U01705,S0004696,viewed,,,
2025-11-16,2025-11,Australia,Electronics,Desktop,U01314,S0004722,add_to_cart,,,
2025-11-16,2025-11,Australia,Electronics,Desktop,U01314,S0004722,viewed,,,
2025-11-16,2025-11,United States,Apparel,Desktop,U01036,S0004735,add_to_cart,,,
2025-11-16,2025-11,United States,Apparel,Desktop,U01036,S0004735,checkout_started,,,
2025-11-16,2025-11,United States,Apparel,Desktop,U01036,S0004735,viewed,,,
2025-11-16,2025-11,United States,Beauty,Mobile,U01970,S0004862,add_to_cart,,,
2025-11-16,2025-11,United States,Beauty,Mobile,U01970,S0004862,viewed,,,
2025-11-16,2025-11,United States,Electronics,Mobile,U00963,S0004934,viewed,,,
2025-11-16,2025-11,Australia,Home,Desktop,U01567,S0004973,viewed,,,
2025-11-17,2025-11,Canada,Home,Mobile,U02029,S0000019,viewed,,,
2025-11-17,2025-11,United States,Electronics,Mobile,U00122,S0000093,viewed,,,
2025-11-17,2025-11,Canada,Beauty,Desktop,U01701,S0000361,add_to_cart,,,
2025-11-17,2025-11,Canada,Beauty,Desktop,U01701,S0000361,checkout_started,,,
2025-11-17,2025-11,Canada,Beauty,Desktop,U01701,S0000361,purchased,3.0,40.337614651925726,121.01
2025-11-17,2025-11,Canada,Beauty,Desktop,U01701,S0000361,viewed,,,
2025-11-17,2025-11,United States,Home,Mobile,U01346,S0000459,viewed,,,
2025-11-17,2025-11,United States,Apparel,Mobile,U00668,S0000477,viewed,,,
2025-11-17,2025-11,United States,Electronics,Tablet,U02356,S0000513,viewed,,,
2025-11-17,2025-11,United States,Electronics,Mobile,U02101,S0000589,add_to_cart,,,
2025-11-17,2025-11,United States,Electronics,Mobile,U02101,S0000589,checkout_started,,,
2025-11-17,2025-11,United States,Electronics,Mobile,U02101,S0000589,purchased,1.0,163.52056898702986,163.52
2025-11-17,2025-11,United States,Electronics,Mobile,U02101,S0000589,viewed,,,
2025-11-17,2025-11,Canada,Apparel,Desktop,U02201,S0000590,add_to_cart,,,
2025-11-17,2025-11,Canada,Apparel,Desktop,U02201,S0000590,checkout_started,,,
2025-11-17,2025-11,Canada,Apparel,Desktop,U02201,S0000590,viewed,,,
2025-11-17,2025-11,United States,Electronics,Desktop,U01778,S0000723,add_to_cart,,,
2025-11-17,2025-11,United States,Electronics,Desktop,U01778,S0000723,checkout_started,,,
2025-11-17,2025-11,United States,Electronics,Desktop,U01778,S0000723,purchased,1.0,109.40484970890488,109.4
2025-11-17,2025-11,United States,Electronics,Desktop,U01778,S0000723,viewed,,,
2025-11-17,2025-11,United States,Electronics,Mobile,U01281,S0000775,viewed,,,
2025-11-17,2025-11,United Kingdom,Apparel,Desktop,U02374,S0000865,add_to_cart,,,
2025-11-17,2025-11,United Kingdom,Apparel,Desktop,U02374,S0000865,checkout_started,,,
2025-11-17,2025-11,United Kingdom,Apparel,Desktop,U02374,S0000865,purchased,4.0,28.363795274211007,113.46
2025-11-17,2025-11,United Kingdom,Apparel,Desktop,U02374,S0000865,viewed,,,
2025-11-17,2025-11,United Kingdom,Electronics,Mobile,U02293,S0000868,add_to_cart,,,
2025-11-17,2025-11,United Kingdom,Electronics,Mobile,U02293,S0000868,viewed,,,
2025-11-17,2025-11,United States,Sports,Desktop,U02157,S0000963,viewed,,,
2025-11-17,2025-11,United States,Apparel,Mobile,U00288,S0001016,add_to_cart,,,
2025-11-17,2025-11,United States,Apparel,Mobile,U00288,S0001016,checkout_started,,,
2025-11-17,2025-11,United States,Apparel,Mobile,U00288,S0001016,purchased,2.0,69.42788521238396,138.86
2025-11-17,2025-11,United States,Apparel,Mobile,U00288,S0001016,viewed,,,
2025-11-17,2025-11,Germany,Beauty,Desktop,U02312,S0001024,viewed,,,
2025-11-17,2025-11,Germany,Sports,Mobile,U01988,S0001086,add_to_cart,,,
2025-11-17,2025-11,Germany,Sports,Mobile,U01988,S0001086,checkout_started,,,
2025-11-17,2025-11,Germany,Sports,Mobile,U01988,S0001086,purchased,3.0,69.12705794816401,207.38
2025-11-17,2025-11,Germany,Sports,Mobile,U01988,S0001086,viewed,,,
2025-11-17,2025-11,Canada,Apparel,Mobile,U00458,S0001093,viewed,,,
2025-11-17,2025-11,United States,Sports,Desktop,U00361,S0001125,viewed,,,
2025-11-17,2025-11,United States,Home,Desktop,U00636,S0001126,viewed,,,
2025-11-17,2025-11,Canada,Electronics,Tablet,U02506,S0001144,viewed,,,
2025-11-17,2025-11,Canada,Home,Mobile,U01229,S0001500,viewed,,,
2025-11-17,2025-11,United States,Beauty,Desktop,U00344,S0001599,viewed,,,
2025-11-17,2025-11,Canada,Home,Mobile,U02307,S0001657,add_to_cart,,,
2025-11-17,2025-11,Canada,Home,Mobile,U02307,S0001657,viewed,,,
2025-11-17,2025-11,United Kingdom,Electronics,Desktop,U01506,S0001659,viewed,,,
2025-11-17,2025-11,United States,Apparel,Desktop,U00890,S0001844,viewed,,,
2025-11-17,2025-11,Germany,Sports,Mobile,U00489,S0001884,viewed,,,
2025-11-17,2025-11,United States,Apparel,Desktop,U00738,S0001961,add_to_cart,,,
2025-11-17,2025-11,United States,Apparel,Desktop,U00738,S0001961,checkout_started,,,
2025-11-17,2025-11,United States,Apparel,Desktop,U00738,S0001961,viewed,,,
2025-11-17,2025-11,Canada,Apparel,Mobile,U01423,S0001969,viewed,,,
2025-11-17,2025-11,Canada,Sports,Desktop,U00448,S0002036,viewed,,,
2025-11-17,2025-11,United Kingdom,Electronics,Mobile,U00733,S0002149,viewed,,,
2025-11-17,2025-11,United States,Sports,Mobile,U01878,S0002168,viewed,,,
2025-11-17,2025-11,United States,Home,Mobile,U00572,S0002208,viewed,,,
2025-11-17,2025-11,United States,Apparel,Mobile,U01530,S0002439,add_to_cart,,,
2025-11-17,2025-11,United States,Apparel,Mobile,U01530,S0002439,checkout_started,,,
2025-11-17,2025-11,United States,Apparel,Mobile,U01530,S0002439,purchased,1.0,78.49707210255161,78.5
2025-11-17,2025-11,United States,Apparel,Mobile,U01530,S0002439,viewed,,,
2025-11-17,2025-11,United States,Home,Mobile,U02024,S0002451,add_to_cart,,,
2025-11-17,2025-11,United States,Home,Mobile,U02024,S0002451,viewed,,,
2025-11-17,2025-11,United Kingdom,Electronics,Desktop,U01465,S0002457,add_to_cart,,,
2025-11-17,2025-11,United Kingdom,Electronics,Desktop,U01465,S0002457,checkout_started,,,
2025-11-17,2025-11,United Kingdom,Electronics,Desktop,U01465,S0002457,purchased,4.0,163.00175786974864,652.01
2025-11-17,2025-11,United Kingdom,Electronics,Desktop,U01465,S0002457,viewed,,,
2025-11-17,2025-11,United States,Beauty,Mobile,U02435,S0002621,viewed,,,
2025-11-17,2025-11,Canada,Apparel,Mobile,U00722,S0002704,viewed,,,
2025-11-17,2025-11,United States,Apparel,Tablet,U01724,S0002784,add_to_cart,,,
2025-11-17,2025-11,United States,Apparel,Tablet,U01724,S0002784,checkout_started,,,
2025-11-17,2025-11,United States,Apparel,Tablet,U01724,S0002784,viewed,,,
2025-11-17,2025-11,United States,Beauty,Desktop,U02250,S0002826,viewed,,,
2025-11-17,2025-11,United States,Home,Mobile,U00827,S0003231,add_to_cart,,,
2025-11-17,2025-11,United States,Home,Mobile,U00827,S0003231,checkout_started,,,
2025-11-17,2025-11,United States,Home,Mobile,U00827,S0003231,purchased,4.0,64.63123884114512,258.52
2025-11-17,2025-11,United States,Home,Mobile,U00827,S0003231,viewed,,,
2025-11-17,2025-11,Canada,Home,Desktop,U00185,S0003316,viewed,,,
2025-11-17,2025-11,Canada,Apparel,Desktop,U01066,S0003459,add_to_cart,,,
2025-11-17,2025-11,Canada,Apparel,Desktop,U01066,S0003459,viewed,,,
2025-11-17,2025-11,Canada,Electronics,Desktop,U01191,S0003507,viewed,,,
2025-11-17,2025-11,Australia,Electronics,Desktop,U00407,S0003572,viewed,,,
2025-11-17,2025-11,United States,Sports,Mobile,U00731,S0003629,add_to_cart,,,
2025-11-17,2025-11,United States,Sports,Mobile,U00731,S0003629,checkout_started,,,
2025-11-17,2025-11,United States,Sports,Mobile,U00731,S0003629,purchased,2.0,82.4311479685894,164.86
2025-11-17,2025-11,United States,Sports,Mobile,U00731,S0003629,viewed,,,
2025-11-17,2025-11,United States,Home,Mobile,U02226,S0003998,viewed,,,
2025-11-17,2025-11,United States,Beauty,Tablet,U00049,S0004002,viewed,,,
2025-11-17,2025-11,Canada,Apparel,Desktop,U02183,S0004057,add_to_cart,,,
2025-11-17,2025-11,Canada,Apparel,Desktop,U02183,S0004057,viewed,,,
2025-11-17,2025-11,United States,Electronics,Mobile,U01757,S0004108,add_to_cart,,,
2025-11-17,2025-11,United States,Electronics,Mobile,U01757,S0004108,checkout_started,,,
2025-11-17,2025-11,United States,Electronics,Mobile,U01757,S0004108,purchased,4.0,189.59851208717848,758.39
2025-11-17,2025-11,United States,Electronics,Mobile,U01757,S0004108,viewed,,,
2025-11-17,2025-11,Australia,Home,Desktop,U00575,S0004280,add_to_cart,,,
2025-11-17,2025-11,Australia,Home,Desktop,U00575,S0004280,checkout_started,,,
2025-11-17,2025-11,Australia,Home,Desktop,U00575,S0004280,purchased,1.0,74.98366519420684,74.98
2025-11-17,2025-11,Australia,Home,Desktop,U00575,S0004280,viewed,,,
2025-11-17,2025-11,United States,Beauty,Desktop,U01976,S0004366,add_to_cart,,,
2025-11-17,2025-11,United States,Beauty,Desktop,U01976,S0004366,checkout_started,,,
2025-11-17,2025-11,United States,Beauty,Desktop,U01976,S0004366,viewed,,,
2025-11-17,2025-11,United Kingdom,Electronics,Mobile,U01161,S0004548,add_to_cart,,,
2025-11-17,2025-11,United Kingdom,Electronics,Mobile,U01161,S0004548,checkout_started,,,
2025-11-17,2025-11,United Kingdom,Electronics,Mobile,U01161,S0004548,viewed,,,
2025-11-17,2025-11,United Kingdom,Apparel,Mobile,U00931,S0004641,add_to_cart,,,
2025-11-17,2025-11,United Kingdom,Apparel,Mobile,U00931,S0004641,checkout_started,,,
2025-11-17,2025-11,United Kingdom,Apparel,Mobile,U00931,S0004641,purchased,1.0,55.266513340297905,55.27
2025-11-17,2025-11,United Kingdom,Apparel,Mobile,U00931,S0004641,viewed,,,
2025-11-17,2025-11,United States,Apparel,Desktop,U00390,S0004762,viewed,,,
2025-11-17,2025-11,United States,Electronics,Mobile,U01229,S0004785,viewed,,,
2025-11-17,2025-11,Germany,Electronics,Desktop,U01488,S0004847,viewed,,,
2025-11-17,2025-11,Canada,Apparel,Desktop,U00834,S0004857,viewed,,,
2025-11-17,2025-11,Canada,Sports,Mobile,U01442,S0004891,add_to_cart,,,
2025-11-17,2025-11,Canada,Sports,Mobile,U01442,S0004891,viewed,,,
2025-11-17,2025-11,United States,Beauty,Mobile,U01747,S0004919,add_to_cart,,,
2025-11-17,2025-11,United States,Beauty,Mobile,U01747,S0004919,checkout_started,,,
2025-11-17,2025-11,United States,Beauty,Mobile,U01747,S0004919,purchased,2.0,68.71757622021943,137.44
2025-11-17,2025-11,United States,Beauty,Mobile,U01747,S0004919,viewed,,,
2025-11-17,2025-11,United Kingdom,Apparel,Mobile,U02104,S0004943,add_to_cart,,,
2025-11-17,2025-11,United Kingdom,Apparel,Mobile,U02104,S0004943,viewed,,,
2025-11-18,2025-11,United States,Electronics,Mobile,U02471,S0000006,viewed,,,
2025-11-18,2025-11,Germany,Sports,Desktop,U02378,S0000037,add_to_cart,,,
2025-11-18,2025-11,Germany,Sports,Desktop,U02378,S0000037,checkout_started,,,
2025-11-18,2025-11,Germany,Sports,Desktop,U02378,S0000037,purchased,1.0,105.2142654581799,105.21
2025-11-18,2025-11,Germany,Sports,Desktop,U02378,S0000037,viewed,,,
2025-11-18,2025-11,Canada,Electronics,Mobile,U00300,S0000125,viewed,,,
2025-11-18,2025-11,Germany,Sports,Mobile,U01952,S0000146,viewed,,,
2025-11-18,2025-11,Canada,Apparel,Mobile,U00412,S0000151,viewed,,,
2025-11-18,2025-11,Australia,Beauty,Desktop,U01285,S0000232,viewed,,,
2025-11-18,2025-11,Australia,Beauty,Mobile,U00013,S0000297,add_to_cart,,,
2025-11-18,2025-11,Australia,Beauty,Mobile,U00013,S0000297,checkout_started,,,
2025-11-18,2025-11,Australia,Beauty,Mobile,U00013,S0000297,purchased,1.0,34.630480363836014,34.63
2025-11-18,2025-11,Australia,Beauty,Mobile,U00013,S0000297,viewed,,,
2025-11-18,2025-11,United States,Beauty,Tablet,U00352,S0000560,add_to_cart,,,
2025-11-18,2025-11,United States,Beauty,Tablet,U00352,S0000560,checkout_started,,,
2025-11-18,2025-11,United States,Beauty,Tablet,U00352,S0000560,purchased,3.0,52.1656824819916,156.5
2025-11-18,2025-11,United States,Beauty,Tablet,U00352,S0000560,viewed,,,
2025-11-18,2025-11,United Kingdom,Beauty,Desktop,U00310,S0000610,viewed,,,
2025-11-18,2025-11,United Kingdom,Beauty,Mobile,U01755,S0000643,viewed,,,
2025-11-18,2025-11,United States,Electronics,Mobile,U02549,S0000650,add_to_cart,,,
2025-11-18,2025-11,United States,Electronics,Mobile,U02549,S0000650,checkout_started,,,
2025-11-18,2025-11,United States,Electronics,Mobile,U02549,S0000650,purchased,1.0,169.32533571622662,169.33
2025-11-18,2025-11,United States,Electronics,Mobile,U02549,S0000650,viewed,,,
2025-11-18,2025-11,United States,Apparel,Mobile,U00330,S0000780,viewed,,,
2025-11-18,2025-11,Canada,Home,Mobile,U00664,S0000835,add_to_cart,,,
2025-11-18,2025-11,Canada,Home,Mobile,U00664,S0000835,checkout_started,,,
2025-11-18,2025-11,Canada,Home,Mobile,U00664,S0000835,viewed,,,
2025-11-18,2025-11,Germany,Home,Desktop,U01529,S0000856,viewed,,,
2025-11-18,2025-11,United States,Sports,Mobile,U02565,S0000882,add_to_cart,,,
2025-11-18,2025-11,United States,Sports,Mobile,U02565,S0000882,checkout_started,,,
2025-11-18,2025-11,United States,Sports,Mobile,U02565,S0000882,viewed,,,
2025-11-18,2025-11,Canada,Beauty,Desktop,U00730,S0001007,add_to_cart,,,
2025-11-18,2025-11,Canada,Beauty,Desktop,U00730,S0001007,viewed,,,
2025-11-18,2025-11,United States,Home,Mobile,U01023,S0001042,viewed,,,
2025-11-18,2025-11,United States,Home,Desktop,U00428,S0001127,viewed,,,
2025-11-18,2025-11,United Kingdom,Beauty,Mobile,U02259,S0001150,add_to_cart,,,
2025-11-18,2025-11,United Kingdom,Beauty,Mobile,U02259,S0001150,viewed,,,
2025-11-18,2025-11,United States,Sports,Desktop,U01583,S0001158,viewed,,,
2025-11-18,2025-11,United States,Home,Desktop,U00585,S0001163,viewed,,,
2025-11-18,2025-11,Australia,Home,Mobile,U01663,S0001292,viewed,,,
2025-11-18,2025-11,United Kingdom,Electronics,Tablet,U00484,S0001310,add_to_cart,,,
2025-11-18,2025-11,United Kingdom,Electronics,Tablet,U00484,S0001310,viewed,,,
2025-11-18,2025-11,United States,Electronics,Tablet,U00183,S0001314,add_to_cart,,,
2025-11-18,2025-11,United States,Electronics,Tablet,U00183,S0001314,checkout_started,,,
2025-11-18,2025-11,United States,Electronics,Tablet,U00183,S0001314,purchased,1.0,127.8865364189096,127.89
2025-11-18,2025-11,United States,Electronics,Tablet,U00183,S0001314,viewed,,,
2025-11-18,2025-11,Australia,Beauty,Mobile,U01454,S0001347,viewed,,,
2025-11-18,2025-11,United States,Beauty,Desktop,U01396,S0001401,viewed,,,
2025-11-18,2025-11,Canada,Sports,Mobile,U00343,S0001465,add_to_cart,,,
2025-11-18,2025-11,Canada,Sports,Mobile,U00343,S0001465,checkout_started,,,
2025-11-18,2025-11,Canada,Sports,Mobile,U00343,S0001465,purchased,4.0,27.120224354358903,108.48
2025-11-18,2025-11,Canada,Sports,Mobile,U00343,S0001465,viewed,,,
2025-11-18,2025-11,Canada,Home,Mobile,U01846,S0001548,viewed,,,
2025-11-18,2025-11,United States,Sports,Desktop,U02131,S0001552,viewed,,,
2025-11-18,2025-11,United States,Apparel,Mobile,U00274,S0001560,viewed,,,
2025-11-18,2025-11,United States,Home,Mobile,U02284,S0001856,viewed,,,
2025-11-18,2025-11,United States,Beauty,Mobile,U00467,S0001863,add_to_cart,,,
2025-11-18,2025-11,United States,Beauty,Mobile,U00467,S0001863,checkout_started,,,
2025-11-18,2025-11,United States,Beauty,Mobile,U00467,S0001863,purchased,2.0,42.04968178868094,84.1
2025-11-18,2025-11,United States,Beauty,Mobile,U00467,S0001863,viewed,,,
2025-11-18,2025-11,United States,Electronics,Desktop,U01967,S0001896,viewed,,,
2025-11-18,2025-11,Canada,Apparel,Mobile,U00838,S0002150,viewed,,,
2025-11-18,2025-11,Australia,Beauty,Desktop,U00365,S0002153,add_to_cart,,,
2025-11-18,2025-11,Australia,Beauty,Desktop,U00365,S0002153,checkout_started,,,
2025-11-18,2025-11,Australia,Beauty,Desktop,U00365,S0002153,purchased,3.0,55.63157471019181,166.89
2025-11-18,2025-11,Australia,Beauty,Desktop,U00365,S0002153,viewed,,,
2025-11-18,2025-11,United States,Apparel,Mobile,U01393,S0002319,add_to_cart,,,
2025-11-18,2025-11,United States,Apparel,Mobile,U01393,S0002319,viewed,,,
2025-11-18,2025-11,United States,Electronics,Tablet,U01575,S0002377,viewed,,,
2025-11-18,2025-11,Canada,Electronics,Mobile,U00894,S0002512,viewed,,,
2025-11-18,2025-11,United States,Apparel,Desktop,U02186,S0002640,viewed,,,
2025-11-18,2025-11,United States,Home,Mobile,U00337,S0002655,viewed,,,
2025-11-18,2025-11,United States,Sports,Mobile,U01144,S0002672,viewed,,,
2025-11-18,2025-11,Australia,Electronics,Mobile,U01852,S0002673,add_to_cart,,,
2025-11-18,2025-11,Australia,Electronics,Mobile,U01852,S0002673,checkout_started,,,
2025-11-18,2025-11,Australia,Electronics,Mobile,U01852,S0002673,purchased,1.0,193.94240668004394,193.94
2025-11-18,2025-11,Australia,Electronics,Mobile,U01852,S0002673,viewed,,,
2025-11-18,2025-11,Australia,Home,Desktop,U00152,S0002919,add_to_cart,,,
2025-11-18,2025-11,Australia,Home,Desktop,U00152,S0002919,checkout_started,,,
2025-11-18,2025-11,Australia,Home,Desktop,U00152,S0002919,viewed,,,
2025-11-18,2025-11,Germany,Electronics,Mobile,U00248,S0002994,add_to_cart,,,
2025-11-18,2025-11,Germany,Electronics,Mobile,U00248,S0002994,viewed,,,
2025-11-18,2025-11,Australia,Beauty,Mobile,U01492,S0003156,viewed,,,
2025-11-18,2025-11,Canada,Home,Desktop,U00647,S0003332,viewed,,,
2025-11-18,2025-11,Canada,Home,Tablet,U00051,S0003334,viewed,,,
2025-11-18,2025-11,United States,Beauty,Desktop,U01662,S0003339,viewed,,,
2025-11-18,2025-11,United States,Beauty,Tablet,U02464,S0003379,add_to_cart,,,
2025-11-18,2025-11,United States,Beauty,Tablet,U02464,S0003379,checkout_started,,,
2025-11-18,2025-11,United States,Beauty,Tablet,U02464,S0003379,purchased,4.0,39.32630424603367,157.31
2025-11-18,2025-11,United States,Beauty,Tablet,U02464,S0003379,viewed,,,
2025-11-18,2025-11,United States,Sports,Mobile,U02585,S0003578,add_to_cart,,,
2025-11-18,2025-11,United States,Sports,Mobile,U02585,S0003578,checkout_started,,,
2025-11-18,2025-11,United States,Sports,Mobile,U02585,S0003578,purchased,4.0,71.59392714380333,286.38
2025-11-18,2025-11,United States,Sports,Mobile,U02585,S0003578,viewed,,,
2025-11-18,2025-11,United States,Electronics,Desktop,U02320,S0003710,viewed,,,
2025-11-18,2025-11,Germany,Beauty,Mobile,U01872,S0003778,viewed,,,
2025-11-18,2025-11,Canada,Electronics,Mobile,U00051,S0003806,add_to_cart,,,
2025-11-18,2025-11,Canada,Electronics,Mobile,U00051,S0003806,viewed,,,
2025-11-18,2025-11,United States,Apparel,Desktop,U00117,S0003918,viewed,,,
2025-11-18,2025-11,Australia,Home,Desktop,U01712,S0003936,viewed,,,
2025-11-18,2025-11,United States,Sports,Tablet,U02055,S0003966,viewed,,,
2025-11-18,2025-11,Canada,Sports,Desktop,U00551,S0003985,viewed,,,
2025-11-18,2025-11,United States,Sports,Mobile,U02229,S0004067,viewed,,,
2025-11-18,2025-11,United States,Sports,Desktop,U00947,S0004148,viewed,,,
2025-11-18,2025-11,Australia,Home,Mobile,U01292,S0004184,viewed,,,
2025-11-18,2025-11,Canada,Electronics,Desktop,U02262,S0004312,viewed,,,
2025-11-18,2025-11,United Kingdom,Apparel,Desktop,U01172,S0004319,viewed,,,
2025-11-18,2025-11,Canada,Home,Desktop,U00425,S0004327,add_to_cart,,,
2025-11-18,2025-11,Canada,Home,Desktop,U00425,S0004327,viewed,,,
2025-11-18,2025-11,United States,Home,Mobile,U00485,S0004475,viewed,,,
2025-11-18,2025-11,United States,Electronics,Mobile,U01901,S0004704,viewed,,,
2025-11-18,2025-11,United States,Apparel,Desktop,U00839,S0004781,viewed,,,
2025-11-18,2025-11,Germany,Apparel,Mobile,U00265,S0004839,viewed,,,
2025-11-18,2025-11,Canada,Electronics,Desktop,U02081,S0004897,add_to_cart,,,
2025-11-18,2025-11,Canada,Electronics,Desktop,U02081,S0004897,checkout_started,,,
2025-11-18,2025-11,Canada,Electronics,Desktop,U02081,S0004897,purchased,3.0,154.98879789374382,464.97
2025-11-18,2025-11,Canada,Electronics,Desktop,U02081,S0004897,viewed,,,
2025-11-18,2025-11,United Kingdom,Beauty,Desktop,U00519,S0004971,viewed,,,
2025-11-19,2025-11,Australia,Electronics,Desktop,U02151,S0000427,viewed,,,
2025-11-19,2025-11,United Kingdom,Home,Mobile,U02035,S0000492,viewed,,,
2025-11-19,2025-11,Canada,Apparel,Tablet,U01882,S0000504,viewed,,,
2025-11-19,2025-11,Germany,Electronics,Tablet,U02148,S0000668,viewed,,,
2025-11-19,2025-11,Canada,Apparel,Desktop,U00308,S0000829,add_to_cart,,,
2025-11-19,2025-11,Canada,Apparel,Desktop,U00308,S0000829,viewed,,,
2025-11-19,2025-11,United States,Sports,Tablet,U00826,S0001023,add_to_cart,,,
2025-11-19,2025-11,United States,Sports,Tablet,U00826,S0001023,checkout_started,,,
2025-11-19,2025-11,United States,Sports,Tablet,U00826,S0001023,viewed,,,
2025-11-19,2025-11,Canada,Electronics,Mobile,U00862,S0001214,add_to_cart,,,
2025-11-19,2025-11,Canada,Electronics,Mobile,U00862,S0001214,checkout_started,,,
2025-11-19,2025-11,Canada,Electronics,Mobile,U00862,S0001214,purchased,2.0,127.90889732915059,255.82
2025-11-19,2025-11,Canada,Electronics,Mobile,U00862,S0001214,viewed,,,
2025-11-19,2025-11,Australia,Electronics,Mobile,U02056,S0001247,viewed,,,
2025-11-19,2025-11,United States,Home,Mobile,U00979,S0001280,viewed,,,
2025-11-19,2025-11,Canada,Electronics,Mobile,U02453,S0001325,viewed,,,
2025-11-19,2025-11,Germany,Beauty,Mobile,U02550,S0001419,viewed,,,
2025-11-19,2025-11,Germany,Apparel,Tablet,U02389,S0001486,viewed,,,
2025-11-19,2025-11,Canada,Sports,Mobile,U01754,S0001509,viewed,,,
2025-11-19,2025-11,Australia,Home,Desktop,U00012,S0001521,viewed,,,
2025-11-19,2025-11,Germany,Electronics,Desktop,U00619,S0001589,viewed,,,
2025-11-19,2025-11,United States,Home,Mobile,U00101,S0001706,add_to_cart,,,
2025-11-19,2025-11,United States,Home,Mobile,U00101,S0001706,viewed,,,
2025-11-19,2025-11,Germany,Electronics,Mobile,U01804,S0001734,add_to_cart,,,
2025-11-19,2025-11,Germany,Electronics,Mobile,U01804,S0001734,viewed,,,
2025-11-19,2025-11,United States,Beauty,Mobile,U00856,S0001735,viewed,,,
2025-11-19,2025-11,United States,Electronics,Mobile,U00298,S0002098,viewed,,,
2025-11-19,2025-11,Germany,Home,Mobile,U02473,S0002198,add_to_cart,,,
2025-11-19,2025-11,Germany,Home,Mobile,U02473,S0002198,checkout_started,,,
2025-11-19,2025-11,Germany,Home,Mobile,U02473,S0002198,purchased,2.0,107.39535173461802,214.79
2025-11-19,2025-11,Germany,Home,Mobile,U02473,S0002198,viewed,,,
2025-11-19,2025-11,Germany,Apparel,Mobile,U01092,S0002332,add_to_cart,,,
2025-11-19,2025-11,Germany,Apparel,Mobile,U01092,S0002332,checkout_started,,,
2025-11-19,2025-11,Germany,Apparel,Mobile,U01092,S0002332,purchased,1.0,69.5359174445129,69.54
2025-11-19,2025-11,Germany,Apparel,Mobile,U01092,S0002332,viewed,,,
2025-11-19,2025-11,Australia,Apparel,Mobile,U00549,S0002482,viewed,,,
2025-11-19,2025-11,United States,Home,Desktop,U01971,S0002558,viewed,,,
2025-11-19,2025-11,Australia,Beauty,Mobile,U00342,S0002601,viewed,,,
2025-11-19,2025-11,Canada,Beauty,Mobile,U01422,S0002818,viewed,,,
2025-11-19,2025-11,United States,Home,Tablet,U00707,S0002847,viewed,,,
2025-11-19,2025-11,Canada,Electronics,Desktop,U01576,S0002869,viewed,,,
2025-11-19,2025-11,Australia,Beauty,Tablet,U00870,S0002903,add_to_cart,,,
2025-11-19,2025-11,Australia,Beauty,Tablet,U00870,S0002903,checkout_started,,,
2025-11-19,2025-11,Australia,Beauty,Tablet,U00870,S0002903,purchased,2.0,44.71152626763391,89.42
2025-11-19,2025-11,Australia,Beauty,Tablet,U00870,S0002903,viewed,,,
2025-11-19,2025-11,United States,Sports,Mobile,U02455,S0002906,viewed,,,
2025-11-19,2025-11,United States,Sports,Mobile,U01276,S0003107,add_to_cart,,,
2025-11-19,2025-11,United States,Sports,Mobile,U01276,S0003107,checkout_started,,,
2025-11-19,2025-11,United States,Sports,Mobile,U01276,S0003107,purchased,3.0,88.69183676355739,266.08
2025-11-19,2025-11,United States,Sports,Mobile,U01276,S0003107,viewed,,,
2025-11-19,2025-11,United Kingdom,Apparel,Desktop,U02080,S0003120,add_to_cart,,,
2025-11-19,2025-11,United Kingdom,Apparel,Desktop,U02080,S0003120,checkout_started,,,
2025-11-19,2025-11,United Kingdom,Apparel,Desktop,U02080,S0003120,purchased,4.0,68.14094229567709,272.56
2025-11-19,2025-11,United Kingdom,Apparel,Desktop,U02080,S0003120,viewed,,,
2025-11-19,2025-11,Australia,Home,Mobile,U01630,S0003264,add_to_cart,,,
2025-11-19,2025-11,Australia,Home,Mobile,U01630,S0003264,viewed,,,
2025-11-19,2025-11,United Kingdom,Electronics,Mobile,U01195,S0003340,viewed,,,
2025-11-19,2025-11,United States,Apparel,Tablet,U00459,S0003456,add_to_cart,,,
2025-11-19,2025-11,United States,Apparel,Tablet,U00459,S0003456,checkout_started,,,
2025-11-19,2025-11,United States,Apparel,Tablet,U00459,S0003456,purchased,4.0,91.85515228978777,367.42
2025-11-19,2025-11,United States,Apparel,Tablet,U00459,S0003456,viewed,,,
2025-11-19,2025-11,Canada,Apparel,Mobile,U01794,S0003463,add_to_cart,,,
2025-11-19,2025-11,Canada,Apparel,Mobile,U01794,S0003463,checkout_started,,,
2025-11-19,2025-11,Canada,Apparel,Mobile,U01794,S0003463,purchased,2.0,68.26404400233508,136.53
2025-11-19,2025-11,Canada,Apparel,Mobile,U01794,S0003463,viewed,,,
2025-11-19,2025-11,United States,Home,Mobile,U00175,S0003470,viewed,,,
2025-11-19,2025-11,Canada,Home,Mobile,U00308,S0003732,add_to_cart,,,
2025-11-19,2025-11,Canada,Home,Mobile,U00308,S0003732,checkout_started,,,
2025-11-19,2025-11,Canada,Home,Mobile,U00308,S0003732,viewed,,,
2025-11-19,2025-11,United States,Sports,Desktop,U02091,S0003873,viewed,,,
2025-11-19,2025-11,United Kingdom,Beauty,Mobile,U01189,S0003881,add_to_cart,,,
2025-11-19,2025-11,United Kingdom,Beauty,Mobile,U01189,S0003881,checkout_started,,,
2025-11-19,2025-11,United Kingdom,Beauty,Mobile,U01189,S0003881,purchased,4.0,49.4863920786749,197.95
2025-11-19,2025-11,United Kingdom,Beauty,Mobile,U01189,S0003881,viewed,,,
2025-11-19,2025-11,United States,Electronics,Mobile,U01194,S0003962,viewed,,,
2025-11-19,2025-11,Australia,Electronics,Tablet,U00789,S0004142,viewed,,,
2025-11-19,2025-11,United States,Apparel,Mobile,U01136,S0004149,add_to_cart,,,
2025-11-19,2025-11,United States,Apparel,Mobile,U01136,S0004149,checkout_started,,,
2025-11-19,2025-11,United States,Apparel,Mobile,U01136,S0004149,purchased,1.0,53.53188795822909,53.53
2025-11-19,2025-11,United States,Apparel,Mobile,U01136,S0004149,viewed,,,
2025-11-19,2025-11,United States,Electronics,Desktop,U01668,S0004333,viewed,,,
2025-11-19,2025-11,Australia,Beauty,Desktop,U01995,S0004451,viewed,,,
2025-11-19,2025-11,United States,Electronics,Mobile,U00760,S0004479,viewed,,,
2025-11-19,2025-11,United States,Beauty,Desktop,U01844,S0004540,viewed,,,
2025-11-19,2025-11,United States,Electronics,Mobile,U00016,S0004550,viewed,,,
2025-11-19,2025-11,Canada,Beauty,Desktop,U00717,S0004558,add_to_cart,,,
2025-11-19,2025-11,Canada,Beauty,Desktop,U00717,S0004558,checkout_started,,,
2025-11-19,2025-11,Canada,Beauty,Desktop,U00717,S0004558,purchased,3.0,30.277249594748977,90.83
2025-11-19,2025-11,Canada,Beauty,Desktop,U00717,S0004558,viewed,,,
2025-11-19,2025-11,Canada,Apparel,Mobile,U00192,S0004674,viewed,,,
2025-11-19,2025-11,United States,Electronics,Mobile,U00359,S0004694,add_to_cart,,,
2025-11-19,2025-11,United States,Electronics,Mobile,U00359,S0004694,checkout_started,,,
2025-11-19,2025-11,United States,Electronics,Mobile,U00359,S0004694,purchased,2.0,105.19452824780794,210.39
2025-11-19,2025-11,United States,Electronics,Mobile,U00359,S0004694,viewed,,,
2025-11-19,2025-11,Germany,Sports,Mobile,U01842,S0004749,viewed,,,
2025-11-19,2025-11,Canada,Electronics,Mobile,U00185,S0004944,add_to_cart,,,
2025-11-19,2025-11,Canada,Electronics,Mobile,U00185,S0004944,checkout_started,,,
2025-11-19,2025-11,Canada,Electronics,Mobile,U00185,S0004944,viewed,,,
2025-11-20,2025-11,United States,Home,Tablet,U00084,S0000396,viewed,,,
2025-11-20,2025-11,United States,Electronics,Mobile,U00676,S0000558,viewed,,,
2025-11-20,2025-11,Australia,Apparel,Mobile,U00504,S0000781,viewed,,,
2025-11-20,2025-11,United States,Apparel,Desktop,U01687,S0000812,viewed,,,
2025-11-20,2025-11,United States,Apparel,Mobile,U00381,S0000921,viewed,,,
2025-11-20,2025-11,United States,Beauty,Mobile,U02439,S0001201,add_to_cart,,,
2025-11-20,2025-11,United States,Beauty,Mobile,U02439,S0001201,viewed,,,
2025-11-20,2025-11,United States,Beauty,Mobile,U02086,S0001245,viewed,,,
2025-11-20,2025-11,United States,Home,Mobile,U01688,S0001408,viewed,,,
2025-11-20,2025-11,Canada,Electronics,Mobile,U01917,S0001634,viewed,,,
2025-11-20,2025-11,Australia,Apparel,Mobile,U01317,S0001658,viewed,,,
2025-11-20,2025-11,United States,Electronics,Mobile,U01469,S0001713,viewed,,,
2025-11-20,2025-11,Germany,Sports,Mobile,U01250,S0001716,viewed,,,
2025-11-20,2025-11,United States,Apparel,Desktop,U00349,S0001824,viewed,,,
2025-11-20,2025-11,United States,Apparel,Mobile,U00054,S0001893,viewed,,,
2025-11-20,2025-11,United States,Home,Tablet,U00853,S0001898,viewed,,,
2025-11-20,2025-11,Canada,Electronics,Mobile,U01309,S0001943,viewed,,,
2025-11-20,2025-11,United Kingdom,Apparel,Desktop,U02341,S0002001,viewed,,,
2025-11-20,2025-11,United States,Apparel,Mobile,U00732,S0002105,add_to_cart,,,
2025-11-20,2025-11,United States,Apparel,Mobile,U00732,S0002105,checkout_started,,,
2025-11-20,2025-11,United States,Apparel,Mobile,U00732,S0002105,viewed,,,
2025-11-20,2025-11,United Kingdom,Apparel,Mobile,U01981,S0002142,viewed,,,
2025-11-20,2025-11,United States,Electronics,Mobile,U00040,S0002227,add_to_cart,,,
2025-11-20,2025-11,United States,Electronics,Mobile,U00040,S0002227,checkout_started,,,
2025-11-20,2025-11,United States,Electronics,Mobile,U00040,S0002227,viewed,,,
2025-11-20,2025-11,United States,Home,Mobile,U00547,S0002304,viewed,,,
2025-11-20,2025-11,United Kingdom,Home,Mobile,U00240,S0002386,add_to_cart,,,
2025-11-20,2025-11,United Kingdom,Home,Mobile,U00240,S0002386,checkout_started,,,
2025-11-20,2025-11,United Kingdom,Home,Mobile,U00240,S0002386,purchased,2.0,125.84927593807677,251.7
2025-11-20,2025-11,United Kingdom,Home,Mobile,U00240,S0002386,viewed,,,
2025-11-20,2025-11,United States,Beauty,Tablet,U01955,S0002390,viewed,,,
2025-11-20,2025-11,United States,Beauty,Desktop,U01417,S0002652,add_to_cart,,,
2025-11-20,2025-11,United States,Beauty,Desktop,U01417,S0002652,viewed,,,
2025-11-20,2025-11,Australia,Apparel,Desktop,U02067,S0002678,viewed,,,
2025-11-20,2025-11,United Kingdom,Home,Desktop,U01570,S0002710,add_to_cart,,,
2025-11-20,2025-11,United Kingdom,Home,Desktop,U01570,S0002710,viewed,,,
2025-11-20,2025-11,Australia,Beauty,Desktop,U02477,S0002756,viewed,,,
2025-11-20,2025-11,United States,Sports,Tablet,U02266,S0002797,viewed,,,
2025-11-20,2025-11,Australia,Apparel,Mobile,U02075,S0002879,viewed,,,
2025-11-20,2025-11,United States,Electronics,Mobile,U01172,S0003160,add_to_cart,,,
2025-11-20,2025-11,United States,Electronics,Mobile,U01172,S0003160,checkout_started,,,
2025-11-20,2025-11,United States,Electronics,Mobile,U01172,S0003160,purchased,2.0,147.96979675144337,295.94
2025-11-20,2025-11,United States,Electronics,Mobile,U01172,S0003160,viewed,,,
2025-11-20,2025-11,United States,Electronics,Mobile,U01700,S0003358,viewed,,,
2025-11-20,2025-11,Germany,Home,Desktop,U01167,S0003418,viewed,,,
2025-11-20,2025-11,United States,Electronics,Desktop,U00748,S0003841,viewed,,,
2025-11-20,2025-11,Australia,Electronics,Mobile,U01572,S0003905,viewed,,,
2025-11-20,2025-11,Canada,Electronics,Tablet,U01506,S0004330,viewed,,,
2025-11-20,2025-11,United Kingdom,Home,Mobile,U01591,S0004426,viewed,,,
2025-11-20,2025-11,United States,Electronics,Desktop,U01939,S0004472,viewed,,,
2025-11-20,2025-11,Australia,Beauty,Mobile,U01229,S0004609,viewed,,,
2025-11-20,2025-11,United States,Sports,Desktop,U00577,S0004754,viewed,,,
2025-11-20,2025-11,United States,Beauty,Mobile,U00648,S0004817,viewed,,,
2025-11-20,2025-11,United States,Electronics,Desktop,U01721,S0004865,add_to_cart,,,
2025-11-20,2025-11,United States,Electronics,Desktop,U01721,S0004865,viewed,,,
2025-11-20,2025-11,Canada,Beauty,Desktop,U00413,S0004922,add_to_cart,,,
2025-11-20,2025-11,Canada,Beauty,Desktop,U00413,S0004922,viewed,,,
2025-11-21,2025-11,Canada,Sports,Desktop,U00055,S0000035,viewed,,,
2025-11-21,2025-11,United States,Apparel,Mobile,U02081,S0000362,add_to_cart,,,
2025-11-21,2025-11,United States,Apparel,Mobile,U02081,S0000362,checkout_started,,,
2025-11-21,2025-11,United States,Apparel,Mobile,U02081,S0000362,purchased,2.0,74.7957910535551,149.59
2025-11-21,2025-11,United States,Apparel,Mobile,U02081,S0000362,viewed,,,
2025-11-21,2025-11,Canada,Beauty,Desktop,U01930,S0000375,viewed,,,
2025-11-21,2025-11,United States,Electronics,Desktop,U01367,S0000517,add_to_cart,,,
2025-11-21,2025-11,United States,Electronics,Desktop,U01367,S0000517,viewed,,,
2025-11-21,2025-11,Australia,Apparel,Desktop,U00241,S0000565,viewed,,,
2025-11-21,2025-11,Germany,Apparel,Tablet,U02019,S0000904,viewed,,,
2025-11-21,2025-11,United States,Sports,Mobile,U01545,S0001004,viewed,,,
2025-11-21,2025-11,United States,Home,Mobile,U00824,S0001141,viewed,,,
2025-11-21,2025-11,United States,Sports,Desktop,U02507,S0001324,add_to_cart,,,
2025-11-21,2025-11,United States,Sports,Desktop,U02507,S0001324,checkout_started,,,
2025-11-21,2025-11,United States,Sports,Desktop,U02507,S0001324,viewed,,,
2025-11-21,2025-11,Germany,Electronics,Mobile,U02576,S0001371,viewed,,,
2025-11-21,2025-11,United States,Electronics,Desktop,U00380,S0001375,add_to_cart,,,
2025-11-21,2025-11,United States,Electronics,Desktop,U00380,S0001375,viewed,,,
2025-11-21,2025-11,Australia,Electronics,Desktop,U00563,S0001389,viewed,,,
2025-11-21,2025-11,United States,Electronics,Mobile,U00666,S0001606,viewed,,,
2025-11-21,2025-11,United States,Beauty,Desktop,U01747,S0001692,viewed,,,
2025-11-21,2025-11,United States,Electronics,Mobile,U01103,S0001752,viewed,,,
2025-11-21,2025-11,United States,Apparel,Mobile,U02410,S0001792,viewed,,,
2025-11-21,2025-11,United States,Apparel,Desktop,U00959,S0001815,viewed,,,
2025-11-21,2025-11,Canada,Sports,Mobile,U02034,S0001912,viewed,,,
2025-11-21,2025-11,United States,Apparel,Mobile,U01698,S0002091,viewed,,,
2025-11-21,2025-11,Germany,Beauty,Mobile,U02507,S0002240,add_to_cart,,,
2025-11-21,2025-11,Germany,Beauty,Mobile,U02507,S0002240,checkout_started,,,
2025-11-21,2025-11,Germany,Beauty,Mobile,U02507,S0002240,purchased,4.0,49.690317443992875,198.76
2025-11-21,2025-11,Germany,Beauty,Mobile,U02507,S0002240,viewed,,,
2025-11-21,2025-11,United States,Beauty,Mobile,U02078,S0002452,add_to_cart,,,
2025-11-21,2025-11,United States,Beauty,Mobile,U02078,S0002452,checkout_started,,,
2025-11-21,2025-11,United States,Beauty,Mobile,U02078,S0002452,purchased,2.0,43.95400906497713,87.91
2025-11-21,2025-11,United States,Beauty,Mobile,U02078,S0002452,viewed,,,
2025-11-21,2025-11,United States,Home,Desktop,U00805,S0002498,viewed,,,
2025-11-21,2025-11,Germany,Electronics,Mobile,U00956,S0002651,viewed,,,
2025-11-21,2025-11,United States,Apparel,Desktop,U01375,S0002701,add_to_cart,,,
2025-11-21,2025-11,United States,Apparel,Desktop,U01375,S0002701,viewed,,,
2025-11-21,2025-11,United States,Electronics,Mobile,U00374,S0002757,add_to_cart,,,
2025-11-21,2025-11,United States,Electronics,Mobile,U00374,S0002757,checkout_started,,,
2025-11-21,2025-11,United States,Electronics,Mobile,U00374,S0002757,purchased,2.0,135.4538708747322,270.91
2025-11-21,2025-11,United States,Electronics,Mobile,U00374,S0002757,viewed,,,
2025-11-21,2025-11,United States,Beauty,Mobile,U00819,S0003046,viewed,,,
2025-11-21,2025-11,United States,Electronics,Mobile,U00420,S0003126,add_to_cart,,,
2025-11-21,2025-11,United States,Electronics,Mobile,U00420,S0003126,viewed,,,
2025-11-21,2025-11,Canada,Electronics,Desktop,U00961,S0003162,add_to_cart,,,
2025-11-21,2025-11,Canada,Electronics,Desktop,U00961,S0003162,checkout_started,,,
2025-11-21,2025-11,Canada,Electronics,Desktop,U00961,S0003162,purchased,2.0,125.40503367894651,250.81
2025-11-21,2025-11,Canada,Electronics,Desktop,U00961,S0003162,viewed,,,
2025-11-21,2025-11,United Kingdom,Electronics,Mobile,U01356,S0003239,viewed,,,
2025-11-21,2025-11,United States,Apparel,Tablet,U00295,S0003428,add_to_cart,,,
2025-11-21,2025-11,United States,Apparel,Tablet,U00295,S0003428,viewed,,,
2025-11-21,2025-11,United States,Electronics,Mobile,U00999,S0003474,viewed,,,
2025-11-21,2025-11,United States,Apparel,Desktop,U00486,S0003506,viewed,,,
2025-11-21,2025-11,Canada,Home,Desktop,U02242,S0003548,viewed,,,
2025-11-21,2025-11,Canada,Sports,Desktop,U02346,S0003579,add_to_cart,,,
2025-11-21,2025-11,Canada,Sports,Desktop,U02346,S0003579,checkout_started,,,
2025-11-21,2025-11,Canada,Sports,Desktop,U02346,S0003579,purchased,2.0,8.0,16.0
2025-11-21,2025-11,Canada,Sports,Desktop,U02346,S0003579,viewed,,,
2025-11-21,2025-11,Canada,Home,Mobile,U00513,S0003581,add_to_cart,,,
2025-11-21,2025-11,Canada,Home,Mobile,U00513,S0003581,viewed,,,
2025-11-21,2025-11,United Kingdom,Home,Desktop,U01034,S0004012,add_to_cart,,,
2025-11-21,2025-11,United Kingdom,Home,Desktop,U01034,S0004012,checkout_started,,,
2025-11-21,2025-11,United Kingdom,Home,Desktop,U01034,S0004012,purchased,1.0,80.04937171478652,80.05
2025-11-21,2025-11,United Kingdom,Home,Desktop,U01034,S0004012,viewed,,,
2025-11-21,2025-11,United States,Home,Mobile,U02396,S0004139,add_to_cart,,,
2025-11-21,2025-11,United States,Home,Mobile,U02396,S0004139,checkout_started,,,
2025-11-21,2025-11,United States,Home,Mobile,U02396,S0004139,purchased,4.0,58.60490255662032,234.42
2025-11-21,2025-11,United States,Home,Mobile,U02396,S0004139,viewed,,,
2025-11-21,2025-11,Canada,Home,Desktop,U02300,S0004469,viewed,,,
2025-11-21,2025-11,United Kingdom,Electronics,Desktop,U00829,S0004574,viewed,,,
2025-11-21,2025-11,United States,Sports,Mobile,U00091,S0004701,add_to_cart,,,
2025-11-21,2025-11,United States,Sports,Mobile,U00091,S0004701,viewed,,,
2025-11-21,2025-11,Germany,Sports,Desktop,U01351,S0004713,add_to_cart,,,
2025-11-21,2025-11,Germany,Sports,Desktop,U01351,S0004713,viewed,,,
2025-11-21,2025-11,United States,Apparel,Desktop,U01595,S0004717,viewed,,,
2025-11-21,2025-11,United States,Electronics,Mobile,U02015,S0004728,viewed,,,
2025-11-21,2025-11,United States,Beauty,Mobile,U01548,S0004990,add_to_cart,,,
2025-11-21,2025-11,United States,Beauty,Mobile,U01548,S0004990,viewed,,,
2025-11-22,2025-11,Germany,Home,Mobile,U01628,S0000048,add_to_cart,,,
2025-11-22,2025-11,Germany,Home,Mobile,U01628,S0000048,checkout_started,,,
2025-11-22,2025-11,Germany,Home,Mobile,U01628,S0000048,viewed,,,
2025-11-22,2025-11,Australia,Sports,Desktop,U01155,S0000095,add_to_cart,,,
2025-11-22,2025-11,Australia,Sports,Desktop,U01155,S0000095,viewed,,,
2025-11-22,2025-11,United States,Home,Desktop,U00227,S0000179,add_to_cart,,,
2025-11-22,2025-11,United States,Home,Desktop,U00227,S0000179,checkout_started,,,
2025-11-22,2025-11,United States,Home,Desktop,U00227,S0000179,purchased,3.0,104.60943586059001,313.83
2025-11-22,2025-11,United States,Home,Desktop,U00227,S0000179,viewed,,,
2025-11-22,2025-11,United States,Apparel,Mobile,U01093,S0000304,viewed,,,
2025-11-22,2025-11,United States,Apparel,Mobile,U01938,S0000358,viewed,,,
2025-11-22,2025-11,Australia,Apparel,Desktop,U02219,S0000364,add_to_cart,,,
2025-11-22,2025-11,Australia,Apparel,Desktop,U02219,S0000364,checkout_started,,,
2025-11-22,2025-11,Australia,Apparel,Desktop,U02219,S0000364,purchased,4.0,54.05004617317578,216.2
2025-11-22,2025-11,Australia,Apparel,Desktop,U02219,S0000364,viewed,,,
2025-11-22,2025-11,United States,Electronics,Desktop,U01290,S0000389,add_to_cart,,,
2025-11-22,2025-11,United States,Electronics,Desktop,U01290,S0000389,checkout_started,,,
2025-11-22,2025-11,United States,Electronics,Desktop,U01290,S0000389,purchased,1.0,192.17176538336543,192.17
2025-11-22,2025-11,United States,Electronics,Desktop,U01290,S0000389,viewed,,,
2025-11-22,2025-11,Germany,Home,Desktop,U01180,S0000579,add_to_cart,,,
2025-11-22,2025-11,Germany,Home,Desktop,U01180,S0000579,viewed,,,
2025-11-22,2025-11,United States,Home,Mobile,U00095,S0000740,add_to_cart,,,
2025-11-22,2025-11,United States,Home,Mobile,U00095,S0000740,checkout_started,,,
2025-11-22,2025-11,United States,Home,Mobile,U00095,S0000740,purchased,4.0,66.82622718530477,267.3
2025-11-22,2025-11,United States,Home,Mobile,U00095,S0000740,viewed,,,
2025-11-22,2025-11,United States,Apparel,Desktop,U01751,S0000828,viewed,,,
2025-11-22,2025-11,United States,Beauty,Mobile,U01556,S0001304,viewed,,,
2025-11-22,2025-11,United Kingdom,Apparel,Mobile,U00070,S0001384,add_to_cart,,,
2025-11-22,2025-11,United Kingdom,Apparel,Mobile,U00070,S0001384,viewed,,,
2025-11-22,2025-11,United States,Home,Mobile,U00041,S0001471,viewed,,,
2025-11-22,2025-11,Germany,Electronics,Mobile,U00370,S0001557,add_to_cart,,,
2025-11-22,2025-11,Germany,Electronics,Mobile,U00370,S0001557,checkout_started,,,
2025-11-22,2025-11,Germany,Electronics,Mobile,U00370,S0001557,viewed,,,
2025-11-22,2025-11,United States,Apparel,Mobile,U00167,S0001632,add_to_cart,,,
2025-11-22,2025-11,United States,Apparel,Mobile,U00167,S0001632,checkout_started,,,
2025-11-22,2025-11,United States,Apparel,Mobile,U00167,S0001632,purchased,2.0,52.27114897435608,104.54
2025-11-22,2025-11,United States,Apparel,Mobile,U00167,S0001632,viewed,,,
2025-11-22,2025-11,Canada,Home,Mobile,U01329,S0001826,add_to_cart,,,
2025-11-22,2025-11,Canada,Home,Mobile,U01329,S0001826,checkout_started,,,
2025-11-22,2025-11,Canada,Home,Mobile,U01329,S0001826,purchased,2.0,92.87638179524399,185.75
2025-11-22,2025-11,Canada,Home,Mobile,U01329,S0001826,viewed,,,
2025-11-22,2025-11,United States,Electronics,Mobile,U00019,S0001878,add_to_cart,,,
2025-11-22,2025-11,United States,Electronics,Mobile,U00019,S0001878,checkout_started,,,
2025-11-22,2025-11,United States,Electronics,Mobile,U00019,S0001878,viewed,,,
2025-11-22,2025-11,United States,Beauty,Desktop,U01354,S0002042,add_to_cart,,,
2025-11-22,2025-11,United States,Beauty,Desktop,U01354,S0002042,checkout_started,,,
2025-11-22,2025-11,United States,Beauty,Desktop,U01354,S0002042,viewed,,,
2025-11-22,2025-11,United States,Electronics,Tablet,U01260,S0002061,add_to_cart,,,
2025-11-22,2025-11,United States,Electronics,Tablet,U01260,S0002061,viewed,,,
2025-11-22,2025-11,Canada,Electronics,Mobile,U02234,S0002300,add_to_cart,,,
2025-11-22,2025-11,Canada,Electronics,Mobile,U02234,S0002300,viewed,,,
2025-11-22,2025-11,Canada,Electronics,Mobile,U02212,S0002446,add_to_cart,,,
2025-11-22,2025-11,Canada,Electronics,Mobile,U02212,S0002446,viewed,,,
2025-11-22,2025-11,United States,Beauty,Tablet,U01897,S0002471,add_to_cart,,,
2025-11-22,2025-11,United States,Beauty,Tablet,U01897,S0002471,checkout_started,,,
2025-11-22,2025-11,United States,Beauty,Tablet,U01897,S0002471,viewed,,,
2025-11-22,2025-11,United Kingdom,Home,Mobile,U01717,S0002838,add_to_cart,,,
2025-11-22,2025-11,United Kingdom,Home,Mobile,U01717,S0002838,viewed,,,
2025-11-22,2025-11,Australia,Apparel,Tablet,U02575,S0002978,viewed,,,
2025-11-22,2025-11,Canada,Home,Desktop,U01469,S0003030,add_to_cart,,,
2025-11-22,2025-11,Canada,Home,Desktop,U01469,S0003030,viewed,,,
2025-11-22,2025-11,Canada,Beauty,Desktop,U01702,S0003109,add_to_cart,,,
2025-11-22,2025-11,Canada,Beauty,Desktop,U01702,S0003109,checkout_started,,,
2025-11-22,2025-11,Canada,Beauty,Desktop,U01702,S0003109,purchased,1.0,35.17317983045544,35.17
2025-11-22,2025-11,Canada,Beauty,Desktop,U01702,S0003109,viewed,,,
2025-11-22,2025-11,Australia,Sports,Mobile,U01426,S0003243,viewed,,,
2025-11-22,2025-11,Canada,Home,Mobile,U01149,S0003795,add_to_cart,,,
2025-11-22,2025-11,Canada,Home,Mobile,U01149,S0003795,checkout_started,,,
2025-11-22,2025-11,Canada,Home,Mobile,U01149,S0003795,purchased,4.0,82.29357636454459,329.17
2025-11-22,2025-11,Canada,Home,Mobile,U01149,S0003795,viewed,,,
2025-11-22,2025-11,Germany,Beauty,Desktop,U00425,S0003820,viewed,,,
2025-11-22,2025-11,United States,Electronics,Desktop,U02448,S0003831,add_to_cart,,,
2025-11-22,2025-11,United States,Electronics,Desktop,U02448,S0003831,viewed,,,
2025-11-22,2025-11,Canada,Beauty,Desktop,U00550,S0004190,add_to_cart,,,
2025-11-22,2025-11,Canada,Beauty,Desktop,U00550,S0004190,checkout_started,,,
2025-11-22,2025-11,Canada,Beauty,Desktop,U00550,S0004190,purchased,1.0,42.475252089840986,42.48
2025-11-22,2025-11,Canada,Beauty,Desktop,U00550,S0004190,viewed,,,
2025-11-22,2025-11,Australia,Electronics,Mobile,U00522,S0004282,add_to_cart,,,
2025-11-22,2025-11,Australia,Electronics,Mobile,U00522,S0004282,checkout_started,,,
2025-11-22,2025-11,Australia,Electronics,Mobile,U00522,S0004282,purchased,1.0,149.3827594046169,149.38
2025-11-22,2025-11,Australia,Electronics,Mobile,U00522,S0004282,viewed,,,
2025-11-22,2025-11,Canada,Electronics,Mobile,U02108,S0004334,add_to_cart,,,
2025-11-22,2025-11,Canada,Electronics,Mobile,U02108,S0004334,viewed,,,
2025-11-22,2025-11,Canada,Sports,Desktop,U00890,S0004406,add_to_cart,,,
2025-11-22,2025-11,Canada,Sports,Desktop,U00890,S0004406,viewed,,,
2025-11-22,2025-11,Canada,Beauty,Desktop,U02210,S0004433,add_to_cart,,,
2025-11-22,2025-11,Canada,Beauty,Desktop,U02210,S0004433,viewed,,,
2025-11-22,2025-11,United States,Beauty,Tablet,U00183,S0004450,viewed,,,
2025-11-22,2025-11,Canada,Beauty,Mobile,U02400,S0004565,viewed,,,
2025-11-22,2025-11,United States,Electronics,Mobile,U01766,S0004597,viewed,,,
2025-11-22,2025-11,United Kingdom,Electronics,Desktop,U01505,S0004620,add_to_cart,,,
2025-11-22,2025-11,United Kingdom,Electronics,Desktop,U01505,S0004620,checkout_started,,,
2025-11-22,2025-11,United Kingdom,Electronics,Desktop,U01505,S0004620,purchased,3.0,159.2196188473842,477.66
2025-11-22,2025-11,United Kingdom,Electronics,Desktop,U01505,S0004620,viewed,,,
2025-11-22,2025-11,United States,Electronics,Desktop,U02283,S0004808,add_to_cart,,,
2025-11-22,2025-11,United States,Electronics,Desktop,U02283,S0004808,checkout_started,,,
2025-11-22,2025-11,United States,Electronics,Desktop,U02283,S0004808,purchased,2.0,201.48277505903326,402.97
2025-11-22,2025-11,United States,Electronics,Desktop,U02283,S0004808,viewed,,,
2025-11-22,2025-11,United States,Electronics,Desktop,U01233,S0004850,add_to_cart,,,
2025-11-22,2025-11,United States,Electronics,Desktop,U01233,S0004850,checkout_started,,,
2025-11-22,2025-11,United States,Electronics,Desktop,U01233,S0004850,purchased,2.0,176.69328352379466,353.39
2025-11-22,2025-11,United States,Electronics,Desktop,U01233,S0004850,viewed,,,
2025-11-22,2025-11,United States,Home,Desktop,U02246,S0004863,viewed,,,
2025-11-22,2025-11,United States,Beauty,Mobile,U00031,S0004933,add_to_cart,,,
2025-11-22,2025-11,United States,Beauty,Mobile,U00031,S0004933,viewed,,,
2025-11-22,2025-11,United States,Electronics,Mobile,U01180,S0004981,add_to_cart,,,
2025-11-22,2025-11,United States,Electronics,Mobile,U01180,S0004981,checkout_started,,,
2025-11-22,2025-11,United States,Electronics,Mobile,U01180,S0004981,purchased,3.0,167.24164956938745,501.72
2025-11-22,2025-11,United States,Electronics,Mobile,U01180,S0004981,viewed,,,
2025-11-23,2025-11,Canada,Home,Desktop,U01369,S0000067,viewed,,,
2025-11-23,2025-11,United States,Beauty,Mobile,U01069,S0000202,add_to_cart,,,
2025-11-23,2025-11,United States,Beauty,Mobile,U01069,S0000202,viewed,,,
2025-11-23,2025-11,United States,Beauty,Mobile,U00913,S0000220,viewed,,,
2025-11-23,2025-11,United States,Home,Mobile,U00742,S0000345,viewed,,,
2025-11-23,2025-11,Germany,Beauty,Mobile,U01507,S0000592,add_to_cart,,,
2025-11-23,2025-11,Germany,Beauty,Mobile,U01507,S0000592,checkout_started,,,
2025-11-23,2025-11,Germany,Beauty,Mobile,U01507,S0000592,purchased,1.0,40.71949795764249,40.72
2025-11-23,2025-11,Germany,Beauty,Mobile,U01507,S0000592,viewed,,,
2025-11-23,2025-11,United States,Beauty,Desktop,U01843,S0000840,viewed,,,
2025-11-23,2025-11,United States,Home,Mobile,U01442,S0000843,add_to_cart,,,
2025-11-23,2025-11,United States,Home,Mobile,U01442,S0000843,viewed,,,
2025-11-23,2025-11,Australia,Apparel,Mobile,U01514,S0001037,viewed,,,
2025-11-23,2025-11,United States,Home,Desktop,U02035,S0001108,viewed,,,
2025-11-23,2025-11,United States,Beauty,Mobile,U00878,S0001154,add_to_cart,,,
2025-11-23,2025-11,United States,Beauty,Mobile,U00878,S0001154,viewed,,,
2025-11-23,2025-11,United Kingdom,Electronics,Mobile,U02494,S0001206,viewed,,,
2025-11-23,2025-11,United States,Sports,Mobile,U00184,S0001287,viewed,,,
2025-11-23,2025-11,United Kingdom,Electronics,Mobile,U02216,S0001315,viewed,,,
2025-11-23,2025-11,United States,Home,Mobile,U01684,S0001390,add_to_cart,,,
2025-11-23,2025-11,United States,Home,Mobile,U01684,S0001390,viewed,,,
2025-11-23,2025-11,United States,Electronics,Mobile,U01534,S0001428,viewed,,,
2025-11-23,2025-11,Canada,Home,Desktop,U00417,S0001569,viewed,,,
2025-11-23,2025-11,Canada,Electronics,Mobile,U00855,S0001708,viewed,,,
2025-11-23,2025-11,Canada,Home,Mobile,U00859,S0001732,viewed,,,
2025-11-23,2025-11,Australia,Sports,Mobile,U00428,S0002068,viewed,,,
2025-11-23,2025-11,Canada,Electronics,Desktop,U01296,S0002114,add_to_cart,,,
2025-11-23,2025-11,Canada,Electronics,Desktop,U01296,S0002114,checkout_started,,,
2025-11-23,2025-11,Canada,Electronics,Desktop,U01296,S0002114,purchased,2.0,121.85299316506016,243.71
2025-11-23,2025-11,Canada,Electronics,Desktop,U01296,S0002114,viewed,,,
2025-11-23,2025-11,Germany,Beauty,Mobile,U02059,S0002164,viewed,,,
2025-11-23,2025-11,Germany,Apparel,Desktop,U01711,S0002287,viewed,,,
2025-11-23,2025-11,United States,Sports,Tablet,U00973,S0002693,viewed,,,
2025-11-23,2025-11,Germany,Electronics,Mobile,U02415,S0002778,viewed,,,
2025-11-23,2025-11,United States,Apparel,Mobile,U01257,S0002785,viewed,,,
2025-11-23,2025-11,United States,Electronics,Mobile,U00546,S0002894,viewed,,,
2025-11-23,2025-11,United States,Beauty,Mobile,U00182,S0002939,viewed,,,
2025-11-23,2025-11,United Kingdom,Apparel,Desktop,U00020,S0002989,viewed,,,
2025-11-23,2025-11,United States,Home,Mobile,U00889,S0003095,add_to_cart,,,
2025-11-23,2025-11,United States,Home,Mobile,U00889,S0003095,checkout_started,,,
2025-11-23,2025-11,United States,Home,Mobile,U00889,S0003095,purchased,4.0,54.9334467566326,219.73
2025-11-23,2025-11,United States,Home,Mobile,U00889,S0003095,viewed,,,
2025-11-23,2025-11,United Kingdom,Apparel,Mobile,U01524,S0003128,viewed,,,
2025-11-23,2025-11,United States,Electronics,Mobile,U01131,S0003298,add_to_cart,,,
2025-11-23,2025-11,United States,Electronics,Mobile,U01131,S0003298,checkout_started,,,
2025-11-23,2025-11,United States,Electronics,Mobile,U01131,S0003298,purchased,4.0,137.20861773873088,548.83
2025-11-23,2025-11,United States,Electronics,Mobile,U01131,S0003298,viewed,,,
2025-11-23,2025-11,United States,Electronics,Tablet,U02486,S0003518,add_to_cart,,,
2025-11-23,2025-11,United States,Electronics,Tablet,U02486,S0003518,viewed,,,
2025-11-23,2025-11,Canada,Apparel,Mobile,U02105,S0003590,viewed,,,
2025-11-23,2025-11,United States,Apparel,Mobile,U00178,S0003704,add_to_cart,,,
2025-11-23,2025-11,United States,Apparel,Mobile,U00178,S0003704,checkout_started,,,
2025-11-23,2025-11,United States,Apparel,Mobile,U00178,S0003704,viewed,,,
2025-11-23,2025-11,Canada,Apparel,Mobile,U01535,S0003750,viewed,,,
2025-11-23,2025-11,Germany,Apparel,Mobile,U01930,S0003826,viewed,,,
2025-11-23,2025-11,United States,Home,Mobile,U01373,S0003910,viewed,,,
2025-11-23,2025-11,United States,Apparel,Desktop,U02394,S0004081,viewed,,,
2025-11-23,2025-11,Canada,Sports,Mobile,U00800,S0004153,viewed,,,
2025-11-23,2025-11,Canada,Beauty,Mobile,U00954,S0004207,viewed,,,
2025-11-23,2025-11,Canada,Electronics,Desktop,U01317,S0004249,viewed,,,
2025-11-23,2025-11,Germany,Apparel,Desktop,U01079,S0004514,viewed,,,
2025-11-23,2025-11,United States,Apparel,Mobile,U01645,S0004515,viewed,,,
2025-11-23,2025-11,Canada,Home,Mobile,U00570,S0004823,viewed,,,
2025-11-24,2025-11,United States,Sports,Mobile,U01399,S0000061,viewed,,,
2025-11-24,2025-11,United States,Electronics,Desktop,U00680,S0000153,viewed,,,
2025-11-24,2025-11,United States,Apparel,Mobile,U01031,S0000324,viewed,,,
2025-11-24,2025-11,United States,Sports,Mobile,U01527,S0000527,viewed,,,
2025-11-24,2025-11,Australia,Electronics,Mobile,U00070,S0000529,viewed,,,
2025-11-24,2025-11,Germany,Apparel,Mobile,U00189,S0000530,viewed,,,
2025-11-24,2025-11,Germany,Beauty,Mobile,U00749,S0000642,viewed,,,
2025-11-24,2025-11,Canada,Electronics,Mobile,U01971,S0000669,add_to_cart,,,
2025-11-24,2025-11,Canada,Electronics,Mobile,U01971,S0000669,viewed,,,
2025-11-24,2025-11,United States,Apparel,Desktop,U02488,S0000715,viewed,,,
2025-11-24,2025-11,United Kingdom,Beauty,Mobile,U02191,S0000733,viewed,,,
2025-11-24,2025-11,Canada,Electronics,Tablet,U02421,S0000804,viewed,,,
2025-11-24,2025-11,United States,Apparel,Mobile,U00520,S0000943,viewed,,,
2025-11-24,2025-11,Canada,Apparel,Mobile,U00501,S0000969,add_to_cart,,,
2025-11-24,2025-11,Canada,Apparel,Mobile,U00501,S0000969,checkout_started,,,
2025-11-24,2025-11,Canada,Apparel,Mobile,U00501,S0000969,purchased,2.0,91.33076205341902,182.66
2025-11-24,2025-11,Canada,Apparel,Mobile,U00501,S0000969,viewed,,,
2025-11-24,2025-11,United States,Electronics,Tablet,U00637,S0001006,add_to_cart,,,
2025-11-24,2025-11,United States,Electronics,Tablet,U00637,S0001006,checkout_started,,,
2025-11-24,2025-11,United States,Electronics,Tablet,U00637,S0001006,viewed,,,
2025-11-24,2025-11,United States,Apparel,Mobile,U02334,S0001081,viewed,,,
2025-11-24,2025-11,Germany,Apparel,Mobile,U01268,S0001103,add_to_cart,,,
2025-11-24,2025-11,Germany,Apparel,Mobile,U01268,S0001103,checkout_started,,,
2025-11-24,2025-11,Germany,Apparel,Mobile,U01268,S0001103,purchased,4.0,43.33230733870275,173.33
2025-11-24,2025-11,Germany,Apparel,Mobile,U01268,S0001103,viewed,,,
2025-11-24,2025-11,United Kingdom,Beauty,Tablet,U01978,S0001170,viewed,,,
2025-11-24,2025-11,United States,Electronics,Desktop,U02254,S0001354,viewed,,,
2025-11-24,2025-11,Australia,Apparel,Mobile,U02465,S0001507,viewed,,,
2025-11-24,2025-11,United States,Apparel,Mobile,U00881,S0001530,viewed,,,
2025-11-24,2025-11,Australia,Electronics,Mobile,U00088,S0001564,add_to_cart,,,
2025-11-24,2025-11,Australia,Electronics,Mobile,U00088,S0001564,checkout_started,,,
2025-11-24,2025-11,Australia,Electronics,Mobile,U00088,S0001564,purchased,3.0,134.16971180842495,402.51
2025-11-24,2025-11,Australia,Electronics,Mobile,U00088,S0001564,viewed,,,
2025-11-24,2025-11,United States,Electronics,Mobile,U02326,S0001705,add_to_cart,,,
2025-11-24,2025-11,United States,Electronics,Mobile,U02326,S0001705,viewed,,,
2025-11-24,2025-11,United Kingdom,Home,Mobile,U01065,S0001948,viewed,,,
2025-11-24,2025-11,Canada,Sports,Desktop,U01791,S0001951,add_to_cart,,,
2025-11-24,2025-11,Canada,Sports,Desktop,U01791,S0001951,viewed,,,
2025-11-24,2025-11,United States,Electronics,Tablet,U01949,S0001972,add_to_cart,,,
2025-11-24,2025-11,United States,Electronics,Tablet,U01949,S0001972,viewed,,,
2025-11-24,2025-11,United States,Apparel,Desktop,U00336,S0001990,add_to_cart,,,
2025-11-24,2025-11,United States,Apparel,Desktop,U00336,S0001990,checkout_started,,,
2025-11-24,2025-11,United States,Apparel,Desktop,U00336,S0001990,purchased,1.0,68.99457668905303,68.99
2025-11-24,2025-11,United States,Apparel,Desktop,U00336,S0001990,viewed,,,
2025-11-24,2025-11,United Kingdom,Electronics,Desktop,U01291,S0002014,add_to_cart,,,
2025-11-24,2025-11,United Kingdom,Electronics,Desktop,U01291,S0002014,checkout_started,,,
2025-11-24,2025-11,United Kingdom,Electronics,Desktop,U01291,S0002014,purchased,4.0,165.84465005031078,663.38
2025-11-24,2025-11,United Kingdom,Electronics,Desktop,U01291,S0002014,viewed,,,
2025-11-24,2025-11,United States,Electronics,Mobile,U01195,S0002101,viewed,,,
2025-11-24,2025-11,United Kingdom,Beauty,Mobile,U02442,S0002113,add_to_cart,,,
2025-11-24,2025-11,United Kingdom,Beauty,Mobile,U02442,S0002113,checkout_started,,,
2025-11-24,2025-11,United Kingdom,Beauty,Mobile,U02442,S0002113,purchased,1.0,50.47355741186546,50.47
2025-11-24,2025-11,United Kingdom,Beauty,Mobile,U02442,S0002113,viewed,,,
2025-11-24,2025-11,United States,Electronics,Desktop,U01045,S0002166,add_to_cart,,,
2025-11-24,2025-11,United States,Electronics,Desktop,U01045,S0002166,checkout_started,,,
2025-11-24,2025-11,United States,Electronics,Desktop,U01045,S0002166,purchased,3.0,228.61261508144563,685.84
2025-11-24,2025-11,United States,Electronics,Desktop,U01045,S0002166,viewed,,,
2025-11-24,2025-11,Canada,Apparel,Desktop,U02368,S0002305,viewed,,,
2025-11-24,2025-11,Australia,Beauty,Tablet,U00617,S0002383,viewed,,,
2025-11-24,2025-11,United States,Electronics,Desktop,U01106,S0002531,viewed,,,
2025-11-24,2025-11,United States,Apparel,Desktop,U00358,S0002624,add_to_cart,,,
2025-11-24,2025-11,United States,Apparel,Desktop,U00358,S0002624,checkout_started,,,
2025-11-24,2025-11,United States,Apparel,Desktop,U00358,S0002624,purchased,4.0,45.78584014351461,183.14
2025-11-24,2025-11,United States,Apparel,Desktop,U00358,S0002624,viewed,,,
2025-11-24,2025-11,United States,Sports,Tablet,U02284,S0002625,add_to_cart,,,
2025-11-24,2025-11,United States,Sports,Tablet,U02284,S0002625,checkout_started,,,
2025-11-24,2025-11,United States,Sports,Tablet,U02284,S0002625,viewed,,,
2025-11-24,2025-11,Germany,Sports,Mobile,U02576,S0002633,add_to_cart,,,
2025-11-24,2025-11,Germany,Sports,Mobile,U02576,S0002633,checkout_started,,,
2025-11-24,2025-11,Germany,Sports,Mobile,U02576,S0002633,purchased,2.0,72.750904301386,145.5
2025-11-24,2025-11,Germany,Sports,Mobile,U02576,S0002633,viewed,,,
2025-11-24,2025-11,United Kingdom,Apparel,Mobile,U01040,S0002796,add_to_cart,,,
2025-11-24,2025-11,United Kingdom,Apparel,Mobile,U01040,S0002796,viewed,,,
2025-11-24,2025-11,Australia,Home,Desktop,U00463,S0002831,viewed,,,
2025-11-24,2025-11,United States,Electronics,Mobile,U00967,S0002961,viewed,,,
2025-11-24,2025-11,United States,Beauty,Desktop,U01144,S0003201,viewed,,,
2025-11-24,2025-11,Australia,Electronics,Mobile,U00767,S0003202,viewed,,,
2025-11-24,2025-11,United States,Sports,Mobile,U02225,S0003276,add_to_cart,,,
2025-11-24,2025-11,United States,Sports,Mobile,U02225,S0003276,checkout_started,,,
2025-11-24,2025-11,United States,Sports,Mobile,U02225,S0003276,purchased,4.0,66.1008482015873,264.4
2025-11-24,2025-11,United States,Sports,Mobile,U02225,S0003276,viewed,,,
2025-11-24,2025-11,United States,Apparel,Mobile,U01661,S0003330,viewed,,,
2025-11-24,2025-11,United States,Electronics,Desktop,U01881,S0003384,add_to_cart,,,
2025-11-24,2025-11,United States,Electronics,Desktop,U01881,S0003384,viewed,,,
2025-11-24,2025-11,United States,Apparel,Mobile,U00533,S0003402,viewed,,,
2025-11-24,2025-11,Germany,Home,Desktop,U01942,S0003445,add_to_cart,,,
2025-11-24,2025-11,Germany,Home,Desktop,U01942,S0003445,checkout_started,,,
2025-11-24,2025-11,Germany,Home,Desktop,U01942,S0003445,viewed,,,
2025-11-24,2025-11,United States,Apparel,Mobile,U00726,S0003520,viewed,,,
2025-11-24,2025-11,United States,Apparel,Mobile,U02184,S0003658,viewed,,,
2025-11-24,2025-11,United Kingdom,Electronics,Mobile,U02444,S0003749,add_to_cart,,,
2025-11-24,2025-11,United Kingdom,Electronics,Mobile,U02444,S0003749,viewed,,,
2025-11-24,2025-11,United States,Home,Mobile,U01769,S0003801,viewed,,,
2025-11-24,2025-11,United Kingdom,Beauty,Mobile,U01338,S0003845,add_to_cart,,,
2025-11-24,2025-11,United Kingdom,Beauty,Mobile,U01338,S0003845,checkout_started,,,
2025-11-24,2025-11,United Kingdom,Beauty,Mobile,U01338,S0003845,purchased,2.0,17.358805896599442,34.72
2025-11-24,2025-11,United Kingdom,Beauty,Mobile,U01338,S0003845,viewed,,,
2025-11-24,2025-11,Canada,Electronics,Desktop,U02440,S0004335,viewed,,,
2025-11-24,2025-11,Germany,Beauty,Tablet,U01474,S0004430,viewed,,,
2025-11-24,2025-11,United States,Home,Mobile,U00167,S0004431,viewed,,,
2025-11-24,2025-11,United States,Sports,Desktop,U01436,S0004640,add_to_cart,,,
2025-11-24,2025-11,United States,Sports,Desktop,U01436,S0004640,checkout_started,,,
2025-11-24,2025-11,United States,Sports,Desktop,U01436,S0004640,viewed,,,
2025-11-24,2025-11,United States,Beauty,Desktop,U02367,S0004731,viewed,,,
2025-11-24,2025-11,United States,Home,Mobile,U02267,S0004829,add_to_cart,,,
2025-11-24,2025-11,United States,Home,Mobile,U02267,S0004829,viewed,,,
2025-11-24,2025-11,United States,Apparel,Tablet,U01258,S0004869,add_to_cart,,,
2025-11-24,2025-11,United States,Apparel,Tablet,U01258,S0004869,viewed,,,
2025-11-24,2025-11,United States,Sports,Mobile,U00785,S0004959,viewed,,,
2025-11-24,2025-11,United States,Sports,Desktop,U00654,S0004979,viewed,,,
2025-11-24,2025-11,Germany,Home,Desktop,U00924,S0004988,viewed,,,
2025-11-25,2025-11,Canada,Sports,Desktop,U01091,S0000024,add_to_cart,,,
2025-11-25,2025-11,Canada,Sports,Desktop,U01091,S0000024,checkout_started,,,
2025-11-25,2025-11,Canada,Sports,Desktop,U01091,S0000024,viewed,,,
2025-11-25,2025-11,Germany,Home,Mobile,U01291,S0000264,viewed,,,
2025-11-25,2025-11,United States,Apparel,Mobile,U01455,S0000409,viewed,,,
2025-11-25,2025-11,United States,Electronics,Desktop,U02083,S0000421,viewed,,,
2025-11-25,2025-11,United States,Sports,Mobile,U00032,S0000438,viewed,,,
2025-11-25,2025-11,Canada,Sports,Desktop,U01926,S0000452,viewed,,,
2025-11-25,2025-11,United States,Home,Mobile,U00708,S0000470,add_to_cart,,,
2025-11-25,2025-11,United States,Home,Mobile,U00708,S0000470,viewed,,,
2025-11-25,2025-11,United States,Home,Desktop,U01232,S0000491,add_to_cart,,,
2025-11-25,2025-11,United States,Home,Desktop,U01232,S0000491,viewed,,,
2025-11-25,2025-11,United States,Apparel,Mobile,U02574,S0000499,add_to_cart,,,
2025-11-25,2025-11,United States,Apparel,Mobile,U02574,S0000499,checkout_started,,,
2025-11-25,2025-11,United States,Apparel,Mobile,U02574,S0000499,purchased,1.0,52.97561421922878,52.98
2025-11-25,2025-11,United States,Apparel,Mobile,U02574,S0000499,viewed,,,
2025-11-25,2025-11,Australia,Beauty,Tablet,U01504,S0000577,add_to_cart,,,
2025-11-25,2025-11,Australia,Beauty,Tablet,U01504,S0000577,viewed,,,
2025-11-25,2025-11,Australia,Beauty,Desktop,U01923,S0000586,add_to_cart,,,
2025-11-25,2025-11,Australia,Beauty,Desktop,U01923,S0000586,viewed,,,
2025-11-25,2025-11,Canada,Electronics,Mobile,U02303,S0000693,add_to_cart,,,
2025-11-25,2025-11,Canada,Electronics,Mobile,U02303,S0000693,checkout_started,,,
2025-11-25,2025-11,Canada,Electronics,Mobile,U02303,S0000693,purchased,1.0,164.8913142876091,164.89
2025-11-25,2025-11,Canada,Electronics,Mobile,U02303,S0000693,viewed,,,
2025-11-25,2025-11,United States,Home,Mobile,U01078,S0000722,viewed,,,
2025-11-25,2025-11,United States,Beauty,Desktop,U01545,S0000862,viewed,,,
2025-11-25,2025-11,United States,Sports,Mobile,U00995,S0001067,add_to_cart,,,
2025-11-25,2025-11,United States,Sports,Mobile,U00995,S0001067,checkout_started,,,
2025-11-25,2025-11,United States,Sports,Mobile,U00995,S0001067,viewed,,,
2025-11-25,2025-11,United States,Beauty,Mobile,U01381,S0001143,viewed,,,
2025-11-25,2025-11,Canada,Electronics,Desktop,U02274,S0001182,add_to_cart,,,
2025-11-25,2025-11,Canada,Electronics,Desktop,U02274,S0001182,checkout_started,,,
2025-11-25,2025-11,Canada,Electronics,Desktop,U02274,S0001182,purchased,4.0,149.995204251841,599.98
2025-11-25,2025-11,Canada,Electronics,Desktop,U02274,S0001182,viewed,,,
2025-11-25,2025-11,United States,Sports,Desktop,U01110,S0001262,add_to_cart,,,
2025-11-25,2025-11,United States,Sports,Desktop,U01110,S0001262,checkout_started,,,
2025-11-25,2025-11,United States,Sports,Desktop,U01110,S0001262,purchased,4.0,98.62720860906967,394.51
2025-11-25,2025-11,United States,Sports,Desktop,U01110,S0001262,viewed,,,
2025-11-25,2025-11,Canada,Sports,Mobile,U01485,S0001273,viewed,,,
2025-11-25,2025-11,Germany,Home,Mobile,U01402,S0001443,add_to_cart,,,
2025-11-25,2025-11,Germany,Home,Mobile,U01402,S0001443,viewed,,,
2025-11-25,2025-11,United States,Home,Desktop,U00803,S0001516,viewed,,,
2025-11-25,2025-11,United Kingdom,Electronics,Desktop,U01298,S0001533,viewed,,,
2025-11-25,2025-11,United States,Apparel,Desktop,U02095,S0001623,add_to_cart,,,
2025-11-25,2025-11,United States,Apparel,Desktop,U02095,S0001623,viewed,,,
2025-11-25,2025-11,United States,Apparel,Desktop,U02347,S0001679,add_to_cart,,,
2025-11-25,2025-11,United States,Apparel,Desktop,U02347,S0001679,checkout_started,,,
2025-11-25,2025-11,United States,Apparel,Desktop,U02347,S0001679,purchased,2.0,72.72532087644838,145.45
2025-11-25,2025-11,United States,Apparel,Desktop,U02347,S0001679,viewed,,,
2025-11-25,2025-11,United States,Sports,Mobile,U01887,S0001751,viewed,,,
2025-11-25,2025-11,Germany,Electronics,Mobile,U02056,S0001977,add_to_cart,,,
2025-11-25,2025-11,Germany,Electronics,Mobile,U02056,S0001977,viewed,,,
2025-11-25,2025-11,United States,Apparel,Mobile,U02314,S0002228,viewed,,,
2025-11-25,2025-11,United States,Sports,Mobile,U01718,S0002413,viewed,,,
2025-11-25,2025-11,United Kingdom,Apparel,Desktop,U00529,S0002493,viewed,,,
2025-11-25,2025-11,United States,Electronics,Mobile,U00521,S0002500,add_to_cart,,,
2025-11-25,2025-11,United States,Electronics,Mobile,U00521,S0002500,checkout_started,,,
2025-11-25,2025-11,United States,Electronics,Mobile,U00521,S0002500,viewed,,,
2025-11-25,2025-11,United States,Home,Mobile,U02167,S0002533,viewed,,,
2025-11-25,2025-11,Australia,Apparel,Desktop,U01364,S0002570,add_to_cart,,,
2025-11-25,2025-11,Australia,Apparel,Desktop,U01364,S0002570,checkout_started,,,
2025-11-25,2025-11,Australia,Apparel,Desktop,U01364,S0002570,purchased,2.0,55.92326106737934,111.85
2025-11-25,2025-11,Australia,Apparel,Desktop,U01364,S0002570,viewed,,,
2025-11-25,2025-11,Australia,Sports,Mobile,U02412,S0002572,viewed,,,
2025-11-25,2025-11,United Kingdom,Electronics,Mobile,U00410,S0002612,add_to_cart,,,
2025-11-25,2025-11,United Kingdom,Electronics,Mobile,U00410,S0002612,checkout_started,,,
2025-11-25,2025-11,United Kingdom,Electronics,Mobile,U00410,S0002612,purchased,1.0,107.84118649617554,107.84
2025-11-25,2025-11,United Kingdom,Electronics,Mobile,U00410,S0002612,viewed,,,
2025-11-25,2025-11,United States,Home,Desktop,U02562,S0002675,add_to_cart,,,
2025-11-25,2025-11,United States,Home,Desktop,U02562,S0002675,checkout_started,,,
2025-11-25,2025-11,United States,Home,Desktop,U02562,S0002675,purchased,1.0,86.96004887650405,86.96
2025-11-25,2025-11,United States,Home,Desktop,U02562,S0002675,viewed,,,
2025-11-25,2025-11,United States,Home,Desktop,U00723,S0002733,add_to_cart,,,
2025-11-25,2025-11,United States,Home,Desktop,U00723,S0002733,checkout_started,,,
2025-11-25,2025-11,United States,Home,Desktop,U00723,S0002733,purchased,4.0,101.10893996922755,404.44
2025-11-25,2025-11,United States,Home,Desktop,U00723,S0002733,viewed,,,
2025-11-25,2025-11,United States,Sports,Desktop,U01382,S0002862,viewed,,,
2025-11-25,2025-11,United States,Home,Desktop,U00843,S0002887,add_to_cart,,,
2025-11-25,2025-11,United States,Home,Desktop,U00843,S0002887,checkout_started,,,
2025-11-25,2025-11,United States,Home,Desktop,U00843,S0002887,purchased,1.0,82.44146135930424,82.44
2025-11-25,2025-11,United States,Home,Desktop,U00843,S0002887,viewed,,,
2025-11-25,2025-11,United States,Beauty,Tablet,U00696,S0003003,add_to_cart,,,
2025-11-25,2025-11,United States,Beauty,Tablet,U00696,S0003003,checkout_started,,,
2025-11-25,2025-11,United States,Beauty,Tablet,U00696,S0003003,purchased,3.0,49.86255242895059,149.59
2025-11-25,2025-11,United States,Beauty,Tablet,U00696,S0003003,viewed,,,
2025-11-25,2025-11,United Kingdom,Electronics,Mobile,U00762,S0003114,add_to_cart,,,
2025-11-25,2025-11,United Kingdom,Electronics,Mobile,U00762,S0003114,checkout_started,,,
2025-11-25,2025-11,United Kingdom,Electronics,Mobile,U00762,S0003114,purchased,1.0,106.21060312441702,106.21
2025-11-25,2025-11,United Kingdom,Electronics,Mobile,U00762,S0003114,viewed,,,
2025-11-25,2025-11,United States,Electronics,Desktop,U01068,S0003313,add_to_cart,,,
2025-11-25,2025-11,United States,Electronics,Desktop,U01068,S0003313,checkout_started,,,
2025-11-25,2025-11,United States,Electronics,Desktop,U01068,S0003313,viewed,,,
2025-11-25,2025-11,Canada,Apparel,Mobile,U00810,S0003495,add_to_cart,,,
2025-11-25,2025-11,Canada,Apparel,Mobile,U00810,S0003495,checkout_started,,,
2025-11-25,2025-11,Canada,Apparel,Mobile,U00810,S0003495,purchased,1.0,45.10369028186244,45.1
2025-11-25,2025-11,Canada,Apparel,Mobile,U00810,S0003495,viewed,,,
2025-11-25,2025-11,United Kingdom,Electronics,Mobile,U00487,S0003605,viewed,,,
2025-11-25,2025-11,Australia,Beauty,Mobile,U02143,S0003642,viewed,,,
2025-11-25,2025-11,United States,Home,Desktop,U02356,S0003643,viewed,,,
2025-11-25,2025-11,United States,Beauty,Tablet,U01236,S0003734,viewed,,,
2025-11-25,2025-11,United Kingdom,Sports,Desktop,U01191,S0003892,add_to_cart,,,
2025-11-25,2025-11,United Kingdom,Sports,Desktop,U01191,S0003892,checkout_started,,,
2025-11-25,2025-11,United Kingdom,Sports,Desktop,U01191,S0003892,purchased,3.0,49.63830289064872,148.91
2025-11-25,2025-11,United Kingdom,Sports,Desktop,U01191,S0003892,viewed,,,
2025-11-25,2025-11,United States,Beauty,Mobile,U01272,S0003896,viewed,,,
2025-11-25,2025-11,United States,Apparel,Desktop,U00053,S0003900,add_to_cart,,,
2025-11-25,2025-11,United States,Apparel,Desktop,U00053,S0003900,checkout_started,,,
2025-11-25,2025-11,United States,Apparel,Desktop,U00053,S0003900,viewed,,,
2025-11-25,2025-11,United States,Beauty,Mobile,U02400,S0003943,add_to_cart,,,
2025-11-25,2025-11,United States,Beauty,Mobile,U02400,S0003943,checkout_started,,,
2025-11-25,2025-11,United States,Beauty,Mobile,U02400,S0003943,viewed,,,
2025-11-25,2025-11,United States,Home,Mobile,U00729,S0003972,add_to_cart,,,
2025-11-25,2025-11,United States,Home,Mobile,U00729,S0003972,viewed,,,
2025-11-25,2025-11,Germany,Electronics,Mobile,U01283,S0004088,viewed,,,
2025-11-25,2025-11,United Kingdom,Sports,Desktop,U01717,S0004132,add_to_cart,,,
2025-11-25,2025-11,United Kingdom,Sports,Desktop,U01717,S0004132,checkout_started,,,
2025-11-25,2025-11,United Kingdom,Sports,Desktop,U01717,S0004132,purchased,4.0,27.826917397173517,111.31
2025-11-25,2025-11,United Kingdom,Sports,Desktop,U01717,S0004132,viewed,,,
2025-11-25,2025-11,Germany,Electronics,Desktop,U00746,S0004232,add_to_cart,,,
2025-11-25,2025-11,Germany,Electronics,Desktop,U00746,S0004232,checkout_started,,,
2025-11-25,2025-11,Germany,Electronics,Desktop,U00746,S0004232,purchased,2.0,171.91999342837528,343.84
2025-11-25,2025-11,Germany,Electronics,Desktop,U00746,S0004232,viewed,,,
2025-11-25,2025-11,Germany,Beauty,Mobile,U00706,S0004268,viewed,,,
2025-11-25,2025-11,Australia,Sports,Desktop,U02218,S0004273,add_to_cart,,,
2025-11-25,2025-11,Australia,Sports,Desktop,U02218,S0004273,checkout_started,,,
2025-11-25,2025-11,Australia,Sports,Desktop,U02218,S0004273,viewed,,,
2025-11-25,2025-11,Germany,Home,Desktop,U02586,S0004292,add_to_cart,,,
2025-11-25,2025-11,Germany,Home,Desktop,U02586,S0004292,checkout_started,,,
2025-11-25,2025-11,Germany,Home,Desktop,U02586,S0004292,purchased,2.0,106.06947703723753,212.14
2025-11-25,2025-11,Germany,Home,Desktop,U02586,S0004292,viewed,,,
2025-11-25,2025-11,United States,Home,Mobile,U00500,S0004295,viewed,,,
2025-11-25,2025-11,United Kingdom,Sports,Desktop,U02013,S0004369,viewed,,,
2025-11-25,2025-11,United States,Apparel,Desktop,U01894,S0004380,viewed,,,
2025-11-25,2025-11,Canada,Beauty,Desktop,U01535,S0004436,viewed,,,
2025-11-25,2025-11,United States,Apparel,Desktop,U00676,S0004543,viewed,,,
2025-11-25,2025-11,Germany,Home,Tablet,U00564,S0004820,viewed,,,
2025-11-25,2025-11,Australia,Electronics,Mobile,U01061,S0004840,add_to_cart,,,
2025-11-25,2025-11,Australia,Electronics,Mobile,U01061,S0004840,checkout_started,,,
2025-11-25,2025-11,Australia,Electronics,Mobile,U01061,S0004840,viewed,,,
2025-11-25,2025-11,United States,Apparel,Desktop,U00494,S0004851,viewed,,,
2025-11-25,2025-11,United States,Apparel,Desktop,U01720,S0004989,add_to_cart,,,
2025-11-25,2025-11,United States,Apparel,Desktop,U01720,S0004989,viewed,,,
2025-11-26,2025-11,United States,Apparel,Mobile,U00822,S0000081,viewed,,,
2025-11-26,2025-11,Canada,Sports,Mobile,U02222,S0000181,add_to_cart,,,
2025-11-26,2025-11,Canada,Sports,Mobile,U02222,S0000181,checkout_started,,,
2025-11-26,2025-11,Canada,Sports,Mobile,U02222,S0000181,purchased,3.0,105.76815849343605,317.3
2025-11-26,2025-11,Canada,Sports,Mobile,U02222,S0000181,viewed,,,
2025-11-26,2025-11,United States,Electronics,Mobile,U01495,S0000286,add_to_cart,,,
2025-11-26,2025-11,United States,Electronics,Mobile,U01495,S0000286,checkout_started,,,
2025-11-26,2025-11,United States,Electronics,Mobile,U01495,S0000286,purchased,4.0,215.63539276064796,862.54
2025-11-26,2025-11,United States,Electronics,Mobile,U01495,S0000286,viewed,,,
2025-11-26,2025-11,United States,Sports,Mobile,U01983,S0000319,viewed,,,
2025-11-26,2025-11,United Kingdom,Apparel,Mobile,U01227,S0000348,viewed,,,
2025-11-26,2025-11,United Kingdom,Apparel,Mobile,U02466,S0000382,viewed,,,
2025-11-26,2025-11,United States,Home,Desktop,U00119,S0000680,add_to_cart,,,
2025-11-26,2025-11,United States,Home,Desktop,U00119,S0000680,checkout_started,,,
2025-11-26,2025-11,United States,Home,Desktop,U00119,S0000680,purchased,1.0,73.17672477034438,73.18
2025-11-26,2025-11,United States,Home,Desktop,U00119,S0000680,viewed,,,
2025-11-26,2025-11,United Kingdom,Electronics,Mobile,U00714,S0000754,viewed,,,
2025-11-26,2025-11,Australia,Beauty,Mobile,U00244,S0000764,viewed,,,
2025-11-26,2025-11,Canada,Electronics,Mobile,U00737,S0000936,viewed,,,
2025-11-26,2025-11,United States,Home,Desktop,U01579,S0001109,viewed,,,
2025-11-26,2025-11,United Kingdom,Beauty,Mobile,U00751,S0001447,add_to_cart,,,
2025-11-26,2025-11,United Kingdom,Beauty,Mobile,U00751,S0001447,viewed,,,
2025-11-26,2025-11,United Kingdom,Home,Mobile,U00488,S0001681,add_to_cart,,,
2025-11-26,2025-11,United Kingdom,Home,Mobile,U00488,S0001681,viewed,,,
2025-11-26,2025-11,Canada,Apparel,Mobile,U01817,S0001689,viewed,,,
2025-11-26,2025-11,Canada,Electronics,Tablet,U02398,S0001766,viewed,,,
2025-11-26,2025-11,United States,Apparel,Mobile,U01861,S0001837,viewed,,,
2025-11-26,2025-11,United States,Electronics,Tablet,U00855,S0001874,viewed,,,
2025-11-26,2025-11,United States,Apparel,Desktop,U02576,S0001910,add_to_cart,,,
2025-11-26,2025-11,United States,Apparel,Desktop,U02576,S0001910,viewed,,,
2025-11-26,2025-11,United States,Home,Mobile,U00420,S0002097,add_to_cart,,,
2025-11-26,2025-11,United States,Home,Mobile,U00420,S0002097,checkout_started,,,
2025-11-26,2025-11,United States,Home,Mobile,U00420,S0002097,purchased,3.0,71.32771335480379,213.98
2025-11-26,2025-11,United States,Home,Mobile,U00420,S0002097,viewed,,,
2025-11-26,2025-11,United Kingdom,Beauty,Mobile,U01159,S0002148,add_to_cart,,,
2025-11-26,2025-11,United Kingdom,Beauty,Mobile,U01159,S0002148,checkout_started,,,
2025-11-26,2025-11,United Kingdom,Beauty,Mobile,U01159,S0002148,purchased,4.0,27.881946122200237,111.53
2025-11-26,2025-11,United Kingdom,Beauty,Mobile,U01159,S0002148,viewed,,,
2025-11-26,2025-11,Canada,Home,Desktop,U01037,S0002169,viewed,,,
2025-11-26,2025-11,United States,Electronics,Desktop,U01146,S0002233,viewed,,,
2025-11-26,2025-11,Canada,Sports,Mobile,U01141,S0002289,add_to_cart,,,
2025-11-26,2025-11,Canada,Sports,Mobile,U01141,S0002289,viewed,,,
2025-11-26,2025-11,Germany,Home,Desktop,U01845,S0002458,add_to_cart,,,
2025-11-26,2025-11,Germany,Home,Desktop,U01845,S0002458,viewed,,,
2025-11-26,2025-11,Germany,Sports,Mobile,U02075,S0002620,viewed,,,
2025-11-26,2025-11,United States,Home,Mobile,U00806,S0002631,viewed,,,
2025-11-26,2025-11,United States,Electronics,Mobile,U01426,S0002649,add_to_cart,,,
2025-11-26,2025-11,United States,Electronics,Mobile,U01426,S0002649,viewed,,,
2025-11-26,2025-11,United States,Apparel,Mobile,U01658,S0002695,viewed,,,
2025-11-26,2025-11,United States,Apparel,Tablet,U00986,S0002713,add_to_cart,,,
2025-11-26,2025-11,United States,Apparel,Tablet,U00986,S0002713,viewed,,,
2025-11-26,2025-11,United States,Beauty,Desktop,U00371,S0002782,add_to_cart,,,
2025-11-26,2025-11,United States,Beauty,Desktop,U00371,S0002782,viewed,,,
2025-11-26,2025-11,United Kingdom,Apparel,Desktop,U02469,S0002791,viewed,,,
2025-11-26,2025-11,United States,Electronics,Mobile,U01005,S0002828,add_to_cart,,,
2025-11-26,2025-11,United States,Electronics,Mobile,U01005,S0002828,checkout_started,,,
2025-11-26,2025-11,United States,Electronics,Mobile,U01005,S0002828,purchased,2.0,100.22581945617887,200.45
2025-11-26,2025-11,United States,Electronics,Mobile,U01005,S0002828,viewed,,,
2025-11-26,2025-11,United Kingdom,Electronics,Tablet,U01294,S0002878,add_to_cart,,,
2025-11-26,2025-11,United Kingdom,Electronics,Tablet,U01294,S0002878,viewed,,,
2025-11-26,2025-11,United States,Home,Mobile,U02480,S0002942,add_to_cart,,,
2025-11-26,2025-11,United States,Home,Mobile,U02480,S0002942,checkout_started,,,
2025-11-26,2025-11,United States,Home,Mobile,U02480,S0002942,viewed,,,
2025-11-26,2025-11,Germany,Electronics,Mobile,U02364,S0002953,viewed,,,
2025-11-26,2025-11,United Kingdom,Electronics,Desktop,U02400,S0003172,viewed,,,
2025-11-26,2025-11,Australia,Home,Mobile,U01510,S0003310,viewed,,,
2025-11-26,2025-11,Germany,Sports,Desktop,U01444,S0003352,add_to_cart,,,
2025-11-26,2025-11,Germany,Sports,Desktop,U01444,S0003352,checkout_started,,,
2025-11-26,2025-11,Germany,Sports,Desktop,U01444,S0003352,viewed,,,
2025-11-26,2025-11,Australia,Home,Mobile,U00665,S0003439,viewed,,,
2025-11-26,2025-11,Canada,Apparel,Mobile,U02538,S0003462,viewed,,,
2025-11-26,2025-11,Germany,Electronics,Mobile,U01321,S0003553,add_to_cart,,,
2025-11-26,2025-11,Germany,Electronics,Mobile,U01321,S0003553,viewed,,,
2025-11-26,2025-11,United States,Home,Desktop,U00609,S0003688,add_to_cart,,,
2025-11-26,2025-11,United States,Home,Desktop,U00609,S0003688,viewed,,,
2025-11-26,2025-11,United States,Electronics,Mobile,U01807,S0003705,add_to_cart,,,
2025-11-26,2025-11,United States,Electronics,Mobile,U01807,S0003705,checkout_started,,,
2025-11-26,2025-11,United States,Electronics,Mobile,U01807,S0003705,purchased,2.0,107.04172597411313,214.08
2025-11-26,2025-11,United States,Electronics,Mobile,U01807,S0003705,viewed,,,
2025-11-26,2025-11,United States,Apparel,Mobile,U02286,S0003743,viewed,,,
2025-11-26,2025-11,United States,Beauty,Tablet,U01898,S0003921,add_to_cart,,,
2025-11-26,2025-11,United States,Beauty,Tablet,U01898,S0003921,checkout_started,,,
2025-11-26,2025-11,United States,Beauty,Tablet,U01898,S0003921,purchased,4.0,38.55920654682398,154.24
2025-11-26,2025-11,United States,Beauty,Tablet,U01898,S0003921,viewed,,,
2025-11-26,2025-11,United States,Apparel,Desktop,U00619,S0003956,add_to_cart,,,
2025-11-26,2025-11,United States,Apparel,Desktop,U00619,S0003956,checkout_started,,,
2025-11-26,2025-11,United States,Apparel,Desktop,U00619,S0003956,purchased,1.0,54.75739642603857,54.76
2025-11-26,2025-11,United States,Apparel,Desktop,U00619,S0003956,viewed,,,
2025-11-26,2025-11,United Kingdom,Apparel,Tablet,U01732,S0004074,viewed,,,
2025-11-26,2025-11,Australia,Home,Mobile,U02574,S0004122,add_to_cart,,,
2025-11-26,2025-11,Australia,Home,Mobile,U02574,S0004122,viewed,,,
2025-11-26,2025-11,United States,Sports,Desktop,U01694,S0004208,viewed,,,
2025-11-26,2025-11,United States,Sports,Desktop,U01447,S0004237,viewed,,,
2025-11-26,2025-11,United States,Apparel,Mobile,U00014,S0004381,viewed,,,
2025-11-26,2025-11,United States,Beauty,Mobile,U01155,S0004404,viewed,,,
2025-11-26,2025-11,Canada,Home,Desktop,U00903,S0004477,viewed,,,
2025-11-26,2025-11,United States,Beauty,Mobile,U00322,S0004723,add_to_cart,,,
2025-11-26,2025-11,United States,Beauty,Mobile,U00322,S0004723,checkout_started,,,
2025-11-26,2025-11,United States,Beauty,Mobile,U00322,S0004723,purchased,2.0,50.82899429632329,101.66
2025-11-26,2025-11,United States,Beauty,Mobile,U00322,S0004723,viewed,,,
2025-11-26,2025-11,United States,Home,Desktop,U02376,S0004960,add_to_cart,,,
2025-11-26,2025-11,United States,Home,Desktop,U02376,S0004960,viewed,,,
2025-11-26,2025-11,United States,Apparel,Mobile,U01690,S0004965,viewed,,,
2025-11-27,2025-11,Germany,Beauty,Desktop,U00882,S0000293,add_to_cart,,,
2025-11-27,2025-11,Germany,Beauty,Desktop,U00882,S0000293,checkout_started,,,
2025-11-27,2025-11,Germany,Beauty,Desktop,U00882,S0000293,purchased,4.0,29.189939271993822,116.76
2025-11-27,2025-11,Germany,Beauty,Desktop,U00882,S0000293,viewed,,,
2025-11-27,2025-11,United States,Beauty,Desktop,U01215,S0000340,add_to_cart,,,
2025-11-27,2025-11,United States,Beauty,Desktop,U01215,S0000340,checkout_started,,,
2025-11-27,2025-11,United States,Beauty,Desktop,U01215,S0000340,purchased,1.0,40.54526085373095,40.55
2025-11-27,2025-11,United States,Beauty,Desktop,U01215,S0000340,viewed,,,
2025-11-27,2025-11,United Kingdom,Electronics,Desktop,U01011,S0000383,add_to_cart,,,
2025-11-27,2025-11,United Kingdom,Electronics,Desktop,U01011,S0000383,checkout_started,,,
2025-11-27,2025-11,United Kingdom,Electronics,Desktop,U01011,S0000383,viewed,,,
2025-11-27,2025-11,United States,Electronics,Mobile,U01067,S0000448,add_to_cart,,,
2025-11-27,2025-11,United States,Electronics,Mobile,U01067,S0000448,checkout_started,,,
2025-11-27,2025-11,United States,Electronics,Mobile,U01067,S0000448,viewed,,,
2025-11-27,2025-11,United States,Apparel,Mobile,U01980,S0000571,viewed,,,
2025-11-27,2025-11,Canada,Home,Mobile,U02400,S0000640,viewed,,,
2025-11-27,2025-11,Canada,Electronics,Desktop,U00918,S0000671,viewed,,,
2025-11-27,2025-11,Germany,Electronics,Desktop,U00605,S0000694,viewed,,,
2025-11-27,2025-11,United Kingdom,Electronics,Mobile,U00507,S0000763,add_to_cart,,,
2025-11-27,2025-11,United Kingdom,Electronics,Mobile,U00507,S0000763,checkout_started,,,
2025-11-27,2025-11,United Kingdom,Electronics,Mobile,U00507,S0000763,purchased,1.0,101.86966239761269,101.87
2025-11-27,2025-11,United Kingdom,Electronics,Mobile,U00507,S0000763,viewed,,,
2025-11-27,2025-11,United States,Home,Desktop,U02447,S0000776,viewed,,,
2025-11-27,2025-11,United States,Electronics,Desktop,U00262,S0000926,viewed,,,
2025-11-27,2025-11,United States,Apparel,Mobile,U02430,S0000949,add_to_cart,,,
2025-11-27,2025-11,United States,Apparel,Mobile,U02430,S0000949,checkout_started,,,
2025-11-27,2025-11,United States,Apparel,Mobile,U02430,S0000949,viewed,,,
2025-11-27,2025-11,United Kingdom,Apparel,Mobile,U01934,S0000965,viewed,,,
2025-11-27,2025-11,United States,Electronics,Desktop,U00713,S0001269,viewed,,,
2025-11-27,2025-11,United States,Apparel,Mobile,U00176,S0001295,viewed,,,
2025-11-27,2025-11,United States,Beauty,Tablet,U01630,S0001421,viewed,,,
2025-11-27,2025-11,Canada,Beauty,Mobile,U00860,S0001440,viewed,,,
2025-11-27,2025-11,United States,Home,Desktop,U02245,S0001727,viewed,,,
2025-11-27,2025-11,United States,Beauty,Mobile,U01816,S0001784,viewed,,,
2025-11-27,2025-11,Canada,Electronics,Desktop,U00604,S0001832,viewed,,,
2025-11-27,2025-11,Australia,Beauty,Mobile,U01953,S0001930,viewed,,,
2025-11-27,2025-11,United Kingdom,Apparel,Mobile,U01611,S0001934,add_to_cart,,,
2025-11-27,2025-11,United Kingdom,Apparel,Mobile,U01611,S0001934,checkout_started,,,
2025-11-27,2025-11,United Kingdom,Apparel,Mobile,U01611,S0001934,purchased,3.0,60.0091240098576,180.03
2025-11-27,2025-11,United Kingdom,Apparel,Mobile,U01611,S0001934,viewed,,,
2025-11-27,2025-11,United States,Apparel,Mobile,U02525,S0002028,add_to_cart,,,
2025-11-27,2025-11,United States,Apparel,Mobile,U02525,S0002028,checkout_started,,,
2025-11-27,2025-11,United States,Apparel,Mobile,U02525,S0002028,purchased,2.0,63.947547534653054,127.9
2025-11-27,2025-11,United States,Apparel,Mobile,U02525,S0002028,viewed,,,
2025-11-27,2025-11,United States,Home,Mobile,U00283,S0002054,add_to_cart,,,
2025-11-27,2025-11,United States,Home,Mobile,U00283,S0002054,viewed,,,
2025-11-27,2025-11,United States,Beauty,Mobile,U01849,S0002122,viewed,,,
2025-11-27,2025-11,Australia,Electronics,Desktop,U01629,S0002165,add_to_cart,,,
2025-11-27,2025-11,Australia,Electronics,Desktop,U01629,S0002165,checkout_started,,,
2025-11-27,2025-11,Australia,Electronics,Desktop,U01629,S0002165,purchased,1.0,130.1801523307907,130.18
2025-11-27,2025-11,Australia,Electronics,Desktop,U01629,S0002165,viewed,,,
2025-11-27,2025-11,United States,Beauty,Desktop,U00928,S0002221,add_to_cart,,,
2025-11-27,2025-11,United States,Beauty,Desktop,U00928,S0002221,checkout_started,,,
2025-11-27,2025-11,United States,Beauty,Desktop,U00928,S0002221,viewed,,,
2025-11-27,2025-11,Canada,Electronics,Desktop,U02048,S0002387,viewed,,,
2025-11-27,2025-11,United States,Beauty,Desktop,U00618,S0002389,add_to_cart,,,
2025-11-27,2025-11,United States,Beauty,Desktop,U00618,S0002389,viewed,,,
2025-11-27,2025-11,United States,Electronics,Mobile,U01257,S0002397,viewed,,,
2025-11-27,2025-11,United Kingdom,Electronics,Desktop,U00647,S0002528,viewed,,,
2025-11-27,2025-11,Canada,Electronics,Mobile,U00963,S0002543,viewed,,,
2025-11-27,2025-11,Australia,Apparel,Desktop,U00530,S0002744,viewed,,,
2025-11-27,2025-11,Germany,Beauty,Desktop,U01859,S0002908,add_to_cart,,,
2025-11-27,2025-11,Germany,Beauty,Desktop,U01859,S0002908,checkout_started,,,
2025-11-27,2025-11,Germany,Beauty,Desktop,U01859,S0002908,purchased,2.0,69.18060087001086,138.36
2025-11-27,2025-11,Germany,Beauty,Desktop,U01859,S0002908,viewed,,,
2025-11-27,2025-11,United States,Beauty,Mobile,U00276,S0002918,add_to_cart,,,
2025-11-27,2025-11,United States,Beauty,Mobile,U00276,S0002918,checkout_started,,,
2025-11-27,2025-11,United States,Beauty,Mobile,U00276,S0002918,purchased,1.0,36.0739276900957,36.07
2025-11-27,2025-11,United States,Beauty,Mobile,U00276,S0002918,viewed,,,
2025-11-27,2025-11,Germany,Beauty,Mobile,U01177,S0003036,add_to_cart,,,
2025-11-27,2025-11,Germany,Beauty,Mobile,U01177,S0003036,checkout_started,,,
2025-11-27,2025-11,Germany,Beauty,Mobile,U01177,S0003036,purchased,3.0,23.32537971024501,69.98
2025-11-27,2025-11,Germany,Beauty,Mobile,U01177,S0003036,viewed,,,
2025-11-27,2025-11,Australia,Home,Mobile,U02173,S0003186,add_to_cart,,,
2025-11-27,2025-11,Australia,Home,Mobile,U02173,S0003186,checkout_started,,,
2025-11-27,2025-11,Australia,Home,Mobile,U02173,S0003186,purchased,3.0,44.154296148711474,132.46
2025-11-27,2025-11,Australia,Home,Mobile,U02173,S0003186,viewed,,,
2025-11-27,2025-11,United Kingdom,Beauty,Tablet,U01218,S0003441,add_to_cart,,,
2025-11-27,2025-11,United Kingdom,Beauty,Tablet,U01218,S0003441,viewed,,,
2025-11-27,2025-11,Australia,Apparel,Desktop,U02593,S0003575,add_to_cart,,,
2025-11-27,2025-11,Australia,Apparel,Desktop,U02593,S0003575,checkout_started,,,
2025-11-27,2025-11,Australia,Apparel,Desktop,U02593,S0003575,purchased,3.0,72.82979744066813,218.49
2025-11-27,2025-11,Australia,Apparel,Desktop,U02593,S0003575,viewed,,,
2025-11-27,2025-11,United Kingdom,Apparel,Mobile,U01328,S0003840,add_to_cart,,,
2025-11-27,2025-11,United Kingdom,Apparel,Mobile,U01328,S0003840,viewed,,,
2025-11-27,2025-11,Australia,Beauty,Mobile,U02189,S0003902,add_to_cart,,,
2025-11-27,2025-11,Australia,Beauty,Mobile,U02189,S0003902,checkout_started,,,
2025-11-27,2025-11,Australia,Beauty,Mobile,U02189,S0003902,purchased,1.0,34.48082248635265,34.48
2025-11-27,2025-11,Australia,Beauty,Mobile,U02189,S0003902,viewed,,,
2025-11-27,2025-11,United States,Sports,Mobile,U01166,S0003961,add_to_cart,,,
2025-11-27,2025-11,United States,Sports,Mobile,U01166,S0003961,checkout_started,,,
2025-11-27,2025-11,United States,Sports,Mobile,U01166,S0003961,purchased,4.0,72.9144586531012,291.66
2025-11-27,2025-11,United States,Sports,Mobile,U01166,S0003961,viewed,,,
2025-11-27,2025-11,United Kingdom,Beauty,Desktop,U01607,S0004006,add_to_cart,,,
2025-11-27,2025-11,United Kingdom,Beauty,Desktop,U01607,S0004006,viewed,,,
2025-11-27,2025-11,United States,Sports,Desktop,U00033,S0004199,add_to_cart,,,
2025-11-27,2025-11,United States,Sports,Desktop,U00033,S0004199,checkout_started,,,
2025-11-27,2025-11,United States,Sports,Desktop,U00033,S0004199,purchased,2.0,46.583881885602054,93.17
2025-11-27,2025-11,United States,Sports,Desktop,U00033,S0004199,viewed,,,
2025-11-27,2025-11,United Kingdom,Beauty,Desktop,U01317,S0004438,add_to_cart,,,
2025-11-27,2025-11,United Kingdom,Beauty,Desktop,U01317,S0004438,checkout_started,,,
2025-11-27,2025-11,United Kingdom,Beauty,Desktop,U01317,S0004438,purchased,1.0,53.91414903705464,53.91
2025-11-27,2025-11,United Kingdom,Beauty,Desktop,U01317,S0004438,viewed,,,
2025-11-27,2025-11,Canada,Electronics,Tablet,U00616,S0004468,viewed,,,
2025-11-27,2025-11,United Kingdom,Apparel,Desktop,U01451,S0004599,viewed,,,
2025-11-27,2025-11,United States,Sports,Tablet,U01136,S0004602,add_to_cart,,,
2025-11-27,2025-11,United States,Sports,Tablet,U01136,S0004602,checkout_started,,,
2025-11-27,2025-11,United States,Sports,Tablet,U01136,S0004602,viewed,,,
2025-11-27,2025-11,Germany,Apparel,Mobile,U01169,S0004643,add_to_cart,,,
2025-11-27,2025-11,Germany,Apparel,Mobile,U01169,S0004643,checkout_started,,,
2025-11-27,2025-11,Germany,Apparel,Mobile,U01169,S0004643,purchased,1.0,67.43039695410386,67.43
2025-11-27,2025-11,Germany,Apparel,Mobile,U01169,S0004643,viewed,,,
2025-11-27,2025-11,Germany,Electronics,Mobile,U01796,S0004687,viewed,,,
2025-11-27,2025-11,United States,Home,Mobile,U02439,S0004911,viewed,,,
2025-11-28,2025-11,Germany,Electronics,Desktop,U00963,S0000195,viewed,,,
2025-11-28,2025-11,Canada,Beauty,Desktop,U02471,S0000200,viewed,,,
2025-11-28,2025-11,Germany,Home,Desktop,U01207,S0000274,add_to_cart,,,
2025-11-28,2025-11,Germany,Home,Desktop,U01207,S0000274,checkout_started,,,
2025-11-28,2025-11,Germany,Home,Desktop,U01207,S0000274,purchased,3.0,62.960984572086794,188.88
2025-11-28,2025-11,Germany,Home,Desktop,U01207,S0000274,viewed,,,
2025-11-28,2025-11,United Kingdom,Apparel,Desktop,U01921,S0000337,viewed,,,
2025-11-28,2025-11,United States,Apparel,Mobile,U00662,S0000451,viewed,,,
2025-11-28,2025-11,Germany,Sports,Mobile,U01443,S0000466,viewed,,,
2025-11-28,2025-11,United States,Electronics,Mobile,U00092,S0000503,add_to_cart,,,
2025-11-28,2025-11,United States,Electronics,Mobile,U00092,S0000503,checkout_started,,,
2025-11-28,2025-11,United States,Electronics,Mobile,U00092,S0000503,purchased,4.0,107.7297973105506,430.92
2025-11-28,2025-11,United States,Electronics,Mobile,U00092,S0000503,viewed,,,
2025-11-28,2025-11,United States,Sports,Mobile,U01323,S0000515,viewed,,,
2025-11-28,2025-11,United States,Sports,Mobile,U01580,S0000609,add_to_cart,,,
2025-11-28,2025-11,United States,Sports,Mobile,U01580,S0000609,viewed,,,
2025-11-28,2025-11,United States,Home,Desktop,U02532,S0000649,viewed,,,
2025-11-28,2025-11,United States,Beauty,Mobile,U00990,S0000683,viewed,,,
2025-11-28,2025-11,Canada,Beauty,Desktop,U01126,S0000684,viewed,,,
2025-11-28,2025-11,United States,Home,Mobile,U02290,S0000751,viewed,,,
2025-11-28,2025-11,United States,Apparel,Desktop,U00664,S0000853,viewed,,,
2025-11-28,2025-11,Germany,Apparel,Desktop,U01957,S0000999,viewed,,,
2025-11-28,2025-11,United States,Home,Desktop,U00694,S0001054,viewed,,,
2025-11-28,2025-11,Canada,Electronics,Desktop,U00614,S0001083,add_to_cart,,,
2025-11-28,2025-11,Canada,Electronics,Desktop,U00614,S0001083,checkout_started,,,
2025-11-28,2025-11,Canada,Electronics,Desktop,U00614,S0001083,viewed,,,
2025-11-28,2025-11,Germany,Electronics,Mobile,U01666,S0001210,add_to_cart,,,
2025-11-28,2025-11,Germany,Electronics,Mobile,U01666,S0001210,viewed,,,
2025-11-28,2025-11,Canada,Electronics,Mobile,U01771,S0001223,add_to_cart,,,
2025-11-28,2025-11,Canada,Electronics,Mobile,U01771,S0001223,checkout_started,,,
2025-11-28,2025-11,Canada,Electronics,Mobile,U01771,S0001223,purchased,4.0,129.19014514883656,516.76
2025-11-28,2025-11,Canada,Electronics,Mobile,U01771,S0001223,viewed,,,
2025-11-28,2025-11,United States,Apparel,Desktop,U02388,S0001243,add_to_cart,,,
2025-11-28,2025-11,United States,Apparel,Desktop,U02388,S0001243,checkout_started,,,
2025-11-28,2025-11,United States,Apparel,Desktop,U02388,S0001243,purchased,3.0,72.10538093508106,216.32
2025-11-28,2025-11,United States,Apparel,Desktop,U02388,S0001243,viewed,,,
2025-11-28,2025-11,Canada,Apparel,Mobile,U00069,S0001369,viewed,,,
2025-11-28,2025-11,United States,Electronics,Desktop,U02246,S0001376,viewed,,,
2025-11-28,2025-11,United States,Sports,Mobile,U00375,S0001377,viewed,,,
2025-11-28,2025-11,United States,Home,Mobile,U01808,S0001448,viewed,,,
2025-11-28,2025-11,Canada,Beauty,Tablet,U01021,S0001700,viewed,,,
2025-11-28,2025-11,United Kingdom,Beauty,Mobile,U02282,S0001810,add_to_cart,,,
2025-11-28,2025-11,United Kingdom,Beauty,Mobile,U02282,S0001810,checkout_started,,,
2025-11-28,2025-11,United Kingdom,Beauty,Mobile,U02282,S0001810,viewed,,,
2025-11-28,2025-11,United States,Home,Desktop,U02064,S0001939,add_to_cart,,,
2025-11-28,2025-11,United States,Home,Desktop,U02064,S0001939,checkout_started,,,
2025-11-28,2025-11,United States,Home,Desktop,U02064,S0001939,viewed,,,
2025-11-28,2025-11,United States,Home,Mobile,U01330,S0002117,viewed,,,
2025-11-28,2025-11,United Kingdom,Sports,Mobile,U02597,S0002143,viewed,,,
2025-11-28,2025-11,Germany,Electronics,Mobile,U00004,S0002363,add_to_cart,,,
2025-11-28,2025-11,Germany,Electronics,Mobile,U00004,S0002363,viewed,,,
2025-11-28,2025-11,United States,Home,Desktop,U01251,S0002513,add_to_cart,,,
2025-11-28,2025-11,United States,Home,Desktop,U01251,S0002513,viewed,,,
2025-11-28,2025-11,United States,Beauty,Mobile,U01223,S0002668,viewed,,,
2025-11-28,2025-11,United States,Sports,Desktop,U00755,S0002670,viewed,,,
2025-11-28,2025-11,United States,Electronics,Desktop,U01977,S0002677,add_to_cart,,,
2025-11-28,2025-11,United States,Electronics,Desktop,U01977,S0002677,viewed,,,
2025-11-28,2025-11,Canada,Sports,Mobile,U01442,S0002731,add_to_cart,,,
2025-11-28,2025-11,Canada,Sports,Mobile,U01442,S0002731,viewed,,,
2025-11-28,2025-11,United Kingdom,Electronics,Mobile,U02533,S0002770,viewed,,,
2025-11-28,2025-11,United States,Home,Mobile,U02113,S0002814,viewed,,,
2025-11-28,2025-11,United States,Sports,Mobile,U01007,S0002837,viewed,,,
2025-11-28,2025-11,United States,Apparel,Mobile,U00929,S0003004,add_to_cart,,,
2025-11-28,2025-11,United States,Apparel,Mobile,U00929,S0003004,checkout_started,,,
2025-11-28,2025-11,United States,Apparel,Mobile,U00929,S0003004,purchased,3.0,63.364221435561866,190.09
2025-11-28,2025-11,United States,Apparel,Mobile,U00929,S0003004,viewed,,,
2025-11-28,2025-11,United States,Beauty,Mobile,U01756,S0003211,viewed,,,
2025-11-28,2025-11,Canada,Home,Mobile,U01851,S0003214,add_to_cart,,,
2025-11-28,2025-11,Canada,Home,Mobile,U01851,S0003214,checkout_started,,,
2025-11-28,2025-11,Canada,Home,Mobile,U01851,S0003214,purchased,1.0,129.05747181871175,129.06
2025-11-28,2025-11,Canada,Home,Mobile,U01851,S0003214,viewed,,,
2025-11-28,2025-11,United States,Electronics,Mobile,U01071,S0003383,add_to_cart,,,
2025-11-28,2025-11,United States,Electronics,Mobile,U01071,S0003383,checkout_started,,,
2025-11-28,2025-11,United States,Electronics,Mobile,U01071,S0003383,purchased,3.0,118.26079713736843,354.78
2025-11-28,2025-11,United States,Electronics,Mobile,U01071,S0003383,viewed,,,
2025-11-28,2025-11,United Kingdom,Home,Mobile,U00455,S0003398,viewed,,,
2025-11-28,2025-11,United States,Electronics,Mobile,U01323,S0003488,viewed,,,
2025-11-28,2025-11,United States,Beauty,Desktop,U02115,S0003635,add_to_cart,,,
2025-11-28,2025-11,United States,Beauty,Desktop,U02115,S0003635,viewed,,,
2025-11-28,2025-11,United States,Electronics,Desktop,U00108,S0003645,viewed,,,
2025-11-28,2025-11,Australia,Home,Desktop,U02443,S0003664,viewed,,,
2025-11-28,2025-11,United States,Home,Mobile,U01397,S0003689,viewed,,,
2025-11-28,2025-11,United Kingdom,Sports,Desktop,U01107,S0003753,viewed,,,
2025-11-28,2025-11,United States,Apparel,Mobile,U01761,S0003839,viewed,,,
2025-11-28,2025-11,United States,Electronics,Mobile,U00536,S0004095,add_to_cart,,,
2025-11-28,2025-11,United States,Electronics,Mobile,U00536,S0004095,viewed,,,
2025-11-28,2025-11,Australia,Electronics,Mobile,U01828,S0004357,viewed,,,
2025-11-28,2025-11,United States,Sports,Desktop,U02402,S0004510,viewed,,,
2025-11-28,2025-11,Germany,Home,Desktop,U01555,S0004761,add_to_cart,,,
2025-11-28,2025-11,Germany,Home,Desktop,U01555,S0004761,checkout_started,,,
2025-11-28,2025-11,Germany,Home,Desktop,U01555,S0004761,viewed,,,
2025-11-28,2025-11,Germany,Sports,Desktop,U00400,S0004872,viewed,,,
2025-11-28,2025-11,United States,Apparel,Mobile,U01510,S0004937,viewed,,,
2025-11-28,2025-11,United States,Beauty,Mobile,U00018,S0004982,viewed,,,
2025-11-28,2025-11,Germany,Sports,Desktop,U01274,S0004987,viewed,,,
2025-11-29,2025-11,Canada,Apparel,Mobile,U00139,S0000012,viewed,,,
2025-11-29,2025-11,Australia,Apparel,Desktop,U00957,S0000046,viewed,,,
2025-11-29,2025-11,United States,Electronics,Mobile,U01662,S0000064,add_to_cart,,,
2025-11-29,2025-11,United States,Electronics,Mobile,U01662,S0000064,checkout_started,,,
2025-11-29,2025-11,United States,Electronics,Mobile,U01662,S0000064,purchased,4.0,102.40508040499702,409.62
2025-11-29,2025-11,United States,Electronics,Mobile,U01662,S0000064,viewed,,,
2025-11-29,2025-11,Australia,Electronics,Desktop,U01959,S0000208,viewed,,,
2025-11-29,2025-11,United States,Electronics,Tablet,U02372,S0000325,viewed,,,
2025-11-29,2025-11,Australia,Apparel,Mobile,U02038,S0000355,add_to_cart,,,
2025-11-29,2025-11,Australia,Apparel,Mobile,U02038,S0000355,checkout_started,,,
2025-11-29,2025-11,Australia,Apparel,Mobile,U02038,S0000355,purchased,4.0,44.381358475465404,177.53
2025-11-29,2025-11,Australia,Apparel,Mobile,U02038,S0000355,viewed,,,
2025-11-29,2025-11,United States,Apparel,Desktop,U01385,S0000404,add_to_cart,,,
2025-11-29,2025-11,United States,Apparel,Desktop,U01385,S0000404,viewed,,,
2025-11-29,2025-11,United States,Apparel,Mobile,U00916,S0000417,viewed,,,
2025-11-29,2025-11,United States,Home,Mobile,U01344,S0000441,viewed,,,
2025-11-29,2025-11,United States,Electronics,Mobile,U02258,S0000797,viewed,,,
2025-11-29,2025-11,Canada,Home,Mobile,U01337,S0000861,add_to_cart,,,
2025-11-29,2025-11,Canada,Home,Mobile,U01337,S0000861,checkout_started,,,
2025-11-29,2025-11,Canada,Home,Mobile,U01337,S0000861,purchased,3.0,115.72257953707974,347.17
2025-11-29,2025-11,Canada,Home,Mobile,U01337,S0000861,viewed,,,
2025-11-29,2025-11,United States,Sports,Mobile,U00680,S0000947,viewed,,,
2025-11-29,2025-11,United Kingdom,Apparel,Mobile,U01591,S0000959,viewed,,,
2025-11-29,2025-11,United States,Home,Mobile,U01849,S0001226,add_to_cart,,,
2025-11-29,2025-11,United States,Home,Mobile,U01849,S0001226,checkout_started,,,
2025-11-29,2025-11,United States,Home,Mobile,U01849,S0001226,purchased,2.0,130.19733873991404,260.39
2025-11-29,2025-11,United States,Home,Mobile,U01849,S0001226,viewed,,,
2025-11-29,2025-11,Germany,Electronics,Mobile,U00394,S0001233,add_to_cart,,,
2025-11-29,2025-11,Germany,Electronics,Mobile,U00394,S0001233,checkout_started,,,
2025-11-29,2025-11,Germany,Electronics,Mobile,U00394,S0001233,purchased,2.0,160.0824601593826,320.16
2025-11-29,2025-11,Germany,Electronics,Mobile,U00394,S0001233,viewed,,,
2025-11-29,2025-11,United States,Apparel,Desktop,U00495,S0001250,viewed,,,
2025-11-29,2025-11,United States,Electronics,Mobile,U00629,S0001475,viewed,,,
2025-11-29,2025-11,Canada,Home,Mobile,U00267,S0001567,viewed,,,
2025-11-29,2025-11,Australia,Home,Desktop,U01431,S0001649,viewed,,,
2025-11-29,2025-11,United Kingdom,Apparel,Mobile,U00199,S0001797,viewed,,,
2025-11-29,2025-11,United Kingdom,Beauty,Desktop,U01116,S0001955,add_to_cart,,,
2025-11-29,2025-11,United Kingdom,Beauty,Desktop,U01116,S0001955,checkout_started,,,
2025-11-29,2025-11,United Kingdom,Beauty,Desktop,U01116,S0001955,viewed,,,
2025-11-29,2025-11,United Kingdom,Electronics,Mobile,U02111,S0002132,viewed,,,
2025-11-29,2025-11,United States,Apparel,Mobile,U02379,S0002170,viewed,,,
2025-11-29,2025-11,United States,Electronics,Desktop,U01531,S0002270,add_to_cart,,,
2025-11-29,2025-11,United States,Electronics,Desktop,U01531,S0002270,checkout_started,,,
2025-11-29,2025-11,United States,Electronics,Desktop,U01531,S0002270,purchased,2.0,199.684424854049,399.37
2025-11-29,2025-11,United States,Electronics,Desktop,U01531,S0002270,viewed,,,
2025-11-29,2025-11,United States,Apparel,Desktop,U01411,S0002388,viewed,,,
2025-11-29,2025-11,United States,Apparel,Mobile,U02443,S0002542,viewed,,,
2025-11-29,2025-11,United States,Home,Desktop,U01613,S0002579,add_to_cart,,,
2025-11-29,2025-11,United States,Home,Desktop,U01613,S0002579,checkout_started,,,
2025-11-29,2025-11,United States,Home,Desktop,U01613,S0002579,purchased,2.0,89.37084247099828,178.74
2025-11-29,2025-11,United States,Home,Desktop,U01613,S0002579,viewed,,,
2025-11-29,2025-11,Canada,Apparel,Desktop,U00262,S0002589,add_to_cart,,,
2025-11-29,2025-11,Canada,Apparel,Desktop,U00262,S0002589,checkout_started,,,
2025-11-29,2025-11,Canada,Apparel,Desktop,U00262,S0002589,purchased,2.0,63.9200424626574,127.84
2025-11-29,2025-11,Canada,Apparel,Desktop,U00262,S0002589,viewed,,,
2025-11-29,2025-11,United States,Apparel,Mobile,U00040,S0002599,viewed,,,
2025-11-29,2025-11,United Kingdom,Beauty,Mobile,U00132,S0002611,viewed,,,
2025-11-29,2025-11,Germany,Home,Mobile,U02597,S0002750,add_to_cart,,,
2025-11-29,2025-11,Germany,Home,Mobile,U02597,S0002750,viewed,,,
2025-11-29,2025-11,United Kingdom,Electronics,Tablet,U01832,S0002806,add_to_cart,,,
2025-11-29,2025-11,United Kingdom,Electronics,Tablet,U01832,S0002806,checkout_started,,,
2025-11-29,2025-11,United Kingdom,Electronics,Tablet,U01832,S0002806,purchased,1.0,158.51448738236564,158.51
2025-11-29,2025-11,United Kingdom,Electronics,Tablet,U01832,S0002806,viewed,,,
2025-11-29,2025-11,United States,Apparel,Desktop,U01234,S0002824,viewed,,,
2025-11-29,2025-11,United States,Sports,Desktop,U01119,S0002840,viewed,,,
2025-11-29,2025-11,United States,Electronics,Desktop,U00685,S0002872,viewed,,,
2025-11-29,2025-11,Australia,Home,Mobile,U00243,S0002880,viewed,,,
2025-11-29,2025-11,United Kingdom,Beauty,Mobile,U01549,S0002963,viewed,,,
2025-11-29,2025-11,United States,Sports,Tablet,U00002,S0003283,viewed,,,
2025-11-29,2025-11,Canada,Beauty,Mobile,U01447,S0003355,viewed,,,
2025-11-29,2025-11,United States,Home,Desktop,U01757,S0003511,viewed,,,
2025-11-29,2025-11,Canada,Sports,Desktop,U01209,S0003516,add_to_cart,,,
2025-11-29,2025-11,Canada,Sports,Desktop,U01209,S0003516,checkout_started,,,
2025-11-29,2025-11,Canada,Sports,Desktop,U01209,S0003516,purchased,3.0,94.94484035088266,284.83
2025-11-29,2025-11,Canada,Sports,Desktop,U01209,S0003516,viewed,,,
2025-11-29,2025-11,Australia,Sports,Mobile,U01682,S0003663,viewed,,,
2025-11-29,2025-11,United States,Home,Desktop,U01774,S0003685,viewed,,,
2025-11-29,2025-11,United States,Electronics,Tablet,U00128,S0003789,add_to_cart,,,
2025-11-29,2025-11,United States,Electronics,Tablet,U00128,S0003789,checkout_started,,,
2025-11-29,2025-11,United States,Electronics,Tablet,U00128,S0003789,purchased,4.0,188.3963513760837,753.59
2025-11-29,2025-11,United States,Electronics,Tablet,U00128,S0003789,viewed,,,
2025-11-29,2025-11,Germany,Home,Mobile,U01717,S0003908,viewed,,,
2025-11-29,2025-11,United States,Electronics,Mobile,U00869,S0003912,viewed,,,
2025-11-29,2025-11,United Kingdom,Electronics,Desktop,U00725,S0003944,add_to_cart,,,
2025-11-29,2025-11,United Kingdom,Electronics,Desktop,U00725,S0003944,checkout_started,,,
2025-11-29,2025-11,United Kingdom,Electronics,Desktop,U00725,S0003944,purchased,3.0,166.65820799260706,499.97
2025-11-29,2025-11,United Kingdom,Electronics,Desktop,U00725,S0003944,viewed,,,
2025-11-29,2025-11,United States,Sports,Mobile,U02436,S0003949,add_to_cart,,,
2025-11-29,2025-11,United States,Sports,Mobile,U02436,S0003949,viewed,,,
2025-11-29,2025-11,United States,Electronics,Mobile,U02001,S0004114,add_to_cart,,,
2025-11-29,2025-11,United States,Electronics,Mobile,U02001,S0004114,checkout_started,,,
2025-11-29,2025-11,United States,Electronics,Mobile,U02001,S0004114,purchased,1.0,84.9247366608175,84.92
2025-11-29,2025-11,United States,Electronics,Mobile,U02001,S0004114,viewed,,,
2025-11-29,2025-11,United Kingdom,Apparel,Desktop,U00097,S0004136,viewed,,,
2025-11-29,2025-11,United States,Apparel,Desktop,U01647,S0004137,add_to_cart,,,
2025-11-29,2025-11,United States,Apparel,Desktop,U01647,S0004137,checkout_started,,,
2025-11-29,2025-11,United States,Apparel,Desktop,U01647,S0004137,purchased,3.0,88.64961386035267,265.95
2025-11-29,2025-11,United States,Apparel,Desktop,U01647,S0004137,viewed,,,
2025-11-29,2025-11,Australia,Electronics,Desktop,U02135,S0004154,viewed,,,
2025-11-29,2025-11,United States,Home,Tablet,U01060,S0004325,add_to_cart,,,
2025-11-29,2025-11,United States,Home,Tablet,U01060,S0004325,viewed,,,
2025-11-29,2025-11,United States,Home,Desktop,U02274,S0004360,add_to_cart,,,
2025-11-29,2025-11,United States,Home,Desktop,U02274,S0004360,viewed,,,
2025-11-29,2025-11,United States,Apparel,Mobile,U00122,S0004364,add_to_cart,,,
2025-11-29,2025-11,United States,Apparel,Mobile,U00122,S0004364,viewed,,,
2025-11-29,2025-11,United States,Home,Mobile,U01277,S0004582,add_to_cart,,,
2025-11-29,2025-11,United States,Home,Mobile,U01277,S0004582,checkout_started,,,
2025-11-29,2025-11,United States,Home,Mobile,U01277,S0004582,viewed,,,
2025-11-29,2025-11,United States,Sports,Tablet,U00150,S0004793,viewed,,,
2025-11-29,2025-11,United States,Sports,Desktop,U01211,S0004824,add_to_cart,,,
2025-11-29,2025-11,United States,Sports,Desktop,U01211,S0004824,viewed,,,
2025-11-29,2025-11,Germany,Sports,Desktop,U00310,S0004835,add_to_cart,,,
2025-11-29,2025-11,Germany,Sports,Desktop,U00310,S0004835,viewed,,,
2025-11-29,2025-11,United States,Apparel,Mobile,U00580,S0004921,add_to_cart,,,
2025-11-29,2025-11,United States,Apparel,Mobile,U00580,S0004921,checkout_started,,,
2025-11-29,2025-11,United States,Apparel,Mobile,U00580,S0004921,purchased,1.0,62.86141515858246,62.86
2025-11-29,2025-11,United States,Apparel,Mobile,U00580,S0004921,viewed,,,
2025-11-30,2025-11,Canada,Electronics,Desktop,U00981,S0000141,add_to_cart,,,
2025-11-30,2025-11,Canada,Electronics,Desktop,U00981,S0000141,checkout_started,,,
2025-11-30,2025-11,Canada,Electronics,Desktop,U00981,S0000141,purchased,4.0,154.79793957895416,619.19
2025-11-30,2025-11,Canada,Electronics,Desktop,U00981,S0000141,viewed,,,
2025-11-30,2025-11,United Kingdom,Beauty,Desktop,U01442,S0000555,add_to_cart,,,
2025-11-30,2025-11,United Kingdom,Beauty,Desktop,U01442,S0000555,checkout_started,,,
2025-11-30,2025-11,United Kingdom,Beauty,Desktop,U01442,S0000555,viewed,,,
2025-11-30,2025-11,United States,Home,Mobile,U01629,S0000594,viewed,,,
2025-11-30,2025-11,Germany,Home,Mobile,U00577,S0000772,add_to_cart,,,
2025-11-30,2025-11,Germany,Home,Mobile,U00577,S0000772,viewed,,,
2025-11-30,2025-11,Australia,Home,Mobile,U00440,S0000851,viewed,,,
2025-11-30,2025-11,Germany,Apparel,Desktop,U00844,S0000894,viewed,,,
2025-11-30,2025-11,United States,Apparel,Desktop,U00409,S0000914,viewed,,,
2025-11-30,2025-11,United States,Electronics,Mobile,U00670,S0001198,viewed,,,
2025-11-30,2025-11,Canada,Apparel,Mobile,U00576,S0001203,viewed,,,
2025-11-30,2025-11,United States,Beauty,Desktop,U01707,S0001228,add_to_cart,,,
2025-11-30,2025-11,United States,Beauty,Desktop,U01707,S0001228,checkout_started,,,
2025-11-30,2025-11,United States,Beauty,Desktop,U01707,S0001228,purchased,4.0,36.003995571100305,144.02
2025-11-30,2025-11,United States,Beauty,Desktop,U01707,S0001228,viewed,,,
2025-11-30,2025-11,United States,Apparel,Mobile,U00861,S0001246,viewed,,,
2025-11-30,2025-11,United Kingdom,Apparel,Tablet,U00756,S0001381,viewed,,,
2025-11-30,2025-11,United States,Beauty,Mobile,U00668,S0001393,add_to_cart,,,
2025-11-30,2025-11,United States,Beauty,Mobile,U00668,S0001393,viewed,,,
2025-11-30,2025-11,United States,Electronics,Desktop,U00768,S0001457,viewed,,,
2025-11-30,2025-11,Germany,Apparel,Mobile,U00496,S0001570,viewed,,,
2025-11-30,2025-11,United States,Electronics,Desktop,U02296,S0001676,viewed,,,
2025-11-30,2025-11,United States,Apparel,Mobile,U00061,S0001707,viewed,,,
2025-11-30,2025-11,United States,Sports,Desktop,U02223,S0001746,viewed,,,
2025-11-30,2025-11,Canada,Home,Mobile,U00032,S0001747,viewed,,,
2025-11-30,2025-11,Germany,Electronics,Mobile,U00142,S0001828,add_to_cart,,,
2025-11-30,2025-11,Germany,Electronics,Mobile,U00142,S0001828,viewed,,,
2025-11-30,2025-11,United Kingdom,Electronics,Desktop,U00779,S0001830,viewed,,,
2025-11-30,2025-11,United States,Electronics,Desktop,U01150,S0001962,viewed,,,
2025-11-30,2025-11,United States,Home,Mobile,U02206,S0002035,viewed,,,
2025-11-30,2025-11,Germany,Beauty,Mobile,U02105,S0002039,viewed,,,
2025-11-30,2025-11,Australia,Apparel,Desktop,U01567,S0002230,viewed,,,
2025-11-30,2025-11,United States,Beauty,Desktop,U00911,S0002379,add_to_cart,,,
2025-11-30,2025-11,United States,Beauty,Desktop,U00911,S0002379,viewed,,,
2025-11-30,2025-11,Australia,Sports,Desktop,U00876,S0002536,viewed,,,
2025-11-30,2025-11,United Kingdom,Sports,Mobile,U01608,S0002555,add_to_cart,,,
2025-11-30,2025-11,United Kingdom,Sports,Mobile,U01608,S0002555,checkout_started,,,
2025-11-30,2025-11,United Kingdom,Sports,Mobile,U01608,S0002555,purchased,2.0,105.64548154650214,211.29
2025-11-30,2025-11,United Kingdom,Sports,Mobile,U01608,S0002555,viewed,,,
2025-11-30,2025-11,Australia,Apparel,Mobile,U00576,S0002627,viewed,,,
2025-11-30,2025-11,Canada,Electronics,Mobile,U00744,S0002653,viewed,,,
2025-11-30,2025-11,United States,Apparel,Mobile,U02493,S0002690,viewed,,,
2025-11-30,2025-11,United States,Beauty,Desktop,U00573,S0002974,add_to_cart,,,
2025-11-30,2025-11,United States,Beauty,Desktop,U00573,S0002974,checkout_started,,,
2025-11-30,2025-11,United States,Beauty,Desktop,U00573,S0002974,purchased,1.0,46.10623050015358,46.11
2025-11-30,2025-11,United States,Beauty,Desktop,U00573,S0002974,viewed,,,
2025-11-30,2025-11,United States,Electronics,Desktop,U01334,S0003199,viewed,,,
2025-11-30,2025-11,United States,Apparel,Mobile,U01272,S0003219,viewed,,,
2025-11-30,2025-11,United States,Beauty,Desktop,U01324,S0003270,viewed,,,
2025-11-30,2025-11,United States,Electronics,Desktop,U00477,S0003361,add_to_cart,,,
2025-11-30,2025-11,United States,Electronics,Desktop,U00477,S0003361,checkout_started,,,
2025-11-30,2025-11,United States,Electronics,Desktop,U00477,S0003361,purchased,1.0,134.03013309088345,134.03
2025-11-30,2025-11,United States,Electronics,Desktop,U00477,S0003361,viewed,,,
2025-11-30,2025-11,United States,Electronics,Desktop,U02520,S0003371,add_to_cart,,,
2025-11-30,2025-11,United States,Electronics,Desktop,U02520,S0003371,checkout_started,,,
2025-11-30,2025-11,United States,Electronics,Desktop,U02520,S0003371,purchased,3.0,108.42485045344077,325.27
2025-11-30,2025-11,United States,Electronics,Desktop,U02520,S0003371,viewed,,,
2025-11-30,2025-11,Germany,Apparel,Mobile,U02096,S0003404,viewed,,,
2025-11-30,2025-11,United States,Electronics,Desktop,U01953,S0003412,viewed,,,
2025-11-30,2025-11,Canada,Home,Mobile,U01168,S0003426,add_to_cart,,,
2025-11-30,2025-11,Canada,Home,Mobile,U01168,S0003426,checkout_started,,,
2025-11-30,2025-11,Canada,Home,Mobile,U01168,S0003426,viewed,,,
2025-11-30,2025-11,Germany,Apparel,Mobile,U00538,S0003593,add_to_cart,,,
2025-11-30,2025-11,Germany,Apparel,Mobile,U00538,S0003593,viewed,,,
2025-11-30,2025-11,United States,Sports,Desktop,U01331,S0003746,viewed,,,
2025-11-30,2025-11,Germany,Home,Mobile,U00431,S0003748,add_to_cart,,,
2025-11-30,2025-11,Germany,Home,Mobile,U00431,S0003748,checkout_started,,,
2025-11-30,2025-11,Germany,Home,Mobile,U00431,S0003748,purchased,2.0,87.97200755129718,175.94
2025-11-30,2025-11,Germany,Home,Mobile,U00431,S0003748,viewed,,,
2025-11-30,2025-11,Germany,Electronics,Mobile,U00383,S0003779,add_to_cart,,,
2025-11-30,2025-11,Germany,Electronics,Mobile,U00383,S0003779,checkout_started,,,
2025-11-30,2025-11,Germany,Electronics,Mobile,U00383,S0003779,viewed,,,
2025-11-30,2025-11,United Kingdom,Beauty,Mobile,U00687,S0003785,viewed,,,
2025-11-30,2025-11,Australia,Sports,Desktop,U00750,S0003978,add_to_cart,,,
2025-11-30,2025-11,Australia,Sports,Desktop,U00750,S0003978,checkout_started,,,
2025-11-30,2025-11,Australia,Sports,Desktop,U00750,S0003978,purchased,4.0,66.97374251346602,267.89
2025-11-30,2025-11,Australia,Sports,Desktop,U00750,S0003978,viewed,,,
2025-11-30,2025-11,Germany,Home,Mobile,U01826,S0004077,viewed,,,
2025-11-30,2025-11,Canada,Apparel,Mobile,U00376,S0004089,add_to_cart,,,
2025-11-30,2025-11,Canada,Apparel,Mobile,U00376,S0004089,checkout_started,,,
2025-11-30,2025-11,Canada,Apparel,Mobile,U00376,S0004089,purchased,2.0,49.81958892873767,99.64
2025-11-30,2025-11,Canada,Apparel,Mobile,U00376,S0004089,viewed,,,
2025-11-30,2025-11,United States,Electronics,Mobile,U00924,S0004090,add_to_cart,,,
2025-11-30,2025-11,United States,Electronics,Mobile,U00924,S0004090,viewed,,,
2025-11-30,2025-11,Canada,Home,Mobile,U00184,S0004102,add_to_cart,,,
2025-11-30,2025-11,Canada,Home,Mobile,U00184,S0004102,checkout_started,,,
2025-11-30,2025-11,Canada,Home,Mobile,U00184,S0004102,purchased,3.0,57.80496100225491,173.41
2025-11-30,2025-11,Canada,Home,Mobile,U00184,S0004102,viewed,,,
2025-11-30,2025-11,Germany,Home,Tablet,U02593,S0004123,add_to_cart,,,
2025-11-30,2025-11,Germany,Home,Tablet,U02593,S0004123,viewed,,,
2025-11-30,2025-11,United States,Beauty,Mobile,U00551,S0004135,viewed,,,
2025-11-30,2025-11,United Kingdom,Beauty,Desktop,U00721,S0004253,viewed,,,
2025-11-30,2025-11,Germany,Apparel,Mobile,U02583,S0004317,viewed,,,
2025-11-30,2025-11,United States,Beauty,Mobile,U01310,S0004524,viewed,,,
2025-11-30,2025-11,Canada,Beauty,Mobile,U01473,S0004601,add_to_cart,,,
2025-11-30,2025-11,Canada,Beauty,Mobile,U01473,S0004601,checkout_started,,,
2025-11-30,2025-11,Canada,Beauty,Mobile,U01473,S0004601,purchased,3.0,31.49473953785605,94.48
2025-11-30,2025-11,Canada,Beauty,Mobile,U01473,S0004601,viewed,,,
2025-11-30,2025-11,Germany,Electronics,Mobile,U01046,S0004652,viewed,,,
2025-11-30,2025-11,United States,Beauty,Desktop,U00061,S0004718,viewed,,,
2025-11-30,2025-11,Canada,Home,Desktop,U00284,S0004774,add_to_cart,,,
2025-11-30,2025-11,Canada,Home,Desktop,U00284,S0004774,checkout_started,,,
2025-11-30,2025-11,Canada,Home,Desktop,U00284,S0004774,viewed,,,
2025-11-30,2025-11,United States,Electronics,Tablet,U01997,S0004963,viewed,,,
2025-12-01,2025-12,United States,Apparel,Mobile,U01665,S0000145,add_to_cart,,,
2025-12-01,2025-12,United States,Apparel,Mobile,U01665,S0000145,checkout_started,,,
2025-12-01,2025-12,United States,Apparel,Mobile,U01665,S0000145,viewed,,,
2025-12-01,2025-12,Australia,Electronics,Mobile,U00990,S0000161,add_to_cart,,,
2025-12-01,2025-12,Australia,Electronics,Mobile,U00990,S0000161,viewed,,,
2025-12-01,2025-12,United States,Home,Mobile,U02166,S0000265,viewed,,,
2025-12-01,2025-12,United Kingdom,Apparel,Mobile,U01294,S0000347,viewed,,,
2025-12-01,2025-12,Australia,Beauty,Mobile,U02126,S0000356,add_to_cart,,,
2025-12-01,2025-12,Australia,Beauty,Mobile,U02126,S0000356,viewed,,,
2025-12-01,2025-12,United Kingdom,Sports,Mobile,U02214,S0000401,add_to_cart,,,
2025-12-01,2025-12,United Kingdom,Sports,Mobile,U02214,S0000401,checkout_started,,,
2025-12-01,2025-12,United Kingdom,Sports,Mobile,U02214,S0000401,purchased,2.0,50.45632283933348,100.91
2025-12-01,2025-12,United Kingdom,Sports,Mobile,U02214,S0000401,viewed,,,
2025-12-01,2025-12,United States,Apparel,Mobile,U01055,S0000511,add_to_cart,,,
2025-12-01,2025-12,United States,Apparel,Mobile,U01055,S0000511,viewed,,,
2025-12-01,2025-12,Canada,Sports,Mobile,U00964,S0000691,viewed,,,
2025-12-01,2025-12,United Kingdom,Sports,Mobile,U00986,S0000810,add_to_cart,,,
2025-12-01,2025-12,United Kingdom,Sports,Mobile,U00986,S0000810,checkout_started,,,
2025-12-01,2025-12,United Kingdom,Sports,Mobile,U00986,S0000810,purchased,4.0,68.57682186029821,274.31
2025-12-01,2025-12,United Kingdom,Sports,Mobile,U00986,S0000810,viewed,,,
2025-12-01,2025-12,United States,Home,Desktop,U01476,S0000820,viewed,,,
2025-12-01,2025-12,United States,Beauty,Tablet,U02235,S0001056,add_to_cart,,,
2025-12-01,2025-12,United States,Beauty,Tablet,U02235,S0001056,checkout_started,,,
2025-12-01,2025-12,United States,Beauty,Tablet,U02235,S0001056,purchased,1.0,50.397557617307974,50.4
2025-12-01,2025-12,United States,Beauty,Tablet,U02235,S0001056,viewed,,,
2025-12-01,2025-12,United States,Beauty,Desktop,U00987,S0001082,viewed,,,
2025-12-01,2025-12,United States,Apparel,Mobile,U01163,S0001088,add_to_cart,,,
2025-12-01,2025-12,United States,Apparel,Mobile,U01163,S0001088,checkout_started,,,
2025-12-01,2025-12,United States,Apparel,Mobile,U01163,S0001088,purchased,3.0,52.76660918525185,158.3
2025-12-01,2025-12,United States,Apparel,Mobile,U01163,S0001088,viewed,,,
2025-12-01,2025-12,United States,Electronics,Mobile,U02193,S0001117,viewed,,,
2025-12-01,2025-12,United States,Beauty,Mobile,U02130,S0001169,viewed,,,
2025-12-01,2025-12,United States,Electronics,Mobile,U00491,S0001336,viewed,,,
2025-12-01,2025-12,Canada,Apparel,Mobile,U01848,S0001346,viewed,,,
2025-12-01,2025-12,Canada,Electronics,Desktop,U00915,S0001422,viewed,,,
2025-12-01,2025-12,Germany,Beauty,Mobile,U02480,S0001559,viewed,,,
2025-12-01,2025-12,United States,Electronics,Desktop,U00186,S0001620,add_to_cart,,,
2025-12-01,2025-12,United States,Electronics,Desktop,U00186,S0001620,checkout_started,,,
2025-12-01,2025-12,United States,Electronics,Desktop,U00186,S0001620,purchased,1.0,120.88507082516108,120.89
2025-12-01,2025-12,United States,Electronics,Desktop,U00186,S0001620,viewed,,,
2025-12-01,2025-12,Australia,Home,Desktop,U01420,S0001626,add_to_cart,,,
2025-12-01,2025-12,Australia,Home,Desktop,U01420,S0001626,checkout_started,,,
2025-12-01,2025-12,Australia,Home,Desktop,U01420,S0001626,purchased,3.0,118.95090680812818,356.85
2025-12-01,2025-12,Australia,Home,Desktop,U01420,S0001626,viewed,,,
2025-12-01,2025-12,United States,Home,Desktop,U01019,S0001998,viewed,,,
2025-12-01,2025-12,Australia,Beauty,Tablet,U00285,S0002046,add_to_cart,,,
2025-12-01,2025-12,Australia,Beauty,Tablet,U00285,S0002046,checkout_started,,,
2025-12-01,2025-12,Australia,Beauty,Tablet,U00285,S0002046,purchased,2.0,43.46623500830124,86.93
2025-12-01,2025-12,Australia,Beauty,Tablet,U00285,S0002046,viewed,,,
2025-12-01,2025-12,United Kingdom,Home,Mobile,U02579,S0002173,viewed,,,
2025-12-01,2025-12,United Kingdom,Home,Desktop,U00518,S0002218,add_to_cart,,,
2025-12-01,2025-12,United Kingdom,Home,Desktop,U00518,S0002218,checkout_started,,,
2025-12-01,2025-12,United Kingdom,Home,Desktop,U00518,S0002218,purchased,3.0,126.07747332987952,378.23
2025-12-01,2025-12,United Kingdom,Home,Desktop,U00518,S0002218,viewed,,,
2025-12-01,2025-12,United States,Beauty,Desktop,U00494,S0002260,add_to_cart,,,
2025-12-01,2025-12,United States,Beauty,Desktop,U00494,S0002260,viewed,,,
2025-12-01,2025-12,Germany,Apparel,Mobile,U00277,S0002262,viewed,,,
2025-12-01,2025-12,United States,Electronics,Desktop,U02475,S0002376,viewed,,,
2025-12-01,2025-12,United States,Electronics,Desktop,U00430,S0002520,add_to_cart,,,
2025-12-01,2025-12,United States,Electronics,Desktop,U00430,S0002520,viewed,,,
2025-12-01,2025-12,United States,Apparel,Desktop,U01604,S0002617,viewed,,,
2025-12-01,2025-12,United States,Sports,Mobile,U00405,S0002755,add_to_cart,,,
2025-12-01,2025-12,United States,Sports,Mobile,U00405,S0002755,viewed,,,
2025-12-01,2025-12,United States,Home,Desktop,U01205,S0002768,viewed,,,
2025-12-01,2025-12,United States,Electronics,Mobile,U01910,S0002803,add_to_cart,,,
2025-12-01,2025-12,United States,Electronics,Mobile,U01910,S0002803,checkout_started,,,
2025-12-01,2025-12,United States,Electronics,Mobile,U01910,S0002803,purchased,4.0,104.71425081778366,418.86
2025-12-01,2025-12,United States,Electronics,Mobile,U01910,S0002803,viewed,,,
2025-12-01,2025-12,United Kingdom,Home,Mobile,U00363,S0002956,viewed,,,
2025-12-01,2025-12,Canada,Apparel,Mobile,U02513,S0003122,viewed,,,
2025-12-01,2025-12,Germany,Apparel,Desktop,U00252,S0003149,viewed,,,
2025-12-01,2025-12,United States,Home,Desktop,U00407,S0003158,viewed,,,
2025-12-01,2025-12,United States,Electronics,Mobile,U00059,S0003175,viewed,,,
2025-12-01,2025-12,United States,Home,Desktop,U01224,S0003207,viewed,,,
2025-12-01,2025-12,Canada,Apparel,Desktop,U00827,S0003238,viewed,,,
2025-12-01,2025-12,Australia,Home,Mobile,U00448,S0003279,viewed,,,
2025-12-01,2025-12,Australia,Sports,Desktop,U01100,S0003534,viewed,,,
2025-12-01,2025-12,Australia,Apparel,Mobile,U00067,S0003621,add_to_cart,,,
2025-12-01,2025-12,Australia,Apparel,Mobile,U00067,S0003621,viewed,,,
2025-12-01,2025-12,United States,Electronics,Mobile,U02125,S0003649,add_to_cart,,,
2025-12-01,2025-12,United States,Electronics,Mobile,U02125,S0003649,checkout_started,,,
2025-12-01,2025-12,United States,Electronics,Mobile,U02125,S0003649,viewed,,,
2025-12-01,2025-12,United States,Apparel,Mobile,U01798,S0003712,viewed,,,
2025-12-01,2025-12,United Kingdom,Beauty,Desktop,U01409,S0003724,viewed,,,
2025-12-01,2025-12,Australia,Sports,Desktop,U01714,S0003726,add_to_cart,,,
2025-12-01,2025-12,Australia,Sports,Desktop,U01714,S0003726,checkout_started,,,
2025-12-01,2025-12,Australia,Sports,Desktop,U01714,S0003726,purchased,3.0,78.62858870747303,235.89
2025-12-01,2025-12,Australia,Sports,Desktop,U01714,S0003726,viewed,,,
2025-12-01,2025-12,United Kingdom,Home,Desktop,U00567,S0004216,add_to_cart,,,
2025-12-01,2025-12,United Kingdom,Home,Desktop,U00567,S0004216,viewed,,,
2025-12-01,2025-12,United Kingdom,Apparel,Tablet,U00848,S0004266,viewed,,,
2025-12-01,2025-12,United States,Sports,Mobile,U00559,S0004296,viewed,,,
2025-12-01,2025-12,United States,Apparel,Desktop,U02063,S0004422,viewed,,,
2025-12-01,2025-12,Canada,Apparel,Desktop,U00646,S0004503,viewed,,,
2025-12-01,2025-12,Australia,Home,Mobile,U00838,S0004521,add_to_cart,,,
2025-12-01,2025-12,Australia,Home,Mobile,U00838,S0004521,checkout_started,,,
2025-12-01,2025-12,Australia,Home,Mobile,U00838,S0004521,purchased,1.0,91.27774892395952,91.28
2025-12-01,2025-12,Australia,Home,Mobile,U00838,S0004521,viewed,,,
2025-12-01,2025-12,United Kingdom,Apparel,Desktop,U01345,S0004622,add_to_cart,,,
2025-12-01,2025-12,United Kingdom,Apparel,Desktop,U01345,S0004622,checkout_started,,,
2025-12-01,2025-12,United Kingdom,Apparel,Desktop,U01345,S0004622,purchased,2.0,74.41105960474934,148.82
2025-12-01,2025-12,United Kingdom,Apparel,Desktop,U01345,S0004622,viewed,,,
2025-12-01,2025-12,United Kingdom,Beauty,Desktop,U01538,S0004693,add_to_cart,,,
2025-12-01,2025-12,United Kingdom,Beauty,Desktop,U01538,S0004693,checkout_started,,,
2025-12-01,2025-12,United Kingdom,Beauty,Desktop,U01538,S0004693,purchased,3.0,31.394088733839837,94.18
2025-12-01,2025-12,United Kingdom,Beauty,Desktop,U01538,S0004693,viewed,,,
2025-12-01,2025-12,United States,Beauty,Desktop,U01250,S0004792,viewed,,,
2025-12-01,2025-12,United States,Beauty,Mobile,U02231,S0004882,viewed,,,
2025-12-01,2025-12,United States,Electronics,Desktop,U02383,S0004993,add_to_cart,,,
2025-12-01,2025-12,United States,Electronics,Desktop,U02383,S0004993,checkout_started,,,
2025-12-01,2025-12,United States,Electronics,Desktop,U02383,S0004993,purchased,1.0,196.32202379697196,196.32
2025-12-01,2025-12,United States,Electronics,Desktop,U02383,S0004993,viewed,,,
