user_id,signup_date,acquisition_channel,plan_type,is_paid,paid_conversion_date,days_to_paid,retained_30d,revenue_usd
U000001,2025-10-05,Paid Search,Free,0,,,0,0.0
U000002,2025-07-14,Organic Search,Basic,1,2025-07-15,1,0,26.69
U000003,2025-06-16,Paid Search,Free,0,,,0,0.0
U000004,2025-05-25,Paid Search,Free,0,,,0,0.0
U000005,2025-02-05,Organic Search,Free,0,,,0,0.0
U000006,2025-06-11,Paid Search,Pro,1,2025-06-14,3,0,58.83
U000007,2025-05-13,Organic Search,Free,0,,,0,0.0
U000008,2025-01-23,Social,Free,0,,,0,0.0
U000009,2025-08-12,Social,Free,0,,,0,0.0
U000010,2025-06-18,Referral,Basic,1,2025-06-22,4,1,13.17
U000011,2025-06-27,Referral,Free,0,,,0,0.0
U000012,2025-01-23,Direct,Basic,1,2025-01-28,5,1,29.9
U000013,2025-10-16,Direct,Basic,1,2025-10-19,3,1,33.08
U000014,2025-08-31,Organic Search,Basic,1,2025-09-06,6,0,30.18
U000015,2025-02-02,Paid Search,Basic,1,2025-02-04,2,0,31.56
U000016,2025-05-24,Social,Free,0,,,0,0.0
U000017,2025-02-03,Direct,Free,0,,,0,0.0
U000018,2025-06-18,Referral,Free,0,,,0,0.0
U000019,2025-05-26,Email,Free,0,,,0,0.0
U000020,2025-06-04,Paid Search,Free,0,,,0,0.0
U000021,2025-02-07,Direct,Free,0,,,0,0.0
U000022,2025-03-09,Organic Search,Free,0,,,0,0.0
U000023,2025-08-15,Organic Search,Free,0,,,0,0.0
U000024,2025-08-16,Paid Search,Enterprise,1,2025-08-25,9,1,275.42
U000025,2025-05-05,Social,Basic,1,2025-05-09,4,0,23.17
U000026,2025-03-09,Paid Search,Pro,1,2025-03-13,4,1,36.45
U000027,2025-01-03,Email,Enterprise,1,2025-01-13,10,0,208.62
U000028,2025-04-23,Paid Search,Basic,1,2025-04-23,0,0,21.01
U000029,2025-10-06,Organic Search,Basic,1,2025-10-09,3,0,27.42
U000030,2025-03-24,Direct,Free,0,,,0,0.0
U000031,2025-06-14,Referral,Free,0,,,0,0.0
U000032,2025-05-28,Direct,Pro,1,2025-05-29,1,0,75.39
U000033,2025-03-22,Direct,Free,0,,,0,0.0
U000034,2025-05-20,Referral,Free,0,,,0,0.0
U000035,2025-05-08,Social,Free,0,,,0,0.0
U000036,2025-06-03,Direct,Basic,1,2025-06-13,10,1,30.59
U000037,2025-08-30,Direct,Basic,1,2025-09-04,5,0,33.06
U000038,2025-02-27,Email,Free,0,,,0,0.0
U000039,2025-04-09,Paid Search,Basic,1,2025-04-12,3,1,22.61
U000040,2025-08-12,Email,Basic,1,2025-08-17,5,0,43.84
U000041,2025-06-16,Organic Search,Free,0,,,0,0.0
U000042,2025-06-23,Referral,Free,0,,,0,0.0
U000043,2025-10-21,Direct,Free,0,,,0,0.0
U000044,2025-04-24,Paid Search,Free,0,,,0,0.0
U000045,2025-01-05,Paid Search,Free,0,,,0,0.0
U000046,2025-09-02,Organic Search,Pro,1,2025-09-05,3,1,77.53
U000047,2025-02-09,Organic Search,Free,0,,,0,0.0
U000048,2025-01-10,Organic Search,Free,0,,,0,0.0
U000049,2025-06-23,Referral,Free,0,,,0,0.0
U000050,2025-10-04,Email,Basic,1,2025-10-04,0,1,29.64
U000051,2025-04-23,Organic Search,Free,0,,,0,0.0
U000052,2025-08-11,Email,Free,0,,,0,0.0
U000053,2025-09-05,Organic Search,Free,0,,,0,0.0
U000054,2025-04-20,Email,Free,0,,,0,0.0
U000055,2025-02-27,Email,Free,0,,,0,0.0
U000056,2025-03-10,Social,Free,0,,,0,0.0
U000057,2025-05-21,Organic Search,Free,0,,,0,0.0
U000058,2025-10-02,Social,Free,0,,,0,0.0
U000059,2025-07-15,Email,Free,0,,,0,0.0
U000060,2025-04-11,Organic Search,Free,0,,,0,0.0
U000061,2025-08-18,Referral,Free,0,,,0,0.0
U000062,2025-05-07,Organic Search,Pro,1,2025-05-10,3,0,78.07
U000063,2025-10-11,Email,Free,0,,,0,0.0
U000064,2025-03-23,Email,Free,0,,,0,0.0
U000065,2025-09-08,Email,Free,0,,,0,0.0
U000066,2025-05-23,Referral,Pro,1,2025-05-25,2,0,61.46
U000067,2025-02-12,Paid Search,Free,0,,,0,0.0
U000068,2025-05-03,Email,Free,0,,,0,0.0
U000069,2025-04-27,Social,Free,0,,,0,0.0
U000070,2025-01-12,Paid Search,Free,0,,,0,0.0
U000071,2025-08-30,Paid Search,Free,0,,,0,0.0
U000072,2025-05-04,Social,Free,0,,,0,0.0
U000073,2025-09-30,Organic Search,Free,0,,,0,0.0
U000074,2025-06-04,Email,Free,0,,,0,0.0
U000075,2025-07-22,Organic Search,Free,0,,,0,0.0
U000076,2025-10-09,Direct,Free,0,,,0,0.0
U000077,2025-01-22,Paid Search,Free,0,,,0,0.0
U000078,2025-01-24,Organic Search,Free,0,,,0,0.0
U000079,2025-10-09,Direct,Free,0,,,0,0.0
U000080,2025-07-25,Organic Search,Free,0,,,0,0.0
U000081,2025-09-13,Direct,Free,0,,,0,0.0
U000082,2025-01-06,Direct,Free,0,,,0,0.0
U000083,2025-08-02,Organic Search,Basic,1,2025-08-03,1,0,28.1
U000084,2025-08-24,Organic Search,Free,0,,,0,0.0
U000085,2025-04-08,Organic Search,Free,0,,,0,0.0
U000086,2025-04-02,Organic Search,Free,0,,,0,0.0
U000087,2025-05-26,Social,Free,0,,,0,0.0
U000088,2025-06-03,Organic Search,Enterprise,1,2025-06-05,2,1,205.99
U000089,2025-09-18,Paid Search,Free,0,,,0,0.0
U000090,2025-07-09,Organic Search,Free,0,,,0,0.0
U000091,2025-03-20,Social,Free,0,,,0,0.0
U000092,2025-05-31,Email,Free,0,,,0,0.0
U000093,2025-05-03,Organic Search,Free,0,,,0,0.0
U000094,2025-01-09,Paid Search,Free,0,,,0,0.0
U000095,2025-02-20,Direct,Free,0,,,0,0.0
U000096,2025-08-21,Social,Free,0,,,0,0.0
U000097,2025-06-08,Referral,Enterprise,1,2025-06-09,1,1,230.29
U000098,2025-01-06,Organic Search,Free,0,,,0,0.0
U000099,2025-04-12,Direct,Free,0,,,0,0.0
U000100,2025-10-11,Organic Search,Pro,1,2025-10-14,3,0,73.66
U000101,2025-04-16,Direct,Free,0,,,0,0.0
U000102,2025-02-11,Organic Search,Free,0,,,0,0.0
U000103,2025-05-04,Organic Search,Free,0,,,0,0.0
U000104,2025-08-01,Referral,Pro,1,2025-08-09,8,1,58.63
U000105,2025-03-15,Organic Search,Free,0,,,0,0.0
U000106,2025-01-17,Paid Search,Basic,1,2025-01-20,3,1,29.32
U000107,2025-02-17,Organic Search,Free,0,,,0,0.0
U000108,2025-04-28,Social,Free,0,,,0,0.0
U000109,2025-02-14,Organic Search,Free,0,,,0,0.0
U000110,2025-02-06,Organic Search,Free,0,,,0,0.0
U000111,2025-01-09,Social,Free,0,,,0,0.0
U000112,2025-03-05,Referral,Free,0,,,0,0.0
U000113,2025-05-20,Referral,Free,0,,,0,0.0
U000114,2025-05-28,Organic Search,Free,0,,,0,0.0
U000115,2025-02-05,Email,Pro,1,2025-02-11,6,1,76.94
U000116,2025-09-26,Direct,Free,0,,,0,0.0
U000117,2025-01-17,Paid Search,Free,0,,,0,0.0
U000118,2025-05-08,Referral,Free,0,,,0,0.0
U000119,2025-05-06,Referral,Basic,1,2025-05-13,7,0,30.1
U000120,2025-03-29,Organic Search,Free,0,,,0,0.0
U000121,2025-01-31,Social,Free,0,,,0,0.0
U000122,2025-08-01,Referral,Basic,1,2025-08-02,1,1,28.56
U000123,2025-10-26,Direct,Free,0,,,0,0.0
U000124,2025-08-11,Direct,Free,0,,,0,0.0
U000125,2025-10-06,Paid Search,Free,0,,,0,0.0
U000126,2025-07-05,Email,Free,0,,,0,0.0
U000127,2025-09-22,Email,Free,0,,,0,0.0
U000128,2025-01-30,Direct,Free,0,,,0,0.0
U000129,2025-09-07,Paid Search,Free,0,,,0,0.0
U000130,2025-07-31,Social,Free,0,,,0,0.0
U000131,2025-08-01,Organic Search,Free,0,,,0,0.0
U000132,2025-03-23,Referral,Free,0,,,0,0.0
U000133,2025-02-28,Social,Free,0,,,0,0.0
U000134,2025-03-30,Social,Basic,1,2025-04-07,8,0,34.0
U000135,2025-09-20,Direct,Free,0,,,0,0.0
U000136,2025-09-19,Direct,Free,0,,,0,0.0
U000137,2025-09-02,Organic Search,Free,0,,,0,0.0
U000138,2025-07-04,Social,Free,0,,,0,0.0
U000139,2025-02-01,Organic Search,Free,0,,,0,0.0
U000140,2025-07-09,Organic Search,Free,0,,,0,0.0
U000141,2025-06-25,Organic Search,Free,0,,,0,0.0
U000142,2025-02-16,Email,Enterprise,1,2025-02-18,2,1,178.27
U000143,2025-05-31,Direct,Basic,1,2025-06-03,3,1,24.2
U000144,2025-02-23,Paid Search,Free,0,,,0,0.0
U000145,2025-03-11,Email,Free,0,,,0,0.0
U000146,2025-04-09,Organic Search,Free,0,,,0,0.0
U000147,2025-02-04,Email,Free,0,,,0,0.0
U000148,2025-06-05,Organic Search,Pro,1,2025-06-13,8,1,53.03
U000149,2025-06-10,Paid Search,Pro,1,2025-06-17,7,0,52.71
U000150,2025-05-09,Organic Search,Pro,1,2025-05-13,4,1,72.01
U000151,2025-09-23,Paid Search,Free,0,,,0,0.0
U000152,2025-05-20,Organic Search,Basic,1,2025-05-26,6,1,20.75
U000153,2025-04-04,Paid Search,Free,0,,,0,0.0
U000154,2025-10-17,Organic Search,Basic,1,2025-10-22,5,1,26.68
U000155,2025-10-26,Paid Search,Free,0,,,0,0.0
U000156,2025-06-27,Organic Search,Enterprise,1,2025-06-28,1,1,225.26
U000157,2025-09-24,Social,Free,0,,,0,0.0
U000158,2025-03-01,Organic Search,Free,0,,,0,0.0
U000159,2025-10-02,Paid Search,Pro,1,2025-10-05,3,1,76.58
U000160,2025-10-22,Social,Free,0,,,0,0.0
U000161,2025-05-07,Organic Search,Free,0,,,0,0.0
U000162,2025-06-04,Direct,Free,0,,,0,0.0
U000163,2025-07-23,Social,Free,0,,,0,0.0
U000164,2025-01-15,Organic Search,Free,0,,,0,0.0
U000165,2025-10-19,Organic Search,Free,0,,,0,0.0
U000166,2025-06-17,Referral,Pro,1,2025-06-22,5,1,77.37
U000167,2025-05-31,Organic Search,Free,0,,,0,0.0
U000168,2025-01-04,Organic Search,Free,0,,,0,0.0
U000169,2025-04-06,Social,Free,0,,,0,0.0
U000170,2025-09-14,Referral,Free,0,,,0,0.0
U000171,2025-04-15,Organic Search,Free,0,,,0,0.0
U000172,2025-02-10,Paid Search,Free,0,,,0,0.0
U000173,2025-10-22,Social,Free,0,,,0,0.0
U000174,2025-02-16,Referral,Free,0,,,0,0.0
U000175,2025-10-27,Email,Pro,1,2025-10-27,0,1,94.23
U000176,2025-08-31,Email,Free,0,,,0,0.0
U000177,2025-07-17,Email,Free,0,,,0,0.0
U000178,2025-07-06,Referral,Free,0,,,0,0.0
U000179,2025-05-21,Organic Search,Free,0,,,0,0.0
U000180,2025-10-07,Paid Search,Enterprise,1,2025-10-10,3,0,311.99
U000181,2025-02-20,Paid Search,Pro,1,2025-02-24,4,0,64.91
U000182,2025-07-22,Organic Search,Free,0,,,0,0.0
U000183,2025-08-02,Direct,Free,0,,,0,0.0
U000184,2025-07-01,Referral,Pro,1,2025-07-03,2,0,72.39
U000185,2025-01-21,Referral,Basic,1,2025-01-24,3,1,28.28
U000186,2025-04-20,Organic Search,Free,0,,,0,0.0
U000187,2025-02-26,Direct,Basic,1,2025-02-27,1,1,32.67
U000188,2025-10-20,Organic Search,Free,0,,,0,0.0
U000189,2025-02-08,Paid Search,Basic,1,2025-02-17,9,1,22.34
U000190,2025-03-03,Social,Enterprise,1,2025-03-06,3,1,220.13
U000191,2025-09-14,Direct,Free,0,,,0,0.0
U000192,2025-04-30,Email,Free,0,,,0,0.0
U000193,2025-05-03,Email,Basic,1,2025-05-07,4,0,23.66
U000194,2025-06-01,Organic Search,Free,0,,,0,0.0
U000195,2025-01-30,Paid Search,Free,0,,,0,0.0
U000196,2025-06-16,Direct,Free,0,,,0,0.0
U000197,2025-09-22,Direct,Basic,1,2025-09-28,6,0,25.77
U000198,2025-04-30,Paid Search,Free,0,,,0,0.0
U000199,2025-03-23,Paid Search,Free,0,,,0,0.0
U000200,2025-02-27,Email,Free,0,,,0,0.0
U000201,2025-07-26,Social,Free,0,,,0,0.0
U000202,2025-04-01,Email,Basic,1,2025-04-06,5,1,25.94
U000203,2025-06-18,Referral,Pro,1,2025-06-27,9,1,85.55
U000204,2025-02-13,Organic Search,Basic,1,2025-02-14,1,1,19.89
U000205,2025-05-20,Paid Search,Free,0,,,0,0.0
U000206,2025-10-24,Organic Search,Pro,1,2025-10-25,1,1,55.05
U000207,2025-09-16,Email,Free,0,,,0,0.0
U000208,2025-10-13,Paid Search,Free,0,,,0,0.0
U000209,2025-07-03,Organic Search,Free,0,,,0,0.0
U000210,2025-10-03,Paid Search,Free,0,,,0,0.0
U000211,2025-03-18,Organic Search,Free,0,,,0,0.0
U000212,2025-08-13,Referral,Free,0,,,0,0.0
U000213,2025-10-24,Organic Search,Free,0,,,0,0.0
U000214,2025-10-09,Email,Basic,1,2025-10-13,4,1,27.56
U000215,2025-07-01,Direct,Pro,1,2025-07-09,8,1,97.45
U000216,2025-09-23,Referral,Free,0,,,0,0.0
U000217,2025-04-11,Organic Search,Free,0,,,0,0.0
U000218,2025-05-20,Email,Free,0,,,0,0.0
U000219,2025-06-01,Referral,Enterprise,1,2025-06-03,2,1,270.31
U000220,2025-08-11,Paid Search,Free,0,,,0,0.0
U000221,2025-06-04,Organic Search,Free,0,,,0,0.0
U000222,2025-05-23,Paid Search,Basic,1,2025-05-27,4,1,31.46
U000223,2025-10-21,Email,Free,0,,,0,0.0
U000224,2025-01-22,Organic Search,Free,0,,,0,0.0
U000225,2025-07-06,Email,Basic,1,2025-07-07,1,0,27.67
U000226,2025-07-08,Paid Search,Free,0,,,0,0.0
U000227,2025-01-04,Email,Free,0,,,0,0.0
U000228,2025-10-27,Paid Search,Free,0,,,0,0.0
U000229,2025-07-02,Organic Search,Basic,1,2025-07-05,3,1,29.39
U000230,2025-06-18,Organic Search,Free,0,,,0,0.0
U000231,2025-05-27,Social,Basic,1,2025-06-01,5,0,28.8
U000232,2025-02-21,Social,Free,0,,,0,0.0
U000233,2025-01-14,Organic Search,Free,0,,,0,0.0
U000234,2025-08-05,Paid Search,Free,0,,,0,0.0
U000235,2025-05-18,Referral,Free,0,,,0,0.0
U000236,2025-09-12,Social,Basic,1,2025-09-21,9,1,29.96
U000237,2025-10-18,Referral,Basic,1,2025-10-20,2,1,22.44
U000238,2025-01-28,Paid Search,Basic,1,2025-02-01,4,1,30.93
U000239,2025-03-01,Organic Search,Free,0,,,0,0.0
U000240,2025-07-07,Email,Free,0,,,0,0.0
U000241,2025-10-02,Email,Free,0,,,0,0.0
U000242,2025-08-17,Social,Free,0,,,0,0.0
U000243,2025-03-12,Referral,Basic,1,2025-03-22,10,1,34.69
U000244,2025-06-02,Referral,Free,0,,,0,0.0
U000245,2025-01-04,Paid Search,Free,0,,,0,0.0
U000246,2025-07-02,Referral,Pro,1,2025-07-05,3,0,66.98
U000247,2025-02-13,Referral,Free,0,,,0,0.0
U000248,2025-08-14,Email,Free,0,,,0,0.0
U000249,2025-06-10,Paid Search,Free,0,,,0,0.0
U000250,2025-08-28,Organic Search,Free,0,,,0,0.0
U000251,2025-07-30,Paid Search,Free,0,,,0,0.0
U000252,2025-03-05,Referral,Free,0,,,0,0.0
U000253,2025-04-24,Social,Free,0,,,0,0.0
U000254,2025-06-26,Paid Search,Free,0,,,0,0.0
U000255,2025-06-04,Email,Free,0,,,0,0.0
U000256,2025-01-16,Organic Search,Free,0,,,0,0.0
U000257,2025-04-18,Organic Search,Free,0,,,0,0.0
U000258,2025-07-21,Direct,Free,0,,,0,0.0
U000259,2025-08-07,Direct,Free,0,,,0,0.0
U000260,2025-03-22,Organic Search,Enterprise,1,2025-03-27,5,0,164.3
U000261,2025-06-09,Paid Search,Free,0,,,0,0.0
U000262,2025-01-19,Referral,Basic,1,2025-01-23,4,1,22.47
U000263,2025-03-02,Email,Free,0,,,0,0.0
U000264,2025-07-08,Organic Search,Free,0,,,0,0.0
U000265,2025-09-03,Organic Search,Free,0,,,0,0.0
U000266,2025-09-28,Social,Free,0,,,0,0.0
U000267,2025-05-02,Organic Search,Free,0,,,0,0.0
U000268,2025-09-15,Organic Search,Free,0,,,0,0.0
U000269,2025-10-27,Organic Search,Free,0,,,0,0.0
U000270,2025-08-03,Email,Free,0,,,0,0.0
U000271,2025-04-22,Direct,Pro,1,2025-04-23,1,0,54.73
U000272,2025-04-14,Email,Basic,1,2025-04-18,4,0,34.22
U000273,2025-08-23,Direct,Free,0,,,0,0.0
U000274,2025-08-02,Email,Free,0,,,0,0.0
U000275,2025-03-22,Social,Free,0,,,0,0.0
U000276,2025-08-05,Email,Pro,1,2025-08-11,6,1,66.52
U000277,2025-05-09,Organic Search,Free,0,,,0,0.0
U000278,2025-04-20,Email,Free,0,,,0,0.0
U000279,2025-07-20,Paid Search,Free,0,,,0,0.0
U000280,2025-06-28,Email,Free,0,,,0,0.0
U000281,2025-01-23,Organic Search,Free,0,,,0,0.0
U000282,2025-08-04,Referral,Free,0,,,0,0.0
U000283,2025-01-02,Paid Search,Free,0,,,0,0.0
U000284,2025-02-25,Direct,Free,0,,,0,0.0
U000285,2025-03-04,Organic Search,Free,0,,,0,0.0
U000286,2025-01-27,Organic Search,Pro,1,2025-01-29,2,1,60.77
U000287,2025-09-04,Paid Search,Free,0,,,0,0.0
U000288,2025-06-28,Organic Search,Free,0,,,0,0.0
U000289,2025-06-18,Referral,Basic,1,2025-06-20,2,0,30.85
U000290,2025-06-15,Organic Search,Free,0,,,0,0.0
U000291,2025-06-26,Paid Search,Free,0,,,0,0.0
U000292,2025-10-01,Social,Free,0,,,0,0.0
U000293,2025-06-25,Organic Search,Free,0,,,0,0.0
U000294,2025-09-05,Social,Free,0,,,0,0.0
U000295,2025-06-26,Email,Free,0,,,0,0.0
U000296,2025-08-30,Email,Enterprise,1,2025-09-03,4,1,205.92
U000297,2025-03-11,Organic Search,Free,0,,,0,0.0
U000298,2025-04-16,Referral,Free,0,,,0,0.0
U000299,2025-05-28,Social,Free,0,,,0,0.0
U000300,2025-05-14,Social,Free,0,,,0,0.0
U000301,2025-04-01,Direct,Free,0,,,0,0.0
U000302,2025-08-26,Direct,Free,0,,,0,0.0
U000303,2025-03-13,Paid Search,Free,0,,,0,0.0
U000304,2025-03-26,Paid Search,Free,0,,,0,0.0
U000305,2025-04-21,Referral,Basic,1,2025-04-24,3,0,35.76
U000306,2025-04-20,Paid Search,Pro,1,2025-04-27,7,1,75.3
U000307,2025-05-23,Organic Search,Pro,1,2025-05-25,2,1,90.42
U000308,2025-07-20,Social,Free,0,,,0,0.0
U000309,2025-03-08,Organic Search,Free,0,,,0,0.0
U000310,2025-10-11,Organic Search,Free,0,,,0,0.0
U000311,2025-01-26,Organic Search,Pro,1,2025-01-28,2,1,85.22
U000312,2025-07-29,Paid Search,Free,0,,,0,0.0
U000313,2025-01-09,Referral,Free,0,,,0,0.0
U000314,2025-09-24,Referral,Pro,1,2025-09-26,2,1,84.97
U000315,2025-04-06,Organic Search,Basic,1,2025-04-16,10,0,28.2
U000316,2025-01-30,Referral,Free,0,,,0,0.0
U000317,2025-04-08,Email,Free,0,,,0,0.0
U000318,2025-01-25,Paid Search,Pro,1,2025-01-26,1,1,83.08
U000319,2025-03-14,Organic Search,Basic,1,2025-03-17,3,0,27.86
U000320,2025-07-05,Social,Free,0,,,0,0.0
U000321,2025-04-08,Email,Free,0,,,0,0.0
U000322,2025-09-22,Paid Search,Free,0,,,0,0.0
U000323,2025-03-22,Email,Basic,1,2025-03-24,2,0,26.88
U000324,2025-08-14,Organic Search,Free,0,,,0,0.0
U000325,2025-06-13,Organic Search,Free,0,,,0,0.0
U000326,2025-02-05,Email,Pro,1,2025-02-09,4,0,57.03
U000327,2025-03-13,Email,Basic,1,2025-03-16,3,1,33.43
U000328,2025-10-14,Paid Search,Free,0,,,0,0.0
U000329,2025-09-09,Organic Search,Free,0,,,0,0.0
U000330,2025-09-07,Organic Search,Basic,1,2025-09-09,2,1,29.51
U000331,2025-08-25,Email,Free,0,,,0,0.0
U000332,2025-01-19,Paid Search,Basic,1,2025-01-22,3,0,31.05
U000333,2025-04-06,Referral,Basic,1,2025-04-09,3,0,31.76
U000334,2025-05-22,Paid Search,Free,0,,,0,0.0
U000335,2025-07-28,Social,Enterprise,1,2025-08-04,7,1,208.83
U000336,2025-10-23,Paid Search,Pro,1,2025-10-28,5,1,74.44
U000337,2025-08-21,Paid Search,Free,0,,,0,0.0
U000338,2025-05-09,Organic Search,Free,0,,,0,0.0
U000339,2025-10-02,Referral,Enterprise,1,2025-10-04,2,1,214.06
U000340,2025-07-30,Email,Free,0,,,0,0.0
U000341,2025-04-16,Paid Search,Free,0,,,0,0.0
U000342,2025-05-20,Organic Search,Free,0,,,0,0.0
U000343,2025-01-26,Direct,Free,0,,,0,0.0
U000344,2025-01-08,Paid Search,Free,0,,,0,0.0
U000345,2025-04-26,Paid Search,Free,0,,,0,0.0
U000346,2025-08-29,Direct,Free,0,,,0,0.0
U000347,2025-03-19,Email,Free,0,,,0,0.0
U000348,2025-08-22,Organic Search,Free,0,,,0,0.0
U000349,2025-01-16,Email,Basic,1,2025-01-22,6,0,35.48
U000350,2025-06-04,Paid Search,Free,0,,,0,0.0
U000351,2025-02-15,Paid Search,Free,0,,,0,0.0
U000352,2025-02-06,Email,Free,0,,,0,0.0
U000353,2025-08-02,Email,Free,0,,,0,0.0
U000354,2025-03-01,Email,Free,0,,,0,0.0
U000355,2025-02-27,Email,Free,0,,,0,0.0
U000356,2025-04-20,Organic Search,Pro,1,2025-04-22,2,0,58.08
U000357,2025-02-10,Referral,Free,0,,,0,0.0
U000358,2025-09-30,Organic Search,Free,0,,,0,0.0
U000359,2025-10-10,Email,Pro,1,2025-10-18,8,1,78.59
U000360,2025-08-17,Email,Free,0,,,0,0.0
U000361,2025-04-29,Organic Search,Free,0,,,0,0.0
U000362,2025-07-09,Email,Pro,1,2025-07-12,3,1,83.41
U000363,2025-02-13,Referral,Free,0,,,0,0.0
U000364,2025-06-24,Organic Search,Free,0,,,0,0.0
U000365,2025-07-03,Organic Search,Free,0,,,0,0.0
U000366,2025-05-25,Paid Search,Free,0,,,0,0.0
U000367,2025-03-05,Referral,Basic,1,2025-03-17,12,1,26.97
U000368,2025-02-17,Email,Free,0,,,0,0.0
U000369,2025-07-10,Social,Free,0,,,0,0.0
U000370,2025-01-20,Referral,Pro,1,2025-01-26,6,1,54.59
U000371,2025-03-25,Organic Search,Free,0,,,0,0.0
U000372,2025-04-08,Referral,Enterprise,1,2025-04-11,3,0,218.07
U000373,2025-08-11,Social,Basic,1,2025-08-15,4,0,26.7
U000374,2025-06-22,Email,Free,0,,,0,0.0
U000375,2025-06-26,Referral,Pro,1,2025-06-29,3,1,44.09
U000376,2025-05-28,Organic Search,Free,0,,,0,0.0
U000377,2025-05-12,Paid Search,Free,0,,,0,0.0
U000378,2025-03-27,Email,Enterprise,1,2025-04-02,6,0,265.54
U000379,2025-05-28,Social,Free,0,,,0,0.0
U000380,2025-08-15,Email,Free,0,,,0,0.0
U000381,2025-05-14,Social,Free,0,,,0,0.0
U000382,2025-10-22,Referral,Free,0,,,0,0.0
U000383,2025-09-13,Organic Search,Free,0,,,0,0.0
U000384,2025-06-16,Paid Search,Basic,1,2025-06-21,5,0,29.09
U000385,2025-08-03,Organic Search,Free,0,,,0,0.0
U000386,2025-09-07,Direct,Free,0,,,0,0.0
U000387,2025-01-25,Email,Basic,1,2025-01-28,3,0,31.09
U000388,2025-10-05,Paid Search,Pro,1,2025-10-11,6,1,54.46
U000389,2025-06-30,Social,Basic,1,2025-07-06,6,0,23.07
U000390,2025-08-18,Social,Free,0,,,0,0.0
U000391,2025-07-19,Direct,Free,0,,,0,0.0
U000392,2025-06-17,Direct,Free,0,,,0,0.0
U000393,2025-07-05,Direct,Free,0,,,0,0.0
U000394,2025-08-23,Paid Search,Basic,1,2025-08-27,4,0,25.48
U000395,2025-09-07,Organic Search,Basic,1,2025-09-18,11,0,33.32
U000396,2025-04-11,Direct,Enterprise,1,2025-04-12,1,0,193.42
U000397,2025-10-11,Direct,Free,0,,,0,0.0
U000398,2025-10-11,Email,Free,0,,,0,0.0
U000399,2025-02-20,Organic Search,Free,0,,,0,0.0
U000400,2025-01-02,Referral,Free,0,,,0,0.0
U000401,2025-09-05,Email,Free,0,,,0,0.0
U000402,2025-03-20,Social,Free,0,,,0,0.0
U000403,2025-07-17,Organic Search,Free,0,,,0,0.0
U000404,2025-04-27,Referral,Free,0,,,0,0.0
U000405,2025-07-02,Email,Free,0,,,0,0.0
U000406,2025-06-03,Social,Free,0,,,0,0.0
U000407,2025-03-15,Organic Search,Pro,1,2025-03-18,3,1,75.72
U000408,2025-08-17,Email,Basic,1,2025-08-18,1,1,30.86
U000409,2025-01-22,Social,Free,0,,,0,0.0
U000410,2025-01-27,Email,Free,0,,,0,0.0
U000411,2025-04-27,Referral,Free,0,,,0,0.0
U000412,2025-04-23,Referral,Basic,1,2025-04-28,5,1,37.08
U000413,2025-02-24,Email,Free,0,,,0,0.0
U000414,2025-09-23,Organic Search,Free,0,,,0,0.0
U000415,2025-10-03,Referral,Free,0,,,0,0.0
U000416,2025-04-05,Direct,Free,0,,,0,0.0
U000417,2025-09-20,Social,Free,0,,,0,0.0
U000418,2025-08-08,Email,Free,0,,,0,0.0
U000419,2025-05-20,Social,Free,0,,,0,0.0
U000420,2025-05-06,Organic Search,Free,0,,,0,0.0
U000421,2025-10-09,Email,Free,0,,,0,0.0
U000422,2025-03-15,Paid Search,Pro,1,2025-03-17,2,1,57.98
U000423,2025-05-18,Organic Search,Free,0,,,0,0.0
U000424,2025-06-29,Social,Basic,1,2025-07-03,4,0,33.74
U000425,2025-02-24,Paid Search,Free,0,,,0,0.0
U000426,2025-02-23,Email,Basic,1,2025-02-23,0,1,31.53
U000427,2025-10-10,Referral,Basic,1,2025-10-22,12,0,22.51
U000428,2025-10-24,Social,Basic,1,2025-10-28,4,0,29.38
U000429,2025-02-03,Paid Search,Pro,1,2025-02-03,0,1,80.03
U000430,2025-09-22,Organic Search,Free,0,,,0,0.0
U000431,2025-08-21,Paid Search,Free,0,,,0,0.0
U000432,2025-09-01,Organic Search,Free,0,,,0,0.0
U000433,2025-03-24,Referral,Pro,1,2025-04-05,12,1,76.9
U000434,2025-07-04,Organic Search,Free,0,,,0,0.0
U000435,2025-10-27,Referral,Pro,1,2025-10-29,2,1,80.18
U000436,2025-10-01,Social,Free,0,,,0,0.0
U000437,2025-07-07,Referral,Free,0,,,0,0.0
U000438,2025-03-28,Organic Search,Free,0,,,0,0.0
U000439,2025-09-29,Social,Free,0,,,0,0.0
U000440,2025-03-13,Paid Search,Free,0,,,0,0.0
U000441,2025-05-30,Referral,Pro,1,2025-06-09,10,1,85.95
U000442,2025-03-01,Email,Enterprise,1,2025-03-08,7,0,241.02
U000443,2025-05-06,Organic Search,Free,0,,,0,0.0
U000444,2025-06-07,Direct,Free,0,,,0,0.0
U000445,2025-09-18,Organic Search,Pro,1,2025-09-26,8,0,100.2
U000446,2025-05-02,Paid Search,Free,0,,,0,0.0
U000447,2025-07-25,Organic Search,Free,0,,,0,0.0
U000448,2025-05-11,Organic Search,Free,0,,,0,0.0
U000449,2025-04-10,Direct,Basic,1,2025-04-11,1,1,27.11
U000450,2025-06-23,Referral,Free,0,,,0,0.0
U000451,2025-02-16,Organic Search,Basic,1,2025-02-18,2,1,35.33
U000452,2025-01-10,Organic Search,Basic,1,2025-01-13,3,0,29.4
U000453,2025-10-09,Paid Search,Basic,1,2025-10-12,3,1,22.78
U000454,2025-02-23,Email,Basic,1,2025-02-26,3,1,21.95
U000455,2025-02-28,Organic Search,Basic,1,2025-03-02,2,0,22.67
U000456,2025-08-11,Email,Pro,1,2025-08-18,7,1,67.87
U000457,2025-02-26,Social,Free,0,,,0,0.0
U000458,2025-03-16,Email,Free,0,,,0,0.0
U000459,2025-03-10,Paid Search,Free,0,,,0,0.0
U000460,2025-07-15,Paid Search,Basic,1,2025-07-18,3,1,34.77
U000461,2025-07-22,Direct,Free,0,,,0,0.0
U000462,2025-06-04,Paid Search,Free,0,,,0,0.0
U000463,2025-08-04,Paid Search,Pro,1,2025-08-05,1,1,80.42
U000464,2025-03-25,Paid Search,Basic,1,2025-04-01,7,0,22.58
U000465,2025-06-25,Referral,Free,0,,,0,0.0
U000466,2025-07-17,Paid Search,Free,0,,,0,0.0
U000467,2025-09-25,Organic Search,Free,0,,,0,0.0
U000468,2025-03-19,Organic Search,Free,0,,,0,0.0
U000469,2025-02-13,Email,Free,0,,,0,0.0
U000470,2025-03-23,Organic Search,Free,0,,,0,0.0
U000471,2025-06-24,Organic Search,Free,0,,,0,0.0
U000472,2025-04-29,Paid Search,Free,0,,,0,0.0
U000473,2025-02-22,Direct,Basic,1,2025-03-01,7,1,23.41
U000474,2025-03-28,Social,Free,0,,,0,0.0
U000475,2025-04-29,Email,Free,0,,,0,0.0
U000476,2025-06-14,Email,Basic,1,2025-06-15,1,0,25.99
U000477,2025-07-09,Referral,Free,0,,,0,0.0
U000478,2025-10-12,Social,Free,0,,,0,0.0
U000479,2025-07-03,Referral,Free,0,,,0,0.0
U000480,2025-06-23,Organic Search,Free,0,,,0,0.0
U000481,2025-05-03,Direct,Free,0,,,0,0.0
U000482,2025-02-08,Paid Search,Free,0,,,0,0.0
U000483,2025-05-16,Referral,Free,0,,,0,0.0
U000484,2025-03-09,Paid Search,Free,0,,,0,0.0
U000485,2025-03-21,Organic Search,Free,0,,,0,0.0
U000486,2025-04-08,Paid Search,Enterprise,1,2025-04-14,6,1,167.11
U000487,2025-05-22,Organic Search,Free,0,,,0,0.0
U000488,2025-04-08,Organic Search,Basic,1,2025-04-13,5,0,32.55
U000489,2025-10-03,Organic Search,Pro,1,2025-10-04,1,1,61.44
U000490,2025-09-26,Organic Search,Basic,1,2025-09-26,0,1,29.44
U000491,2025-05-04,Direct,Free,0,,,0,0.0
U000492,2025-04-14,Paid Search,Free,0,,,0,0.0
U000493,2025-02-14,Direct,Free,0,,,0,0.0
U000494,2025-04-24,Social,Basic,1,2025-04-26,2,0,37.25
U000495,2025-01-11,Organic Search,Free,0,,,0,0.0
U000496,2025-10-02,Direct,Free,0,,,0,0.0
U000497,2025-06-22,Organic Search,Free,0,,,0,0.0
U000498,2025-05-06,Social,Pro,1,2025-05-17,11,0,68.34
U000499,2025-02-19,Organic Search,Free,0,,,0,0.0
U000500,2025-06-13,Social,Free,0,,,0,0.0
U000501,2025-06-28,Email,Pro,1,2025-07-03,5,0,61.19
U000502,2025-04-06,Paid Search,Free,0,,,0,0.0
U000503,2025-08-13,Organic Search,Basic,1,2025-08-17,4,0,27.49
U000504,2025-04-23,Organic Search,Free,0,,,0,0.0
U000505,2025-06-04,Email,Basic,1,2025-06-08,4,1,32.39
U000506,2025-06-27,Direct,Free,0,,,0,0.0
U000507,2025-07-06,Email,Basic,1,2025-07-09,3,1,36.91
U000508,2025-08-07,Paid Search,Free,0,,,0,0.0
U000509,2025-02-21,Organic Search,Free,0,,,0,0.0
U000510,2025-09-28,Referral,Free,0,,,0,0.0
U000511,2025-03-05,Organic Search,Pro,1,2025-03-11,6,1,86.12
U000512,2025-05-18,Direct,Free,0,,,0,0.0
U000513,2025-07-30,Paid Search,Free,0,,,0,0.0
U000514,2025-05-24,Organic Search,Free,0,,,0,0.0
U000515,2025-04-08,Social,Free,0,,,0,0.0
U000516,2025-03-12,Paid Search,Free,0,,,0,0.0
U000517,2025-08-14,Email,Free,0,,,0,0.0
U000518,2025-08-18,Organic Search,Free,0,,,0,0.0
U000519,2025-04-27,Direct,Basic,1,2025-05-03,6,1,33.19
U000520,2025-09-18,Referral,Basic,1,2025-09-18,0,1,29.83
U000521,2025-09-22,Email,Basic,1,2025-09-23,1,1,30.05
U000522,2025-03-17,Email,Free,0,,,0,0.0
U000523,2025-10-05,Social,Basic,1,2025-10-06,1,1,19.71
U000524,2025-08-28,Paid Search,Basic,1,2025-08-30,2,0,31.57
U000525,2025-07-19,Direct,Basic,1,2025-07-28,9,0,29.93
U000526,2025-05-14,Organic Search,Basic,1,2025-05-24,10,1,29.42
U000527,2025-09-22,Direct,Free,0,,,0,0.0
U000528,2025-04-14,Organic Search,Pro,1,2025-04-24,10,1,55.61
U000529,2025-04-01,Paid Search,Free,0,,,0,0.0
U000530,2025-04-13,Referral,Free,0,,,0,0.0
U000531,2025-02-25,Referral,Free,0,,,0,0.0
U000532,2025-05-01,Paid Search,Free,0,,,0,0.0
U000533,2025-10-12,Referral,Basic,1,2025-10-15,3,1,31.14
U000534,2025-04-09,Organic Search,Pro,1,2025-04-10,1,0,52.78
U000535,2025-08-03,Organic Search,Pro,1,2025-08-09,6,0,69.19
U000536,2025-08-16,Email,Pro,1,2025-08-24,8,1,75.36
U000537,2025-02-12,Social,Free,0,,,0,0.0
U000538,2025-02-25,Organic Search,Pro,1,2025-02-28,3,1,64.52
U000539,2025-10-17,Organic Search,Free,0,,,0,0.0
U000540,2025-01-29,Social,Free,0,,,0,0.0
U000541,2025-01-17,Paid Search,Free,0,,,0,0.0
U000542,2025-10-27,Paid Search,Free,0,,,0,0.0
U000543,2025-04-26,Social,Free,0,,,0,0.0
U000544,2025-01-15,Paid Search,Free,0,,,0,0.0
U000545,2025-07-11,Email,Basic,1,2025-07-14,3,1,21.2
U000546,2025-05-11,Social,Free,0,,,0,0.0
U000547,2025-08-30,Direct,Free,0,,,0,0.0
U000548,2025-04-05,Referral,Pro,1,2025-04-10,5,1,57.76
U000549,2025-01-08,Referral,Free,0,,,0,0.0
U000550,2025-06-06,Email,Free,0,,,0,0.0
U000551,2025-09-03,Organic Search,Free,0,,,0,0.0
U000552,2025-05-08,Referral,Basic,1,2025-05-12,4,0,23.93
U000553,2025-08-15,Social,Free,0,,,0,0.0
U000554,2025-01-21,Direct,Free,0,,,0,0.0
U000555,2025-10-12,Email,Free,0,,,0,0.0
U000556,2025-03-01,Referral,Free,0,,,0,0.0
U000557,2025-10-19,Direct,Pro,1,2025-10-20,1,1,98.98
U000558,2025-01-05,Organic Search,Free,0,,,0,0.0
U000559,2025-06-03,Social,Free,0,,,0,0.0
U000560,2025-10-25,Direct,Pro,1,2025-10-26,1,1,52.04
U000561,2025-04-24,Referral,Free,0,,,0,0.0
U000562,2025-08-29,Referral,Free,0,,,0,0.0
U000563,2025-08-09,Email,Free,0,,,0,0.0
U000564,2025-07-07,Referral,Free,0,,,0,0.0
U000565,2025-07-19,Referral,Basic,1,2025-07-20,1,1,30.42
U000566,2025-03-13,Organic Search,Free,0,,,0,0.0
U000567,2025-02-12,Organic Search,Free,0,,,0,0.0
U000568,2025-10-12,Paid Search,Free,0,,,0,0.0
U000569,2025-04-07,Organic Search,Free,0,,,0,0.0
U000570,2025-02-27,Email,Basic,1,2025-03-02,3,1,21.75
U000571,2025-04-03,Social,Free,0,,,0,0.0
U000572,2025-09-25,Direct,Free,0,,,0,0.0
U000573,2025-05-05,Organic Search,Free,0,,,0,0.0
U000574,2025-02-24,Organic Search,Free,0,,,0,0.0
U000575,2025-01-28,Direct,Free,0,,,0,0.0
U000576,2025-02-23,Organic Search,Free,0,,,0,0.0
U000577,2025-08-27,Email,Free,0,,,0,0.0
U000578,2025-03-30,Paid Search,Free,0,,,0,0.0
U000579,2025-06-21,Organic Search,Basic,1,2025-07-03,12,1,30.06
U000580,2025-09-03,Referral,Pro,1,2025-09-07,4,0,84.95
U000581,2025-04-17,Email,Free,0,,,0,0.0
U000582,2025-10-04,Organic Search,Basic,1,2025-10-05,1,0,37.55
U000583,2025-08-03,Email,Free,0,,,0,0.0
U000584,2025-06-03,Social,Free,0,,,0,0.0
U000585,2025-04-05,Paid Search,Free,0,,,0,0.0
U000586,2025-04-13,Organic Search,Free,0,,,0,0.0
U000587,2025-10-20,Social,Free,0,,,0,0.0
U000588,2025-06-21,Email,Free,0,,,0,0.0
U000589,2025-08-28,Organic Search,Free,0,,,0,0.0
U000590,2025-01-16,Email,Basic,1,2025-01-18,2,0,27.41
U000591,2025-02-13,Referral,Free,0,,,0,0.0
U000592,2025-01-01,Organic Search,Free,0,,,0,0.0
U000593,2025-04-17,Organic Search,Free,0,,,0,0.0
U000594,2025-08-06,Paid Search,Basic,1,2025-08-07,1,1,24.49
U000595,2025-07-07,Paid Search,Free,0,,,0,0.0
U000596,2025-06-09,Organic Search,Free,0,,,0,0.0
U000597,2025-03-29,Organic Search,Pro,1,2025-04-05,7,1,84.27
U000598,2025-05-18,Paid Search,Free,0,,,0,0.0
U000599,2025-01-15,Referral,Free,0,,,0,0.0
U000600,2025-06-11,Referral,Free,0,,,0,0.0
U000601,2025-01-13,Organic Search,Free,0,,,0,0.0
U000602,2025-04-14,Direct,Free,0,,,0,0.0
U000603,2025-01-24,Referral,Basic,1,2025-01-27,3,1,31.8
U000604,2025-01-30,Organic Search,Free,0,,,0,0.0
U000605,2025-04-20,Organic Search,Free,0,,,0,0.0
U000606,2025-05-29,Organic Search,Basic,1,2025-05-29,0,0,24.13
U000607,2025-10-18,Email,Basic,1,2025-10-21,3,0,25.28
U000608,2025-09-26,Direct,Basic,1,2025-09-27,1,1,29.77
U000609,2025-06-28,Social,Pro,1,2025-07-07,9,0,66.05
U000610,2025-04-06,Referral,Free,0,,,0,0.0
U000611,2025-05-21,Organic Search,Basic,1,2025-05-22,1,1,26.19
U000612,2025-03-08,Paid Search,Free,0,,,0,0.0
U000613,2025-04-21,Organic Search,Free,0,,,0,0.0
U000614,2025-03-25,Paid Search,Free,0,,,0,0.0
U000615,2025-07-21,Email,Free,0,,,0,0.0
U000616,2025-09-04,Paid Search,Free,0,,,0,0.0
U000617,2025-04-29,Email,Enterprise,1,2025-05-06,7,0,188.01
U000618,2025-08-23,Social,Free,0,,,0,0.0
U000619,2025-07-05,Paid Search,Basic,1,2025-07-17,12,1,30.18
U000620,2025-01-08,Email,Free,0,,,0,0.0
U000621,2025-02-01,Paid Search,Basic,1,2025-02-03,2,1,30.04
U000622,2025-04-29,Organic Search,Free,0,,,0,0.0
U000623,2025-02-02,Email,Free,0,,,0,0.0
U000624,2025-05-29,Social,Free,0,,,0,0.0
U000625,2025-09-11,Email,Pro,1,2025-09-15,4,1,48.06
U000626,2025-09-26,Referral,Free,0,,,0,0.0
U000627,2025-10-22,Social,Basic,1,2025-10-24,2,1,25.85
U000628,2025-03-19,Direct,Basic,1,2025-03-23,4,1,24.44
U000629,2025-06-15,Direct,Free,0,,,0,0.0
U000630,2025-06-26,Referral,Enterprise,1,2025-06-26,0,1,241.85
U000631,2025-08-06,Organic Search,Basic,1,2025-08-08,2,0,29.41
U000632,2025-06-21,Organic Search,Free,0,,,0,0.0
U000633,2025-02-24,Organic Search,Basic,1,2025-03-01,5,1,29.06
U000634,2025-06-22,Organic Search,Free,0,,,0,0.0
U000635,2025-10-07,Organic Search,Free,0,,,0,0.0
U000636,2025-01-31,Referral,Free,0,,,0,0.0
U000637,2025-04-12,Social,Free,0,,,0,0.0
U000638,2025-09-29,Paid Search,Free,0,,,0,0.0
U000639,2025-09-09,Paid Search,Free,0,,,0,0.0
U000640,2025-05-24,Direct,Pro,1,2025-06-02,9,0,77.61
U000641,2025-01-17,Email,Enterprise,1,2025-01-20,3,1,222.18
U000642,2025-02-03,Email,Basic,1,2025-02-06,3,1,35.22
U000643,2025-01-11,Referral,Basic,1,2025-01-13,2,1,31.84
U000644,2025-08-24,Paid Search,Free,0,,,0,0.0
U000645,2025-03-06,Direct,Free,0,,,0,0.0
U000646,2025-10-19,Email,Basic,1,2025-10-22,3,1,25.55
U000647,2025-09-04,Organic Search,Basic,1,2025-09-08,4,0,26.63
U000648,2025-10-09,Organic Search,Free,0,,,0,0.0
U000649,2025-07-20,Paid Search,Free,0,,,0,0.0
U000650,2025-03-17,Referral,Free,0,,,0,0.0
U000651,2025-08-03,Organic Search,Free,0,,,0,0.0
U000652,2025-05-26,Email,Free,0,,,0,0.0
U000653,2025-07-10,Paid Search,Free,0,,,0,0.0
U000654,2025-02-27,Organic Search,Free,0,,,0,0.0
U000655,2025-04-22,Organic Search,Free,0,,,0,0.0
U000656,2025-01-11,Email,Free,0,,,0,0.0
U000657,2025-05-03,Email,Free,0,,,0,0.0
U000658,2025-01-27,Organic Search,Free,0,,,0,0.0
U000659,2025-02-03,Email,Free,0,,,0,0.0
U000660,2025-06-06,Referral,Basic,1,2025-06-07,1,1,31.22
U000661,2025-02-27,Paid Search,Free,0,,,0,0.0
U000662,2025-06-08,Paid Search,Free,0,,,0,0.0
U000663,2025-08-09,Referral,Free,0,,,0,0.0
U000664,2025-09-19,Referral,Free,0,,,0,0.0
U000665,2025-08-22,Social,Free,0,,,0,0.0
U000666,2025-08-16,Organic Search,Basic,1,2025-08-22,6,1,27.29
U000667,2025-08-15,Social,Free,0,,,0,0.0
U000668,2025-03-06,Organic Search,Free,0,,,0,0.0
U000669,2025-01-07,Organic Search,Free,0,,,0,0.0
U000670,2025-08-05,Paid Search,Free,0,,,0,0.0
U000671,2025-07-09,Paid Search,Free,0,,,0,0.0
U000672,2025-08-03,Organic Search,Free,0,,,0,0.0
U000673,2025-06-24,Direct,Free,0,,,0,0.0
U000674,2025-04-03,Organic Search,Free,0,,,0,0.0
U000675,2025-04-05,Social,Free,0,,,0,0.0
U000676,2025-01-03,Organic Search,Free,0,,,0,0.0
U000677,2025-05-18,Paid Search,Free,0,,,0,0.0
U000678,2025-03-27,Paid Search,Free,0,,,0,0.0
U000679,2025-01-09,Email,Free,0,,,0,0.0
U000680,2025-05-18,Organic Search,Free,0,,,0,0.0
U000681,2025-04-21,Organic Search,Basic,1,2025-04-25,4,1,27.16
U000682,2025-07-25,Referral,Free,0,,,0,0.0
U000683,2025-10-27,Organic Search,Free,0,,,0,0.0
U000684,2025-08-20,Paid Search,Free,0,,,0,0.0
U000685,2025-02-22,Social,Basic,1,2025-03-04,10,1,31.37
U000686,2025-09-26,Social,Free,0,,,0,0.0
U000687,2025-01-08,Organic Search,Free,0,,,0,0.0
U000688,2025-01-30,Email,Free,0,,,0,0.0
U000689,2025-06-29,Referral,Free,0,,,0,0.0
U000690,2025-06-21,Organic Search,Free,0,,,0,0.0
U000691,2025-02-13,Referral,Free,0,,,0,0.0
U000692,2025-06-29,Organic Search,Free,0,,,0,0.0
U000693,2025-05-04,Organic Search,Free,0,,,0,0.0
U000694,2025-10-16,Paid Search,Free,0,,,0,0.0
U000695,2025-06-03,Direct,Free,0,,,0,0.0
U000696,2025-08-10,Social,Free,0,,,0,0.0
U000697,2025-02-08,Paid Search,Free,0,,,0,0.0
U000698,2025-09-27,Organic Search,Free,0,,,0,0.0
U000699,2025-08-10,Social,Free,0,,,0,0.0
U000700,2025-09-26,Organic Search,Free,0,,,0,0.0
U000701,2025-06-22,Social,Free,0,,,0,0.0
U000702,2025-07-04,Paid Search,Free,0,,,0,0.0
U000703,2025-07-08,Organic Search,Basic,1,2025-07-14,6,1,18.08
U000704,2025-04-28,Paid Search,Free,0,,,0,0.0
U000705,2025-06-27,Social,Free,0,,,0,0.0
U000706,2025-06-01,Email,Free,0,,,0,0.0
U000707,2025-08-30,Organic Search,Free,0,,,0,0.0
U000708,2025-09-06,Referral,Free,0,,,0,0.0
U000709,2025-04-15,Direct,Free,0,,,0,0.0
U000710,2025-04-21,Paid Search,Free,0,,,0,0.0
U000711,2025-05-15,Paid Search,Free,0,,,0,0.0
U000712,2025-10-04,Email,Enterprise,1,2025-10-16,12,1,200.63
U000713,2025-08-22,Organic Search,Free,0,,,0,0.0
U000714,2025-02-13,Organic Search,Free,0,,,0,0.0
U000715,2025-09-11,Direct,Basic,1,2025-09-19,8,1,27.95
U000716,2025-05-05,Email,Free,0,,,0,0.0
U000717,2025-01-22,Social,Free,0,,,0,0.0
U000718,2025-09-19,Email,Free,0,,,0,0.0
U000719,2025-09-12,Referral,Free,0,,,0,0.0
U000720,2025-09-21,Organic Search,Pro,1,2025-09-22,1,1,70.63
U000721,2025-03-18,Email,Free,0,,,0,0.0
U000722,2025-04-19,Referral,Free,0,,,0,0.0
U000723,2025-04-17,Organic Search,Free,0,,,0,0.0
U000724,2025-06-09,Organic Search,Free,0,,,0,0.0
U000725,2025-04-08,Organic Search,Free,0,,,0,0.0
U000726,2025-07-07,Direct,Free,0,,,0,0.0
U000727,2025-09-08,Referral,Basic,1,2025-09-20,12,1,28.42
U000728,2025-05-29,Organic Search,Pro,1,2025-06-06,8,1,67.91
U000729,2025-06-12,Direct,Free,0,,,0,0.0
U000730,2025-04-29,Email,Free,0,,,0,0.0
U000731,2025-08-01,Organic Search,Pro,1,2025-08-06,5,1,70.96
U000732,2025-04-15,Organic Search,Free,0,,,0,0.0
U000733,2025-06-18,Email,Free,0,,,0,0.0
U000734,2025-09-12,Organic Search,Free,0,,,0,0.0
U000735,2025-10-21,Email,Free,0,,,0,0.0
U000736,2025-03-17,Email,Free,0,,,0,0.0
U000737,2025-06-22,Paid Search,Free,0,,,0,0.0
U000738,2025-03-16,Email,Free,0,,,0,0.0
U000739,2025-06-21,Organic Search,Free,0,,,0,0.0
U000740,2025-05-23,Social,Free,0,,,0,0.0
U000741,2025-08-12,Paid Search,Basic,1,2025-08-14,2,0,28.26
U000742,2025-02-03,Social,Free,0,,,0,0.0
U000743,2025-05-28,Social,Free,0,,,0,0.0
U000744,2025-09-30,Social,Free,0,,,0,0.0
U000745,2025-07-22,Organic Search,Free,0,,,0,0.0
U000746,2025-02-14,Organic Search,Free,0,,,0,0.0
U000747,2025-04-15,Organic Search,Free,0,,,0,0.0
U000748,2025-04-16,Paid Search,Free,0,,,0,0.0
U000749,2025-02-26,Email,Free,0,,,0,0.0
U000750,2025-09-23,Referral,Basic,1,2025-09-25,2,1,26.55
U000751,2025-05-03,Organic Search,Free,0,,,0,0.0
U000752,2025-02-23,Email,Free,0,,,0,0.0
U000753,2025-05-16,Direct,Free,0,,,0,0.0
U000754,2025-06-14,Direct,Free,0,,,0,0.0
U000755,2025-03-01,Direct,Free,0,,,0,0.0
U000756,2025-10-21,Paid Search,Free,0,,,0,0.0
U000757,2025-08-21,Organic Search,Free,0,,,0,0.0
U000758,2025-01-20,Email,Free,0,,,0,0.0
U000759,2025-08-01,Referral,Enterprise,1,2025-08-10,9,0,203.55
U000760,2025-01-13,Email,Basic,1,2025-01-15,2,1,28.81
U000761,2025-09-19,Email,Free,0,,,0,0.0
U000762,2025-06-08,Organic Search,Free,0,,,0,0.0
U000763,2025-09-26,Email,Free,0,,,0,0.0
U000764,2025-06-03,Direct,Free,0,,,0,0.0
U000765,2025-08-21,Email,Basic,1,2025-09-06,16,0,34.59
U000766,2025-01-12,Referral,Pro,1,2025-01-17,5,1,74.42
U000767,2025-05-06,Paid Search,Free,0,,,0,0.0
U000768,2025-07-03,Organic Search,Free,0,,,0,0.0
U000769,2025-03-16,Email,Free,0,,,0,0.0
U000770,2025-10-01,Email,Free,0,,,0,0.0
U000771,2025-07-26,Referral,Free,0,,,0,0.0
U000772,2025-01-21,Paid Search,Basic,1,2025-01-25,4,1,29.67
U000773,2025-01-19,Organic Search,Free,0,,,0,0.0
U000774,2025-04-10,Organic Search,Free,0,,,0,0.0
U000775,2025-06-04,Direct,Free,0,,,0,0.0
U000776,2025-10-13,Direct,Free,0,,,0,0.0
U000777,2025-10-05,Organic Search,Basic,1,2025-10-11,6,1,27.48
U000778,2025-10-14,Email,Free,0,,,0,0.0
U000779,2025-04-22,Email,Free,0,,,0,0.0
U000780,2025-05-22,Email,Free,0,,,0,0.0
U000781,2025-07-09,Paid Search,Basic,1,2025-07-12,3,0,19.91
U000782,2025-01-26,Referral,Free,0,,,0,0.0
U000783,2025-01-01,Social,Free,0,,,0,0.0
U000784,2025-07-21,Referral,Basic,1,2025-07-26,5,1,25.68
U000785,2025-10-25,Paid Search,Free,0,,,0,0.0
U000786,2025-04-04,Paid Search,Free,0,,,0,0.0
U000787,2025-01-22,Social,Free,0,,,0,0.0
U000788,2025-05-04,Email,Basic,1,2025-05-12,8,1,36.43
U000789,2025-02-28,Social,Pro,1,2025-03-03,3,0,76.15
U000790,2025-07-26,Social,Free,0,,,0,0.0
U000791,2025-01-20,Referral,Free,0,,,0,0.0
U000792,2025-04-09,Direct,Free,0,,,0,0.0
U000793,2025-07-06,Email,Free,0,,,0,0.0
U000794,2025-05-10,Email,Basic,1,2025-05-26,16,0,29.36
U000795,2025-07-01,Email,Free,0,,,0,0.0
U000796,2025-09-04,Organic Search,Pro,1,2025-09-09,5,0,74.73
U000797,2025-10-26,Social,Free,0,,,0,0.0
U000798,2025-05-10,Organic Search,Free,0,,,0,0.0
U000799,2025-07-23,Email,Free,0,,,0,0.0
U000800,2025-05-24,Social,Free,0,,,0,0.0
U000801,2025-10-27,Organic Search,Free,0,,,0,0.0
U000802,2025-02-20,Email,Free,0,,,0,0.0
U000803,2025-01-08,Direct,Free,0,,,0,0.0
U000804,2025-06-20,Social,Free,0,,,0,0.0
U000805,2025-02-13,Referral,Free,0,,,0,0.0
U000806,2025-05-03,Social,Free,0,,,0,0.0
U000807,2025-06-19,Referral,Free,0,,,0,0.0
U000808,2025-03-22,Social,Free,0,,,0,0.0
U000809,2025-02-27,Email,Basic,1,2025-03-03,4,0,35.04
U000810,2025-03-02,Organic Search,Free,0,,,0,0.0
U000811,2025-09-26,Direct,Free,0,,,0,0.0
U000812,2025-09-12,Direct,Free,0,,,0,0.0
U000813,2025-02-11,Referral,Free,0,,,0,0.0
U000814,2025-06-21,Direct,Free,0,,,0,0.0
U000815,2025-08-04,Referral,Basic,1,2025-08-09,5,1,30.57
U000816,2025-03-17,Organic Search,Pro,1,2025-03-22,5,0,76.59
U000817,2025-08-12,Organic Search,Free,0,,,0,0.0
U000818,2025-03-01,Email,Basic,1,2025-03-04,3,1,33.16
U000819,2025-03-22,Direct,Free,0,,,0,0.0
U000820,2025-10-02,Organic Search,Free,0,,,0,0.0
U000821,2025-05-19,Paid Search,Free,0,,,0,0.0
U000822,2025-10-14,Organic Search,Free,0,,,0,0.0
U000823,2025-10-21,Referral,Free,0,,,0,0.0
U000824,2025-10-23,Direct,Free,0,,,0,0.0
U000825,2025-02-21,Paid Search,Basic,1,2025-02-22,1,1,31.84
U000826,2025-01-11,Paid Search,Basic,1,2025-01-11,0,1,26.47
U000827,2025-03-19,Referral,Enterprise,1,2025-03-22,3,1,249.56
U000828,2025-01-30,Organic Search,Basic,1,2025-02-05,6,1,26.0
U000829,2025-07-30,Organic Search,Free,0,,,0,0.0
U000830,2025-06-28,Email,Pro,1,2025-06-30,2,0,71.05
U000831,2025-09-14,Direct,Basic,1,2025-09-18,4,1,23.85
U000832,2025-01-04,Organic Search,Basic,1,2025-01-11,7,1,21.01
U000833,2025-10-20,Organic Search,Free,0,,,0,0.0
U000834,2025-03-18,Referral,Basic,1,2025-03-22,4,1,29.91
U000835,2025-07-14,Referral,Free,0,,,0,0.0
U000836,2025-06-12,Organic Search,Free,0,,,0,0.0
U000837,2025-09-23,Email,Enterprise,1,2025-09-25,2,1,231.42
U000838,2025-05-08,Organic Search,Free,0,,,0,0.0
U000839,2025-01-05,Email,Free,0,,,0,0.0
U000840,2025-09-13,Referral,Pro,1,2025-09-14,1,0,86.08
U000841,2025-09-23,Referral,Free,0,,,0,0.0
U000842,2025-10-25,Organic Search,Free,0,,,0,0.0
U000843,2025-01-14,Referral,Free,0,,,0,0.0
U000844,2025-04-30,Email,Free,0,,,0,0.0
U000845,2025-01-02,Email,Free,0,,,0,0.0
U000846,2025-03-29,Organic Search,Free,0,,,0,0.0
U000847,2025-06-06,Social,Free,0,,,0,0.0
U000848,2025-10-11,Social,Pro,1,2025-10-18,7,1,70.73
U000849,2025-06-25,Organic Search,Free,0,,,0,0.0
U000850,2025-10-15,Organic Search,Free,0,,,0,0.0
U000851,2025-04-25,Organic Search,Free,0,,,0,0.0
U000852,2025-05-19,Referral,Pro,1,2025-05-20,1,0,72.48
U000853,2025-07-01,Referral,Free,0,,,0,0.0
U000854,2025-10-14,Organic Search,Free,0,,,0,0.0
U000855,2025-08-15,Email,Free,0,,,0,0.0
U000856,2025-04-30,Paid Search,Basic,1,2025-05-04,4,0,30.47
U000857,2025-06-04,Email,Free,0,,,0,0.0
U000858,2025-08-26,Social,Free,0,,,0,0.0
U000859,2025-06-25,Referral,Free,0,,,0,0.0
U000860,2025-07-27,Paid Search,Free,0,,,0,0.0
U000861,2025-10-10,Paid Search,Free,0,,,0,0.0
U000862,2025-07-05,Email,Free,0,,,0,0.0
U000863,2025-05-22,Paid Search,Free,0,,,0,0.0
U000864,2025-04-30,Organic Search,Pro,1,2025-05-08,8,1,65.58
U000865,2025-04-20,Email,Free,0,,,0,0.0
U000866,2025-08-01,Paid Search,Free,0,,,0,0.0
U000867,2025-05-02,Organic Search,Free,0,,,0,0.0
U000868,2025-04-08,Social,Free,0,,,0,0.0
U000869,2025-09-24,Referral,Free,0,,,0,0.0
U000870,2025-05-07,Social,Free,0,,,0,0.0
U000871,2025-01-11,Email,Free,0,,,0,0.0
U000872,2025-01-20,Direct,Basic,1,2025-01-23,3,1,26.6
U000873,2025-02-17,Organic Search,Free,0,,,0,0.0
U000874,2025-07-16,Paid Search,Free,0,,,0,0.0
U000875,2025-01-14,Email,Free,0,,,0,0.0
U000876,2025-09-29,Email,Free,0,,,0,0.0
U000877,2025-10-10,Direct,Free,0,,,0,0.0
U000878,2025-08-28,Referral,Free,0,,,0,0.0
U000879,2025-04-18,Paid Search,Free,0,,,0,0.0
U000880,2025-05-02,Social,Free,0,,,0,0.0
U000881,2025-10-03,Organic Search,Free,0,,,0,0.0
U000882,2025-10-11,Organic Search,Free,0,,,0,0.0
U000883,2025-10-21,Organic Search,Free,0,,,0,0.0
U000884,2025-04-08,Paid Search,Free,0,,,0,0.0
U000885,2025-10-15,Email,Enterprise,1,2025-10-18,3,1,175.67
U000886,2025-07-06,Referral,Free,0,,,0,0.0
U000887,2025-04-26,Direct,Free,0,,,0,0.0
U000888,2025-05-12,Organic Search,Free,0,,,0,0.0
U000889,2025-08-23,Paid Search,Basic,1,2025-08-24,1,1,32.28
U000890,2025-09-30,Paid Search,Pro,1,2025-10-02,2,0,87.68
U000891,2025-07-07,Organic Search,Pro,1,2025-07-13,6,0,57.26
U000892,2025-10-06,Direct,Basic,1,2025-10-08,2,0,19.19
U000893,2025-05-06,Organic Search,Free,0,,,0,0.0
U000894,2025-07-11,Organic Search,Free,0,,,0,0.0
U000895,2025-10-11,Paid Search,Free,0,,,0,0.0
U000896,2025-08-06,Organic Search,Free,0,,,0,0.0
U000897,2025-04-10,Referral,Free,0,,,0,0.0
U000898,2025-09-05,Organic Search,Free,0,,,0,0.0
U000899,2025-09-19,Direct,Free,0,,,0,0.0
U000900,2025-08-01,Social,Free,0,,,0,0.0
U000901,2025-06-28,Email,Basic,1,2025-07-03,5,1,25.74
U000902,2025-08-08,Direct,Basic,1,2025-08-14,6,1,20.88
U000903,2025-05-07,Organic Search,Free,0,,,0,0.0
U000904,2025-03-11,Paid Search,Free,0,,,0,0.0
U000905,2025-04-05,Social,Free,0,,,0,0.0
U000906,2025-04-20,Social,Free,0,,,0,0.0
U000907,2025-07-10,Email,Basic,1,2025-07-12,2,0,28.56
U000908,2025-10-15,Organic Search,Free,0,,,0,0.0
U000909,2025-09-01,Email,Pro,1,2025-09-05,4,1,57.5
U000910,2025-07-23,Email,Free,0,,,0,0.0
U000911,2025-08-08,Referral,Free,0,,,0,0.0
U000912,2025-06-19,Organic Search,Basic,1,2025-06-20,1,0,31.01
U000913,2025-01-20,Organic Search,Free,0,,,0,0.0
U000914,2025-10-21,Referral,Free,0,,,0,0.0
U000915,2025-01-23,Social,Free,0,,,0,0.0
U000916,2025-02-27,Direct,Free,0,,,0,0.0
U000917,2025-01-30,Paid Search,Pro,1,2025-01-31,1,1,68.61
U000918,2025-09-09,Organic Search,Free,0,,,0,0.0
U000919,2025-04-11,Direct,Free,0,,,0,0.0
U000920,2025-06-24,Direct,Free,0,,,0,0.0
U000921,2025-10-15,Organic Search,Free,0,,,0,0.0
U000922,2025-10-16,Paid Search,Free,0,,,0,0.0
U000923,2025-03-02,Organic Search,Free,0,,,0,0.0
U000924,2025-09-08,Paid Search,Enterprise,1,2025-09-11,3,0,213.73
U000925,2025-06-08,Paid Search,Basic,1,2025-06-12,4,0,31.96
U000926,2025-02-14,Paid Search,Basic,1,2025-02-17,3,1,18.82
U000927,2025-10-17,Referral,Basic,1,2025-10-26,9,0,39.48
U000928,2025-01-06,Referral,Free,0,,,0,0.0
U000929,2025-08-01,Referral,Basic,1,2025-08-03,2,0,29.68
U000930,2025-06-12,Referral,Free,0,,,0,0.0
U000931,2025-05-22,Organic Search,Free,0,,,0,0.0
U000932,2025-09-01,Organic Search,Free,0,,,0,0.0
U000933,2025-06-10,Organic Search,Basic,1,2025-06-13,3,0,26.38
U000934,2025-02-23,Organic Search,Free,0,,,0,0.0
U000935,2025-04-10,Email,Free,0,,,0,0.0
U000936,2025-04-19,Email,Free,0,,,0,0.0
U000937,2025-09-06,Social,Free,0,,,0,0.0
U000938,2025-02-22,Paid Search,Free,0,,,0,0.0
U000939,2025-05-10,Referral,Basic,1,2025-05-27,17,1,23.05
U000940,2025-06-15,Social,Free,0,,,0,0.0
U000941,2025-07-20,Direct,Free,0,,,0,0.0
U000942,2025-02-01,Email,Free,0,,,0,0.0
U000943,2025-10-12,Referral,Free,0,,,0,0.0
U000944,2025-10-03,Direct,Free,0,,,0,0.0
U000945,2025-01-19,Organic Search,Free,0,,,0,0.0
U000946,2025-03-20,Referral,Free,0,,,0,0.0
U000947,2025-10-02,Referral,Basic,1,2025-10-05,3,1,32.27
U000948,2025-09-21,Email,Pro,1,2025-09-23,2,1,95.57
U000949,2025-10-11,Paid Search,Basic,1,2025-10-12,1,1,32.56
U000950,2025-08-21,Paid Search,Basic,1,2025-08-25,4,1,30.73
U000951,2025-02-06,Organic Search,Basic,1,2025-02-08,2,0,31.65
U000952,2025-06-18,Email,Pro,1,2025-06-21,3,1,69.07
U000953,2025-05-26,Direct,Free,0,,,0,0.0
U000954,2025-03-09,Email,Free,0,,,0,0.0
U000955,2025-08-23,Referral,Free,0,,,0,0.0
U000956,2025-07-21,Organic Search,Free,0,,,0,0.0
U000957,2025-07-23,Direct,Free,0,,,0,0.0
U000958,2025-05-26,Email,Basic,1,2025-05-28,2,1,33.95
U000959,2025-09-07,Direct,Basic,1,2025-09-11,4,0,36.55
U000960,2025-06-22,Social,Free,0,,,0,0.0
U000961,2025-01-21,Email,Free,0,,,0,0.0
U000962,2025-09-24,Direct,Free,0,,,0,0.0
U000963,2025-03-19,Organic Search,Free,0,,,0,0.0
U000964,2025-10-20,Email,Free,0,,,0,0.0
U000965,2025-04-05,Email,Basic,1,2025-04-07,2,1,32.2
U000966,2025-03-12,Referral,Basic,1,2025-03-17,5,1,33.1
U000967,2025-05-16,Referral,Enterprise,1,2025-05-17,1,0,207.9
U000968,2025-10-22,Referral,Free,0,,,0,0.0
U000969,2025-05-13,Paid Search,Basic,1,2025-05-28,15,0,24.37
U000970,2025-05-02,Paid Search,Free,0,,,0,0.0
U000971,2025-02-02,Email,Free,0,,,0,0.0
U000972,2025-02-03,Referral,Enterprise,1,2025-02-05,2,1,235.53
U000973,2025-03-28,Paid Search,Pro,1,2025-04-01,4,1,70.69
U000974,2025-02-27,Referral,Free,0,,,0,0.0
U000975,2025-06-02,Direct,Free,0,,,0,0.0
U000976,2025-03-16,Email,Free,0,,,0,0.0
U000977,2025-07-15,Social,Free,0,,,0,0.0
U000978,2025-02-07,Email,Free,0,,,0,0.0
U000979,2025-04-27,Organic Search,Free,0,,,0,0.0
U000980,2025-01-12,Organic Search,Free,0,,,0,0.0
U000981,2025-04-19,Organic Search,Free,0,,,0,0.0
U000982,2025-09-19,Social,Free,0,,,0,0.0
U000983,2025-10-01,Organic Search,Free,0,,,0,0.0
U000984,2025-02-16,Email,Pro,1,2025-02-20,4,0,75.5
U000985,2025-09-13,Referral,Basic,1,2025-09-18,5,1,24.88
U000986,2025-05-30,Social,Free,0,,,0,0.0
U000987,2025-09-01,Organic Search,Basic,1,2025-09-05,4,1,28.05
U000988,2025-03-24,Email,Free,0,,,0,0.0
U000989,2025-04-13,Direct,Free,0,,,0,0.0
U000990,2025-10-18,Social,Free,0,,,0,0.0
U000991,2025-08-21,Referral,Free,0,,,0,0.0
U000992,2025-03-22,Direct,Pro,1,2025-03-23,1,1,44.33
U000993,2025-01-10,Email,Free,0,,,0,0.0
U000994,2025-06-10,Organic Search,Free,0,,,0,0.0
U000995,2025-09-03,Paid Search,Free,0,,,0,0.0
U000996,2025-02-20,Paid Search,Free,0,,,0,0.0
U000997,2025-01-21,Email,Free,0,,,0,0.0
U000998,2025-07-12,Email,Pro,1,2025-07-14,2,1,64.76
U000999,2025-10-04,Organic Search,Free,0,,,0,0.0
U001000,2025-02-22,Email,Free,0,,,0,0.0
U001001,2025-02-01,Referral,Free,0,,,0,0.0
U001002,2025-01-19,Social,Free,0,,,0,0.0
U001003,2025-10-15,Email,Free,0,,,0,0.0
U001004,2025-06-18,Paid Search,Basic,1,2025-06-21,3,1,26.15
U001005,2025-07-05,Organic Search,Basic,1,2025-07-07,2,1,27.96
U001006,2025-02-03,Direct,Free,0,,,0,0.0
U001007,2025-04-20,Social,Free,0,,,0,0.0
U001008,2025-10-23,Organic Search,Free,0,,,0,0.0
U001009,2025-07-14,Social,Free,0,,,0,0.0
U001010,2025-07-16,Email,Free,0,,,0,0.0
U001011,2025-10-25,Referral,Free,0,,,0,0.0
U001012,2025-03-28,Organic Search,Free,0,,,0,0.0
U001013,2025-01-31,Organic Search,Free,0,,,0,0.0
U001014,2025-07-04,Organic Search,Free,0,,,0,0.0
U001015,2025-06-03,Social,Basic,1,2025-06-05,2,1,20.94
U001016,2025-09-25,Paid Search,Free,0,,,0,0.0
U001017,2025-08-14,Organic Search,Free,0,,,0,0.0
U001018,2025-06-02,Paid Search,Pro,1,2025-06-09,7,1,70.01
U001019,2025-09-01,Organic Search,Free,0,,,0,0.0
U001020,2025-06-23,Paid Search,Free,0,,,0,0.0
U001021,2025-09-21,Organic Search,Free,0,,,0,0.0
U001022,2025-01-05,Organic Search,Free,0,,,0,0.0
U001023,2025-01-20,Direct,Free,0,,,0,0.0
U001024,2025-08-09,Email,Pro,1,2025-08-17,8,0,61.84
U001025,2025-10-22,Email,Free,0,,,0,0.0
U001026,2025-07-28,Social,Basic,1,2025-07-31,3,1,31.74
U001027,2025-07-11,Email,Free,0,,,0,0.0
U001028,2025-06-20,Email,Free,0,,,0,0.0
U001029,2025-01-25,Social,Free,0,,,0,0.0
U001030,2025-02-19,Paid Search,Free,0,,,0,0.0
U001031,2025-03-18,Organic Search,Basic,1,2025-03-19,1,0,20.14
U001032,2025-08-29,Referral,Pro,1,2025-09-03,5,1,72.99
U001033,2025-03-17,Organic Search,Basic,1,2025-03-19,2,1,25.26
U001034,2025-03-04,Paid Search,Free,0,,,0,0.0
U001035,2025-02-26,Direct,Basic,1,2025-03-03,5,1,27.72
U001036,2025-09-27,Email,Free,0,,,0,0.0
U001037,2025-10-02,Email,Free,0,,,0,0.0
U001038,2025-07-12,Paid Search,Pro,1,2025-07-17,5,1,74.11
U001039,2025-05-14,Paid Search,Free,0,,,0,0.0
U001040,2025-02-13,Email,Free,0,,,0,0.0
U001041,2025-08-24,Direct,Pro,1,2025-08-27,3,1,88.17
U001042,2025-04-11,Paid Search,Free,0,,,0,0.0
U001043,2025-01-12,Social,Basic,1,2025-01-25,13,1,30.21
U001044,2025-04-07,Paid Search,Free,0,,,0,0.0
U001045,2025-05-31,Organic Search,Free,0,,,0,0.0
U001046,2025-05-05,Social,Free,0,,,0,0.0
U001047,2025-09-23,Direct,Free,0,,,0,0.0
U001048,2025-06-09,Email,Basic,1,2025-06-13,4,1,23.63
U001049,2025-05-27,Organic Search,Free,0,,,0,0.0
U001050,2025-04-27,Social,Free,0,,,0,0.0
U001051,2025-01-24,Email,Free,0,,,0,0.0
U001052,2025-01-21,Email,Basic,1,2025-01-22,1,1,36.37
U001053,2025-08-14,Paid Search,Free,0,,,0,0.0
U001054,2025-01-25,Organic Search,Pro,1,2025-01-26,1,0,87.93
U001055,2025-02-23,Social,Pro,1,2025-03-01,6,0,77.34
U001056,2025-09-01,Social,Free,0,,,0,0.0
U001057,2025-08-07,Paid Search,Basic,1,2025-08-08,1,1,20.45
U001058,2025-09-02,Direct,Free,0,,,0,0.0
U001059,2025-09-12,Social,Free,0,,,0,0.0
U001060,2025-03-20,Email,Free,0,,,0,0.0
U001061,2025-10-23,Referral,Pro,1,2025-10-25,2,1,59.11
U001062,2025-05-10,Social,Enterprise,1,2025-05-11,1,0,250.43
U001063,2025-03-19,Email,Basic,1,2025-03-21,2,1,36.7
U001064,2025-08-14,Paid Search,Enterprise,1,2025-08-18,4,1,233.89
U001065,2025-06-04,Social,Free,0,,,0,0.0
U001066,2025-07-24,Referral,Free,0,,,0,0.0
U001067,2025-04-14,Organic Search,Free,0,,,0,0.0
U001068,2025-09-25,Email,Free,0,,,0,0.0
U001069,2025-05-05,Email,Free,0,,,0,0.0
U001070,2025-01-25,Referral,Basic,1,2025-01-29,4,1,24.75
U001071,2025-01-12,Direct,Free,0,,,0,0.0
U001072,2025-09-09,Email,Basic,1,2025-09-16,7,0,37.44
U001073,2025-08-13,Organic Search,Free,0,,,0,0.0
U001074,2025-03-24,Social,Free,0,,,0,0.0
U001075,2025-09-22,Email,Free,0,,,0,0.0
U001076,2025-01-10,Paid Search,Pro,1,2025-01-17,7,1,64.57
U001077,2025-08-21,Email,Pro,1,2025-08-27,6,1,50.76
U001078,2025-08-04,Direct,Free,0,,,0,0.0
U001079,2025-05-22,Organic Search,Free,0,,,0,0.0
U001080,2025-01-21,Paid Search,Free,0,,,0,0.0
U001081,2025-01-19,Organic Search,Free,0,,,0,0.0
U001082,2025-04-24,Social,Free,0,,,0,0.0
U001083,2025-07-24,Direct,Free,0,,,0,0.0
U001084,2025-05-14,Direct,Pro,1,2025-05-15,1,1,78.23
U001085,2025-09-22,Paid Search,Free,0,,,0,0.0
U001086,2025-07-09,Referral,Free,0,,,0,0.0
U001087,2025-08-27,Direct,Free,0,,,0,0.0
U001088,2025-10-03,Direct,Free,0,,,0,0.0
U001089,2025-09-04,Email,Free,0,,,0,0.0
U001090,2025-05-26,Paid Search,Basic,1,2025-05-30,4,1,31.36
U001091,2025-02-02,Organic Search,Free,0,,,0,0.0
U001092,2025-08-31,Direct,Free,0,,,0,0.0
U001093,2025-07-11,Referral,Free,0,,,0,0.0
U001094,2025-09-18,Paid Search,Pro,1,2025-09-22,4,1,64.46
U001095,2025-06-13,Referral,Free,0,,,0,0.0
U001096,2025-05-03,Organic Search,Free,0,,,0,0.0
U001097,2025-08-13,Direct,Free,0,,,0,0.0
U001098,2025-09-14,Organic Search,Free,0,,,0,0.0
U001099,2025-03-13,Organic Search,Free,0,,,0,0.0
U001100,2025-06-06,Organic Search,Pro,1,2025-06-08,2,0,67.24
U001101,2025-09-06,Social,Basic,1,2025-09-08,2,1,36.43
U001102,2025-10-04,Social,Free,0,,,0,0.0
U001103,2025-07-16,Paid Search,Free,0,,,0,0.0
U001104,2025-09-28,Social,Free,0,,,0,0.0
U001105,2025-05-18,Referral,Basic,1,2025-05-21,3,1,24.44
U001106,2025-07-31,Organic Search,Free,0,,,0,0.0
U001107,2025-06-23,Organic Search,Free,0,,,0,0.0
U001108,2025-04-18,Email,Free,0,,,0,0.0
U001109,2025-08-02,Email,Free,0,,,0,0.0
U001110,2025-10-21,Organic Search,Free,0,,,0,0.0
U001111,2025-04-01,Paid Search,Free,0,,,0,0.0
U001112,2025-06-17,Organic Search,Pro,1,2025-06-21,4,1,57.17
U001113,2025-04-20,Email,Free,0,,,0,0.0
U001114,2025-10-10,Paid Search,Enterprise,1,2025-10-12,2,1,230.67
U001115,2025-09-09,Organic Search,Basic,1,2025-09-13,4,0,25.43
U001116,2025-05-28,Organic Search,Free,0,,,0,0.0
U001117,2025-08-31,Referral,Free,0,,,0,0.0
U001118,2025-08-31,Referral,Free,0,,,0,0.0
U001119,2025-03-05,Email,Pro,1,2025-03-09,4,1,71.55
U001120,2025-03-16,Organic Search,Free,0,,,0,0.0
U001121,2025-07-21,Organic Search,Free,0,,,0,0.0
U001122,2025-02-03,Email,Free,0,,,0,0.0
U001123,2025-01-13,Email,Free,0,,,0,0.0
U001124,2025-02-16,Social,Basic,1,2025-02-20,4,0,32.72
U001125,2025-04-27,Email,Basic,1,2025-04-28,1,1,30.56
U001126,2025-10-07,Social,Free,0,,,0,0.0
U001127,2025-02-04,Paid Search,Free,0,,,0,0.0
U001128,2025-02-15,Organic Search,Free,0,,,0,0.0
U001129,2025-09-05,Social,Free,0,,,0,0.0
U001130,2025-06-26,Paid Search,Basic,1,2025-07-02,6,1,33.11
U001131,2025-01-16,Organic Search,Free,0,,,0,0.0
U001132,2025-08-08,Paid Search,Free,0,,,0,0.0
U001133,2025-07-29,Direct,Free,0,,,0,0.0
U001134,2025-06-30,Referral,Free,0,,,0,0.0
U001135,2025-02-14,Referral,Pro,1,2025-02-16,2,1,73.3
U001136,2025-08-10,Referral,Basic,1,2025-08-11,1,1,22.92
U001137,2025-02-12,Referral,Free,0,,,0,0.0
U001138,2025-08-05,Referral,Basic,1,2025-08-09,4,1,29.09
U001139,2025-09-13,Paid Search,Free,0,,,0,0.0
U001140,2025-10-04,Referral,Free,0,,,0,0.0
U001141,2025-01-29,Email,Free,0,,,0,0.0
U001142,2025-03-03,Referral,Free,0,,,0,0.0
U001143,2025-09-12,Direct,Basic,1,2025-09-15,3,1,24.53
U001144,2025-04-04,Direct,Free,0,,,0,0.0
U001145,2025-03-10,Referral,Basic,1,2025-03-12,2,0,25.61
U001146,2025-07-01,Paid Search,Pro,1,2025-07-06,5,0,68.67
U001147,2025-05-13,Organic Search,Free,0,,,0,0.0
U001148,2025-03-26,Organic Search,Free,0,,,0,0.0
U001149,2025-05-26,Email,Basic,1,2025-05-27,1,0,25.91
U001150,2025-02-09,Paid Search,Pro,1,2025-02-20,11,1,62.41
U001151,2025-10-24,Referral,Free,0,,,0,0.0
U001152,2025-10-05,Referral,Free,0,,,0,0.0
U001153,2025-01-22,Referral,Basic,1,2025-02-10,19,1,24.23
U001154,2025-08-12,Email,Pro,1,2025-08-19,7,0,88.43
U001155,2025-05-19,Paid Search,Enterprise,1,2025-05-21,2,1,182.86
U001156,2025-03-21,Direct,Pro,1,2025-03-23,2,1,72.19
U001157,2025-04-03,Organic Search,Enterprise,1,2025-04-05,2,1,205.9
U001158,2025-09-22,Social,Basic,1,2025-09-28,6,0,21.6
U001159,2025-05-07,Paid Search,Free,0,,,0,0.0
U001160,2025-06-26,Organic Search,Free,0,,,0,0.0
U001161,2025-08-20,Direct,Free,0,,,0,0.0
U001162,2025-03-24,Direct,Free,0,,,0,0.0
U001163,2025-04-14,Direct,Free,0,,,0,0.0
U001164,2025-03-12,Organic Search,Free,0,,,0,0.0
U001165,2025-08-12,Direct,Free,0,,,0,0.0
U001166,2025-09-10,Referral,Pro,1,2025-09-11,1,1,57.33
U001167,2025-07-30,Direct,Pro,1,2025-08-01,2,1,57.83
U001168,2025-07-22,Organic Search,Free,0,,,0,0.0
U001169,2025-07-11,Social,Free,0,,,0,0.0
U001170,2025-07-16,Referral,Free,0,,,0,0.0
U001171,2025-06-11,Email,Free,0,,,0,0.0
U001172,2025-05-28,Organic Search,Enterprise,1,2025-05-31,3,0,218.58
U001173,2025-06-04,Organic Search,Free,0,,,0,0.0
U001174,2025-08-04,Social,Free,0,,,0,0.0
U001175,2025-02-21,Social,Free,0,,,0,0.0
U001176,2025-10-16,Direct,Free,0,,,0,0.0
U001177,2025-02-12,Social,Free,0,,,0,0.0
U001178,2025-08-06,Paid Search,Free,0,,,0,0.0
U001179,2025-08-29,Organic Search,Free,0,,,0,0.0
U001180,2025-03-16,Paid Search,Basic,1,2025-03-18,2,1,25.93
U001181,2025-01-09,Organic Search,Free,0,,,0,0.0
U001182,2025-08-29,Email,Basic,1,2025-09-03,5,1,32.55
U001183,2025-01-30,Referral,Free,0,,,0,0.0
U001184,2025-10-25,Organic Search,Free,0,,,0,0.0
U001185,2025-08-29,Social,Free,0,,,0,0.0
U001186,2025-01-13,Social,Basic,1,2025-01-15,2,1,32.14
U001187,2025-06-21,Organic Search,Free,0,,,0,0.0
U001188,2025-03-06,Paid Search,Basic,1,2025-03-11,5,1,31.71
U001189,2025-03-18,Organic Search,Free,0,,,0,0.0
U001190,2025-06-06,Paid Search,Free,0,,,0,0.0
U001191,2025-04-25,Social,Free,0,,,0,0.0
U001192,2025-08-08,Paid Search,Free,0,,,0,0.0
U001193,2025-01-17,Organic Search,Free,0,,,0,0.0
U001194,2025-04-19,Paid Search,Pro,1,2025-04-25,6,1,62.95
U001195,2025-10-16,Referral,Free,0,,,0,0.0
U001196,2025-10-19,Paid Search,Pro,1,2025-10-22,3,0,59.34
U001197,2025-05-21,Paid Search,Free,0,,,0,0.0
U001198,2025-07-29,Referral,Pro,1,2025-08-02,4,1,47.18
U001199,2025-09-21,Paid Search,Pro,1,2025-10-01,10,1,73.26
U001200,2025-09-03,Direct,Enterprise,1,2025-09-04,1,1,213.24
U001201,2025-05-11,Social,Free,0,,,0,0.0
U001202,2025-04-26,Referral,Free,0,,,0,0.0
U001203,2025-05-07,Social,Free,0,,,0,0.0
U001204,2025-07-23,Paid Search,Free,0,,,0,0.0
U001205,2025-03-23,Email,Free,0,,,0,0.0
U001206,2025-09-08,Paid Search,Free,0,,,0,0.0
U001207,2025-10-20,Direct,Free,0,,,0,0.0
U001208,2025-03-05,Referral,Basic,1,2025-03-05,0,0,32.8
U001209,2025-10-14,Email,Free,0,,,0,0.0
U001210,2025-04-13,Direct,Basic,1,2025-04-24,11,1,23.57
U001211,2025-08-03,Direct,Free,0,,,0,0.0
U001212,2025-01-26,Organic Search,Basic,1,2025-02-06,11,1,30.65
U001213,2025-01-11,Paid Search,Free,0,,,0,0.0
U001214,2025-10-08,Organic Search,Free,0,,,0,0.0
U001215,2025-05-19,Organic Search,Free,0,,,0,0.0
U001216,2025-10-12,Email,Free,0,,,0,0.0
U001217,2025-03-27,Paid Search,Free,0,,,0,0.0
U001218,2025-03-23,Direct,Free,0,,,0,0.0
U001219,2025-03-08,Organic Search,Free,0,,,0,0.0
U001220,2025-01-31,Email,Free,0,,,0,0.0
U001221,2025-05-26,Social,Pro,1,2025-05-29,3,0,83.01
U001222,2025-09-17,Organic Search,Free,0,,,0,0.0
U001223,2025-08-02,Email,Free,0,,,0,0.0
U001224,2025-07-01,Direct,Basic,1,2025-07-03,2,1,27.2
U001225,2025-05-20,Social,Free,0,,,0,0.0
U001226,2025-10-02,Paid Search,Free,0,,,0,0.0
U001227,2025-06-09,Paid Search,Free,0,,,0,0.0
U001228,2025-09-20,Referral,Free,0,,,0,0.0
U001229,2025-02-28,Organic Search,Free,0,,,0,0.0
U001230,2025-01-05,Direct,Basic,1,2025-01-08,3,0,35.49
U001231,2025-05-05,Email,Pro,1,2025-05-06,1,1,74.82
U001232,2025-08-30,Organic Search,Free,0,,,0,0.0
U001233,2025-08-25,Organic Search,Free,0,,,0,0.0
U001234,2025-08-07,Email,Free,0,,,0,0.0
U001235,2025-08-31,Social,Free,0,,,0,0.0
U001236,2025-05-02,Email,Free,0,,,0,0.0
U001237,2025-02-05,Organic Search,Pro,1,2025-02-09,4,0,52.1
U001238,2025-04-20,Email,Pro,1,2025-04-30,10,1,80.25
U001239,2025-02-08,Referral,Free,0,,,0,0.0
U001240,2025-04-09,Email,Basic,1,2025-04-11,2,1,21.12
U001241,2025-07-31,Paid Search,Free,0,,,0,0.0
U001242,2025-09-14,Paid Search,Free,0,,,0,0.0
U001243,2025-07-14,Paid Search,Free,0,,,0,0.0
U001244,2025-02-17,Organic Search,Free,0,,,0,0.0
U001245,2025-06-07,Paid Search,Free,0,,,0,0.0
U001246,2025-07-27,Organic Search,Free,0,,,0,0.0
U001247,2025-09-06,Email,Free,0,,,0,0.0
U001248,2025-09-05,Referral,Basic,1,2025-09-08,3,1,24.79
U001249,2025-08-03,Organic Search,Free,0,,,0,0.0
U001250,2025-10-24,Paid Search,Free,0,,,0,0.0
U001251,2025-09-26,Organic Search,Free,0,,,0,0.0
U001252,2025-06-23,Paid Search,Basic,1,2025-06-27,4,0,30.88
U001253,2025-08-13,Direct,Enterprise,1,2025-08-15,2,1,248.45
U001254,2025-10-21,Referral,Basic,1,2025-10-29,8,1,26.43
U001255,2025-06-02,Social,Free,0,,,0,0.0
U001256,2025-07-13,Direct,Free,0,,,0,0.0
U001257,2025-03-13,Paid Search,Free,0,,,0,0.0
U001258,2025-02-24,Organic Search,Free,0,,,0,0.0
U001259,2025-01-07,Direct,Basic,1,2025-01-13,6,1,26.05
U001260,2025-05-17,Email,Free,0,,,0,0.0
U001261,2025-02-17,Social,Free,0,,,0,0.0
U001262,2025-06-03,Social,Free,0,,,0,0.0
U001263,2025-01-08,Organic Search,Free,0,,,0,0.0
U001264,2025-02-10,Referral,Free,0,,,0,0.0
U001265,2025-10-23,Paid Search,Free,0,,,0,0.0
U001266,2025-06-29,Direct,Free,0,,,0,0.0
U001267,2025-06-09,Organic Search,Free,0,,,0,0.0
U001268,2025-06-06,Social,Free,0,,,0,0.0
U001269,2025-03-27,Paid Search,Free,0,,,0,0.0
U001270,2025-08-11,Organic Search,Basic,1,2025-08-19,8,0,31.01
U001271,2025-08-07,Direct,Free,0,,,0,0.0
U001272,2025-01-06,Direct,Free,0,,,0,0.0
U001273,2025-09-24,Paid Search,Free,0,,,0,0.0
U001274,2025-03-11,Referral,Free,0,,,0,0.0
U001275,2025-08-02,Paid Search,Free,0,,,0,0.0
U001276,2025-04-03,Paid Search,Pro,1,2025-04-05,2,0,57.71
U001277,2025-07-02,Organic Search,Free,0,,,0,0.0
U001278,2025-04-08,Paid Search,Free,0,,,0,0.0
U001279,2025-05-26,Direct,Pro,1,2025-05-30,4,1,44.56
U001280,2025-10-16,Email,Free,0,,,0,0.0
U001281,2025-01-16,Email,Free,0,,,0,0.0
U001282,2025-08-11,Paid Search,Basic,1,2025-08-13,2,0,16.34
U001283,2025-01-17,Social,Free,0,,,0,0.0
U001284,2025-07-26,Direct,Free,0,,,0,0.0
U001285,2025-06-30,Paid Search,Free,0,,,0,0.0
U001286,2025-01-19,Email,Pro,1,2025-02-03,15,1,73.93
U001287,2025-07-25,Organic Search,Free,0,,,0,0.0
U001288,2025-08-03,Referral,Pro,1,2025-08-03,0,1,90.38
U001289,2025-05-02,Organic Search,Free,0,,,0,0.0
U001290,2025-05-09,Direct,Free,0,,,0,0.0
U001291,2025-01-25,Organic Search,Free,0,,,0,0.0
U001292,2025-06-17,Referral,Free,0,,,0,0.0
U001293,2025-01-20,Organic Search,Free,0,,,0,0.0
U001294,2025-02-04,Organic Search,Free,0,,,0,0.0
U001295,2025-04-20,Paid Search,Free,0,,,0,0.0
U001296,2025-05-01,Referral,Free,0,,,0,0.0
U001297,2025-08-24,Organic Search,Free,0,,,0,0.0
U001298,2025-05-15,Social,Free,0,,,0,0.0
U001299,2025-02-10,Paid Search,Free,0,,,0,0.0
U001300,2025-06-28,Organic Search,Free,0,,,0,0.0
U001301,2025-10-27,Paid Search,Pro,1,2025-10-29,2,0,60.71
U001302,2025-10-10,Organic Search,Free,0,,,0,0.0
U001303,2025-06-06,Organic Search,Free,0,,,0,0.0
U001304,2025-08-04,Direct,Free,0,,,0,0.0
U001305,2025-04-24,Social,Free,0,,,0,0.0
U001306,2025-08-24,Social,Free,0,,,0,0.0
U001307,2025-10-09,Paid Search,Basic,1,2025-10-13,4,1,31.81
U001308,2025-04-29,Social,Free,0,,,0,0.0
U001309,2025-07-09,Referral,Free,0,,,0,0.0
U001310,2025-04-07,Organic Search,Basic,1,2025-04-10,3,1,25.4
U001311,2025-10-24,Referral,Free,0,,,0,0.0
U001312,2025-10-09,Referral,Enterprise,1,2025-10-11,2,1,272.32
U001313,2025-03-31,Organic Search,Enterprise,1,2025-04-01,1,1,209.51
U001314,2025-10-10,Referral,Free,0,,,0,0.0
U001315,2025-05-28,Organic Search,Free,0,,,0,0.0
U001316,2025-10-10,Email,Enterprise,1,2025-10-10,0,1,153.32
U001317,2025-02-26,Referral,Free,0,,,0,0.0
U001318,2025-08-23,Organic Search,Free,0,,,0,0.0
U001319,2025-04-19,Social,Free,0,,,0,0.0
U001320,2025-08-07,Paid Search,Free,0,,,0,0.0
U001321,2025-07-19,Referral,Pro,1,2025-07-22,3,1,58.62
U001322,2025-09-28,Social,Free,0,,,0,0.0
U001323,2025-08-05,Paid Search,Free,0,,,0,0.0
U001324,2025-07-19,Organic Search,Basic,1,2025-07-24,5,0,24.65
U001325,2025-10-05,Social,Pro,1,2025-10-08,3,1,64.1
U001326,2025-05-15,Social,Free,0,,,0,0.0
U001327,2025-07-08,Direct,Free,0,,,0,0.0
U001328,2025-05-19,Email,Basic,1,2025-05-20,1,1,21.35
U001329,2025-03-14,Email,Free,0,,,0,0.0
U001330,2025-07-24,Social,Free,0,,,0,0.0
U001331,2025-03-13,Organic Search,Free,0,,,0,0.0
U001332,2025-06-23,Email,Free,0,,,0,0.0
U001333,2025-06-28,Paid Search,Free,0,,,0,0.0
U001334,2025-09-11,Referral,Free,0,,,0,0.0
U001335,2025-07-22,Direct,Basic,1,2025-08-08,17,0,21.59
U001336,2025-07-16,Referral,Free,0,,,0,0.0
U001337,2025-09-29,Paid Search,Pro,1,2025-10-03,4,0,76.97
U001338,2025-01-15,Referral,Pro,1,2025-01-17,2,1,69.06
U001339,2025-07-25,Paid Search,Basic,1,2025-07-26,1,0,31.14
U001340,2025-07-08,Social,Free,0,,,0,0.0
U001341,2025-08-23,Paid Search,Basic,1,2025-08-29,6,1,19.18
U001342,2025-04-27,Organic Search,Free,0,,,0,0.0
U001343,2025-04-06,Organic Search,Basic,1,2025-04-15,9,0,27.88
U001344,2025-01-30,Email,Free,0,,,0,0.0
U001345,2025-01-09,Paid Search,Basic,1,2025-01-14,5,1,31.16
U001346,2025-10-24,Email,Free,0,,,0,0.0
U001347,2025-04-06,Organic Search,Free,0,,,0,0.0
U001348,2025-07-22,Direct,Free,0,,,0,0.0
U001349,2025-02-14,Paid Search,Free,0,,,0,0.0
U001350,2025-02-09,Organic Search,Free,0,,,0,0.0
U001351,2025-08-28,Social,Free,0,,,0,0.0
U001352,2025-10-21,Referral,Free,0,,,0,0.0
U001353,2025-06-03,Organic Search,Free,0,,,0,0.0
U001354,2025-02-28,Paid Search,Basic,1,2025-03-11,11,1,30.12
U001355,2025-10-22,Email,Enterprise,1,2025-10-25,3,1,187.72
U001356,2025-02-18,Referral,Free,0,,,0,0.0
U001357,2025-06-12,Organic Search,Free,0,,,0,0.0
U001358,2025-09-29,Referral,Free,0,,,0,0.0
U001359,2025-04-19,Social,Free,0,,,0,0.0
U001360,2025-01-19,Organic Search,Free,0,,,0,0.0
U001361,2025-03-28,Organic Search,Basic,1,2025-04-05,8,1,23.62
U001362,2025-09-14,Organic Search,Free,0,,,0,0.0
U001363,2025-01-06,Social,Free,0,,,0,0.0
U001364,2025-07-15,Direct,Free,0,,,0,0.0
U001365,2025-04-23,Direct,Free,0,,,0,0.0
U001366,2025-06-21,Direct,Free,0,,,0,0.0
U001367,2025-02-09,Organic Search,Free,0,,,0,0.0
U001368,2025-03-08,Email,Free,0,,,0,0.0
U001369,2025-07-13,Direct,Basic,1,2025-07-16,3,1,18.14
U001370,2025-01-12,Referral,Free,0,,,0,0.0
U001371,2025-05-26,Referral,Free,0,,,0,0.0
U001372,2025-05-11,Social,Free,0,,,0,0.0
U001373,2025-06-24,Referral,Free,0,,,0,0.0
U001374,2025-01-10,Organic Search,Pro,1,2025-01-12,2,1,94.1
U001375,2025-01-08,Paid Search,Free,0,,,0,0.0
U001376,2025-05-20,Paid Search,Free,0,,,0,0.0
U001377,2025-04-29,Paid Search,Free,0,,,0,0.0
U001378,2025-05-01,Paid Search,Basic,1,2025-05-12,11,0,23.89
U001379,2025-07-04,Direct,Free,0,,,0,0.0
U001380,2025-04-04,Email,Basic,1,2025-04-04,0,0,28.76
U001381,2025-05-06,Paid Search,Free,0,,,0,0.0
U001382,2025-02-21,Referral,Pro,1,2025-02-26,5,1,79.19
U001383,2025-09-21,Paid Search,Free,0,,,0,0.0
U001384,2025-09-22,Paid Search,Basic,1,2025-09-27,5,1,26.79
U001385,2025-01-19,Organic Search,Free,0,,,0,0.0
U001386,2025-09-20,Email,Free,0,,,0,0.0
U001387,2025-09-23,Referral,Free,0,,,0,0.0
U001388,2025-01-27,Organic Search,Basic,1,2025-01-28,1,1,34.57
U001389,2025-09-12,Organic Search,Free,0,,,0,0.0
U001390,2025-07-15,Email,Free,0,,,0,0.0
U001391,2025-03-23,Paid Search,Free,0,,,0,0.0
U001392,2025-10-09,Organic Search,Free,0,,,0,0.0
U001393,2025-08-07,Paid Search,Free,0,,,0,0.0
U001394,2025-03-04,Paid Search,Free,0,,,0,0.0
U001395,2025-04-06,Email,Pro,1,2025-04-09,3,1,86.99
U001396,2025-03-12,Email,Pro,1,2025-03-20,8,1,78.3
U001397,2025-05-10,Organic Search,Free,0,,,0,0.0
U001398,2025-10-27,Organic Search,Free,0,,,0,0.0
U001399,2025-07-13,Organic Search,Free,0,,,0,0.0
U001400,2025-09-19,Referral,Free,0,,,0,0.0
U001401,2025-10-07,Referral,Pro,1,2025-10-10,3,0,62.67
U001402,2025-09-13,Social,Free,0,,,0,0.0
U001403,2025-05-31,Email,Basic,1,2025-06-01,1,0,22.41
U001404,2025-09-01,Social,Free,0,,,0,0.0
U001405,2025-04-19,Social,Free,0,,,0,0.0
U001406,2025-09-13,Referral,Pro,1,2025-09-18,5,1,77.78
U001407,2025-03-28,Paid Search,Free,0,,,0,0.0
U001408,2025-04-13,Direct,Free,0,,,0,0.0
U001409,2025-06-10,Organic Search,Free,0,,,0,0.0
U001410,2025-10-12,Organic Search,Free,0,,,0,0.0
U001411,2025-08-23,Direct,Free,0,,,0,0.0
U001412,2025-05-19,Paid Search,Free,0,,,0,0.0
U001413,2025-04-28,Paid Search,Free,0,,,0,0.0
U001414,2025-02-12,Social,Basic,1,2025-02-14,2,1,33.3
U001415,2025-06-04,Organic Search,Free,0,,,0,0.0
U001416,2025-04-28,Email,Free,0,,,0,0.0
U001417,2025-06-06,Direct,Free,0,,,0,0.0
U001418,2025-04-05,Paid Search,Free,0,,,0,0.0
U001419,2025-10-02,Paid Search,Free,0,,,0,0.0
U001420,2025-03-19,Organic Search,Free,0,,,0,0.0
U001421,2025-03-28,Referral,Pro,1,2025-03-30,2,1,60.02
U001422,2025-10-04,Referral,Free,0,,,0,0.0
U001423,2025-10-14,Organic Search,Pro,1,2025-10-18,4,0,64.76
U001424,2025-06-21,Social,Free,0,,,0,0.0
U001425,2025-05-29,Social,Free,0,,,0,0.0
U001426,2025-09-03,Social,Free,0,,,0,0.0
U001427,2025-07-23,Direct,Pro,1,2025-08-02,10,1,66.96
U001428,2025-04-01,Social,Free,0,,,0,0.0
U001429,2025-05-17,Organic Search,Free,0,,,0,0.0
U001430,2025-10-18,Referral,Basic,1,2025-10-24,6,1,28.97
U001431,2025-05-26,Organic Search,Enterprise,1,2025-05-27,1,1,219.81
U001432,2025-03-04,Email,Basic,1,2025-03-08,4,1,28.37
U001433,2025-06-23,Email,Free,0,,,0,0.0
U001434,2025-05-11,Referral,Basic,1,2025-05-13,2,1,31.36
U001435,2025-06-04,Paid Search,Free,0,,,0,0.0
U001436,2025-01-07,Referral,Free,0,,,0,0.0
U001437,2025-03-17,Social,Free,0,,,0,0.0
U001438,2025-09-27,Paid Search,Free,0,,,0,0.0
U001439,2025-07-21,Email,Free,0,,,0,0.0
U001440,2025-09-30,Email,Free,0,,,0,0.0
U001441,2025-10-07,Paid Search,Free,0,,,0,0.0
U001442,2025-07-13,Email,Free,0,,,0,0.0
U001443,2025-06-20,Organic Search,Free,0,,,0,0.0
U001444,2025-02-06,Organic Search,Free,0,,,0,0.0
U001445,2025-04-02,Paid Search,Free,0,,,0,0.0
U001446,2025-01-22,Organic Search,Free,0,,,0,0.0
U001447,2025-10-22,Referral,Free,0,,,0,0.0
U001448,2025-03-13,Direct,Free,0,,,0,0.0
U001449,2025-04-10,Direct,Free,0,,,0,0.0
U001450,2025-07-05,Social,Free,0,,,0,0.0
U001451,2025-05-27,Email,Basic,1,2025-06-01,5,0,36.68
U001452,2025-02-19,Email,Free,0,,,0,0.0
U001453,2025-10-23,Social,Free,0,,,0,0.0
U001454,2025-07-17,Organic Search,Free,0,,,0,0.0
U001455,2025-03-10,Referral,Free,0,,,0,0.0
U001456,2025-09-03,Social,Free,0,,,0,0.0
U001457,2025-10-09,Direct,Basic,1,2025-10-10,1,1,25.68
U001458,2025-01-30,Email,Free,0,,,0,0.0
U001459,2025-02-24,Paid Search,Free,0,,,0,0.0
U001460,2025-05-26,Referral,Free,0,,,0,0.0
U001461,2025-10-06,Organic Search,Basic,1,2025-10-08,2,1,38.6
U001462,2025-05-23,Direct,Basic,1,2025-05-30,7,0,23.91
U001463,2025-10-07,Social,Free,0,,,0,0.0
U001464,2025-06-09,Organic Search,Basic,1,2025-06-19,10,1,25.36
U001465,2025-02-27,Organic Search,Free,0,,,0,0.0
U001466,2025-07-09,Email,Enterprise,1,2025-07-11,2,1,175.13
U001467,2025-09-07,Email,Free,0,,,0,0.0
U001468,2025-03-15,Referral,Basic,1,2025-03-20,5,1,36.84
U001469,2025-07-25,Paid Search,Pro,1,2025-07-29,4,0,67.41
U001470,2025-06-10,Referral,Free,0,,,0,0.0
U001471,2025-02-13,Organic Search,Free,0,,,0,0.0
U001472,2025-03-10,Email,Pro,1,2025-03-11,1,0,82.8
U001473,2025-03-07,Paid Search,Free,0,,,0,0.0
U001474,2025-03-29,Direct,Enterprise,1,2025-03-29,0,1,91.63
U001475,2025-05-03,Organic Search,Free,0,,,0,0.0
U001476,2025-03-02,Organic Search,Free,0,,,0,0.0
U001477,2025-05-01,Email,Free,0,,,0,0.0
U001478,2025-06-27,Direct,Free,0,,,0,0.0
U001479,2025-04-16,Paid Search,Free,0,,,0,0.0
U001480,2025-02-14,Organic Search,Free,0,,,0,0.0
U001481,2025-07-13,Organic Search,Free,0,,,0,0.0
U001482,2025-09-30,Email,Free,0,,,0,0.0
U001483,2025-10-03,Organic Search,Free,0,,,0,0.0
U001484,2025-06-22,Organic Search,Free,0,,,0,0.0
U001485,2025-01-06,Direct,Pro,1,2025-01-06,0,0,79.12
U001486,2025-06-13,Organic Search,Pro,1,2025-06-17,4,0,46.44
U001487,2025-10-26,Direct,Free,0,,,0,0.0
U001488,2025-06-05,Paid Search,Free,0,,,0,0.0
U001489,2025-09-28,Organic Search,Free,0,,,0,0.0
U001490,2025-06-05,Referral,Free,0,,,0,0.0
U001491,2025-09-06,Organic Search,Free,0,,,0,0.0
U001492,2025-08-18,Direct,Pro,1,2025-08-23,5,1,79.67
U001493,2025-05-12,Email,Free,0,,,0,0.0
U001494,2025-01-22,Email,Basic,1,2025-01-31,9,1,29.55
U001495,2025-02-11,Organic Search,Free,0,,,0,0.0
U001496,2025-03-23,Paid Search,Pro,1,2025-03-25,2,1,64.03
U001497,2025-10-16,Paid Search,Free,0,,,0,0.0
U001498,2025-06-04,Organic Search,Basic,1,2025-06-07,3,1,31.06
U001499,2025-03-07,Referral,Free,0,,,0,0.0
U001500,2025-10-17,Referral,Free,0,,,0,0.0
U001501,2025-06-15,Organic Search,Free,0,,,0,0.0
U001502,2025-10-06,Organic Search,Free,0,,,0,0.0
U001503,2025-07-12,Organic Search,Free,0,,,0,0.0
U001504,2025-03-09,Social,Basic,1,2025-03-17,8,0,29.62
U001505,2025-04-01,Organic Search,Free,0,,,0,0.0
U001506,2025-07-23,Organic Search,Basic,1,2025-07-27,4,0,25.16
U001507,2025-08-12,Social,Basic,1,2025-08-14,2,1,25.29
U001508,2025-04-10,Email,Basic,1,2025-04-16,6,1,36.84
U001509,2025-08-16,Referral,Free,0,,,0,0.0
U001510,2025-09-05,Direct,Free,0,,,0,0.0
U001511,2025-03-17,Organic Search,Free,0,,,0,0.0
U001512,2025-10-07,Email,Basic,1,2025-10-07,0,0,25.49
U001513,2025-05-13,Social,Free,0,,,0,0.0
U001514,2025-07-07,Referral,Free,0,,,0,0.0
U001515,2025-03-12,Organic Search,Free,0,,,0,0.0
U001516,2025-02-06,Direct,Free,0,,,0,0.0
U001517,2025-05-29,Paid Search,Basic,1,2025-05-31,2,1,20.97
U001518,2025-05-05,Referral,Pro,1,2025-05-09,4,1,71.6
U001519,2025-09-08,Referral,Enterprise,1,2025-09-11,3,1,184.3
U001520,2025-08-22,Direct,Free,0,,,0,0.0
U001521,2025-06-09,Paid Search,Free,0,,,0,0.0
U001522,2025-05-19,Email,Pro,1,2025-05-22,3,1,84.6
U001523,2025-10-17,Social,Basic,1,2025-10-19,2,1,29.47
U001524,2025-02-27,Organic Search,Enterprise,1,2025-03-03,4,0,172.05
U001525,2025-09-03,Referral,Enterprise,1,2025-09-12,9,1,206.8
U001526,2025-04-11,Social,Basic,1,2025-04-13,2,1,23.53
U001527,2025-06-21,Email,Free,0,,,0,0.0
U001528,2025-02-09,Organic Search,Basic,1,2025-02-16,7,1,18.59
U001529,2025-09-17,Paid Search,Free,0,,,0,0.0
U001530,2025-03-26,Direct,Basic,1,2025-03-27,1,1,35.9
U001531,2025-05-05,Email,Basic,1,2025-05-11,6,1,22.36
U001532,2025-08-04,Direct,Free,0,,,0,0.0
U001533,2025-06-17,Paid Search,Free,0,,,0,0.0
U001534,2025-03-30,Paid Search,Basic,1,2025-04-02,3,1,28.17
U001535,2025-10-13,Email,Free,0,,,0,0.0
U001536,2025-07-29,Organic Search,Free,0,,,0,0.0
U001537,2025-05-09,Email,Pro,1,2025-05-17,8,1,64.31
U001538,2025-02-09,Paid Search,Basic,1,2025-02-10,1,1,28.13
U001539,2025-09-29,Email,Free,0,,,0,0.0
U001540,2025-01-17,Referral,Basic,1,2025-01-21,4,1,28.95
U001541,2025-07-08,Organic Search,Free,0,,,0,0.0
U001542,2025-10-02,Social,Free,0,,,0,0.0
U001543,2025-01-19,Organic Search,Free,0,,,0,0.0
U001544,2025-06-01,Email,Free,0,,,0,0.0
U001545,2025-05-25,Paid Search,Free,0,,,0,0.0
U001546,2025-05-04,Direct,Pro,1,2025-05-05,1,0,70.46
U001547,2025-01-30,Referral,Pro,1,2025-02-03,4,1,63.96
U001548,2025-06-26,Social,Free,0,,,0,0.0
U001549,2025-03-11,Organic Search,Free,0,,,0,0.0
U001550,2025-06-05,Paid Search,Free,0,,,0,0.0
U001551,2025-04-01,Email,Basic,1,2025-04-06,5,0,25.04
U001552,2025-06-28,Organic Search,Enterprise,1,2025-07-08,10,1,158.69
U001553,2025-03-14,Email,Free,0,,,0,0.0
U001554,2025-08-12,Social,Free,0,,,0,0.0
U001555,2025-09-20,Organic Search,Free,0,,,0,0.0
U001556,2025-04-29,Organic Search,Free,0,,,0,0.0
U001557,2025-07-01,Email,Free,0,,,0,0.0
U001558,2025-06-09,Organic Search,Free,0,,,0,0.0
U001559,2025-09-15,Email,Free,0,,,0,0.0
U001560,2025-07-07,Paid Search,Free,0,,,0,0.0
U001561,2025-05-11,Organic Search,Free,0,,,0,0.0
U001562,2025-08-16,Social,Basic,1,2025-08-20,4,0,30.87
U001563,2025-07-11,Organic Search,Basic,1,2025-07-14,3,1,27.4
U001564,2025-04-22,Organic Search,Free,0,,,0,0.0
U001565,2025-10-11,Direct,Free,0,,,0,0.0
U001566,2025-05-21,Email,Free,0,,,0,0.0
U001567,2025-08-22,Organic Search,Free,0,,,0,0.0
U001568,2025-03-02,Organic Search,Basic,1,2025-03-04,2,1,28.18
U001569,2025-05-05,Organic Search,Free,0,,,0,0.0
U001570,2025-02-11,Organic Search,Free,0,,,0,0.0
U001571,2025-04-08,Organic Search,Free,0,,,0,0.0
U001572,2025-07-08,Email,Basic,1,2025-07-12,4,0,28.21
U001573,2025-10-24,Paid Search,Enterprise,1,2025-10-29,5,0,106.34
U001574,2025-06-01,Organic Search,Free,0,,,0,0.0
U001575,2025-05-06,Email,Free,0,,,0,0.0
U001576,2025-10-03,Email,Free,0,,,0,0.0
U001577,2025-09-03,Email,Basic,1,2025-09-05,2,1,26.3
U001578,2025-04-28,Email,Basic,1,2025-04-30,2,0,30.49
U001579,2025-05-21,Email,Pro,1,2025-05-26,5,0,66.33
U001580,2025-01-23,Paid Search,Free,0,,,0,0.0
U001581,2025-02-01,Paid Search,Basic,1,2025-02-04,3,1,22.0
U001582,2025-05-26,Social,Free,0,,,0,0.0
U001583,2025-10-18,Email,Free,0,,,0,0.0
U001584,2025-08-13,Organic Search,Free,0,,,0,0.0
U001585,2025-08-14,Email,Pro,1,2025-08-23,9,1,71.23
U001586,2025-08-12,Paid Search,Free,0,,,0,0.0
U001587,2025-07-08,Direct,Free,0,,,0,0.0
U001588,2025-08-01,Paid Search,Free,0,,,0,0.0
U001589,2025-02-17,Social,Free,0,,,0,0.0
U001590,2025-08-27,Social,Free,0,,,0,0.0
U001591,2025-02-24,Referral,Basic,1,2025-02-25,1,0,23.98
U001592,2025-02-22,Email,Free,0,,,0,0.0
U001593,2025-02-24,Paid Search,Basic,1,2025-02-25,1,0,28.8
U001594,2025-08-19,Social,Free,0,,,0,0.0
U001595,2025-03-22,Paid Search,Basic,1,2025-03-31,9,0,24.8
U001596,2025-09-21,Referral,Free,0,,,0,0.0
U001597,2025-02-06,Email,Free,0,,,0,0.0
U001598,2025-07-07,Paid Search,Pro,1,2025-07-17,10,1,73.6
U001599,2025-08-09,Organic Search,Free,0,,,0,0.0
U001600,2025-08-30,Referral,Enterprise,1,2025-09-02,3,0,220.58
U001601,2025-08-12,Organic Search,Basic,1,2025-08-13,1,1,28.08
U001602,2025-05-24,Organic Search,Free,0,,,0,0.0
U001603,2025-05-23,Email,Free,0,,,0,0.0
U001604,2025-09-30,Organic Search,Free,0,,,0,0.0
U001605,2025-05-16,Social,Free,0,,,0,0.0
U001606,2025-05-09,Email,Free,0,,,0,0.0
U001607,2025-03-08,Referral,Free,0,,,0,0.0
U001608,2025-01-08,Email,Free,0,,,0,0.0
U001609,2025-03-12,Email,Free,0,,,0,0.0
U001610,2025-02-15,Paid Search,Free,0,,,0,0.0
U001611,2025-02-28,Referral,Free,0,,,0,0.0
U001612,2025-07-31,Direct,Free,0,,,0,0.0
U001613,2025-08-19,Email,Free,0,,,0,0.0
U001614,2025-01-22,Organic Search,Free,0,,,0,0.0
U001615,2025-01-11,Paid Search,Basic,1,2025-01-11,0,0,32.67
U001616,2025-07-28,Direct,Free,0,,,0,0.0
U001617,2025-09-10,Organic Search,Free,0,,,0,0.0
U001618,2025-06-15,Organic Search,Free,0,,,0,0.0
U001619,2025-10-04,Referral,Basic,1,2025-10-08,4,1,27.28
U001620,2025-05-27,Referral,Free,0,,,0,0.0
U001621,2025-02-04,Paid Search,Pro,1,2025-02-04,0,0,65.61
U001622,2025-08-20,Paid Search,Free,0,,,0,0.0
U001623,2025-04-29,Organic Search,Free,0,,,0,0.0
U001624,2025-07-24,Social,Free,0,,,0,0.0
U001625,2025-06-17,Email,Free,0,,,0,0.0
U001626,2025-01-14,Referral,Free,0,,,0,0.0
U001627,2025-08-28,Referral,Pro,1,2025-08-31,3,0,67.92
U001628,2025-09-24,Email,Free,0,,,0,0.0
U001629,2025-09-19,Organic Search,Free,0,,,0,0.0
U001630,2025-10-16,Paid Search,Free,0,,,0,0.0
U001631,2025-10-06,Paid Search,Free,0,,,0,0.0
U001632,2025-07-20,Paid Search,Free,0,,,0,0.0
U001633,2025-02-23,Organic Search,Free,0,,,0,0.0
U001634,2025-10-26,Social,Free,0,,,0,0.0
U001635,2025-04-30,Organic Search,Free,0,,,0,0.0
U001636,2025-10-23,Organic Search,Free,0,,,0,0.0
U001637,2025-08-10,Referral,Pro,1,2025-08-12,2,1,81.33
U001638,2025-06-24,Direct,Free,0,,,0,0.0
U001639,2025-06-14,Organic Search,Free,0,,,0,0.0
U001640,2025-08-05,Organic Search,Free,0,,,0,0.0
U001641,2025-05-17,Paid Search,Basic,1,2025-05-19,2,0,29.31
U001642,2025-03-28,Referral,Basic,1,2025-04-02,5,1,36.22
U001643,2025-07-29,Social,Free,0,,,0,0.0
U001644,2025-07-15,Social,Free,0,,,0,0.0
U001645,2025-03-08,Social,Free,0,,,0,0.0
U001646,2025-07-23,Social,Free,0,,,0,0.0
U001647,2025-02-02,Referral,Free,0,,,0,0.0
U001648,2025-03-05,Referral,Free,0,,,0,0.0
U001649,2025-09-16,Paid Search,Pro,1,2025-09-20,4,1,49.69
U001650,2025-01-27,Organic Search,Free,0,,,0,0.0
U001651,2025-07-30,Referral,Free,0,,,0,0.0
U001652,2025-02-13,Email,Pro,1,2025-02-16,3,1,52.93
U001653,2025-07-09,Referral,Free,0,,,0,0.0
U001654,2025-04-04,Social,Free,0,,,0,0.0
U001655,2025-04-03,Paid Search,Free,0,,,0,0.0
U001656,2025-01-16,Email,Free,0,,,0,0.0
U001657,2025-03-21,Social,Pro,1,2025-03-26,5,1,77.71
U001658,2025-03-28,Referral,Free,0,,,0,0.0
U001659,2025-01-26,Organic Search,Basic,1,2025-01-28,2,0,29.7
U001660,2025-08-13,Organic Search,Free,0,,,0,0.0
U001661,2025-01-09,Direct,Free,0,,,0,0.0
U001662,2025-03-30,Paid Search,Free,0,,,0,0.0
U001663,2025-02-18,Organic Search,Free,0,,,0,0.0
U001664,2025-05-03,Email,Free,0,,,0,0.0
U001665,2025-02-10,Email,Free,0,,,0,0.0
U001666,2025-02-10,Social,Free,0,,,0,0.0
U001667,2025-06-20,Paid Search,Free,0,,,0,0.0
U001668,2025-03-17,Organic Search,Free,0,,,0,0.0
U001669,2025-10-07,Direct,Free,0,,,0,0.0
U001670,2025-08-26,Social,Free,0,,,0,0.0
U001671,2025-07-14,Organic Search,Pro,1,2025-07-18,4,1,58.01
U001672,2025-07-20,Organic Search,Free,0,,,0,0.0
U001673,2025-09-29,Email,Free,0,,,0,0.0
U001674,2025-09-19,Organic Search,Free,0,,,0,0.0
U001675,2025-04-08,Paid Search,Free,0,,,0,0.0
U001676,2025-06-12,Organic Search,Free,0,,,0,0.0
U001677,2025-01-29,Direct,Free,0,,,0,0.0
U001678,2025-01-10,Email,Free,0,,,0,0.0
U001679,2025-05-23,Email,Free,0,,,0,0.0
U001680,2025-02-01,Referral,Free,0,,,0,0.0
U001681,2025-06-29,Email,Free,0,,,0,0.0
U001682,2025-05-29,Direct,Free,0,,,0,0.0
U001683,2025-07-30,Email,Basic,1,2025-08-05,6,1,24.74
U001684,2025-03-21,Direct,Basic,1,2025-03-23,2,0,29.85
U001685,2025-04-30,Direct,Free,0,,,0,0.0
U001686,2025-08-27,Social,Free,0,,,0,0.0
U001687,2025-02-27,Organic Search,Free,0,,,0,0.0
U001688,2025-04-24,Organic Search,Free,0,,,0,0.0
U001689,2025-02-06,Email,Free,0,,,0,0.0
U001690,2025-05-12,Paid Search,Free,0,,,0,0.0
U001691,2025-10-08,Social,Free,0,,,0,0.0
U001692,2025-07-05,Email,Basic,1,2025-07-08,3,1,26.84
U001693,2025-01-25,Email,Free,0,,,0,0.0
U001694,2025-08-05,Organic Search,Free,0,,,0,0.0
U001695,2025-10-18,Email,Basic,1,2025-10-19,1,0,32.04
U001696,2025-02-14,Organic Search,Free,0,,,0,0.0
U001697,2025-10-01,Organic Search,Basic,1,2025-10-05,4,0,37.37
U001698,2025-07-04,Organic Search,Free,0,,,0,0.0
U001699,2025-02-25,Direct,Free,0,,,0,0.0
U001700,2025-01-21,Social,Free,0,,,0,0.0
U001701,2025-07-25,Paid Search,Free,0,,,0,0.0
U001702,2025-03-01,Paid Search,Free,0,,,0,0.0
U001703,2025-09-22,Organic Search,Free,0,,,0,0.0
U001704,2025-09-13,Organic Search,Free,0,,,0,0.0
U001705,2025-03-03,Direct,Free,0,,,0,0.0
U001706,2025-01-03,Organic Search,Free,0,,,0,0.0
U001707,2025-01-14,Organic Search,Basic,1,2025-01-18,4,0,26.3
U001708,2025-04-11,Direct,Free,0,,,0,0.0
U001709,2025-09-30,Email,Free,0,,,0,0.0
U001710,2025-08-07,Organic Search,Free,0,,,0,0.0
U001711,2025-03-08,Email,Free,0,,,0,0.0
U001712,2025-05-04,Paid Search,Free,0,,,0,0.0
U001713,2025-03-28,Social,Free,0,,,0,0.0
U001714,2025-09-02,Paid Search,Free,0,,,0,0.0
U001715,2025-02-11,Paid Search,Free,0,,,0,0.0
U001716,2025-01-03,Paid Search,Free,0,,,0,0.0
U001717,2025-10-24,Referral,Basic,1,2025-11-02,9,1,22.23
U001718,2025-09-11,Social,Free,0,,,0,0.0
U001719,2025-05-08,Paid Search,Free,0,,,0,0.0
U001720,2025-02-12,Email,Free,0,,,0,0.0
U001721,2025-04-09,Paid Search,Free,0,,,0,0.0
U001722,2025-04-11,Referral,Free,0,,,0,0.0
U001723,2025-04-15,Organic Search,Free,0,,,0,0.0
U001724,2025-01-14,Paid Search,Pro,1,2025-01-19,5,1,71.12
U001725,2025-08-12,Email,Enterprise,1,2025-08-21,9,1,205.82
U001726,2025-10-10,Organic Search,Free,0,,,0,0.0
U001727,2025-07-03,Email,Free,0,,,0,0.0
U001728,2025-01-02,Organic Search,Free,0,,,0,0.0
U001729,2025-06-22,Referral,Basic,1,2025-06-26,4,0,30.21
U001730,2025-08-08,Referral,Free,0,,,0,0.0
U001731,2025-04-24,Organic Search,Free,0,,,0,0.0
U001732,2025-05-10,Paid Search,Free,0,,,0,0.0
U001733,2025-03-31,Organic Search,Free,0,,,0,0.0
U001734,2025-04-12,Email,Basic,1,2025-04-14,2,1,26.08
U001735,2025-06-11,Direct,Free,0,,,0,0.0
U001736,2025-06-18,Email,Free,0,,,0,0.0
U001737,2025-04-04,Referral,Free,0,,,0,0.0
U001738,2025-03-26,Social,Free,0,,,0,0.0
U001739,2025-08-07,Email,Basic,1,2025-08-15,8,0,28.4
U001740,2025-02-23,Organic Search,Free,0,,,0,0.0
U001741,2025-01-30,Organic Search,Free,0,,,0,0.0
U001742,2025-10-24,Social,Free,0,,,0,0.0
U001743,2025-03-24,Paid Search,Free,0,,,0,0.0
U001744,2025-08-02,Organic Search,Free,0,,,0,0.0
U001745,2025-01-27,Organic Search,Pro,1,2025-02-01,5,0,81.13
U001746,2025-07-07,Paid Search,Enterprise,1,2025-07-12,5,1,172.68
U001747,2025-08-08,Paid Search,Pro,1,2025-08-15,7,1,72.86
U001748,2025-09-27,Email,Basic,1,2025-09-30,3,0,36.26
U001749,2025-05-27,Organic Search,Free,0,,,0,0.0
U001750,2025-06-14,Paid Search,Basic,1,2025-06-18,4,1,29.94
U001751,2025-03-04,Email,Free,0,,,0,0.0
U001752,2025-05-15,Social,Free,0,,,0,0.0
U001753,2025-04-16,Paid Search,Basic,1,2025-04-18,2,1,28.92
U001754,2025-07-22,Email,Enterprise,1,2025-07-26,4,1,181.66
U001755,2025-07-23,Organic Search,Free,0,,,0,0.0
U001756,2025-06-09,Organic Search,Free,0,,,0,0.0
U001757,2025-08-25,Referral,Basic,1,2025-08-30,5,0,38.18
U001758,2025-02-14,Organic Search,Free,0,,,0,0.0
U001759,2025-05-18,Organic Search,Free,0,,,0,0.0
U001760,2025-04-27,Social,Free,0,,,0,0.0
U001761,2025-06-02,Referral,Free,0,,,0,0.0
U001762,2025-02-23,Organic Search,Free,0,,,0,0.0
U001763,2025-09-10,Social,Free,0,,,0,0.0
U001764,2025-06-23,Referral,Free,0,,,0,0.0
U001765,2025-03-01,Paid Search,Pro,1,2025-03-07,6,0,85.13
U001766,2025-01-02,Organic Search,Free,0,,,0,0.0
U001767,2025-03-30,Social,Free,0,,,0,0.0
U001768,2025-05-10,Direct,Free,0,,,0,0.0
U001769,2025-10-05,Email,Free,0,,,0,0.0
U001770,2025-05-13,Paid Search,Free,0,,,0,0.0
U001771,2025-06-17,Organic Search,Basic,1,2025-06-24,7,1,29.49
U001772,2025-10-03,Paid Search,Free,0,,,0,0.0
U001773,2025-08-08,Referral,Basic,1,2025-08-12,4,1,29.3
U001774,2025-06-19,Social,Free,0,,,0,0.0
U001775,2025-09-19,Paid Search,Free,0,,,0,0.0
U001776,2025-05-12,Social,Pro,1,2025-05-14,2,1,61.68
U001777,2025-07-01,Organic Search,Free,0,,,0,0.0
U001778,2025-05-12,Social,Basic,1,2025-05-15,3,1,21.52
U001779,2025-10-18,Email,Enterprise,1,2025-10-23,5,1,189.93
U001780,2025-07-15,Direct,Free,0,,,0,0.0
U001781,2025-10-23,Social,Free,0,,,0,0.0
U001782,2025-03-29,Paid Search,Basic,1,2025-04-04,6,0,31.55
U001783,2025-01-12,Direct,Free,0,,,0,0.0
U001784,2025-10-07,Referral,Pro,1,2025-10-08,1,1,84.71
U001785,2025-07-21,Paid Search,Free,0,,,0,0.0
U001786,2025-04-06,Organic Search,Free,0,,,0,0.0
U001787,2025-02-14,Organic Search,Pro,1,2025-02-18,4,1,72.04
U001788,2025-08-28,Organic Search,Basic,1,2025-09-05,8,0,24.32
U001789,2025-06-28,Social,Free,0,,,0,0.0
U001790,2025-04-29,Referral,Free,0,,,0,0.0
U001791,2025-08-06,Email,Free,0,,,0,0.0
U001792,2025-05-17,Direct,Free,0,,,0,0.0
U001793,2025-03-23,Organic Search,Free,0,,,0,0.0
U001794,2025-07-22,Email,Free,0,,,0,0.0
U001795,2025-02-28,Paid Search,Basic,1,2025-03-04,4,1,34.47
U001796,2025-10-13,Referral,Basic,1,2025-10-18,5,0,34.41
U001797,2025-09-07,Organic Search,Free,0,,,0,0.0
U001798,2025-10-10,Referral,Basic,1,2025-10-12,2,1,32.28
U001799,2025-08-05,Referral,Free,0,,,0,0.0
U001800,2025-07-23,Paid Search,Free,0,,,0,0.0
U001801,2025-10-03,Organic Search,Enterprise,1,2025-10-05,2,1,167.83
U001802,2025-09-04,Referral,Free,0,,,0,0.0
U001803,2025-08-29,Email,Free,0,,,0,0.0
U001804,2025-08-30,Paid Search,Free,0,,,0,0.0
U001805,2025-08-18,Organic Search,Free,0,,,0,0.0
U001806,2025-09-01,Email,Free,0,,,0,0.0
U001807,2025-02-28,Referral,Free,0,,,0,0.0
U001808,2025-06-01,Social,Pro,1,2025-06-08,7,1,60.94
U001809,2025-03-08,Organic Search,Free,0,,,0,0.0
U001810,2025-06-14,Organic Search,Free,0,,,0,0.0
U001811,2025-03-21,Direct,Free,0,,,0,0.0
U001812,2025-06-06,Referral,Pro,1,2025-06-07,1,1,74.21
U001813,2025-02-02,Referral,Free,0,,,0,0.0
U001814,2025-06-09,Social,Free,0,,,0,0.0
U001815,2025-05-13,Organic Search,Free,0,,,0,0.0
U001816,2025-06-18,Paid Search,Free,0,,,0,0.0
U001817,2025-05-13,Organic Search,Free,0,,,0,0.0
U001818,2025-03-23,Referral,Basic,1,2025-03-27,4,0,27.51
U001819,2025-09-21,Organic Search,Free,0,,,0,0.0
U001820,2025-06-26,Referral,Pro,1,2025-06-28,2,1,62.93
U001821,2025-05-24,Direct,Free,0,,,0,0.0
U001822,2025-01-10,Paid Search,Free,0,,,0,0.0
U001823,2025-08-03,Email,Enterprise,1,2025-08-09,6,1,134.19
U001824,2025-02-15,Email,Free,0,,,0,0.0
U001825,2025-03-22,Referral,Free,0,,,0,0.0
U001826,2025-05-28,Organic Search,Free,0,,,0,0.0
U001827,2025-07-20,Social,Free,0,,,0,0.0
U001828,2025-04-09,Organic Search,Free,0,,,0,0.0
U001829,2025-02-16,Organic Search,Basic,1,2025-02-27,11,1,29.78
U001830,2025-03-13,Direct,Free,0,,,0,0.0
U001831,2025-08-31,Paid Search,Free,0,,,0,0.0
U001832,2025-02-05,Social,Free,0,,,0,0.0
U001833,2025-09-26,Organic Search,Free,0,,,0,0.0
U001834,2025-05-04,Organic Search,Basic,1,2025-05-05,1,1,32.52
U001835,2025-03-31,Organic Search,Free,0,,,0,0.0
U001836,2025-03-12,Paid Search,Free,0,,,0,0.0
U001837,2025-05-31,Organic Search,Free,0,,,0,0.0
U001838,2025-03-31,Organic Search,Free,0,,,0,0.0
U001839,2025-09-18,Social,Free,0,,,0,0.0
U001840,2025-03-17,Email,Pro,1,2025-03-20,3,0,85.86
U001841,2025-02-11,Social,Free,0,,,0,0.0
U001842,2025-05-05,Organic Search,Free,0,,,0,0.0
U001843,2025-05-20,Organic Search,Free,0,,,0,0.0
U001844,2025-07-03,Paid Search,Enterprise,1,2025-07-06,3,0,175.28
U001845,2025-04-29,Organic Search,Basic,1,2025-05-02,3,1,29.15
U001846,2025-09-24,Organic Search,Basic,1,2025-09-28,4,1,37.11
U001847,2025-05-24,Organic Search,Free,0,,,0,0.0
U001848,2025-04-23,Direct,Free,0,,,0,0.0
U001849,2025-07-14,Paid Search,Free,0,,,0,0.0
U001850,2025-07-21,Paid Search,Free,0,,,0,0.0
U001851,2025-10-13,Referral,Free,0,,,0,0.0
U001852,2025-09-11,Referral,Free,0,,,0,0.0
U001853,2025-09-29,Paid Search,Pro,1,2025-10-11,12,1,90.69
U001854,2025-06-08,Direct,Free,0,,,0,0.0
U001855,2025-04-08,Paid Search,Free,0,,,0,0.0
U001856,2025-03-30,Organic Search,Free,0,,,0,0.0
U001857,2025-02-15,Paid Search,Pro,1,2025-02-17,2,0,61.3
U001858,2025-08-15,Referral,Free,0,,,0,0.0
U001859,2025-02-17,Email,Free,0,,,0,0.0
U001860,2025-02-27,Paid Search,Basic,1,2025-03-09,10,1,35.1
U001861,2025-08-27,Social,Free,0,,,0,0.0
U001862,2025-04-28,Email,Free,0,,,0,0.0
U001863,2025-04-15,Organic Search,Free,0,,,0,0.0
U001864,2025-08-20,Referral,Pro,1,2025-08-25,5,1,65.96
U001865,2025-06-29,Social,Free,0,,,0,0.0
U001866,2025-05-02,Organic Search,Free,0,,,0,0.0
U001867,2025-06-16,Organic Search,Free,0,,,0,0.0
U001868,2025-10-01,Organic Search,Free,0,,,0,0.0
U001869,2025-05-13,Organic Search,Free,0,,,0,0.0
U001870,2025-05-30,Referral,Free,0,,,0,0.0
U001871,2025-05-28,Referral,Free,0,,,0,0.0
U001872,2025-02-02,Email,Free,0,,,0,0.0
U001873,2025-06-25,Social,Free,0,,,0,0.0
U001874,2025-01-25,Social,Free,0,,,0,0.0
U001875,2025-07-15,Paid Search,Free,0,,,0,0.0
U001876,2025-04-16,Email,Free,0,,,0,0.0
U001877,2025-10-17,Direct,Free,0,,,0,0.0
U001878,2025-10-08,Referral,Free,0,,,0,0.0
U001879,2025-03-13,Paid Search,Pro,1,2025-03-15,2,1,78.81
U001880,2025-10-13,Email,Free,0,,,0,0.0
U001881,2025-07-11,Direct,Free,0,,,0,0.0
U001882,2025-05-13,Direct,Basic,1,2025-05-17,4,1,30.52
U001883,2025-01-31,Referral,Free,0,,,0,0.0
U001884,2025-09-08,Email,Free,0,,,0,0.0
U001885,2025-03-04,Referral,Basic,1,2025-03-10,6,1,30.92
U001886,2025-02-05,Paid Search,Free,0,,,0,0.0
U001887,2025-01-19,Direct,Free,0,,,0,0.0
U001888,2025-04-26,Organic Search,Pro,1,2025-04-29,3,1,66.11
U001889,2025-10-13,Referral,Free,0,,,0,0.0
U001890,2025-03-25,Organic Search,Free,0,,,0,0.0
U001891,2025-05-28,Paid Search,Free,0,,,0,0.0
U001892,2025-07-12,Organic Search,Basic,1,2025-07-15,3,1,33.86
U001893,2025-01-04,Social,Free,0,,,0,0.0
U001894,2025-04-24,Email,Free,0,,,0,0.0
U001895,2025-10-09,Paid Search,Free,0,,,0,0.0
U001896,2025-10-03,Organic Search,Enterprise,1,2025-10-10,7,0,205.13
U001897,2025-01-04,Email,Free,0,,,0,0.0
U001898,2025-08-24,Referral,Basic,1,2025-09-09,16,1,34.6
U001899,2025-09-03,Paid Search,Enterprise,1,2025-09-05,2,0,202.0
U001900,2025-06-19,Direct,Pro,1,2025-06-21,2,0,61.16
U001901,2025-07-02,Organic Search,Free,0,,,0,0.0
U001902,2025-08-29,Direct,Pro,1,2025-08-30,1,0,72.91
U001903,2025-06-14,Email,Free,0,,,0,0.0
U001904,2025-09-10,Paid Search,Pro,1,2025-09-18,8,1,87.47
U001905,2025-02-26,Paid Search,Free,0,,,0,0.0
U001906,2025-02-22,Direct,Free,0,,,0,0.0
U001907,2025-09-27,Social,Free,0,,,0,0.0
U001908,2025-02-11,Social,Free,0,,,0,0.0
U001909,2025-06-21,Social,Free,0,,,0,0.0
U001910,2025-04-06,Organic Search,Free,0,,,0,0.0
U001911,2025-03-05,Organic Search,Basic,1,2025-03-11,6,1,24.5
U001912,2025-03-24,Organic Search,Free,0,,,0,0.0
U001913,2025-01-09,Email,Free,0,,,0,0.0
U001914,2025-01-06,Email,Basic,1,2025-01-14,8,1,36.22
U001915,2025-02-28,Paid Search,Basic,1,2025-03-03,3,1,24.34
U001916,2025-05-26,Email,Basic,1,2025-05-28,2,0,32.17
U001917,2025-01-22,Referral,Enterprise,1,2025-01-23,1,0,212.77
U001918,2025-08-28,Paid Search,Free,0,,,0,0.0
U001919,2025-09-17,Referral,Free,0,,,0,0.0
U001920,2025-07-31,Referral,Free,0,,,0,0.0
U001921,2025-07-16,Organic Search,Free,0,,,0,0.0
U001922,2025-10-10,Social,Free,0,,,0,0.0
U001923,2025-04-09,Organic Search,Pro,1,2025-04-14,5,0,63.27
U001924,2025-04-22,Social,Enterprise,1,2025-04-30,8,1,209.88
U001925,2025-05-12,Organic Search,Free,0,,,0,0.0
U001926,2025-03-14,Organic Search,Pro,1,2025-03-17,3,1,81.67
U001927,2025-03-19,Organic Search,Basic,1,2025-03-21,2,1,28.93
U001928,2025-01-16,Organic Search,Free,0,,,0,0.0
U001929,2025-02-24,Referral,Free,0,,,0,0.0
U001930,2025-03-26,Organic Search,Free,0,,,0,0.0
U001931,2025-10-19,Paid Search,Free,0,,,0,0.0
U001932,2025-04-19,Organic Search,Free,0,,,0,0.0
U001933,2025-01-31,Organic Search,Free,0,,,0,0.0
U001934,2025-03-18,Paid Search,Pro,1,2025-03-20,2,1,53.47
U001935,2025-08-16,Social,Free,0,,,0,0.0
U001936,2025-10-24,Paid Search,Basic,1,2025-10-25,1,0,23.0
U001937,2025-07-29,Social,Free,0,,,0,0.0
U001938,2025-04-25,Organic Search,Free,0,,,0,0.0
U001939,2025-05-23,Direct,Basic,1,2025-06-03,11,1,26.78
U001940,2025-08-22,Paid Search,Free,0,,,0,0.0
U001941,2025-09-03,Direct,Pro,1,2025-09-06,3,1,50.85
U001942,2025-01-08,Email,Free,0,,,0,0.0
U001943,2025-02-24,Direct,Free,0,,,0,0.0
U001944,2025-03-18,Direct,Enterprise,1,2025-03-19,1,1,279.78
U001945,2025-05-07,Paid Search,Free,0,,,0,0.0
U001946,2025-04-22,Social,Free,0,,,0,0.0
U001947,2025-09-04,Paid Search,Free,0,,,0,0.0
U001948,2025-07-11,Paid Search,Free,0,,,0,0.0
U001949,2025-06-02,Organic Search,Free,0,,,0,0.0
U001950,2025-08-13,Paid Search,Free,0,,,0,0.0
U001951,2025-06-23,Referral,Enterprise,1,2025-06-24,1,1,201.45
U001952,2025-06-23,Direct,Free,0,,,0,0.0
U001953,2025-08-01,Social,Free,0,,,0,0.0
U001954,2025-05-14,Email,Enterprise,1,2025-05-23,9,1,157.65
U001955,2025-08-20,Paid Search,Free,0,,,0,0.0
U001956,2025-09-01,Referral,Free,0,,,0,0.0
U001957,2025-08-11,Referral,Free,0,,,0,0.0
U001958,2025-07-01,Paid Search,Free,0,,,0,0.0
U001959,2025-02-23,Social,Enterprise,1,2025-02-28,5,0,264.08
U001960,2025-05-07,Email,Free,0,,,0,0.0
U001961,2025-02-06,Social,Free,0,,,0,0.0
U001962,2025-09-02,Direct,Free,0,,,0,0.0
U001963,2025-02-18,Direct,Free,0,,,0,0.0
U001964,2025-06-12,Email,Free,0,,,0,0.0
U001965,2025-09-11,Email,Free,0,,,0,0.0
U001966,2025-07-01,Paid Search,Free,0,,,0,0.0
U001967,2025-05-11,Organic Search,Free,0,,,0,0.0
U001968,2025-06-03,Organic Search,Basic,1,2025-06-06,3,1,28.57
U001969,2025-06-08,Organic Search,Free,0,,,0,0.0
U001970,2025-03-06,Referral,Enterprise,1,2025-03-10,4,1,280.59
U001971,2025-08-08,Organic Search,Free,0,,,0,0.0
U001972,2025-04-06,Organic Search,Free,0,,,0,0.0
U001973,2025-06-11,Organic Search,Pro,1,2025-06-18,7,0,75.78
U001974,2025-06-01,Organic Search,Free,0,,,0,0.0
U001975,2025-04-14,Organic Search,Free,0,,,0,0.0
U001976,2025-09-01,Organic Search,Free,0,,,0,0.0
U001977,2025-03-03,Email,Pro,1,2025-03-07,4,0,60.62
U001978,2025-10-04,Organic Search,Free,0,,,0,0.0
U001979,2025-07-01,Social,Free,0,,,0,0.0
U001980,2025-05-18,Paid Search,Free,0,,,0,0.0
U001981,2025-02-12,Social,Pro,1,2025-02-16,4,1,68.19
U001982,2025-03-11,Paid Search,Free,0,,,0,0.0
U001983,2025-05-19,Organic Search,Free,0,,,0,0.0
U001984,2025-06-15,Organic Search,Free,0,,,0,0.0
U001985,2025-06-13,Organic Search,Free,0,,,0,0.0
U001986,2025-07-03,Referral,Pro,1,2025-07-05,2,1,67.3
U001987,2025-06-17,Social,Free,0,,,0,0.0
U001988,2025-08-19,Email,Basic,1,2025-08-26,7,0,30.86
U001989,2025-09-20,Organic Search,Free,0,,,0,0.0
U001990,2025-01-09,Organic Search,Free,0,,,0,0.0
U001991,2025-05-07,Referral,Free,0,,,0,0.0
U001992,2025-04-05,Social,Basic,1,2025-04-09,4,1,34.54
U001993,2025-02-24,Referral,Free,0,,,0,0.0
U001994,2025-06-27,Direct,Pro,1,2025-06-29,2,1,87.73
U001995,2025-06-28,Email,Basic,1,2025-06-29,1,0,28.41
U001996,2025-08-10,Direct,Free,0,,,0,0.0
U001997,2025-08-17,Direct,Free,0,,,0,0.0
U001998,2025-05-12,Social,Free,0,,,0,0.0
U001999,2025-04-14,Email,Free,0,,,0,0.0
U002000,2025-10-14,Referral,Free,0,,,0,0.0
U002001,2025-06-09,Social,Pro,1,2025-06-09,0,1,88.05
U002002,2025-07-29,Email,Free,0,,,0,0.0
U002003,2025-02-20,Direct,Basic,1,2025-02-23,3,1,31.58
U002004,2025-08-12,Paid Search,Pro,1,2025-08-19,7,0,59.54
U002005,2025-05-22,Paid Search,Basic,1,2025-05-26,4,1,33.64
U002006,2025-07-14,Organic Search,Free,0,,,0,0.0
U002007,2025-01-29,Social,Pro,1,2025-02-04,6,0,58.98
U002008,2025-07-20,Paid Search,Free,0,,,0,0.0
U002009,2025-08-04,Organic Search,Free,0,,,0,0.0
U002010,2025-01-17,Paid Search,Free,0,,,0,0.0
U002011,2025-10-22,Organic Search,Free,0,,,0,0.0
U002012,2025-10-06,Paid Search,Free,0,,,0,0.0
U002013,2025-03-16,Paid Search,Free,0,,,0,0.0
U002014,2025-03-13,Direct,Free,0,,,0,0.0
U002015,2025-01-18,Email,Free,0,,,0,0.0
U002016,2025-02-19,Direct,Free,0,,,0,0.0
U002017,2025-08-30,Paid Search,Free,0,,,0,0.0
U002018,2025-05-14,Direct,Free,0,,,0,0.0
U002019,2025-08-24,Referral,Pro,1,2025-08-28,4,1,65.63
U002020,2025-08-19,Organic Search,Free,0,,,0,0.0
U002021,2025-09-06,Email,Free,0,,,0,0.0
U002022,2025-05-25,Direct,Free,0,,,0,0.0
U002023,2025-10-10,Email,Free,0,,,0,0.0
U002024,2025-01-13,Organic Search,Free,0,,,0,0.0
U002025,2025-08-30,Organic Search,Free,0,,,0,0.0
U002026,2025-10-11,Social,Free,0,,,0,0.0
U002027,2025-06-22,Organic Search,Free,0,,,0,0.0
U002028,2025-05-23,Referral,Free,0,,,0,0.0
U002029,2025-05-24,Organic Search,Free,0,,,0,0.0
U002030,2025-02-01,Referral,Basic,1,2025-02-03,2,1,27.59
U002031,2025-08-21,Referral,Pro,1,2025-08-28,7,1,36.77
U002032,2025-06-30,Direct,Free,0,,,0,0.0
U002033,2025-05-15,Social,Free,0,,,0,0.0
U002034,2025-04-18,Email,Free,0,,,0,0.0
U002035,2025-04-18,Organic Search,Free,0,,,0,0.0
U002036,2025-07-01,Email,Free,0,,,0,0.0
U002037,2025-01-03,Paid Search,Free,0,,,0,0.0
U002038,2025-08-18,Social,Free,0,,,0,0.0
U002039,2025-09-09,Referral,Free,0,,,0,0.0
U002040,2025-04-17,Organic Search,Free,0,,,0,0.0
U002041,2025-01-17,Email,Pro,1,2025-01-18,1,1,66.91
U002042,2025-03-25,Referral,Free,0,,,0,0.0
U002043,2025-08-09,Direct,Pro,1,2025-08-11,2,0,71.61
U002044,2025-05-10,Paid Search,Free,0,,,0,0.0
U002045,2025-04-12,Paid Search,Enterprise,1,2025-04-23,11,1,170.51
U002046,2025-10-15,Direct,Enterprise,1,2025-10-16,1,1,270.44
U002047,2025-04-16,Social,Free,0,,,0,0.0
U002048,2025-10-04,Email,Free,0,,,0,0.0
U002049,2025-07-09,Referral,Free,0,,,0,0.0
U002050,2025-05-04,Organic Search,Free,0,,,0,0.0
U002051,2025-09-20,Paid Search,Enterprise,1,2025-09-24,4,1,187.57
U002052,2025-10-23,Organic Search,Free,0,,,0,0.0
U002053,2025-10-15,Email,Free,0,,,0,0.0
U002054,2025-06-03,Email,Basic,1,2025-06-05,2,0,28.17
U002055,2025-06-07,Email,Pro,1,2025-06-10,3,1,74.62
U002056,2025-02-28,Organic Search,Free,0,,,0,0.0
U002057,2025-05-31,Paid Search,Free,0,,,0,0.0
U002058,2025-04-17,Social,Enterprise,1,2025-04-26,9,1,197.62
U002059,2025-08-09,Organic Search,Free,0,,,0,0.0
U002060,2025-10-03,Organic Search,Free,0,,,0,0.0
U002061,2025-09-28,Referral,Free,0,,,0,0.0
U002062,2025-05-11,Referral,Free,0,,,0,0.0
U002063,2025-10-25,Organic Search,Basic,1,2025-10-29,4,1,28.16
U002064,2025-04-14,Organic Search,Free,0,,,0,0.0
U002065,2025-10-15,Paid Search,Free,0,,,0,0.0
U002066,2025-05-05,Paid Search,Pro,1,2025-05-06,1,1,50.7
U002067,2025-06-01,Email,Free,0,,,0,0.0
U002068,2025-08-16,Referral,Pro,1,2025-08-16,0,1,43.1
U002069,2025-03-11,Organic Search,Pro,1,2025-03-14,3,0,47.02
U002070,2025-09-09,Organic Search,Free,0,,,0,0.0
U002071,2025-06-19,Organic Search,Free,0,,,0,0.0
U002072,2025-08-29,Email,Free,0,,,0,0.0
U002073,2025-07-26,Email,Basic,1,2025-07-29,3,0,24.75
U002074,2025-06-09,Organic Search,Free,0,,,0,0.0
U002075,2025-02-02,Organic Search,Free,0,,,0,0.0
U002076,2025-10-02,Referral,Free,0,,,0,0.0
U002077,2025-02-23,Organic Search,Free,0,,,0,0.0
U002078,2025-06-04,Organic Search,Free,0,,,0,0.0
U002079,2025-03-28,Organic Search,Free,0,,,0,0.0
U002080,2025-09-11,Organic Search,Basic,1,2025-09-12,1,1,22.02
U002081,2025-05-27,Paid Search,Free,0,,,0,0.0
U002082,2025-02-02,Paid Search,Free,0,,,0,0.0
U002083,2025-10-15,Direct,Free,0,,,0,0.0
U002084,2025-01-26,Social,Free,0,,,0,0.0
U002085,2025-01-05,Email,Free,0,,,0,0.0
U002086,2025-04-11,Email,Free,0,,,0,0.0
U002087,2025-10-10,Referral,Free,0,,,0,0.0
U002088,2025-05-26,Organic Search,Free,0,,,0,0.0
U002089,2025-07-14,Referral,Pro,1,2025-07-25,11,1,68.67
U002090,2025-04-04,Social,Free,0,,,0,0.0
U002091,2025-05-10,Paid Search,Free,0,,,0,0.0
U002092,2025-01-29,Direct,Free,0,,,0,0.0
U002093,2025-01-14,Social,Free,0,,,0,0.0
U002094,2025-10-23,Referral,Free,0,,,0,0.0
U002095,2025-08-05,Direct,Free,0,,,0,0.0
U002096,2025-10-04,Paid Search,Free,0,,,0,0.0
U002097,2025-06-12,Email,Basic,1,2025-06-15,3,1,26.43
U002098,2025-06-02,Direct,Free,0,,,0,0.0
U002099,2025-07-24,Direct,Free,0,,,0,0.0
U002100,2025-09-06,Direct,Free,0,,,0,0.0
U002101,2025-07-15,Email,Free,0,,,0,0.0
U002102,2025-02-19,Paid Search,Free,0,,,0,0.0
U002103,2025-03-05,Email,Free,0,,,0,0.0
U002104,2025-02-17,Referral,Basic,1,2025-02-20,3,1,25.46
U002105,2025-05-19,Paid Search,Pro,1,2025-05-24,5,0,80.16
U002106,2025-09-26,Organic Search,Free,0,,,0,0.0
U002107,2025-07-15,Direct,Pro,1,2025-07-16,1,0,65.42
U002108,2025-05-15,Social,Free,0,,,0,0.0
U002109,2025-09-22,Referral,Pro,1,2025-09-26,4,1,69.33
U002110,2025-09-23,Paid Search,Free,0,,,0,0.0
U002111,2025-05-31,Direct,Basic,1,2025-06-06,6,1,17.14
U002112,2025-05-01,Paid Search,Free,0,,,0,0.0
U002113,2025-05-17,Direct,Free,0,,,0,0.0
U002114,2025-02-23,Paid Search,Basic,1,2025-03-02,7,1,29.4
U002115,2025-03-07,Direct,Basic,1,2025-03-07,0,1,33.96
U002116,2025-04-13,Referral,Basic,1,2025-04-13,0,1,32.77
U002117,2025-04-22,Social,Free,0,,,0,0.0
U002118,2025-04-02,Paid Search,Free,0,,,0,0.0
U002119,2025-07-07,Organic Search,Free,0,,,0,0.0
U002120,2025-05-02,Referral,Basic,1,2025-05-08,6,1,26.23
U002121,2025-04-28,Referral,Basic,1,2025-05-02,4,1,32.24
U002122,2025-02-25,Referral,Basic,1,2025-02-28,3,1,24.23
U002123,2025-02-10,Direct,Free,0,,,0,0.0
U002124,2025-04-29,Organic Search,Free,0,,,0,0.0
U002125,2025-07-22,Organic Search,Free,0,,,0,0.0
U002126,2025-02-21,Organic Search,Pro,1,2025-02-28,7,1,75.78
U002127,2025-01-19,Organic Search,Free,0,,,0,0.0
U002128,2025-07-25,Paid Search,Free,0,,,0,0.0
U002129,2025-05-02,Referral,Pro,1,2025-05-03,1,1,67.8
U002130,2025-04-05,Email,Pro,1,2025-04-07,2,1,58.89
U002131,2025-02-03,Paid Search,Free,0,,,0,0.0
U002132,2025-06-25,Organic Search,Free,0,,,0,0.0
U002133,2025-07-10,Paid Search,Free,0,,,0,0.0
U002134,2025-03-01,Social,Free,0,,,0,0.0
U002135,2025-09-10,Social,Free,0,,,0,0.0
U002136,2025-09-20,Social,Basic,1,2025-09-30,10,0,23.14
U002137,2025-01-24,Referral,Basic,1,2025-01-25,1,1,33.26
U002138,2025-04-24,Direct,Free,0,,,0,0.0
U002139,2025-04-19,Organic Search,Free,0,,,0,0.0
U002140,2025-09-23,Email,Pro,1,2025-09-30,7,0,60.87
U002141,2025-05-12,Organic Search,Free,0,,,0,0.0
U002142,2025-04-30,Paid Search,Free,0,,,0,0.0
U002143,2025-07-05,Referral,Free,0,,,0,0.0
U002144,2025-07-13,Email,Free,0,,,0,0.0
U002145,2025-06-09,Social,Free,0,,,0,0.0
U002146,2025-04-24,Organic Search,Basic,1,2025-04-25,1,1,22.42
U002147,2025-08-01,Organic Search,Free,0,,,0,0.0
U002148,2025-02-28,Email,Free,0,,,0,0.0
U002149,2025-09-17,Email,Free,0,,,0,0.0
U002150,2025-06-22,Email,Free,0,,,0,0.0
U002151,2025-05-16,Direct,Free,0,,,0,0.0
U002152,2025-03-09,Email,Free,0,,,0,0.0
U002153,2025-10-06,Direct,Free,0,,,0,0.0
U002154,2025-02-26,Paid Search,Free,0,,,0,0.0
U002155,2025-10-27,Paid Search,Free,0,,,0,0.0
U002156,2025-08-30,Social,Basic,1,2025-09-01,2,1,28.67
U002157,2025-08-18,Referral,Enterprise,1,2025-08-20,2,1,267.35
U002158,2025-10-10,Social,Free,0,,,0,0.0
U002159,2025-06-06,Referral,Free,0,,,0,0.0
U002160,2025-04-23,Social,Free,0,,,0,0.0
U002161,2025-10-21,Organic Search,Pro,1,2025-10-26,5,0,46.47
U002162,2025-10-20,Paid Search,Free,0,,,0,0.0
U002163,2025-02-22,Email,Basic,1,2025-02-25,3,0,28.58
U002164,2025-05-29,Organic Search,Free,0,,,0,0.0
U002165,2025-07-29,Paid Search,Free,0,,,0,0.0
U002166,2025-09-05,Paid Search,Free,0,,,0,0.0
U002167,2025-03-26,Paid Search,Free,0,,,0,0.0
U002168,2025-10-06,Organic Search,Basic,1,2025-10-12,6,1,31.07
U002169,2025-01-10,Referral,Free,0,,,0,0.0
U002170,2025-04-27,Organic Search,Free,0,,,0,0.0
U002171,2025-08-04,Referral,Free,0,,,0,0.0
U002172,2025-04-05,Organic Search,Free,0,,,0,0.0
U002173,2025-10-25,Paid Search,Free,0,,,0,0.0
U002174,2025-03-18,Organic Search,Pro,1,2025-03-20,2,1,70.38
U002175,2025-06-20,Organic Search,Free,0,,,0,0.0
U002176,2025-03-23,Email,Pro,1,2025-03-26,3,1,67.8
U002177,2025-05-17,Paid Search,Free,0,,,0,0.0
U002178,2025-02-25,Email,Free,0,,,0,0.0
U002179,2025-05-17,Organic Search,Free,0,,,0,0.0
U002180,2025-08-24,Paid Search,Free,0,,,0,0.0
U002181,2025-10-23,Organic Search,Free,0,,,0,0.0
U002182,2025-09-24,Organic Search,Basic,1,2025-09-26,2,0,24.17
U002183,2025-06-22,Organic Search,Free,0,,,0,0.0
U002184,2025-05-28,Direct,Free,0,,,0,0.0
U002185,2025-10-06,Social,Free,0,,,0,0.0
U002186,2025-08-17,Social,Free,0,,,0,0.0
U002187,2025-02-18,Paid Search,Free,0,,,0,0.0
U002188,2025-05-05,Direct,Basic,1,2025-05-09,4,1,32.59
U002189,2025-04-26,Email,Free,0,,,0,0.0
U002190,2025-01-29,Email,Free,0,,,0,0.0
U002191,2025-01-17,Social,Free,0,,,0,0.0
U002192,2025-01-13,Referral,Free,0,,,0,0.0
U002193,2025-09-29,Social,Free,0,,,0,0.0
U002194,2025-07-15,Paid Search,Free,0,,,0,0.0
U002195,2025-08-07,Paid Search,Pro,1,2025-08-11,4,1,57.46
U002196,2025-10-19,Referral,Free,0,,,0,0.0
U002197,2025-02-03,Paid Search,Free,0,,,0,0.0
U002198,2025-01-01,Paid Search,Pro,1,2025-01-07,6,0,62.9
U002199,2025-07-24,Organic Search,Free,0,,,0,0.0
U002200,2025-09-01,Email,Free,0,,,0,0.0
U002201,2025-06-01,Paid Search,Free,0,,,0,0.0
U002202,2025-10-22,Social,Free,0,,,0,0.0
U002203,2025-09-08,Email,Free,0,,,0,0.0
U002204,2025-02-25,Email,Free,0,,,0,0.0
U002205,2025-08-25,Direct,Free,0,,,0,0.0
U002206,2025-10-16,Organic Search,Free,0,,,0,0.0
U002207,2025-04-26,Email,Free,0,,,0,0.0
U002208,2025-10-08,Email,Basic,1,2025-10-11,3,1,19.93
U002209,2025-06-24,Organic Search,Basic,1,2025-06-28,4,1,21.59
U002210,2025-01-11,Referral,Free,0,,,0,0.0
U002211,2025-08-04,Organic Search,Free,0,,,0,0.0
U002212,2025-09-13,Email,Free,0,,,0,0.0
U002213,2025-07-15,Paid Search,Free,0,,,0,0.0
U002214,2025-01-01,Social,Enterprise,1,2025-01-10,9,0,203.05
U002215,2025-06-29,Organic Search,Free,0,,,0,0.0
U002216,2025-03-09,Email,Basic,1,2025-03-19,10,1,27.55
U002217,2025-09-18,Paid Search,Free,0,,,0,0.0
U002218,2025-08-21,Referral,Free,0,,,0,0.0
U002219,2025-07-10,Paid Search,Pro,1,2025-07-13,3,1,68.89
U002220,2025-05-21,Social,Free,0,,,0,0.0
U002221,2025-05-08,Email,Pro,1,2025-05-11,3,1,79.93
U002222,2025-06-27,Email,Free,0,,,0,0.0
U002223,2025-02-28,Paid Search,Free,0,,,0,0.0
U002224,2025-09-04,Paid Search,Basic,1,2025-09-19,15,1,33.3
U002225,2025-08-17,Social,Free,0,,,0,0.0
U002226,2025-03-06,Paid Search,Free,0,,,0,0.0
U002227,2025-02-18,Paid Search,Free,0,,,0,0.0
U002228,2025-08-24,Email,Free,0,,,0,0.0
U002229,2025-03-28,Organic Search,Free,0,,,0,0.0
U002230,2025-02-27,Organic Search,Free,0,,,0,0.0
U002231,2025-09-25,Organic Search,Free,0,,,0,0.0
U002232,2025-08-28,Referral,Free,0,,,0,0.0
U002233,2025-01-31,Organic Search,Free,0,,,0,0.0
U002234,2025-07-02,Referral,Basic,1,2025-07-06,4,0,23.98
U002235,2025-09-10,Paid Search,Free,0,,,0,0.0
U002236,2025-03-16,Organic Search,Free,0,,,0,0.0
U002237,2025-06-18,Paid Search,Free,0,,,0,0.0
U002238,2025-01-17,Paid Search,Basic,1,2025-01-23,6,0,31.78
U002239,2025-01-17,Organic Search,Basic,1,2025-01-20,3,1,26.33
U002240,2025-05-22,Email,Free,0,,,0,0.0
U002241,2025-09-28,Social,Free,0,,,0,0.0
U002242,2025-03-02,Organic Search,Free,0,,,0,0.0
U002243,2025-08-11,Social,Free,0,,,0,0.0
U002244,2025-09-21,Referral,Basic,1,2025-09-22,1,1,28.48
U002245,2025-07-25,Social,Pro,1,2025-07-28,3,0,74.51
U002246,2025-07-27,Paid Search,Enterprise,1,2025-07-30,3,0,187.34
U002247,2025-06-12,Email,Basic,1,2025-06-18,6,0,21.6
U002248,2025-08-20,Social,Free,0,,,0,0.0
U002249,2025-09-18,Paid Search,Basic,1,2025-09-20,2,1,31.34
U002250,2025-01-28,Organic Search,Free,0,,,0,0.0
U002251,2025-10-23,Organic Search,Free,0,,,0,0.0
U002252,2025-02-05,Organic Search,Basic,1,2025-02-06,1,0,31.12
U002253,2025-04-08,Email,Free,0,,,0,0.0
U002254,2025-07-13,Paid Search,Free,0,,,0,0.0
U002255,2025-08-13,Organic Search,Free,0,,,0,0.0
U002256,2025-02-17,Referral,Free,0,,,0,0.0
U002257,2025-02-15,Paid Search,Free,0,,,0,0.0
U002258,2025-02-23,Social,Free,0,,,0,0.0
U002259,2025-08-23,Paid Search,Pro,1,2025-08-24,1,0,70.91
U002260,2025-05-20,Direct,Pro,1,2025-05-20,0,0,51.63
U002261,2025-09-06,Referral,Free,0,,,0,0.0
U002262,2025-07-03,Paid Search,Pro,1,2025-07-13,10,1,75.91
U002263,2025-09-20,Organic Search,Basic,1,2025-09-22,2,1,35.91
U002264,2025-06-26,Referral,Free,0,,,0,0.0
U002265,2025-03-20,Direct,Free,0,,,0,0.0
U002266,2025-07-27,Direct,Free,0,,,0,0.0
U002267,2025-05-17,Organic Search,Free,0,,,0,0.0
U002268,2025-10-08,Paid Search,Free,0,,,0,0.0
U002269,2025-09-22,Referral,Free,0,,,0,0.0
U002270,2025-04-01,Social,Free,0,,,0,0.0
U002271,2025-04-22,Paid Search,Basic,1,2025-04-25,3,1,18.95
U002272,2025-01-10,Social,Free,0,,,0,0.0
U002273,2025-06-16,Paid Search,Pro,1,2025-06-20,4,0,72.8
U002274,2025-01-15,Referral,Free,0,,,0,0.0
U002275,2025-05-25,Paid Search,Pro,1,2025-05-31,6,1,73.99
U002276,2025-04-27,Paid Search,Free,0,,,0,0.0
U002277,2025-08-13,Email,Pro,1,2025-08-15,2,0,51.15
U002278,2025-05-04,Social,Free,0,,,0,0.0
U002279,2025-10-03,Organic Search,Pro,1,2025-10-06,3,0,57.09
U002280,2025-09-17,Referral,Free,0,,,0,0.0
U002281,2025-04-11,Paid Search,Free,0,,,0,0.0
U002282,2025-04-19,Referral,Free,0,,,0,0.0
U002283,2025-01-29,Social,Basic,1,2025-02-02,4,0,37.44
U002284,2025-06-29,Organic Search,Free,0,,,0,0.0
U002285,2025-06-20,Organic Search,Enterprise,1,2025-06-20,0,1,166.19
U002286,2025-06-18,Email,Pro,1,2025-06-21,3,1,73.35
U002287,2025-10-24,Referral,Basic,1,2025-10-31,7,0,23.64
U002288,2025-08-07,Referral,Free,0,,,0,0.0
U002289,2025-07-03,Organic Search,Basic,1,2025-07-07,4,1,31.62
U002290,2025-10-23,Organic Search,Free,0,,,0,0.0
U002291,2025-04-15,Direct,Pro,1,2025-04-20,5,1,69.28
U002292,2025-10-23,Paid Search,Free,0,,,0,0.0
U002293,2025-06-27,Email,Free,0,,,0,0.0
U002294,2025-04-10,Organic Search,Free,0,,,0,0.0
U002295,2025-03-08,Organic Search,Basic,1,2025-03-17,9,1,30.84
U002296,2025-07-16,Paid Search,Free,0,,,0,0.0
U002297,2025-07-18,Paid Search,Free,0,,,0,0.0
U002298,2025-02-25,Organic Search,Free,0,,,0,0.0
U002299,2025-05-31,Direct,Free,0,,,0,0.0
U002300,2025-08-29,Social,Free,0,,,0,0.0
U002301,2025-02-18,Paid Search,Free,0,,,0,0.0
U002302,2025-01-30,Paid Search,Free,0,,,0,0.0
U002303,2025-10-25,Organic Search,Free,0,,,0,0.0
U002304,2025-04-12,Paid Search,Free,0,,,0,0.0
U002305,2025-04-05,Referral,Basic,1,2025-04-10,5,0,29.09
U002306,2025-09-11,Organic Search,Pro,1,2025-09-12,1,1,77.53
U002307,2025-07-15,Social,Free,0,,,0,0.0
U002308,2025-01-22,Paid Search,Free,0,,,0,0.0
U002309,2025-06-30,Referral,Free,0,,,0,0.0
U002310,2025-07-31,Direct,Free,0,,,0,0.0
U002311,2025-08-23,Email,Free,0,,,0,0.0
U002312,2025-04-20,Paid Search,Basic,1,2025-04-24,4,0,35.35
U002313,2025-05-29,Paid Search,Free,0,,,0,0.0
U002314,2025-09-27,Referral,Free,0,,,0,0.0
U002315,2025-10-06,Organic Search,Free,0,,,0,0.0
U002316,2025-01-09,Paid Search,Free,0,,,0,0.0
U002317,2025-08-14,Referral,Free,0,,,0,0.0
U002318,2025-04-23,Email,Basic,1,2025-04-23,0,0,23.38
U002319,2025-09-20,Direct,Basic,1,2025-09-24,4,1,25.97
U002320,2025-10-01,Organic Search,Free,0,,,0,0.0
U002321,2025-06-28,Organic Search,Pro,1,2025-06-29,1,1,68.29
U002322,2025-05-26,Organic Search,Free,0,,,0,0.0
U002323,2025-05-06,Referral,Free,0,,,0,0.0
U002324,2025-10-27,Email,Free,0,,,0,0.0
U002325,2025-03-23,Direct,Basic,1,2025-04-07,15,1,28.18
U002326,2025-09-04,Social,Free,0,,,0,0.0
U002327,2025-03-11,Organic Search,Free,0,,,0,0.0
U002328,2025-07-04,Organic Search,Free,0,,,0,0.0
U002329,2025-01-22,Social,Free,0,,,0,0.0
U002330,2025-04-05,Paid Search,Free,0,,,0,0.0
U002331,2025-08-31,Social,Free,0,,,0,0.0
U002332,2025-04-14,Organic Search,Free,0,,,0,0.0
U002333,2025-04-10,Referral,Free,0,,,0,0.0
U002334,2025-10-11,Paid Search,Free,0,,,0,0.0
U002335,2025-01-28,Social,Basic,1,2025-01-30,2,1,29.24
U002336,2025-07-28,Email,Basic,1,2025-07-29,1,1,21.1
U002337,2025-01-23,Organic Search,Free,0,,,0,0.0
U002338,2025-06-15,Email,Basic,1,2025-06-19,4,0,22.18
U002339,2025-07-30,Paid Search,Basic,1,2025-08-03,4,0,26.91
U002340,2025-09-22,Referral,Free,0,,,0,0.0
U002341,2025-02-28,Social,Free,0,,,0,0.0
U002342,2025-04-17,Email,Free,0,,,0,0.0
U002343,2025-01-06,Email,Free,0,,,0,0.0
U002344,2025-01-06,Paid Search,Free,0,,,0,0.0
U002345,2025-08-03,Direct,Free,0,,,0,0.0
U002346,2025-09-09,Direct,Free,0,,,0,0.0
U002347,2025-05-23,Organic Search,Free,0,,,0,0.0
U002348,2025-06-18,Paid Search,Enterprise,1,2025-06-20,2,1,279.33
U002349,2025-02-12,Organic Search,Free,0,,,0,0.0
U002350,2025-08-28,Referral,Free,0,,,0,0.0
U002351,2025-07-25,Email,Free,0,,,0,0.0
U002352,2025-01-01,Direct,Free,0,,,0,0.0
U002353,2025-09-14,Organic Search,Free,0,,,0,0.0
U002354,2025-07-29,Email,Basic,1,2025-08-07,9,1,37.34
U002355,2025-03-09,Referral,Pro,1,2025-03-10,1,1,48.42
U002356,2025-04-12,Social,Free,0,,,0,0.0
U002357,2025-01-26,Referral,Free,0,,,0,0.0
U002358,2025-06-17,Paid Search,Pro,1,2025-06-18,1,0,81.43
U002359,2025-02-02,Direct,Basic,1,2025-02-05,3,1,22.66
U002360,2025-05-24,Referral,Free,0,,,0,0.0
U002361,2025-03-12,Organic Search,Free,0,,,0,0.0
U002362,2025-03-28,Direct,Free,0,,,0,0.0
U002363,2025-03-12,Direct,Basic,1,2025-03-15,3,1,24.27
U002364,2025-03-13,Email,Free,0,,,0,0.0
U002365,2025-10-12,Direct,Free,0,,,0,0.0
U002366,2025-05-15,Referral,Free,0,,,0,0.0
U002367,2025-08-09,Direct,Free,0,,,0,0.0
U002368,2025-09-01,Direct,Pro,1,2025-09-05,4,1,67.18
U002369,2025-09-22,Referral,Free,0,,,0,0.0
U002370,2025-04-27,Email,Free,0,,,0,0.0
U002371,2025-08-17,Organic Search,Free,0,,,0,0.0
U002372,2025-01-12,Organic Search,Free,0,,,0,0.0
U002373,2025-08-21,Referral,Free,0,,,0,0.0
U002374,2025-03-25,Referral,Pro,1,2025-04-01,7,0,72.7
U002375,2025-06-18,Organic Search,Free,0,,,0,0.0
U002376,2025-09-28,Referral,Free,0,,,0,0.0
U002377,2025-04-12,Email,Basic,1,2025-04-17,5,0,22.66
U002378,2025-09-13,Referral,Pro,1,2025-09-14,1,1,60.11
U002379,2025-10-16,Email,Basic,1,2025-10-19,3,1,28.79
U002380,2025-02-15,Referral,Basic,1,2025-02-16,1,0,25.92
U002381,2025-10-01,Paid Search,Free,0,,,0,0.0
U002382,2025-10-15,Paid Search,Basic,1,2025-10-27,12,0,32.03
U002383,2025-07-04,Organic Search,Basic,1,2025-07-12,8,1,26.8
U002384,2025-03-16,Email,Basic,1,2025-03-19,3,1,32.58
U002385,2025-03-11,Email,Pro,1,2025-03-12,1,0,53.3
U002386,2025-09-13,Organic Search,Free,0,,,0,0.0
U002387,2025-03-17,Paid Search,Basic,1,2025-03-18,1,1,32.4
U002388,2025-09-26,Organic Search,Free,0,,,0,0.0
U002389,2025-03-04,Email,Basic,1,2025-03-16,12,1,19.89
U002390,2025-06-15,Social,Free,0,,,0,0.0
U002391,2025-07-18,Direct,Free,0,,,0,0.0
U002392,2025-03-09,Referral,Free,0,,,0,0.0
U002393,2025-06-22,Email,Free,0,,,0,0.0
U002394,2025-01-05,Direct,Free,0,,,0,0.0
U002395,2025-02-14,Organic Search,Free,0,,,0,0.0
U002396,2025-08-10,Organic Search,Free,0,,,0,0.0
U002397,2025-06-10,Organic Search,Free,0,,,0,0.0
U002398,2025-06-20,Paid Search,Pro,1,2025-06-25,5,1,84.46
U002399,2025-03-25,Paid Search,Free,0,,,0,0.0
U002400,2025-05-27,Paid Search,Pro,1,2025-06-04,8,1,70.44
U002401,2025-04-30,Paid Search,Free,0,,,0,0.0
U002402,2025-07-04,Organic Search,Basic,1,2025-07-08,4,0,25.11
U002403,2025-05-26,Organic Search,Basic,1,2025-05-28,2,1,30.45
U002404,2025-02-15,Social,Pro,1,2025-02-22,7,0,84.15
U002405,2025-04-14,Paid Search,Free,0,,,0,0.0
U002406,2025-06-23,Direct,Free,0,,,0,0.0
U002407,2025-02-06,Referral,Pro,1,2025-02-10,4,1,62.41
U002408,2025-07-19,Email,Pro,1,2025-07-25,6,0,75.3
U002409,2025-01-03,Organic Search,Free,0,,,0,0.0
U002410,2025-01-19,Organic Search,Free,0,,,0,0.0
U002411,2025-03-25,Email,Basic,1,2025-03-25,0,1,28.81
U002412,2025-08-27,Organic Search,Free,0,,,0,0.0
U002413,2025-08-03,Email,Free,0,,,0,0.0
U002414,2025-07-12,Direct,Free,0,,,0,0.0
U002415,2025-08-14,Paid Search,Pro,1,2025-08-22,8,0,52.82
U002416,2025-10-15,Referral,Basic,1,2025-10-19,4,1,35.4
U002417,2025-09-16,Organic Search,Basic,1,2025-09-18,2,1,33.6
U002418,2025-09-11,Direct,Free,0,,,0,0.0
U002419,2025-07-10,Organic Search,Free,0,,,0,0.0
U002420,2025-06-25,Email,Basic,1,2025-06-26,1,1,31.99
U002421,2025-01-19,Organic Search,Free,0,,,0,0.0
U002422,2025-07-15,Paid Search,Basic,1,2025-07-19,4,1,33.68
U002423,2025-06-03,Referral,Pro,1,2025-06-07,4,1,86.29
U002424,2025-04-25,Referral,Free,0,,,0,0.0
U002425,2025-06-13,Email,Basic,1,2025-06-18,5,0,32.26
U002426,2025-02-25,Paid Search,Basic,1,2025-03-06,9,1,29.11
U002427,2025-07-29,Referral,Free,0,,,0,0.0
U002428,2025-02-20,Email,Free,0,,,0,0.0
U002429,2025-09-15,Email,Basic,1,2025-09-15,0,1,31.43
U002430,2025-05-18,Organic Search,Free,0,,,0,0.0
U002431,2025-03-12,Referral,Pro,1,2025-03-19,7,1,76.77
U002432,2025-01-26,Direct,Free,0,,,0,0.0
U002433,2025-02-20,Email,Free,0,,,0,0.0
U002434,2025-09-03,Referral,Pro,1,2025-09-06,3,0,66.47
U002435,2025-04-11,Paid Search,Free,0,,,0,0.0
U002436,2025-02-25,Referral,Free,0,,,0,0.0
U002437,2025-05-28,Direct,Free,0,,,0,0.0
U002438,2025-01-21,Direct,Free,0,,,0,0.0
U002439,2025-01-13,Paid Search,Free,0,,,0,0.0
U002440,2025-09-29,Referral,Enterprise,1,2025-10-02,3,1,150.15
U002441,2025-05-09,Organic Search,Free,0,,,0,0.0
U002442,2025-08-15,Paid Search,Free,0,,,0,0.0
U002443,2025-01-11,Email,Free,0,,,0,0.0
U002444,2025-02-02,Paid Search,Free,0,,,0,0.0
U002445,2025-06-29,Organic Search,Free,0,,,0,0.0
U002446,2025-09-14,Organic Search,Pro,1,2025-09-16,2,1,67.37
U002447,2025-10-26,Organic Search,Free,0,,,0,0.0
U002448,2025-02-04,Organic Search,Free,0,,,0,0.0
U002449,2025-09-15,Organic Search,Free,0,,,0,0.0
U002450,2025-03-01,Organic Search,Free,0,,,0,0.0
U002451,2025-03-14,Email,Free,0,,,0,0.0
U002452,2025-10-26,Organic Search,Free,0,,,0,0.0
U002453,2025-08-16,Paid Search,Free,0,,,0,0.0
U002454,2025-04-16,Paid Search,Basic,1,2025-04-26,10,0,30.38
U002455,2025-09-12,Social,Free,0,,,0,0.0
U002456,2025-05-05,Organic Search,Free,0,,,0,0.0
U002457,2025-01-25,Direct,Free,0,,,0,0.0
U002458,2025-01-02,Organic Search,Free,0,,,0,0.0
U002459,2025-05-02,Email,Basic,1,2025-05-13,11,1,29.18
U002460,2025-05-20,Social,Free,0,,,0,0.0
U002461,2025-05-12,Email,Free,0,,,0,0.0
U002462,2025-07-10,Email,Free,0,,,0,0.0
U002463,2025-09-13,Paid Search,Free,0,,,0,0.0
U002464,2025-05-14,Direct,Free,0,,,0,0.0
U002465,2025-09-27,Direct,Free,0,,,0,0.0
U002466,2025-05-30,Referral,Free,0,,,0,0.0
U002467,2025-08-07,Email,Free,0,,,0,0.0
U002468,2025-08-15,Direct,Free,0,,,0,0.0
U002469,2025-03-15,Email,Free,0,,,0,0.0
U002470,2025-03-13,Organic Search,Free,0,,,0,0.0
U002471,2025-08-09,Email,Pro,1,2025-08-10,1,1,62.06
U002472,2025-09-04,Email,Free,0,,,0,0.0
U002473,2025-01-08,Email,Free,0,,,0,0.0
U002474,2025-03-10,Organic Search,Free,0,,,0,0.0
U002475,2025-09-30,Paid Search,Free,0,,,0,0.0
U002476,2025-09-16,Paid Search,Free,0,,,0,0.0
U002477,2025-01-05,Referral,Free,0,,,0,0.0
U002478,2025-06-17,Organic Search,Free,0,,,0,0.0
U002479,2025-01-01,Organic Search,Free,0,,,0,0.0
U002480,2025-02-13,Email,Free,0,,,0,0.0
U002481,2025-07-19,Referral,Free,0,,,0,0.0
U002482,2025-09-29,Social,Free,0,,,0,0.0
U002483,2025-03-04,Organic Search,Free,0,,,0,0.0
U002484,2025-01-29,Direct,Free,0,,,0,0.0
U002485,2025-01-22,Direct,Free,0,,,0,0.0
U002486,2025-04-14,Organic Search,Free,0,,,0,0.0
U002487,2025-04-12,Organic Search,Free,0,,,0,0.0
U002488,2025-08-21,Organic Search,Basic,1,2025-08-24,3,0,32.97
U002489,2025-02-13,Organic Search,Free,0,,,0,0.0
U002490,2025-03-15,Paid Search,Free,0,,,0,0.0
U002491,2025-06-12,Paid Search,Free,0,,,0,0.0
U002492,2025-01-03,Social,Free,0,,,0,0.0
U002493,2025-05-13,Referral,Pro,1,2025-05-17,4,0,74.57
U002494,2025-02-17,Organic Search,Free,0,,,0,0.0
U002495,2025-04-29,Email,Basic,1,2025-05-09,10,1,36.05
U002496,2025-03-22,Paid Search,Basic,1,2025-03-28,6,0,37.47
U002497,2025-01-25,Paid Search,Pro,1,2025-01-31,6,0,72.69
U002498,2025-03-03,Referral,Basic,1,2025-03-04,1,1,29.56
U002499,2025-06-14,Organic Search,Free,0,,,0,0.0
U002500,2025-01-29,Paid Search,Free,0,,,0,0.0
U002501,2025-06-13,Direct,Free,0,,,0,0.0
U002502,2025-03-28,Direct,Free,0,,,0,0.0
U002503,2025-01-07,Social,Free,0,,,0,0.0
U002504,2025-02-02,Organic Search,Free,0,,,0,0.0
U002505,2025-01-30,Organic Search,Free,0,,,0,0.0
U002506,2025-05-02,Email,Basic,1,2025-05-04,2,0,25.78
U002507,2025-02-09,Email,Free,0,,,0,0.0
U002508,2025-07-11,Organic Search,Free,0,,,0,0.0
U002509,2025-01-04,Email,Free,0,,,0,0.0
U002510,2025-10-23,Social,Free,0,,,0,0.0
U002511,2025-04-10,Social,Free,0,,,0,0.0
U002512,2025-09-05,Paid Search,Free,0,,,0,0.0
U002513,2025-01-17,Organic Search,Free,0,,,0,0.0
U002514,2025-02-28,Organic Search,Free,0,,,0,0.0
U002515,2025-08-14,Paid Search,Pro,1,2025-08-18,4,1,76.02
U002516,2025-07-14,Social,Basic,1,2025-07-23,9,0,19.07
U002517,2025-02-27,Organic Search,Free,0,,,0,0.0
U002518,2025-06-18,Paid Search,Free,0,,,0,0.0
U002519,2025-04-08,Organic Search,Free,0,,,0,0.0
U002520,2025-06-16,Organic Search,Free,0,,,0,0.0
U002521,2025-07-07,Social,Free,0,,,0,0.0
U002522,2025-06-28,Referral,Free,0,,,0,0.0
U002523,2025-05-27,Paid Search,Free,0,,,0,0.0
U002524,2025-05-25,Referral,Basic,1,2025-05-31,6,1,22.56
U002525,2025-01-27,Referral,Free,0,,,0,0.0
U002526,2025-08-15,Organic Search,Pro,1,2025-08-18,3,1,80.76
U002527,2025-10-08,Email,Basic,1,2025-10-11,3,1,30.51
U002528,2025-04-27,Organic Search,Free,0,,,0,0.0
U002529,2025-10-21,Paid Search,Basic,1,2025-10-22,1,1,31.93
U002530,2025-08-15,Email,Free,0,,,0,0.0
U002531,2025-10-24,Social,Free,0,,,0,0.0
U002532,2025-07-11,Paid Search,Free,0,,,0,0.0
U002533,2025-02-14,Social,Free,0,,,0,0.0
U002534,2025-08-27,Email,Free,0,,,0,0.0
U002535,2025-10-14,Referral,Free,0,,,0,0.0
U002536,2025-10-26,Organic Search,Free,0,,,0,0.0
U002537,2025-03-25,Social,Free,0,,,0,0.0
U002538,2025-06-12,Paid Search,Free,0,,,0,0.0
U002539,2025-08-07,Direct,Free,0,,,0,0.0
U002540,2025-05-24,Organic Search,Free,0,,,0,0.0
U002541,2025-09-27,Paid Search,Free,0,,,0,0.0
U002542,2025-08-07,Paid Search,Free,0,,,0,0.0
U002543,2025-03-26,Email,Free,0,,,0,0.0
U002544,2025-07-30,Organic Search,Free,0,,,0,0.0
U002545,2025-02-10,Organic Search,Free,0,,,0,0.0
U002546,2025-01-10,Paid Search,Free,0,,,0,0.0
U002547,2025-02-04,Organic Search,Pro,1,2025-02-17,13,1,38.18
U002548,2025-03-22,Organic Search,Pro,1,2025-03-25,3,1,80.42
U002549,2025-02-06,Direct,Free,0,,,0,0.0
U002550,2025-10-13,Organic Search,Free,0,,,0,0.0
U002551,2025-05-26,Paid Search,Free,0,,,0,0.0
U002552,2025-09-01,Organic Search,Free,0,,,0,0.0
U002553,2025-04-29,Email,Pro,1,2025-05-03,4,0,57.8
U002554,2025-06-14,Paid Search,Free,0,,,0,0.0
U002555,2025-07-01,Email,Free,0,,,0,0.0
U002556,2025-07-07,Direct,Free,0,,,0,0.0
U002557,2025-09-06,Paid Search,Pro,1,2025-09-08,2,1,59.08
U002558,2025-04-23,Paid Search,Free,0,,,0,0.0
U002559,2025-03-26,Direct,Free,0,,,0,0.0
U002560,2025-02-26,Paid Search,Free,0,,,0,0.0
U002561,2025-04-02,Paid Search,Basic,1,2025-04-03,1,0,35.55
U002562,2025-05-30,Social,Free,0,,,0,0.0
U002563,2025-10-24,Referral,Free,0,,,0,0.0
U002564,2025-07-12,Referral,Free,0,,,0,0.0
U002565,2025-07-26,Referral,Free,0,,,0,0.0
U002566,2025-07-08,Email,Basic,1,2025-07-20,12,0,27.95
U002567,2025-01-11,Organic Search,Free,0,,,0,0.0
U002568,2025-06-17,Social,Free,0,,,0,0.0
U002569,2025-06-10,Social,Basic,1,2025-06-20,10,0,33.08
U002570,2025-08-12,Paid Search,Free,0,,,0,0.0
U002571,2025-01-23,Email,Free,0,,,0,0.0
U002572,2025-06-26,Paid Search,Free,0,,,0,0.0
U002573,2025-02-24,Email,Enterprise,1,2025-02-27,3,1,227.12
U002574,2025-01-22,Organic Search,Free,0,,,0,0.0
U002575,2025-09-12,Email,Free,0,,,0,0.0
U002576,2025-09-12,Email,Free,0,,,0,0.0
U002577,2025-10-24,Email,Basic,1,2025-10-28,4,1,24.03
U002578,2025-09-09,Social,Free,0,,,0,0.0
U002579,2025-05-21,Referral,Free,0,,,0,0.0
U002580,2025-07-23,Organic Search,Basic,1,2025-07-29,6,1,24.07
U002581,2025-03-16,Email,Free,0,,,0,0.0
U002582,2025-06-09,Organic Search,Free,0,,,0,0.0
U002583,2025-09-29,Organic Search,Free,0,,,0,0.0
U002584,2025-03-28,Direct,Basic,1,2025-03-31,3,1,21.44
U002585,2025-04-10,Direct,Pro,1,2025-04-10,0,1,73.91
U002586,2025-02-09,Email,Free,0,,,0,0.0
U002587,2025-04-25,Organic Search,Free,0,,,0,0.0
U002588,2025-09-01,Direct,Free,0,,,0,0.0
U002589,2025-05-17,Referral,Basic,1,2025-05-20,3,1,31.56
U002590,2025-01-24,Paid Search,Free,0,,,0,0.0
U002591,2025-09-04,Paid Search,Free,0,,,0,0.0
U002592,2025-06-01,Social,Free,0,,,0,0.0
U002593,2025-03-28,Paid Search,Basic,1,2025-04-02,5,1,30.24
U002594,2025-04-22,Paid Search,Free,0,,,0,0.0
U002595,2025-01-08,Email,Basic,1,2025-01-18,10,1,26.47
U002596,2025-04-13,Organic Search,Enterprise,1,2025-04-18,5,0,198.05
U002597,2025-05-18,Organic Search,Free,0,,,0,0.0
U002598,2025-09-02,Social,Basic,1,2025-09-03,1,0,24.79
U002599,2025-01-09,Social,Basic,1,2025-01-11,2,1,34.21
U002600,2025-10-01,Referral,Free,0,,,0,0.0
U002601,2025-08-09,Paid Search,Free,0,,,0,0.0
U002602,2025-10-14,Referral,Free,0,,,0,0.0
U002603,2025-08-05,Organic Search,Pro,1,2025-08-12,7,0,68.03
U002604,2025-02-12,Referral,Free,0,,,0,0.0
U002605,2025-02-13,Paid Search,Free,0,,,0,0.0
U002606,2025-02-05,Organic Search,Free,0,,,0,0.0
U002607,2025-05-23,Organic Search,Pro,1,2025-05-29,6,0,70.5
U002608,2025-02-05,Organic Search,Free,0,,,0,0.0
U002609,2025-08-17,Direct,Free,0,,,0,0.0
U002610,2025-08-31,Paid Search,Free,0,,,0,0.0
U002611,2025-03-03,Referral,Free,0,,,0,0.0
U002612,2025-07-22,Direct,Basic,1,2025-07-23,1,1,27.33
U002613,2025-09-09,Social,Free,0,,,0,0.0
U002614,2025-01-29,Organic Search,Free,0,,,0,0.0
U002615,2025-01-20,Email,Free,0,,,0,0.0
U002616,2025-09-13,Organic Search,Free,0,,,0,0.0
U002617,2025-06-04,Email,Free,0,,,0,0.0
U002618,2025-01-24,Referral,Free,0,,,0,0.0
U002619,2025-08-15,Organic Search,Free,0,,,0,0.0
U002620,2025-09-18,Direct,Pro,1,2025-09-20,2,0,65.84
U002621,2025-02-11,Referral,Enterprise,1,2025-02-14,3,1,193.6
U002622,2025-09-16,Social,Free,0,,,0,0.0
U002623,2025-01-22,Email,Basic,1,2025-01-23,1,1,34.41
U002624,2025-07-03,Direct,Free,0,,,0,0.0
U002625,2025-09-13,Paid Search,Free,0,,,0,0.0
U002626,2025-07-27,Email,Free,0,,,0,0.0
U002627,2025-07-20,Paid Search,Free,0,,,0,0.0
U002628,2025-08-14,Direct,Enterprise,1,2025-08-17,3,0,228.23
U002629,2025-06-12,Referral,Free,0,,,0,0.0
U002630,2025-07-09,Referral,Free,0,,,0,0.0
U002631,2025-08-12,Paid Search,Pro,1,2025-08-17,5,0,72.52
U002632,2025-02-02,Referral,Pro,1,2025-02-04,2,1,67.01
U002633,2025-06-29,Referral,Free,0,,,0,0.0
U002634,2025-06-07,Email,Free,0,,,0,0.0
U002635,2025-08-26,Organic Search,Free,0,,,0,0.0
U002636,2025-02-21,Paid Search,Free,0,,,0,0.0
U002637,2025-01-06,Social,Free,0,,,0,0.0
U002638,2025-05-22,Paid Search,Free,0,,,0,0.0
U002639,2025-06-30,Organic Search,Free,0,,,0,0.0
U002640,2025-06-15,Paid Search,Free,0,,,0,0.0
U002641,2025-10-26,Social,Free,0,,,0,0.0
U002642,2025-09-17,Direct,Free,0,,,0,0.0
U002643,2025-10-24,Email,Free,0,,,0,0.0
U002644,2025-10-12,Email,Free,0,,,0,0.0
U002645,2025-09-22,Organic Search,Pro,1,2025-09-25,3,1,54.94
U002646,2025-07-31,Organic Search,Free,0,,,0,0.0
U002647,2025-10-14,Direct,Basic,1,2025-10-22,8,1,34.23
U002648,2025-05-08,Paid Search,Free,0,,,0,0.0
U002649,2025-02-23,Referral,Enterprise,1,2025-03-01,6,1,155.01
U002650,2025-03-14,Referral,Free,0,,,0,0.0
U002651,2025-09-28,Organic Search,Basic,1,2025-10-01,3,0,22.11
U002652,2025-08-26,Organic Search,Free,0,,,0,0.0
U002653,2025-10-18,Email,Free,0,,,0,0.0
U002654,2025-07-12,Paid Search,Free,0,,,0,0.0
U002655,2025-01-23,Referral,Pro,1,2025-01-31,8,1,61.23
U002656,2025-03-02,Email,Free,0,,,0,0.0
U002657,2025-06-23,Referral,Basic,1,2025-06-24,1,0,35.96
U002658,2025-03-22,Email,Pro,1,2025-03-25,3,1,62.85
U002659,2025-04-24,Email,Free,0,,,0,0.0
U002660,2025-03-07,Paid Search,Free,0,,,0,0.0
U002661,2025-03-02,Direct,Free,0,,,0,0.0
U002662,2025-03-10,Email,Pro,1,2025-03-14,4,1,72.85
U002663,2025-03-18,Organic Search,Free,0,,,0,0.0
U002664,2025-08-02,Email,Pro,1,2025-08-02,0,1,71.54
U002665,2025-09-15,Email,Basic,1,2025-09-19,4,1,31.4
U002666,2025-01-11,Paid Search,Free,0,,,0,0.0
U002667,2025-09-02,Referral,Free,0,,,0,0.0
U002668,2025-06-08,Email,Pro,1,2025-06-11,3,1,69.2
U002669,2025-04-11,Referral,Free,0,,,0,0.0
U002670,2025-04-13,Social,Free,0,,,0,0.0
U002671,2025-01-11,Organic Search,Free,0,,,0,0.0
U002672,2025-06-20,Paid Search,Basic,1,2025-07-10,20,0,37.48
U002673,2025-04-18,Organic Search,Free,0,,,0,0.0
U002674,2025-02-09,Referral,Free,0,,,0,0.0
U002675,2025-06-08,Email,Free,0,,,0,0.0
U002676,2025-09-30,Organic Search,Pro,1,2025-10-03,3,1,66.45
U002677,2025-05-16,Social,Free,0,,,0,0.0
U002678,2025-05-02,Organic Search,Free,0,,,0,0.0
U002679,2025-09-04,Paid Search,Basic,1,2025-09-11,7,0,28.73
U002680,2025-07-26,Referral,Free,0,,,0,0.0
U002681,2025-02-03,Organic Search,Free,0,,,0,0.0
U002682,2025-02-23,Direct,Free,0,,,0,0.0
U002683,2025-10-08,Organic Search,Free,0,,,0,0.0
U002684,2025-01-17,Referral,Enterprise,1,2025-02-02,16,0,256.69
U002685,2025-05-06,Organic Search,Free,0,,,0,0.0
U002686,2025-08-25,Social,Free,0,,,0,0.0
U002687,2025-09-17,Paid Search,Free,0,,,0,0.0
U002688,2025-06-08,Social,Free,0,,,0,0.0
U002689,2025-07-30,Email,Free,0,,,0,0.0
U002690,2025-03-27,Email,Free,0,,,0,0.0
U002691,2025-09-15,Email,Free,0,,,0,0.0
U002692,2025-06-13,Organic Search,Pro,1,2025-06-15,2,1,80.54
U002693,2025-03-04,Direct,Free,0,,,0,0.0
U002694,2025-03-20,Referral,Free,0,,,0,0.0
U002695,2025-06-26,Referral,Free,0,,,0,0.0
U002696,2025-04-05,Paid Search,Pro,1,2025-04-06,1,1,75.17
U002697,2025-10-16,Organic Search,Enterprise,1,2025-10-17,1,1,221.98
U002698,2025-02-18,Referral,Free,0,,,0,0.0
U002699,2025-08-10,Email,Pro,1,2025-08-13,3,0,64.18
U002700,2025-06-17,Organic Search,Free,0,,,0,0.0
U002701,2025-03-28,Email,Basic,1,2025-03-29,1,1,21.66
U002702,2025-01-05,Email,Free,0,,,0,0.0
U002703,2025-09-10,Email,Basic,1,2025-09-11,1,1,28.39
U002704,2025-08-23,Organic Search,Free,0,,,0,0.0
U002705,2025-01-11,Paid Search,Free,0,,,0,0.0
U002706,2025-09-12,Organic Search,Basic,1,2025-09-16,4,1,29.04
U002707,2025-06-10,Referral,Free,0,,,0,0.0
U002708,2025-03-01,Social,Free,0,,,0,0.0
U002709,2025-02-19,Email,Pro,1,2025-02-20,1,0,70.07
U002710,2025-08-21,Organic Search,Free,0,,,0,0.0
U002711,2025-04-18,Social,Free,0,,,0,0.0
U002712,2025-01-10,Social,Pro,1,2025-01-21,11,1,56.31
U002713,2025-10-24,Email,Free,0,,,0,0.0
U002714,2025-07-02,Referral,Free,0,,,0,0.0
U002715,2025-04-22,Referral,Free,0,,,0,0.0
U002716,2025-10-02,Organic Search,Free,0,,,0,0.0
U002717,2025-03-18,Paid Search,Free,0,,,0,0.0
U002718,2025-03-10,Organic Search,Free,0,,,0,0.0
U002719,2025-05-24,Email,Free,0,,,0,0.0
U002720,2025-08-09,Organic Search,Enterprise,1,2025-08-11,2,1,174.23
U002721,2025-08-13,Referral,Free,0,,,0,0.0
U002722,2025-03-24,Organic Search,Free,0,,,0,0.0
U002723,2025-08-18,Referral,Free,0,,,0,0.0
U002724,2025-06-05,Paid Search,Free,0,,,0,0.0
U002725,2025-04-05,Referral,Free,0,,,0,0.0
U002726,2025-06-30,Paid Search,Free,0,,,0,0.0
U002727,2025-03-13,Paid Search,Free,0,,,0,0.0
U002728,2025-08-18,Email,Free,0,,,0,0.0
U002729,2025-03-20,Organic Search,Free,0,,,0,0.0
U002730,2025-10-17,Organic Search,Free,0,,,0,0.0
U002731,2025-02-04,Paid Search,Free,0,,,0,0.0
U002732,2025-06-20,Paid Search,Basic,1,2025-06-24,4,0,35.63
U002733,2025-05-15,Email,Free,0,,,0,0.0
U002734,2025-05-19,Paid Search,Free,0,,,0,0.0
U002735,2025-01-29,Email,Free,0,,,0,0.0
U002736,2025-03-12,Referral,Free,0,,,0,0.0
U002737,2025-04-22,Email,Basic,1,2025-04-24,2,0,27.52
U002738,2025-08-08,Direct,Free,0,,,0,0.0
U002739,2025-03-03,Paid Search,Pro,1,2025-03-04,1,1,55.75
U002740,2025-08-27,Paid Search,Free,0,,,0,0.0
U002741,2025-10-16,Social,Free,0,,,0,0.0
U002742,2025-02-22,Email,Free,0,,,0,0.0
U002743,2025-03-28,Paid Search,Free,0,,,0,0.0
U002744,2025-03-05,Organic Search,Pro,1,2025-03-12,7,0,84.06
U002745,2025-09-02,Organic Search,Free,0,,,0,0.0
U002746,2025-08-17,Direct,Pro,1,2025-08-19,2,1,82.86
U002747,2025-05-03,Organic Search,Free,0,,,0,0.0
U002748,2025-10-24,Email,Free,0,,,0,0.0
U002749,2025-09-01,Organic Search,Free,0,,,0,0.0
U002750,2025-09-10,Referral,Basic,1,2025-09-12,2,0,30.9
U002751,2025-10-15,Paid Search,Basic,1,2025-10-19,4,1,18.95
U002752,2025-06-02,Direct,Free,0,,,0,0.0
U002753,2025-04-22,Organic Search,Free,0,,,0,0.0
U002754,2025-07-31,Organic Search,Free,0,,,0,0.0
U002755,2025-06-19,Email,Free,0,,,0,0.0
U002756,2025-01-22,Organic Search,Free,0,,,0,0.0
U002757,2025-09-14,Organic Search,Enterprise,1,2025-09-18,4,1,241.91
U002758,2025-08-02,Email,Free,0,,,0,0.0
U002759,2025-05-04,Email,Free,0,,,0,0.0
U002760,2025-02-07,Referral,Pro,1,2025-02-13,6,1,80.87
U002761,2025-01-18,Email,Basic,1,2025-01-29,11,1,22.02
U002762,2025-05-24,Organic Search,Basic,1,2025-05-30,6,0,23.17
U002763,2025-05-14,Direct,Free,0,,,0,0.0
U002764,2025-09-24,Paid Search,Basic,1,2025-10-01,7,0,30.13
U002765,2025-08-21,Social,Free,0,,,0,0.0
U002766,2025-02-17,Referral,Basic,1,2025-02-22,5,1,40.1
U002767,2025-02-11,Social,Free,0,,,0,0.0
U002768,2025-03-11,Paid Search,Free,0,,,0,0.0
U002769,2025-10-16,Social,Free,0,,,0,0.0
U002770,2025-09-11,Organic Search,Pro,1,2025-09-17,6,1,72.09
U002771,2025-04-16,Paid Search,Basic,1,2025-04-20,4,0,36.1
U002772,2025-09-30,Paid Search,Free,0,,,0,0.0
U002773,2025-07-10,Direct,Free,0,,,0,0.0
U002774,2025-10-21,Social,Free,0,,,0,0.0
U002775,2025-09-29,Organic Search,Free,0,,,0,0.0
U002776,2025-04-19,Paid Search,Free,0,,,0,0.0
U002777,2025-06-19,Paid Search,Enterprise,1,2025-07-02,13,1,229.12
U002778,2025-08-24,Paid Search,Free,0,,,0,0.0
U002779,2025-08-15,Paid Search,Free,0,,,0,0.0
U002780,2025-01-27,Organic Search,Basic,1,2025-01-28,1,1,27.11
U002781,2025-08-25,Social,Pro,1,2025-08-31,6,0,70.57
U002782,2025-06-10,Organic Search,Pro,1,2025-06-11,1,1,80.81
U002783,2025-01-01,Organic Search,Free,0,,,0,0.0
U002784,2025-03-08,Email,Basic,1,2025-03-12,4,1,29.36
U002785,2025-06-21,Social,Free,0,,,0,0.0
U002786,2025-07-26,Email,Basic,1,2025-07-29,3,1,25.19
U002787,2025-05-23,Direct,Pro,1,2025-05-31,8,0,52.73
U002788,2025-03-29,Paid Search,Pro,1,2025-03-31,2,1,70.28
U002789,2025-07-08,Email,Free,0,,,0,0.0
U002790,2025-01-14,Direct,Pro,1,2025-01-20,6,1,54.24
U002791,2025-09-03,Organic Search,Basic,1,2025-09-04,1,1,34.82
U002792,2025-07-11,Email,Pro,1,2025-07-13,2,1,76.39
U002793,2025-05-08,Organic Search,Free,0,,,0,0.0
U002794,2025-05-29,Direct,Free,0,,,0,0.0
U002795,2025-05-04,Referral,Free,0,,,0,0.0
U002796,2025-02-22,Social,Free,0,,,0,0.0
U002797,2025-04-26,Social,Free,0,,,0,0.0
U002798,2025-05-27,Organic Search,Free,0,,,0,0.0
U002799,2025-09-25,Direct,Free,0,,,0,0.0
U002800,2025-02-14,Email,Free,0,,,0,0.0
U002801,2025-07-26,Paid Search,Free,0,,,0,0.0
U002802,2025-09-25,Social,Free,0,,,0,0.0
U002803,2025-10-13,Organic Search,Free,0,,,0,0.0
U002804,2025-01-17,Email,Free,0,,,0,0.0
U002805,2025-10-21,Email,Free,0,,,0,0.0
U002806,2025-06-12,Organic Search,Free,0,,,0,0.0
U002807,2025-08-15,Paid Search,Enterprise,1,2025-08-22,7,1,168.66
U002808,2025-05-02,Paid Search,Free,0,,,0,0.0
U002809,2025-07-09,Organic Search,Free,0,,,0,0.0
U002810,2025-07-13,Organic Search,Free,0,,,0,0.0
U002811,2025-10-11,Paid Search,Enterprise,1,2025-10-14,3,0,237.69
U002812,2025-06-06,Email,Free,0,,,0,0.0
U002813,2025-01-31,Email,Free,0,,,0,0.0
U002814,2025-07-26,Email,Free,0,,,0,0.0
U002815,2025-08-20,Referral,Enterprise,1,2025-08-20,0,1,177.32
U002816,2025-03-21,Email,Basic,1,2025-03-24,3,1,29.74
U002817,2025-06-14,Email,Pro,1,2025-06-16,2,1,42.61
U002818,2025-02-12,Organic Search,Free,0,,,0,0.0
U002819,2025-01-10,Referral,Free,0,,,0,0.0
U002820,2025-05-07,Social,Free,0,,,0,0.0
U002821,2025-04-19,Social,Free,0,,,0,0.0
U002822,2025-06-21,Paid Search,Free,0,,,0,0.0
U002823,2025-06-05,Social,Free,0,,,0,0.0
U002824,2025-01-20,Paid Search,Basic,1,2025-01-29,9,0,27.61
U002825,2025-03-22,Referral,Free,0,,,0,0.0
U002826,2025-02-11,Email,Basic,1,2025-02-20,9,0,28.89
U002827,2025-07-28,Paid Search,Free,0,,,0,0.0
U002828,2025-09-18,Direct,Pro,1,2025-09-24,6,1,76.22
U002829,2025-05-06,Email,Free,0,,,0,0.0
U002830,2025-01-22,Organic Search,Free,0,,,0,0.0
U002831,2025-07-12,Referral,Pro,1,2025-07-19,7,1,70.67
U002832,2025-05-31,Organic Search,Free,0,,,0,0.0
U002833,2025-01-16,Organic Search,Basic,1,2025-01-24,8,0,24.08
U002834,2025-06-06,Social,Free,0,,,0,0.0
U002835,2025-06-06,Email,Basic,1,2025-06-11,5,0,28.89
U002836,2025-06-01,Email,Free,0,,,0,0.0
U002837,2025-06-18,Paid Search,Pro,1,2025-06-22,4,0,60.71
U002838,2025-04-18,Referral,Pro,1,2025-04-18,0,1,49.58
U002839,2025-07-14,Organic Search,Free,0,,,0,0.0
U002840,2025-01-16,Social,Pro,1,2025-01-20,4,0,66.91
U002841,2025-03-13,Paid Search,Free,0,,,0,0.0
U002842,2025-09-30,Direct,Free,0,,,0,0.0
U002843,2025-01-18,Paid Search,Free,0,,,0,0.0
U002844,2025-10-15,Paid Search,Free,0,,,0,0.0
U002845,2025-08-07,Organic Search,Free,0,,,0,0.0
U002846,2025-01-06,Referral,Basic,1,2025-01-09,3,1,26.51
U002847,2025-08-01,Paid Search,Basic,1,2025-08-02,1,1,26.0
U002848,2025-06-30,Referral,Free,0,,,0,0.0
U002849,2025-09-25,Organic Search,Free,0,,,0,0.0
U002850,2025-05-25,Organic Search,Free,0,,,0,0.0
U002851,2025-05-06,Organic Search,Pro,1,2025-05-10,4,1,59.78
U002852,2025-04-20,Paid Search,Free,0,,,0,0.0
U002853,2025-09-17,Social,Free,0,,,0,0.0
U002854,2025-01-18,Referral,Basic,1,2025-01-19,1,0,29.44
U002855,2025-08-22,Paid Search,Free,0,,,0,0.0
U002856,2025-07-24,Social,Free,0,,,0,0.0
U002857,2025-03-09,Organic Search,Enterprise,1,2025-03-12,3,1,216.27
U002858,2025-03-27,Email,Pro,1,2025-03-28,1,0,70.05
U002859,2025-10-22,Direct,Enterprise,1,2025-10-25,3,1,230.47
U002860,2025-05-17,Referral,Free,0,,,0,0.0
U002861,2025-09-07,Paid Search,Basic,1,2025-09-10,3,0,25.08
U002862,2025-07-21,Email,Pro,1,2025-07-25,4,1,51.57
U002863,2025-02-24,Organic Search,Free,0,,,0,0.0
U002864,2025-04-08,Organic Search,Free,0,,,0,0.0
U002865,2025-10-22,Referral,Basic,1,2025-10-23,1,0,23.47
U002866,2025-04-07,Social,Free,0,,,0,0.0
U002867,2025-04-22,Direct,Pro,1,2025-05-02,10,1,67.3
U002868,2025-07-20,Social,Free,0,,,0,0.0
U002869,2025-10-18,Social,Free,0,,,0,0.0
U002870,2025-04-11,Paid Search,Free,0,,,0,0.0
U002871,2025-06-10,Organic Search,Free,0,,,0,0.0
U002872,2025-03-13,Organic Search,Basic,1,2025-03-20,7,0,32.79
U002873,2025-05-27,Organic Search,Basic,1,2025-06-02,6,0,27.88
U002874,2025-02-14,Organic Search,Free,0,,,0,0.0
U002875,2025-09-27,Direct,Basic,1,2025-10-02,5,1,17.73
U002876,2025-04-15,Email,Free,0,,,0,0.0
U002877,2025-09-07,Paid Search,Enterprise,1,2025-09-17,10,1,205.44
U002878,2025-03-15,Social,Free,0,,,0,0.0
U002879,2025-04-16,Organic Search,Free,0,,,0,0.0
U002880,2025-10-22,Direct,Free,0,,,0,0.0
U002881,2025-07-12,Direct,Pro,1,2025-07-16,4,0,79.67
U002882,2025-02-11,Direct,Free,0,,,0,0.0
U002883,2025-05-17,Paid Search,Free,0,,,0,0.0
U002884,2025-07-21,Email,Free,0,,,0,0.0
U002885,2025-02-21,Email,Free,0,,,0,0.0
U002886,2025-05-10,Organic Search,Free,0,,,0,0.0
U002887,2025-06-10,Organic Search,Basic,1,2025-06-15,5,1,24.93
U002888,2025-06-06,Organic Search,Free,0,,,0,0.0
U002889,2025-01-06,Paid Search,Basic,1,2025-01-11,5,1,29.2
U002890,2025-06-05,Paid Search,Free,0,,,0,0.0
U002891,2025-01-21,Referral,Free,0,,,0,0.0
U002892,2025-07-31,Organic Search,Free,0,,,0,0.0
U002893,2025-02-03,Organic Search,Free,0,,,0,0.0
U002894,2025-01-24,Direct,Free,0,,,0,0.0
U002895,2025-06-20,Email,Basic,1,2025-06-22,2,0,29.7
U002896,2025-07-26,Organic Search,Basic,1,2025-07-30,4,0,22.11
U002897,2025-09-28,Organic Search,Basic,1,2025-10-03,5,0,23.25
U002898,2025-01-07,Paid Search,Free,0,,,0,0.0
U002899,2025-03-08,Paid Search,Free,0,,,0,0.0
U002900,2025-06-26,Referral,Free,0,,,0,0.0
U002901,2025-10-01,Organic Search,Free,0,,,0,0.0
U002902,2025-01-31,Organic Search,Free,0,,,0,0.0
U002903,2025-01-05,Email,Free,0,,,0,0.0
U002904,2025-04-18,Organic Search,Free,0,,,0,0.0
U002905,2025-08-30,Organic Search,Free,0,,,0,0.0
U002906,2025-06-14,Paid Search,Free,0,,,0,0.0
U002907,2025-07-30,Organic Search,Basic,1,2025-07-31,1,0,31.13
U002908,2025-08-17,Paid Search,Free,0,,,0,0.0
U002909,2025-01-16,Paid Search,Free,0,,,0,0.0
U002910,2025-09-14,Social,Basic,1,2025-09-24,10,0,34.6
U002911,2025-07-08,Organic Search,Free,0,,,0,0.0
U002912,2025-05-14,Email,Free,0,,,0,0.0
U002913,2025-09-28,Direct,Basic,1,2025-09-30,2,1,35.32
U002914,2025-10-11,Organic Search,Free,0,,,0,0.0
U002915,2025-08-10,Social,Free,0,,,0,0.0
U002916,2025-08-15,Email,Basic,1,2025-08-18,3,0,21.43
U002917,2025-03-23,Social,Pro,1,2025-03-29,6,1,71.75
U002918,2025-03-27,Direct,Pro,1,2025-04-03,7,1,63.1
U002919,2025-05-14,Paid Search,Free,0,,,0,0.0
U002920,2025-04-13,Organic Search,Free,0,,,0,0.0
U002921,2025-07-20,Paid Search,Free,0,,,0,0.0
U002922,2025-02-18,Organic Search,Free,0,,,0,0.0
U002923,2025-10-19,Paid Search,Free,0,,,0,0.0
U002924,2025-04-22,Referral,Free,0,,,0,0.0
U002925,2025-04-19,Organic Search,Basic,1,2025-04-22,3,1,30.91
U002926,2025-01-21,Organic Search,Free,0,,,0,0.0
U002927,2025-07-29,Paid Search,Free,0,,,0,0.0
U002928,2025-04-25,Organic Search,Basic,1,2025-04-30,5,1,37.57
U002929,2025-03-01,Email,Basic,1,2025-03-08,7,1,25.6
U002930,2025-07-22,Email,Free,0,,,0,0.0
U002931,2025-10-07,Email,Free,0,,,0,0.0
U002932,2025-08-29,Organic Search,Basic,1,2025-08-31,2,1,32.02
U002933,2025-06-11,Email,Free,0,,,0,0.0
U002934,2025-10-24,Paid Search,Free,0,,,0,0.0
U002935,2025-10-25,Organic Search,Free,0,,,0,0.0
U002936,2025-06-22,Referral,Pro,1,2025-06-24,2,1,79.11
U002937,2025-01-21,Organic Search,Basic,1,2025-01-30,9,1,25.61
U002938,2025-07-10,Organic Search,Free,0,,,0,0.0
U002939,2025-02-26,Email,Free,0,,,0,0.0
U002940,2025-09-29,Social,Free,0,,,0,0.0
U002941,2025-09-19,Organic Search,Free,0,,,0,0.0
U002942,2025-03-12,Referral,Free,0,,,0,0.0
U002943,2025-07-05,Organic Search,Pro,1,2025-07-11,6,1,78.59
U002944,2025-09-25,Referral,Basic,1,2025-09-30,5,1,34.07
U002945,2025-04-05,Organic Search,Free,0,,,0,0.0
U002946,2025-05-15,Organic Search,Free,0,,,0,0.0
U002947,2025-08-24,Organic Search,Free,0,,,0,0.0
U002948,2025-09-06,Direct,Basic,1,2025-09-07,1,0,36.41
U002949,2025-04-21,Direct,Free,0,,,0,0.0
U002950,2025-05-27,Referral,Basic,1,2025-05-29,2,1,29.42
U002951,2025-05-29,Referral,Free,0,,,0,0.0
U002952,2025-01-14,Social,Free,0,,,0,0.0
U002953,2025-07-02,Paid Search,Free,0,,,0,0.0
U002954,2025-07-13,Organic Search,Free,0,,,0,0.0
U002955,2025-08-21,Referral,Free,0,,,0,0.0
U002956,2025-09-15,Organic Search,Free,0,,,0,0.0
U002957,2025-06-23,Social,Basic,1,2025-06-24,1,1,33.71
U002958,2025-07-09,Referral,Free,0,,,0,0.0
U002959,2025-09-06,Paid Search,Free,0,,,0,0.0
U002960,2025-01-19,Social,Free,0,,,0,0.0
U002961,2025-10-09,Organic Search,Basic,1,2025-10-27,18,1,34.74
U002962,2025-02-05,Referral,Basic,1,2025-02-12,7,0,29.29
U002963,2025-03-04,Direct,Free,0,,,0,0.0
U002964,2025-09-18,Organic Search,Free,0,,,0,0.0
U002965,2025-07-25,Referral,Free,0,,,0,0.0
U002966,2025-02-02,Email,Free,0,,,0,0.0
U002967,2025-10-16,Referral,Free,0,,,0,0.0
U002968,2025-10-23,Paid Search,Pro,1,2025-10-29,6,0,60.73
U002969,2025-07-10,Email,Enterprise,1,2025-07-14,4,1,196.33
U002970,2025-05-07,Organic Search,Free,0,,,0,0.0
U002971,2025-03-12,Organic Search,Pro,1,2025-03-19,7,0,65.38
U002972,2025-06-07,Paid Search,Free,0,,,0,0.0
U002973,2025-05-13,Email,Free,0,,,0,0.0
U002974,2025-06-28,Email,Free,0,,,0,0.0
U002975,2025-03-04,Referral,Free,0,,,0,0.0
U002976,2025-09-19,Organic Search,Free,0,,,0,0.0
U002977,2025-03-21,Email,Pro,1,2025-03-26,5,1,73.27
U002978,2025-05-19,Direct,Pro,1,2025-05-21,2,0,65.64
U002979,2025-09-23,Organic Search,Free,0,,,0,0.0
U002980,2025-10-22,Social,Free,0,,,0,0.0
U002981,2025-10-14,Direct,Free,0,,,0,0.0
U002982,2025-09-14,Direct,Free,0,,,0,0.0
U002983,2025-08-21,Referral,Free,0,,,0,0.0
U002984,2025-09-03,Paid Search,Pro,1,2025-09-03,0,0,36.87
U002985,2025-03-16,Organic Search,Free,0,,,0,0.0
U002986,2025-07-30,Paid Search,Basic,1,2025-07-31,1,1,26.25
U002987,2025-10-27,Paid Search,Free,0,,,0,0.0
U002988,2025-06-27,Social,Free,0,,,0,0.0
U002989,2025-03-05,Email,Free,0,,,0,0.0
U002990,2025-09-07,Email,Basic,1,2025-09-19,12,1,26.7
U002991,2025-03-06,Direct,Free,0,,,0,0.0
U002992,2025-04-02,Paid Search,Enterprise,1,2025-04-04,2,1,260.55
U002993,2025-02-20,Email,Free,0,,,0,0.0
U002994,2025-01-13,Email,Free,0,,,0,0.0
U002995,2025-07-08,Referral,Free,0,,,0,0.0
U002996,2025-02-19,Referral,Free,0,,,0,0.0
U002997,2025-04-23,Direct,Free,0,,,0,0.0
U002998,2025-09-08,Social,Free,0,,,0,0.0
U002999,2025-10-05,Email,Basic,1,2025-10-15,10,0,39.74
U003000,2025-06-21,Organic Search,Enterprise,1,2025-06-22,1,1,232.69
U003001,2025-08-24,Referral,Free,0,,,0,0.0
U003002,2025-06-22,Email,Free,0,,,0,0.0
U003003,2025-10-03,Referral,Free,0,,,0,0.0
U003004,2025-06-11,Paid Search,Pro,1,2025-06-14,3,1,81.13
U003005,2025-02-25,Email,Pro,1,2025-03-09,12,1,76.18
U003006,2025-04-17,Paid Search,Free,0,,,0,0.0
U003007,2025-09-01,Social,Free,0,,,0,0.0
U003008,2025-07-02,Direct,Basic,1,2025-07-03,1,0,21.67
U003009,2025-02-11,Email,Pro,1,2025-02-14,3,1,69.41
U003010,2025-01-02,Social,Basic,1,2025-01-04,2,0,23.58
U003011,2025-01-11,Social,Pro,1,2025-01-15,4,0,45.29
U003012,2025-01-05,Organic Search,Free,0,,,0,0.0
U003013,2025-06-04,Referral,Free,0,,,0,0.0
U003014,2025-07-31,Referral,Free,0,,,0,0.0
U003015,2025-06-29,Referral,Basic,1,2025-06-30,1,1,27.0
U003016,2025-05-29,Organic Search,Pro,1,2025-06-05,7,1,72.24
U003017,2025-02-22,Email,Free,0,,,0,0.0
U003018,2025-01-04,Organic Search,Pro,1,2025-01-21,17,1,88.13
U003019,2025-01-03,Social,Free,0,,,0,0.0
U003020,2025-05-13,Referral,Free,0,,,0,0.0
U003021,2025-04-01,Organic Search,Free,0,,,0,0.0
U003022,2025-08-31,Direct,Basic,1,2025-09-10,10,1,29.96
U003023,2025-03-02,Paid Search,Free,0,,,0,0.0
U003024,2025-01-06,Organic Search,Free,0,,,0,0.0
U003025,2025-10-09,Paid Search,Basic,1,2025-10-14,5,1,32.61
U003026,2025-02-05,Organic Search,Free,0,,,0,0.0
U003027,2025-08-25,Organic Search,Free,0,,,0,0.0
U003028,2025-02-13,Paid Search,Free,0,,,0,0.0
U003029,2025-08-08,Referral,Free,0,,,0,0.0
U003030,2025-06-02,Organic Search,Free,0,,,0,0.0
U003031,2025-08-11,Email,Pro,1,2025-08-13,2,1,57.48
U003032,2025-04-06,Organic Search,Free,0,,,0,0.0
U003033,2025-04-14,Direct,Free,0,,,0,0.0
U003034,2025-09-29,Organic Search,Free,0,,,0,0.0
U003035,2025-07-27,Referral,Free,0,,,0,0.0
U003036,2025-09-06,Social,Free,0,,,0,0.0
U003037,2025-08-22,Organic Search,Free,0,,,0,0.0
U003038,2025-07-08,Paid Search,Free,0,,,0,0.0
U003039,2025-08-21,Email,Pro,1,2025-08-24,3,1,78.29
U003040,2025-01-28,Email,Enterprise,1,2025-02-11,14,1,240.09
U003041,2025-10-19,Email,Free,0,,,0,0.0
U003042,2025-05-22,Organic Search,Free,0,,,0,0.0
U003043,2025-08-16,Paid Search,Free,0,,,0,0.0
U003044,2025-03-21,Organic Search,Free,0,,,0,0.0
U003045,2025-04-06,Paid Search,Free,0,,,0,0.0
U003046,2025-01-17,Paid Search,Free,0,,,0,0.0
U003047,2025-08-14,Paid Search,Free,0,,,0,0.0
U003048,2025-08-22,Paid Search,Free,0,,,0,0.0
U003049,2025-10-17,Social,Free,0,,,0,0.0
U003050,2025-01-18,Referral,Basic,1,2025-01-19,1,0,23.72
U003051,2025-05-10,Organic Search,Free,0,,,0,0.0
U003052,2025-07-28,Referral,Free,0,,,0,0.0
U003053,2025-06-11,Organic Search,Free,0,,,0,0.0
U003054,2025-06-25,Email,Basic,1,2025-06-27,2,1,33.26
U003055,2025-01-10,Organic Search,Free,0,,,0,0.0
U003056,2025-02-09,Paid Search,Free,0,,,0,0.0
U003057,2025-08-02,Email,Free,0,,,0,0.0
U003058,2025-06-25,Social,Free,0,,,0,0.0
U003059,2025-03-11,Organic Search,Free,0,,,0,0.0
U003060,2025-05-01,Paid Search,Free,0,,,0,0.0
U003061,2025-04-27,Organic Search,Free,0,,,0,0.0
U003062,2025-02-14,Email,Free,0,,,0,0.0
U003063,2025-07-25,Social,Free,0,,,0,0.0
U003064,2025-06-14,Direct,Free,0,,,0,0.0
U003065,2025-02-04,Email,Pro,1,2025-02-08,4,1,74.6
U003066,2025-01-29,Social,Free,0,,,0,0.0
U003067,2025-10-11,Social,Free,0,,,0,0.0
U003068,2025-07-13,Direct,Free,0,,,0,0.0
U003069,2025-04-28,Organic Search,Free,0,,,0,0.0
U003070,2025-08-21,Paid Search,Free,0,,,0,0.0
U003071,2025-05-25,Direct,Free,0,,,0,0.0
U003072,2025-01-02,Referral,Free,0,,,0,0.0
U003073,2025-07-29,Paid Search,Free,0,,,0,0.0
U003074,2025-06-14,Organic Search,Pro,1,2025-06-17,3,1,73.68
U003075,2025-02-14,Direct,Pro,1,2025-02-21,7,0,51.67
U003076,2025-01-03,Social,Free,0,,,0,0.0
U003077,2025-04-11,Referral,Free,0,,,0,0.0
U003078,2025-08-01,Organic Search,Free,0,,,0,0.0
U003079,2025-09-27,Direct,Free,0,,,0,0.0
U003080,2025-08-07,Email,Basic,1,2025-08-09,2,0,24.73
U003081,2025-03-20,Social,Free,0,,,0,0.0
U003082,2025-07-07,Social,Free,0,,,0,0.0
U003083,2025-03-21,Direct,Free,0,,,0,0.0
U003084,2025-07-10,Email,Free,0,,,0,0.0
U003085,2025-02-14,Social,Free,0,,,0,0.0
U003086,2025-07-25,Organic Search,Free,0,,,0,0.0
U003087,2025-01-29,Referral,Free,0,,,0,0.0
U003088,2025-07-09,Organic Search,Free,0,,,0,0.0
U003089,2025-02-09,Organic Search,Free,0,,,0,0.0
U003090,2025-10-18,Organic Search,Basic,1,2025-10-19,1,0,31.65
U003091,2025-05-09,Paid Search,Free,0,,,0,0.0
U003092,2025-02-12,Paid Search,Free,0,,,0,0.0
U003093,2025-03-05,Social,Free,0,,,0,0.0
U003094,2025-02-09,Social,Free,0,,,0,0.0
U003095,2025-07-03,Organic Search,Free,0,,,0,0.0
U003096,2025-03-21,Email,Free,0,,,0,0.0
U003097,2025-10-20,Paid Search,Free,0,,,0,0.0
U003098,2025-04-29,Organic Search,Free,0,,,0,0.0
U003099,2025-03-21,Referral,Basic,1,2025-03-24,3,1,28.52
U003100,2025-08-13,Referral,Basic,1,2025-08-16,3,1,31.06
U003101,2025-04-27,Referral,Free,0,,,0,0.0
U003102,2025-03-08,Social,Pro,1,2025-03-13,5,0,65.91
U003103,2025-10-13,Paid Search,Free,0,,,0,0.0
U003104,2025-06-15,Email,Free,0,,,0,0.0
U003105,2025-06-05,Direct,Free,0,,,0,0.0
U003106,2025-01-08,Paid Search,Basic,1,2025-01-13,5,1,17.93
U003107,2025-07-17,Email,Free,0,,,0,0.0
U003108,2025-04-01,Referral,Free,0,,,0,0.0
U003109,2025-03-17,Organic Search,Free,0,,,0,0.0
U003110,2025-09-08,Paid Search,Basic,1,2025-09-12,4,0,30.14
U003111,2025-04-19,Organic Search,Pro,1,2025-04-22,3,1,73.48
U003112,2025-10-26,Direct,Basic,1,2025-11-03,8,1,25.55
U003113,2025-10-23,Paid Search,Enterprise,1,2025-10-25,2,1,267.89
U003114,2025-03-09,Social,Free,0,,,0,0.0
U003115,2025-09-08,Social,Free,0,,,0,0.0
U003116,2025-04-21,Organic Search,Free,0,,,0,0.0
U003117,2025-08-01,Referral,Free,0,,,0,0.0
U003118,2025-07-21,Organic Search,Free,0,,,0,0.0
U003119,2025-10-01,Social,Free,0,,,0,0.0
U003120,2025-01-04,Email,Free,0,,,0,0.0
U003121,2025-03-28,Direct,Free,0,,,0,0.0
U003122,2025-07-31,Social,Free,0,,,0,0.0
U003123,2025-02-27,Direct,Basic,1,2025-03-04,5,1,30.07
U003124,2025-01-22,Email,Free,0,,,0,0.0
U003125,2025-04-07,Referral,Pro,1,2025-04-10,3,1,60.95
U003126,2025-03-31,Referral,Basic,1,2025-04-02,2,0,21.47
U003127,2025-04-08,Email,Enterprise,1,2025-04-10,2,1,230.89
U003128,2025-01-09,Organic Search,Free,0,,,0,0.0
U003129,2025-08-14,Email,Free,0,,,0,0.0
U003130,2025-04-24,Email,Free,0,,,0,0.0
U003131,2025-08-17,Social,Free,0,,,0,0.0
U003132,2025-09-21,Paid Search,Free,0,,,0,0.0
U003133,2025-05-29,Organic Search,Basic,1,2025-05-31,2,1,26.43
U003134,2025-07-12,Email,Basic,1,2025-07-13,1,1,28.69
U003135,2025-06-12,Email,Free,0,,,0,0.0
U003136,2025-06-29,Paid Search,Pro,1,2025-06-30,1,1,72.39
U003137,2025-07-24,Organic Search,Free,0,,,0,0.0
U003138,2025-06-27,Referral,Free,0,,,0,0.0
U003139,2025-01-04,Email,Pro,1,2025-01-07,3,1,64.55
U003140,2025-10-24,Direct,Free,0,,,0,0.0
U003141,2025-02-20,Paid Search,Free,0,,,0,0.0
U003142,2025-05-27,Social,Free,0,,,0,0.0
U003143,2025-09-21,Paid Search,Free,0,,,0,0.0
U003144,2025-06-24,Referral,Free,0,,,0,0.0
U003145,2025-09-19,Paid Search,Free,0,,,0,0.0
U003146,2025-05-22,Paid Search,Free,0,,,0,0.0
U003147,2025-09-17,Organic Search,Basic,1,2025-09-21,4,0,33.37
U003148,2025-05-27,Direct,Free,0,,,0,0.0
U003149,2025-06-29,Organic Search,Pro,1,2025-07-04,5,0,65.61
U003150,2025-06-27,Email,Free,0,,,0,0.0
U003151,2025-08-27,Email,Free,0,,,0,0.0
U003152,2025-09-10,Paid Search,Free,0,,,0,0.0
U003153,2025-04-23,Organic Search,Free,0,,,0,0.0
U003154,2025-05-04,Referral,Basic,1,2025-05-09,5,1,33.32
U003155,2025-02-07,Paid Search,Free,0,,,0,0.0
U003156,2025-04-02,Paid Search,Free,0,,,0,0.0
U003157,2025-08-07,Email,Enterprise,1,2025-08-17,10,1,216.17
U003158,2025-01-24,Email,Free,0,,,0,0.0
U003159,2025-06-16,Email,Free,0,,,0,0.0
U003160,2025-03-20,Email,Free,0,,,0,0.0
U003161,2025-10-13,Email,Free,0,,,0,0.0
U003162,2025-03-10,Email,Pro,1,2025-03-11,1,1,83.94
U003163,2025-06-15,Social,Basic,1,2025-06-18,3,1,32.86
U003164,2025-08-24,Referral,Basic,1,2025-08-27,3,0,25.0
U003165,2025-01-20,Referral,Basic,1,2025-01-25,5,1,41.63
U003166,2025-03-16,Organic Search,Free,0,,,0,0.0
U003167,2025-10-17,Referral,Free,0,,,0,0.0
U003168,2025-07-07,Referral,Free,0,,,0,0.0
U003169,2025-09-17,Email,Free,0,,,0,0.0
U003170,2025-10-24,Organic Search,Free,0,,,0,0.0
U003171,2025-07-06,Organic Search,Free,0,,,0,0.0
U003172,2025-09-07,Referral,Free,0,,,0,0.0
U003173,2025-07-26,Organic Search,Free,0,,,0,0.0
U003174,2025-09-18,Social,Free,0,,,0,0.0
U003175,2025-10-07,Direct,Free,0,,,0,0.0
U003176,2025-09-26,Direct,Free,0,,,0,0.0
U003177,2025-09-05,Organic Search,Free,0,,,0,0.0
U003178,2025-03-20,Email,Free,0,,,0,0.0
U003179,2025-10-06,Paid Search,Free,0,,,0,0.0
U003180,2025-07-22,Organic Search,Basic,1,2025-07-24,2,0,34.18
U003181,2025-04-18,Referral,Basic,1,2025-04-18,0,1,30.63
U003182,2025-04-18,Direct,Free,0,,,0,0.0
U003183,2025-05-04,Paid Search,Free,0,,,0,0.0
U003184,2025-03-17,Social,Pro,1,2025-03-25,8,0,77.28
U003185,2025-02-02,Direct,Free,0,,,0,0.0
U003186,2025-03-20,Direct,Free,0,,,0,0.0
U003187,2025-07-10,Organic Search,Free,0,,,0,0.0
U003188,2025-07-08,Organic Search,Free,0,,,0,0.0
U003189,2025-05-07,Organic Search,Basic,1,2025-05-16,9,1,30.48
U003190,2025-09-20,Email,Free,0,,,0,0.0
U003191,2025-01-06,Direct,Free,0,,,0,0.0
U003192,2025-03-06,Paid Search,Free,0,,,0,0.0
U003193,2025-06-24,Organic Search,Free,0,,,0,0.0
U003194,2025-03-08,Paid Search,Free,0,,,0,0.0
U003195,2025-05-01,Referral,Free,0,,,0,0.0
U003196,2025-02-18,Organic Search,Free,0,,,0,0.0
U003197,2025-02-24,Paid Search,Free,0,,,0,0.0
U003198,2025-09-02,Organic Search,Free,0,,,0,0.0
U003199,2025-09-08,Paid Search,Free,0,,,0,0.0
U003200,2025-07-25,Paid Search,Pro,1,2025-08-03,9,0,74.78
U003201,2025-05-23,Social,Free,0,,,0,0.0
U003202,2025-03-11,Referral,Free,0,,,0,0.0
U003203,2025-06-08,Paid Search,Basic,1,2025-06-14,6,1,31.38
U003204,2025-10-12,Direct,Free,0,,,0,0.0
U003205,2025-06-05,Paid Search,Free,0,,,0,0.0
U003206,2025-04-02,Organic Search,Free,0,,,0,0.0
U003207,2025-09-21,Paid Search,Free,0,,,0,0.0
U003208,2025-05-03,Referral,Free,0,,,0,0.0
U003209,2025-02-03,Organic Search,Free,0,,,0,0.0
U003210,2025-02-07,Email,Free,0,,,0,0.0
U003211,2025-07-23,Paid Search,Free,0,,,0,0.0
U003212,2025-10-01,Paid Search,Free,0,,,0,0.0
U003213,2025-05-25,Email,Basic,1,2025-06-01,7,1,21.63
U003214,2025-09-06,Referral,Pro,1,2025-09-16,10,1,74.28
U003215,2025-10-05,Social,Free,0,,,0,0.0
U003216,2025-10-10,Referral,Free,0,,,0,0.0
U003217,2025-08-01,Email,Pro,1,2025-08-03,2,1,67.46
U003218,2025-07-13,Referral,Basic,1,2025-07-14,1,1,34.59
U003219,2025-03-30,Organic Search,Pro,1,2025-04-01,2,1,82.84
U003220,2025-10-08,Direct,Free,0,,,0,0.0
U003221,2025-10-08,Social,Enterprise,1,2025-10-12,4,0,206.89
U003222,2025-09-22,Paid Search,Free,0,,,0,0.0
U003223,2025-01-12,Social,Free,0,,,0,0.0
U003224,2025-01-03,Organic Search,Free,0,,,0,0.0
U003225,2025-01-19,Organic Search,Free,0,,,0,0.0
U003226,2025-03-07,Email,Free,0,,,0,0.0
U003227,2025-06-06,Organic Search,Free,0,,,0,0.0
U003228,2025-05-31,Referral,Basic,1,2025-06-06,6,1,26.52
U003229,2025-08-20,Referral,Free,0,,,0,0.0
U003230,2025-09-03,Organic Search,Free,0,,,0,0.0
U003231,2025-09-17,Paid Search,Free,0,,,0,0.0
U003232,2025-03-01,Paid Search,Free,0,,,0,0.0
U003233,2025-01-15,Organic Search,Free,0,,,0,0.0
U003234,2025-05-20,Paid Search,Basic,1,2025-05-21,1,1,27.87
U003235,2025-04-22,Email,Free,0,,,0,0.0
U003236,2025-01-11,Paid Search,Free,0,,,0,0.0
U003237,2025-04-17,Paid Search,Free,0,,,0,0.0
U003238,2025-04-11,Social,Pro,1,2025-04-17,6,1,59.8
U003239,2025-04-12,Direct,Free,0,,,0,0.0
U003240,2025-03-20,Paid Search,Free,0,,,0,0.0
U003241,2025-09-10,Organic Search,Basic,1,2025-09-22,12,1,35.91
U003242,2025-09-11,Referral,Free,0,,,0,0.0
U003243,2025-02-17,Social,Free,0,,,0,0.0
U003244,2025-08-18,Direct,Enterprise,1,2025-08-24,6,0,200.3
U003245,2025-04-18,Direct,Free,0,,,0,0.0
U003246,2025-06-14,Direct,Free,0,,,0,0.0
U003247,2025-04-21,Referral,Free,0,,,0,0.0
U003248,2025-07-13,Paid Search,Free,0,,,0,0.0
U003249,2025-05-21,Direct,Free,0,,,0,0.0
U003250,2025-08-25,Direct,Free,0,,,0,0.0
U003251,2025-04-17,Organic Search,Pro,1,2025-04-20,3,1,57.58
U003252,2025-05-08,Referral,Free,0,,,0,0.0
U003253,2025-02-26,Social,Free,0,,,0,0.0
U003254,2025-02-20,Social,Free,0,,,0,0.0
U003255,2025-07-19,Organic Search,Basic,1,2025-07-20,1,1,20.61
U003256,2025-01-29,Referral,Basic,1,2025-02-01,3,1,27.69
U003257,2025-10-27,Organic Search,Free,0,,,0,0.0
U003258,2025-01-28,Social,Free,0,,,0,0.0
U003259,2025-06-17,Email,Basic,1,2025-06-23,6,1,21.75
U003260,2025-05-25,Organic Search,Free,0,,,0,0.0
U003261,2025-04-06,Paid Search,Free,0,,,0,0.0
U003262,2025-10-23,Referral,Pro,1,2025-10-26,3,1,61.83
U003263,2025-08-19,Organic Search,Free,0,,,0,0.0
U003264,2025-10-05,Organic Search,Free,0,,,0,0.0
U003265,2025-04-22,Direct,Free,0,,,0,0.0
U003266,2025-07-07,Organic Search,Free,0,,,0,0.0
U003267,2025-09-21,Direct,Free,0,,,0,0.0
U003268,2025-10-08,Organic Search,Free,0,,,0,0.0
U003269,2025-05-09,Organic Search,Free,0,,,0,0.0
U003270,2025-02-15,Referral,Free,0,,,0,0.0
U003271,2025-09-03,Referral,Free,0,,,0,0.0
U003272,2025-07-12,Paid Search,Pro,1,2025-07-14,2,1,66.38
U003273,2025-01-07,Email,Free,0,,,0,0.0
U003274,2025-06-02,Organic Search,Free,0,,,0,0.0
U003275,2025-04-02,Referral,Basic,1,2025-04-04,2,0,21.05
U003276,2025-07-30,Paid Search,Free,0,,,0,0.0
U003277,2025-06-02,Organic Search,Free,0,,,0,0.0
U003278,2025-09-24,Paid Search,Free,0,,,0,0.0
U003279,2025-01-19,Referral,Free,0,,,0,0.0
U003280,2025-02-03,Email,Free,0,,,0,0.0
U003281,2025-04-19,Direct,Free,0,,,0,0.0
U003282,2025-01-11,Email,Free,0,,,0,0.0
U003283,2025-04-18,Referral,Free,0,,,0,0.0
U003284,2025-04-03,Organic Search,Basic,1,2025-04-10,7,0,24.38
U003285,2025-01-29,Referral,Enterprise,1,2025-01-31,2,1,189.99
U003286,2025-01-28,Paid Search,Free,0,,,0,0.0
U003287,2025-06-03,Direct,Free,0,,,0,0.0
U003288,2025-04-03,Social,Pro,1,2025-04-04,1,0,68.76
U003289,2025-08-25,Paid Search,Pro,1,2025-08-27,2,1,83.31
U003290,2025-07-11,Paid Search,Basic,1,2025-07-14,3,1,25.27
U003291,2025-10-03,Email,Free,0,,,0,0.0
U003292,2025-02-27,Organic Search,Free,0,,,0,0.0
U003293,2025-04-28,Paid Search,Free,0,,,0,0.0
U003294,2025-06-02,Email,Basic,1,2025-06-04,2,0,22.91
U003295,2025-06-22,Organic Search,Free,0,,,0,0.0
U003296,2025-06-10,Organic Search,Free,0,,,0,0.0
U003297,2025-09-08,Organic Search,Free,0,,,0,0.0
U003298,2025-01-09,Referral,Pro,1,2025-01-13,4,1,48.76
U003299,2025-05-16,Referral,Free,0,,,0,0.0
U003300,2025-10-01,Social,Free,0,,,0,0.0
U003301,2025-04-30,Referral,Free,0,,,0,0.0
U003302,2025-01-21,Paid Search,Basic,1,2025-01-23,2,0,30.47
U003303,2025-03-30,Paid Search,Free,0,,,0,0.0
U003304,2025-08-12,Organic Search,Free,0,,,0,0.0
U003305,2025-07-22,Referral,Enterprise,1,2025-07-26,4,1,218.03
U003306,2025-09-21,Paid Search,Free,0,,,0,0.0
U003307,2025-10-04,Organic Search,Free,0,,,0,0.0
U003308,2025-04-13,Email,Free,0,,,0,0.0
U003309,2025-07-09,Email,Free,0,,,0,0.0
U003310,2025-05-08,Paid Search,Free,0,,,0,0.0
U003311,2025-08-19,Email,Free,0,,,0,0.0
U003312,2025-07-22,Direct,Free,0,,,0,0.0
U003313,2025-01-23,Social,Free,0,,,0,0.0
U003314,2025-05-28,Organic Search,Free,0,,,0,0.0
U003315,2025-03-21,Organic Search,Free,0,,,0,0.0
U003316,2025-02-18,Referral,Basic,1,2025-02-20,2,1,33.88
U003317,2025-09-14,Paid Search,Free,0,,,0,0.0
U003318,2025-08-27,Organic Search,Free,0,,,0,0.0
U003319,2025-04-03,Organic Search,Free,0,,,0,0.0
U003320,2025-08-14,Referral,Free,0,,,0,0.0
U003321,2025-01-31,Social,Free,0,,,0,0.0
U003322,2025-03-08,Paid Search,Basic,1,2025-03-14,6,1,26.7
U003323,2025-07-28,Social,Free,0,,,0,0.0
U003324,2025-10-18,Email,Pro,1,2025-10-22,4,1,71.05
U003325,2025-10-13,Organic Search,Basic,1,2025-10-16,3,1,27.09
U003326,2025-04-03,Organic Search,Free,0,,,0,0.0
U003327,2025-01-19,Direct,Free,0,,,0,0.0
U003328,2025-03-07,Organic Search,Free,0,,,0,0.0
U003329,2025-01-06,Referral,Free,0,,,0,0.0
U003330,2025-05-24,Referral,Free,0,,,0,0.0
U003331,2025-04-07,Organic Search,Free,0,,,0,0.0
U003332,2025-09-13,Referral,Basic,1,2025-09-21,8,1,22.33
U003333,2025-08-01,Email,Free,0,,,0,0.0
U003334,2025-07-06,Direct,Free,0,,,0,0.0
U003335,2025-10-02,Referral,Free,0,,,0,0.0
U003336,2025-02-04,Referral,Free,0,,,0,0.0
U003337,2025-06-02,Organic Search,Pro,1,2025-06-07,5,0,72.09
U003338,2025-05-07,Referral,Pro,1,2025-05-09,2,0,69.82
U003339,2025-07-03,Email,Pro,1,2025-07-05,2,1,64.72
U003340,2025-06-26,Organic Search,Free,0,,,0,0.0
U003341,2025-10-12,Organic Search,Free,0,,,0,0.0
U003342,2025-04-11,Direct,Free,0,,,0,0.0
U003343,2025-08-07,Email,Free,0,,,0,0.0
U003344,2025-05-25,Direct,Free,0,,,0,0.0
U003345,2025-07-19,Direct,Free,0,,,0,0.0
U003346,2025-07-11,Organic Search,Free,0,,,0,0.0
U003347,2025-01-02,Social,Free,0,,,0,0.0
U003348,2025-05-20,Referral,Enterprise,1,2025-05-25,5,1,176.65
U003349,2025-06-03,Email,Basic,1,2025-06-06,3,1,23.04
U003350,2025-03-27,Referral,Free,0,,,0,0.0
U003351,2025-09-01,Organic Search,Free,0,,,0,0.0
U003352,2025-07-10,Referral,Free,0,,,0,0.0
U003353,2025-06-12,Direct,Free,0,,,0,0.0
U003354,2025-01-28,Paid Search,Free,0,,,0,0.0
U003355,2025-02-23,Direct,Free,0,,,0,0.0
U003356,2025-02-15,Organic Search,Free,0,,,0,0.0
U003357,2025-08-02,Paid Search,Free,0,,,0,0.0
U003358,2025-03-08,Direct,Basic,1,2025-03-10,2,1,27.44
U003359,2025-10-06,Social,Free,0,,,0,0.0
U003360,2025-08-07,Paid Search,Free,0,,,0,0.0
U003361,2025-03-16,Direct,Free,0,,,0,0.0
U003362,2025-05-07,Paid Search,Free,0,,,0,0.0
U003363,2025-09-15,Social,Free,0,,,0,0.0
U003364,2025-02-12,Paid Search,Pro,1,2025-02-14,2,0,64.56
U003365,2025-08-16,Direct,Basic,1,2025-08-18,2,0,29.42
U003366,2025-06-09,Email,Basic,1,2025-06-10,1,0,33.84
U003367,2025-06-22,Email,Free,0,,,0,0.0
U003368,2025-07-22,Paid Search,Free,0,,,0,0.0
U003369,2025-08-15,Direct,Free,0,,,0,0.0
U003370,2025-07-11,Email,Free,0,,,0,0.0
U003371,2025-07-27,Paid Search,Free,0,,,0,0.0
U003372,2025-05-02,Organic Search,Free,0,,,0,0.0
U003373,2025-06-09,Direct,Free,0,,,0,0.0
U003374,2025-03-20,Paid Search,Pro,1,2025-03-22,2,1,82.39
U003375,2025-08-10,Paid Search,Basic,1,2025-08-14,4,1,21.0
U003376,2025-08-15,Paid Search,Free,0,,,0,0.0
U003377,2025-02-12,Social,Free,0,,,0,0.0
U003378,2025-02-03,Paid Search,Pro,1,2025-02-05,2,1,78.17
U003379,2025-10-27,Paid Search,Free,0,,,0,0.0
U003380,2025-06-07,Organic Search,Free,0,,,0,0.0
U003381,2025-09-17,Referral,Basic,1,2025-09-17,0,0,32.05
U003382,2025-08-03,Organic Search,Basic,1,2025-08-06,3,0,36.73
U003383,2025-02-12,Organic Search,Free,0,,,0,0.0
U003384,2025-05-08,Organic Search,Free,0,,,0,0.0
U003385,2025-05-04,Direct,Free,0,,,0,0.0
U003386,2025-06-22,Direct,Free,0,,,0,0.0
U003387,2025-05-17,Referral,Basic,1,2025-05-26,9,1,25.9
U003388,2025-09-27,Email,Free,0,,,0,0.0
U003389,2025-07-22,Organic Search,Free,0,,,0,0.0
U003390,2025-04-28,Paid Search,Pro,1,2025-04-30,2,1,67.06
U003391,2025-02-13,Email,Free,0,,,0,0.0
U003392,2025-05-28,Organic Search,Free,0,,,0,0.0
U003393,2025-08-23,Direct,Basic,1,2025-08-23,0,0,26.67
U003394,2025-07-26,Organic Search,Free,0,,,0,0.0
U003395,2025-06-27,Organic Search,Free,0,,,0,0.0
U003396,2025-04-21,Social,Free,0,,,0,0.0
U003397,2025-10-08,Email,Enterprise,1,2025-10-13,5,0,228.57
U003398,2025-01-26,Referral,Free,0,,,0,0.0
U003399,2025-08-11,Email,Basic,1,2025-08-12,1,1,30.48
U003400,2025-10-12,Social,Free,0,,,0,0.0
U003401,2025-02-27,Social,Free,0,,,0,0.0
U003402,2025-08-30,Email,Pro,1,2025-09-02,3,1,87.81
U003403,2025-08-28,Paid Search,Free,0,,,0,0.0
U003404,2025-06-11,Organic Search,Free,0,,,0,0.0
U003405,2025-10-21,Organic Search,Basic,1,2025-10-28,7,1,24.02
U003406,2025-09-06,Organic Search,Free,0,,,0,0.0
U003407,2025-04-01,Email,Free,0,,,0,0.0
U003408,2025-02-08,Organic Search,Free,0,,,0,0.0
U003409,2025-07-31,Organic Search,Free,0,,,0,0.0
U003410,2025-08-03,Paid Search,Basic,1,2025-08-09,6,1,31.27
U003411,2025-09-20,Organic Search,Free,0,,,0,0.0
U003412,2025-08-26,Social,Free,0,,,0,0.0
U003413,2025-10-13,Paid Search,Pro,1,2025-10-15,2,0,72.32
U003414,2025-02-24,Organic Search,Free,0,,,0,0.0
U003415,2025-06-19,Email,Free,0,,,0,0.0
U003416,2025-02-11,Referral,Pro,1,2025-02-13,2,0,71.76
U003417,2025-05-12,Paid Search,Enterprise,1,2025-05-14,2,0,150.4
U003418,2025-10-17,Paid Search,Free,0,,,0,0.0
U003419,2025-02-09,Organic Search,Free,0,,,0,0.0
U003420,2025-10-26,Paid Search,Free,0,,,0,0.0
U003421,2025-06-10,Email,Free,0,,,0,0.0
U003422,2025-09-21,Social,Free,0,,,0,0.0
U003423,2025-01-06,Social,Free,0,,,0,0.0
U003424,2025-01-03,Email,Free,0,,,0,0.0
U003425,2025-07-21,Referral,Free,0,,,0,0.0
U003426,2025-01-31,Email,Pro,1,2025-02-01,1,1,76.63
U003427,2025-07-02,Organic Search,Pro,1,2025-07-02,0,0,65.02
U003428,2025-05-19,Social,Free,0,,,0,0.0
U003429,2025-02-14,Referral,Free,0,,,0,0.0
U003430,2025-01-27,Direct,Free,0,,,0,0.0
U003431,2025-02-25,Email,Free,0,,,0,0.0
U003432,2025-06-19,Paid Search,Free,0,,,0,0.0
U003433,2025-05-30,Email,Free,0,,,0,0.0
U003434,2025-08-24,Paid Search,Basic,1,2025-08-25,1,0,25.88
U003435,2025-02-17,Referral,Basic,1,2025-02-21,4,1,27.38
U003436,2025-04-05,Direct,Pro,1,2025-04-08,3,0,62.76
U003437,2025-08-28,Paid Search,Free,0,,,0,0.0
U003438,2025-07-21,Email,Free,0,,,0,0.0
U003439,2025-09-05,Organic Search,Free,0,,,0,0.0
U003440,2025-10-05,Direct,Free,0,,,0,0.0
U003441,2025-02-11,Paid Search,Free,0,,,0,0.0
U003442,2025-05-12,Paid Search,Free,0,,,0,0.0
U003443,2025-02-17,Email,Free,0,,,0,0.0
U003444,2025-03-27,Email,Pro,1,2025-04-06,10,1,80.82
U003445,2025-07-25,Paid Search,Free,0,,,0,0.0
U003446,2025-03-25,Email,Free,0,,,0,0.0
U003447,2025-01-09,Direct,Basic,1,2025-01-14,5,0,34.67
U003448,2025-01-22,Email,Free,0,,,0,0.0
U003449,2025-02-06,Organic Search,Basic,1,2025-02-11,5,0,34.88
U003450,2025-05-24,Email,Free,0,,,0,0.0
U003451,2025-01-04,Organic Search,Free,0,,,0,0.0
U003452,2025-08-13,Paid Search,Free,0,,,0,0.0
U003453,2025-06-18,Organic Search,Basic,1,2025-06-21,3,0,31.03
U003454,2025-09-22,Referral,Pro,1,2025-09-26,4,1,71.38
U003455,2025-06-14,Organic Search,Free,0,,,0,0.0
U003456,2025-08-01,Direct,Free,0,,,0,0.0
U003457,2025-09-25,Email,Free,0,,,0,0.0
U003458,2025-06-20,Organic Search,Free,0,,,0,0.0
U003459,2025-07-29,Direct,Free,0,,,0,0.0
U003460,2025-10-16,Direct,Free,0,,,0,0.0
U003461,2025-09-29,Email,Free,0,,,0,0.0
U003462,2025-05-06,Paid Search,Free,0,,,0,0.0
U003463,2025-02-20,Referral,Pro,1,2025-02-27,7,1,55.22
U003464,2025-07-21,Organic Search,Free,0,,,0,0.0
U003465,2025-04-16,Email,Free,0,,,0,0.0
U003466,2025-06-15,Direct,Basic,1,2025-06-19,4,1,23.72
U003467,2025-03-15,Organic Search,Pro,1,2025-03-19,4,1,52.46
U003468,2025-08-20,Organic Search,Free,0,,,0,0.0
U003469,2025-03-13,Paid Search,Free,0,,,0,0.0
U003470,2025-01-16,Paid Search,Pro,1,2025-01-25,9,1,59.54
U003471,2025-03-07,Paid Search,Pro,1,2025-03-11,4,1,74.38
U003472,2025-07-12,Referral,Pro,1,2025-07-13,1,1,65.71
U003473,2025-08-18,Referral,Free,0,,,0,0.0
U003474,2025-07-27,Organic Search,Free,0,,,0,0.0
U003475,2025-05-29,Email,Free,0,,,0,0.0
U003476,2025-05-19,Paid Search,Free,0,,,0,0.0
U003477,2025-01-19,Email,Basic,1,2025-01-21,2,0,23.98
U003478,2025-09-08,Organic Search,Free,0,,,0,0.0
U003479,2025-05-22,Organic Search,Pro,1,2025-06-02,11,0,71.83
U003480,2025-01-19,Organic Search,Free,0,,,0,0.0
U003481,2025-10-06,Paid Search,Free,0,,,0,0.0
U003482,2025-08-07,Organic Search,Free,0,,,0,0.0
U003483,2025-03-25,Organic Search,Free,0,,,0,0.0
U003484,2025-05-17,Organic Search,Free,0,,,0,0.0
U003485,2025-05-07,Social,Free,0,,,0,0.0
U003486,2025-04-02,Direct,Free,0,,,0,0.0
U003487,2025-10-03,Social,Free,0,,,0,0.0
U003488,2025-08-06,Paid Search,Enterprise,1,2025-08-17,11,1,164.39
U003489,2025-02-20,Email,Basic,1,2025-02-21,1,0,29.15
U003490,2025-08-29,Organic Search,Pro,1,2025-09-03,5,1,43.52
U003491,2025-01-17,Email,Free,0,,,0,0.0
U003492,2025-10-11,Referral,Free,0,,,0,0.0
U003493,2025-05-26,Paid Search,Basic,1,2025-06-02,7,1,27.15
U003494,2025-03-13,Email,Free,0,,,0,0.0
U003495,2025-09-18,Paid Search,Free,0,,,0,0.0
U003496,2025-02-21,Organic Search,Free,0,,,0,0.0
U003497,2025-09-03,Referral,Free,0,,,0,0.0
U003498,2025-04-18,Organic Search,Free,0,,,0,0.0
U003499,2025-04-24,Paid Search,Free,0,,,0,0.0
U003500,2025-09-21,Social,Free,0,,,0,0.0
U003501,2025-08-14,Paid Search,Free,0,,,0,0.0
U003502,2025-05-16,Paid Search,Free,0,,,0,0.0
U003503,2025-07-31,Organic Search,Free,0,,,0,0.0
U003504,2025-06-04,Email,Free,0,,,0,0.0
U003505,2025-09-20,Direct,Free,0,,,0,0.0
U003506,2025-06-05,Email,Enterprise,1,2025-06-10,5,0,158.1
U003507,2025-01-17,Organic Search,Basic,1,2025-01-19,2,1,31.68
U003508,2025-08-19,Referral,Free,0,,,0,0.0
U003509,2025-02-15,Email,Free,0,,,0,0.0
U003510,2025-10-20,Organic Search,Free,0,,,0,0.0
U003511,2025-08-22,Paid Search,Basic,1,2025-08-24,2,1,26.24
U003512,2025-06-16,Organic Search,Pro,1,2025-06-19,3,1,68.99
U003513,2025-03-14,Email,Free,0,,,0,0.0
U003514,2025-04-28,Direct,Free,0,,,0,0.0
U003515,2025-07-04,Referral,Basic,1,2025-07-05,1,1,26.05
U003516,2025-09-24,Paid Search,Free,0,,,0,0.0
U003517,2025-04-06,Referral,Basic,1,2025-04-11,5,0,21.95
U003518,2025-08-10,Organic Search,Free,0,,,0,0.0
U003519,2025-08-05,Organic Search,Basic,1,2025-08-08,3,1,22.17
U003520,2025-09-13,Email,Enterprise,1,2025-09-17,4,1,235.02
U003521,2025-04-28,Referral,Pro,1,2025-05-04,6,1,65.68
U003522,2025-04-14,Referral,Pro,1,2025-04-24,10,1,72.18
U003523,2025-08-08,Organic Search,Basic,1,2025-08-17,9,0,35.47
U003524,2025-02-27,Organic Search,Free,0,,,0,0.0
U003525,2025-08-17,Paid Search,Free,0,,,0,0.0
U003526,2025-02-06,Paid Search,Free,0,,,0,0.0
U003527,2025-08-07,Email,Pro,1,2025-08-11,4,1,86.03
U003528,2025-02-05,Email,Free,0,,,0,0.0
U003529,2025-05-14,Email,Free,0,,,0,0.0
U003530,2025-08-14,Organic Search,Free,0,,,0,0.0
U003531,2025-09-09,Organic Search,Free,0,,,0,0.0
U003532,2025-07-18,Organic Search,Free,0,,,0,0.0
U003533,2025-03-05,Referral,Free,0,,,0,0.0
U003534,2025-09-25,Paid Search,Free,0,,,0,0.0
U003535,2025-02-24,Paid Search,Pro,1,2025-03-01,5,0,84.16
U003536,2025-04-27,Direct,Free,0,,,0,0.0
U003537,2025-09-24,Direct,Free,0,,,0,0.0
U003538,2025-04-06,Organic Search,Free,0,,,0,0.0
U003539,2025-10-06,Organic Search,Free,0,,,0,0.0
U003540,2025-05-19,Organic Search,Basic,1,2025-05-27,8,1,30.77
U003541,2025-03-01,Email,Free,0,,,0,0.0
U003542,2025-07-06,Organic Search,Basic,1,2025-07-09,3,0,24.69
U003543,2025-10-06,Referral,Free,0,,,0,0.0
U003544,2025-01-06,Direct,Pro,1,2025-01-09,3,1,63.62
U003545,2025-07-08,Referral,Free,0,,,0,0.0
U003546,2025-03-26,Referral,Free,0,,,0,0.0
U003547,2025-05-02,Social,Free,0,,,0,0.0
U003548,2025-05-03,Organic Search,Free,0,,,0,0.0
U003549,2025-08-20,Social,Free,0,,,0,0.0
U003550,2025-08-12,Organic Search,Free,0,,,0,0.0
U003551,2025-02-15,Paid Search,Free,0,,,0,0.0
U003552,2025-06-23,Email,Free,0,,,0,0.0
U003553,2025-09-17,Referral,Free,0,,,0,0.0
U003554,2025-04-09,Direct,Enterprise,1,2025-04-14,5,0,159.82
U003555,2025-03-15,Paid Search,Free,0,,,0,0.0
U003556,2025-01-30,Social,Free,0,,,0,0.0
U003557,2025-01-02,Organic Search,Free,0,,,0,0.0
U003558,2025-08-24,Direct,Free,0,,,0,0.0
U003559,2025-08-31,Email,Free,0,,,0,0.0
U003560,2025-08-30,Organic Search,Free,0,,,0,0.0
U003561,2025-04-25,Paid Search,Free,0,,,0,0.0
U003562,2025-08-03,Paid Search,Free,0,,,0,0.0
U003563,2025-01-22,Organic Search,Free,0,,,0,0.0
U003564,2025-09-01,Organic Search,Free,0,,,0,0.0
U003565,2025-01-14,Social,Free,0,,,0,0.0
U003566,2025-02-17,Organic Search,Free,0,,,0,0.0
U003567,2025-05-16,Email,Free,0,,,0,0.0
U003568,2025-03-18,Referral,Basic,1,2025-03-20,2,0,33.51
U003569,2025-04-01,Organic Search,Free,0,,,0,0.0
U003570,2025-07-25,Referral,Basic,1,2025-08-05,11,0,28.89
U003571,2025-01-02,Referral,Free,0,,,0,0.0
U003572,2025-01-05,Direct,Free,0,,,0,0.0
U003573,2025-09-08,Direct,Basic,1,2025-09-10,2,0,29.38
U003574,2025-10-18,Direct,Free,0,,,0,0.0
U003575,2025-08-21,Referral,Free,0,,,0,0.0
U003576,2025-03-14,Organic Search,Free,0,,,0,0.0
U003577,2025-07-14,Organic Search,Free,0,,,0,0.0
U003578,2025-09-14,Direct,Free,0,,,0,0.0
U003579,2025-02-14,Referral,Free,0,,,0,0.0
U003580,2025-01-13,Paid Search,Free,0,,,0,0.0
U003581,2025-07-27,Referral,Pro,1,2025-07-30,3,0,73.28
U003582,2025-01-14,Paid Search,Free,0,,,0,0.0
U003583,2025-01-03,Paid Search,Basic,1,2025-01-12,9,1,18.02
U003584,2025-06-24,Social,Free,0,,,0,0.0
U003585,2025-05-05,Social,Free,0,,,0,0.0
U003586,2025-10-01,Organic Search,Basic,1,2025-10-10,9,0,25.89
U003587,2025-07-02,Paid Search,Free,0,,,0,0.0
U003588,2025-06-03,Referral,Pro,1,2025-06-09,6,1,73.34
U003589,2025-03-04,Direct,Free,0,,,0,0.0
U003590,2025-01-21,Paid Search,Free,0,,,0,0.0
U003591,2025-06-03,Direct,Free,0,,,0,0.0
U003592,2025-03-12,Direct,Basic,1,2025-03-20,8,1,21.92
U003593,2025-02-02,Organic Search,Basic,1,2025-02-03,1,1,27.46
U003594,2025-08-14,Organic Search,Free,0,,,0,0.0
U003595,2025-02-28,Organic Search,Free,0,,,0,0.0
U003596,2025-04-30,Direct,Free,0,,,0,0.0
U003597,2025-05-04,Organic Search,Free,0,,,0,0.0
U003598,2025-05-13,Direct,Free,0,,,0,0.0
U003599,2025-08-12,Paid Search,Free,0,,,0,0.0
U003600,2025-09-22,Social,Free,0,,,0,0.0
U003601,2025-09-23,Paid Search,Free,0,,,0,0.0
U003602,2025-01-28,Referral,Free,0,,,0,0.0
U003603,2025-09-10,Paid Search,Free,0,,,0,0.0
U003604,2025-02-10,Referral,Free,0,,,0,0.0
U003605,2025-04-24,Email,Free,0,,,0,0.0
U003606,2025-10-10,Email,Free,0,,,0,0.0
U003607,2025-07-06,Organic Search,Basic,1,2025-07-07,1,1,35.2
U003608,2025-04-04,Email,Free,0,,,0,0.0
U003609,2025-03-16,Paid Search,Free,0,,,0,0.0
U003610,2025-03-13,Direct,Free,0,,,0,0.0
U003611,2025-06-12,Paid Search,Free,0,,,0,0.0
U003612,2025-03-20,Paid Search,Basic,1,2025-03-21,1,1,31.47
U003613,2025-08-17,Organic Search,Basic,1,2025-08-23,6,0,30.31
U003614,2025-02-14,Organic Search,Free,0,,,0,0.0
U003615,2025-03-26,Referral,Pro,1,2025-03-28,2,1,56.33
U003616,2025-02-21,Referral,Free,0,,,0,0.0
U003617,2025-02-15,Social,Free,0,,,0,0.0
U003618,2025-07-13,Paid Search,Free,0,,,0,0.0
U003619,2025-02-24,Organic Search,Free,0,,,0,0.0
U003620,2025-09-06,Paid Search,Free,0,,,0,0.0
U003621,2025-10-05,Email,Basic,1,2025-10-06,1,1,28.32
U003622,2025-04-13,Organic Search,Basic,1,2025-04-14,1,0,34.11
U003623,2025-02-02,Paid Search,Pro,1,2025-02-04,2,0,77.89
U003624,2025-06-08,Organic Search,Free,0,,,0,0.0
U003625,2025-04-18,Organic Search,Free,0,,,0,0.0
U003626,2025-04-16,Referral,Free,0,,,0,0.0
U003627,2025-02-05,Organic Search,Free,0,,,0,0.0
U003628,2025-03-15,Social,Basic,1,2025-03-19,4,0,28.5
U003629,2025-08-02,Social,Free,0,,,0,0.0
U003630,2025-07-05,Paid Search,Free,0,,,0,0.0
U003631,2025-05-13,Paid Search,Free,0,,,0,0.0
U003632,2025-06-23,Referral,Basic,1,2025-06-25,2,1,26.21
U003633,2025-09-25,Paid Search,Free,0,,,0,0.0
U003634,2025-07-01,Paid Search,Basic,1,2025-07-03,2,0,35.16
U003635,2025-06-05,Organic Search,Free,0,,,0,0.0
U003636,2025-10-10,Referral,Free,0,,,0,0.0
U003637,2025-01-03,Email,Free,0,,,0,0.0
U003638,2025-10-26,Social,Basic,1,2025-10-30,4,0,27.49
U003639,2025-04-14,Paid Search,Free,0,,,0,0.0
U003640,2025-10-01,Direct,Free,0,,,0,0.0
U003641,2025-07-04,Referral,Basic,1,2025-07-08,4,0,27.31
U003642,2025-06-14,Direct,Basic,1,2025-06-15,1,1,30.91
U003643,2025-04-30,Email,Basic,1,2025-05-05,5,1,28.77
U003644,2025-02-13,Organic Search,Free,0,,,0,0.0
U003645,2025-09-26,Email,Free,0,,,0,0.0
U003646,2025-06-08,Direct,Pro,1,2025-06-12,4,1,93.76
U003647,2025-08-16,Paid Search,Free,0,,,0,0.0
U003648,2025-10-03,Email,Pro,1,2025-10-10,7,0,78.07
U003649,2025-08-08,Organic Search,Free,0,,,0,0.0
U003650,2025-01-11,Referral,Free,0,,,0,0.0
U003651,2025-02-19,Organic Search,Free,0,,,0,0.0
U003652,2025-02-03,Direct,Pro,1,2025-02-07,4,1,67.47
U003653,2025-04-03,Social,Enterprise,1,2025-04-05,2,0,249.28
U003654,2025-02-09,Paid Search,Basic,1,2025-02-10,1,1,21.88
U003655,2025-06-02,Social,Free,0,,,0,0.0
U003656,2025-01-22,Direct,Free,0,,,0,0.0
U003657,2025-10-22,Direct,Free,0,,,0,0.0
U003658,2025-08-12,Paid Search,Basic,1,2025-08-21,9,1,31.09
U003659,2025-10-18,Email,Basic,1,2025-10-21,3,1,17.48
U003660,2025-04-21,Email,Free,0,,,0,0.0
U003661,2025-04-08,Referral,Free,0,,,0,0.0
U003662,2025-08-08,Paid Search,Free,0,,,0,0.0
U003663,2025-05-13,Direct,Basic,1,2025-05-17,4,0,27.12
U003664,2025-03-18,Referral,Free,0,,,0,0.0
U003665,2025-06-06,Paid Search,Basic,1,2025-06-09,3,1,29.54
U003666,2025-04-07,Direct,Free,0,,,0,0.0
U003667,2025-07-03,Direct,Free,0,,,0,0.0
U003668,2025-04-23,Referral,Free,0,,,0,0.0
U003669,2025-04-30,Direct,Enterprise,1,2025-05-01,1,0,208.89
U003670,2025-01-26,Organic Search,Free,0,,,0,0.0
U003671,2025-07-13,Paid Search,Free,0,,,0,0.0
U003672,2025-08-12,Email,Free,0,,,0,0.0
U003673,2025-03-29,Organic Search,Basic,1,2025-04-04,6,1,28.23
U003674,2025-05-24,Paid Search,Free,0,,,0,0.0
U003675,2025-02-04,Organic Search,Free,0,,,0,0.0
U003676,2025-04-24,Direct,Free,0,,,0,0.0
U003677,2025-01-07,Social,Free,0,,,0,0.0
U003678,2025-08-25,Email,Free,0,,,0,0.0
U003679,2025-10-19,Direct,Free,0,,,0,0.0
U003680,2025-06-01,Paid Search,Basic,1,2025-06-02,1,1,22.99
U003681,2025-02-03,Paid Search,Free,0,,,0,0.0
U003682,2025-03-03,Organic Search,Free,0,,,0,0.0
U003683,2025-10-01,Referral,Free,0,,,0,0.0
U003684,2025-10-04,Paid Search,Basic,1,2025-10-10,6,1,31.43
U003685,2025-07-29,Paid Search,Free,0,,,0,0.0
U003686,2025-06-06,Referral,Free,0,,,0,0.0
U003687,2025-09-10,Email,Free,0,,,0,0.0
U003688,2025-07-17,Paid Search,Free,0,,,0,0.0
U003689,2025-05-27,Paid Search,Free,0,,,0,0.0
U003690,2025-03-11,Organic Search,Free,0,,,0,0.0
U003691,2025-07-04,Organic Search,Free,0,,,0,0.0
U003692,2025-03-20,Organic Search,Pro,1,2025-03-22,2,1,62.42
U003693,2025-09-30,Referral,Free,0,,,0,0.0
U003694,2025-03-31,Referral,Free,0,,,0,0.0
U003695,2025-10-20,Direct,Free,0,,,0,0.0
U003696,2025-02-25,Referral,Basic,1,2025-03-02,5,0,26.8
U003697,2025-02-04,Referral,Free,0,,,0,0.0
U003698,2025-01-29,Paid Search,Free,0,,,0,0.0
U003699,2025-05-03,Referral,Free,0,,,0,0.0
U003700,2025-08-16,Direct,Free,0,,,0,0.0
U003701,2025-02-18,Referral,Free,0,,,0,0.0
U003702,2025-02-25,Paid Search,Free,0,,,0,0.0
U003703,2025-05-29,Email,Pro,1,2025-06-05,7,0,43.64
U003704,2025-10-04,Referral,Free,0,,,0,0.0
U003705,2025-07-13,Organic Search,Basic,1,2025-07-20,7,0,29.77
U003706,2025-03-02,Organic Search,Free,0,,,0,0.0
U003707,2025-05-20,Organic Search,Pro,1,2025-05-23,3,0,71.25
U003708,2025-01-21,Organic Search,Free,0,,,0,0.0
U003709,2025-07-29,Referral,Free,0,,,0,0.0
U003710,2025-02-18,Direct,Free,0,,,0,0.0
U003711,2025-02-03,Referral,Free,0,,,0,0.0
U003712,2025-04-20,Paid Search,Enterprise,1,2025-04-28,8,1,187.4
U003713,2025-08-15,Social,Free,0,,,0,0.0
U003714,2025-08-06,Email,Basic,1,2025-08-07,1,0,35.5
U003715,2025-10-26,Direct,Basic,1,2025-10-29,3,0,30.4
U003716,2025-02-11,Email,Enterprise,1,2025-02-14,3,1,132.28
U003717,2025-03-23,Email,Free,0,,,0,0.0
U003718,2025-10-04,Email,Basic,1,2025-10-08,4,1,22.25
U003719,2025-10-01,Organic Search,Basic,1,2025-10-03,2,1,26.49
U003720,2025-09-30,Paid Search,Free,0,,,0,0.0
U003721,2025-07-27,Paid Search,Free,0,,,0,0.0
U003722,2025-10-21,Email,Free,0,,,0,0.0
U003723,2025-08-23,Social,Free,0,,,0,0.0
U003724,2025-06-12,Social,Pro,1,2025-06-18,6,0,66.17
U003725,2025-05-13,Email,Free,0,,,0,0.0
U003726,2025-05-24,Paid Search,Free,0,,,0,0.0
U003727,2025-02-24,Organic Search,Free,0,,,0,0.0
U003728,2025-05-27,Email,Free,0,,,0,0.0
U003729,2025-05-04,Email,Free,0,,,0,0.0
U003730,2025-07-13,Email,Pro,1,2025-07-16,3,1,57.58
U003731,2025-05-09,Organic Search,Free,0,,,0,0.0
U003732,2025-01-04,Paid Search,Pro,1,2025-01-09,5,1,71.06
U003733,2025-07-24,Email,Free,0,,,0,0.0
U003734,2025-09-08,Organic Search,Pro,1,2025-09-10,2,0,65.37
U003735,2025-04-01,Paid Search,Free,0,,,0,0.0
U003736,2025-09-04,Email,Basic,1,2025-09-11,7,1,19.65
U003737,2025-07-20,Referral,Free,0,,,0,0.0
U003738,2025-01-02,Referral,Free,0,,,0,0.0
U003739,2025-06-20,Referral,Free,0,,,0,0.0
U003740,2025-01-19,Paid Search,Pro,1,2025-01-27,8,0,75.52
U003741,2025-04-21,Paid Search,Free,0,,,0,0.0
U003742,2025-08-28,Paid Search,Basic,1,2025-08-31,3,1,27.08
U003743,2025-04-05,Referral,Basic,1,2025-04-07,2,0,34.13
U003744,2025-03-30,Social,Free,0,,,0,0.0
U003745,2025-06-05,Email,Free,0,,,0,0.0
U003746,2025-10-24,Paid Search,Enterprise,1,2025-10-30,6,1,283.09
U003747,2025-08-29,Organic Search,Free,0,,,0,0.0
U003748,2025-02-02,Paid Search,Pro,1,2025-02-16,14,1,67.08
U003749,2025-10-18,Paid Search,Pro,1,2025-10-26,8,0,82.29
U003750,2025-06-04,Organic Search,Free,0,,,0,0.0
U003751,2025-08-01,Organic Search,Free,0,,,0,0.0
U003752,2025-02-18,Organic Search,Free,0,,,0,0.0
U003753,2025-10-16,Direct,Pro,1,2025-10-24,8,1,57.25
U003754,2025-08-02,Paid Search,Pro,1,2025-08-05,3,1,72.36
U003755,2025-03-23,Social,Basic,1,2025-03-25,2,1,30.41
U003756,2025-04-23,Email,Free,0,,,0,0.0
U003757,2025-01-14,Social,Free,0,,,0,0.0
U003758,2025-01-31,Referral,Free,0,,,0,0.0
U003759,2025-04-12,Social,Free,0,,,0,0.0
U003760,2025-04-12,Social,Free,0,,,0,0.0
U003761,2025-06-12,Referral,Basic,1,2025-06-16,4,1,30.31
U003762,2025-05-05,Organic Search,Free,0,,,0,0.0
U003763,2025-03-28,Paid Search,Free,0,,,0,0.0
U003764,2025-02-15,Organic Search,Free,0,,,0,0.0
U003765,2025-07-09,Referral,Free,0,,,0,0.0
U003766,2025-09-29,Email,Free,0,,,0,0.0
U003767,2025-05-22,Email,Basic,1,2025-05-23,1,0,29.3
U003768,2025-04-19,Paid Search,Free,0,,,0,0.0
U003769,2025-09-23,Referral,Free,0,,,0,0.0
U003770,2025-08-02,Organic Search,Free,0,,,0,0.0
U003771,2025-02-20,Paid Search,Free,0,,,0,0.0
U003772,2025-08-16,Organic Search,Free,0,,,0,0.0
U003773,2025-08-31,Email,Free,0,,,0,0.0
U003774,2025-06-20,Referral,Pro,1,2025-06-22,2,1,48.5
U003775,2025-09-07,Direct,Free,0,,,0,0.0
U003776,2025-01-03,Direct,Free,0,,,0,0.0
U003777,2025-08-29,Paid Search,Free,0,,,0,0.0
U003778,2025-06-08,Email,Pro,1,2025-06-13,5,1,64.88
U003779,2025-08-18,Organic Search,Pro,1,2025-08-31,13,1,68.34
U003780,2025-10-16,Email,Basic,1,2025-10-19,3,1,29.65
U003781,2025-09-09,Paid Search,Free,0,,,0,0.0
U003782,2025-01-06,Email,Basic,1,2025-01-12,6,1,36.26
U003783,2025-02-17,Paid Search,Free,0,,,0,0.0
U003784,2025-06-14,Referral,Basic,1,2025-06-17,3,0,24.83
U003785,2025-07-02,Paid Search,Free,0,,,0,0.0
U003786,2025-01-30,Paid Search,Basic,1,2025-02-07,8,0,34.33
U003787,2025-05-11,Organic Search,Free,0,,,0,0.0
U003788,2025-08-01,Referral,Pro,1,2025-08-03,2,1,60.35
U003789,2025-03-29,Email,Basic,1,2025-04-04,6,1,22.74
U003790,2025-02-12,Organic Search,Free,0,,,0,0.0
U003791,2025-06-29,Paid Search,Free,0,,,0,0.0
U003792,2025-04-22,Organic Search,Free,0,,,0,0.0
U003793,2025-08-10,Organic Search,Free,0,,,0,0.0
U003794,2025-06-06,Direct,Free,0,,,0,0.0
U003795,2025-05-07,Organic Search,Free,0,,,0,0.0
U003796,2025-03-12,Email,Basic,1,2025-03-14,2,1,31.14
U003797,2025-01-19,Direct,Free,0,,,0,0.0
U003798,2025-03-19,Paid Search,Free,0,,,0,0.0
U003799,2025-01-25,Organic Search,Free,0,,,0,0.0
U003800,2025-06-05,Email,Free,0,,,0,0.0
U003801,2025-01-13,Direct,Free,0,,,0,0.0
U003802,2025-04-25,Paid Search,Free,0,,,0,0.0
U003803,2025-10-21,Social,Free,0,,,0,0.0
U003804,2025-09-22,Organic Search,Free,0,,,0,0.0
U003805,2025-04-20,Paid Search,Free,0,,,0,0.0
U003806,2025-05-20,Social,Free,0,,,0,0.0
U003807,2025-05-28,Email,Basic,1,2025-05-28,0,0,16.78
U003808,2025-02-21,Direct,Free,0,,,0,0.0
U003809,2025-01-06,Paid Search,Free,0,,,0,0.0
U003810,2025-10-15,Referral,Basic,1,2025-10-17,2,1,30.1
U003811,2025-01-05,Referral,Basic,1,2025-01-16,11,1,28.78
U003812,2025-09-03,Social,Free,0,,,0,0.0
U003813,2025-01-14,Organic Search,Pro,1,2025-01-18,4,1,86.73
U003814,2025-01-20,Paid Search,Basic,1,2025-01-28,8,0,33.06
U003815,2025-07-01,Direct,Pro,1,2025-07-05,4,0,56.83
U003816,2025-08-14,Direct,Basic,1,2025-08-19,5,0,32.07
U003817,2025-08-10,Paid Search,Free,0,,,0,0.0
U003818,2025-10-24,Paid Search,Pro,1,2025-10-28,4,0,64.89
U003819,2025-08-12,Direct,Free,0,,,0,0.0
U003820,2025-02-23,Social,Free,0,,,0,0.0
U003821,2025-10-24,Organic Search,Pro,1,2025-11-02,9,1,78.66
U003822,2025-08-22,Direct,Free,0,,,0,0.0
U003823,2025-01-29,Email,Free,0,,,0,0.0
U003824,2025-09-21,Organic Search,Free,0,,,0,0.0
U003825,2025-02-24,Email,Free,0,,,0,0.0
U003826,2025-09-30,Direct,Free,0,,,0,0.0
U003827,2025-01-09,Paid Search,Pro,1,2025-01-13,4,1,72.63
U003828,2025-06-08,Organic Search,Free,0,,,0,0.0
U003829,2025-06-16,Organic Search,Basic,1,2025-06-21,5,1,36.67
U003830,2025-08-29,Paid Search,Free,0,,,0,0.0
U003831,2025-01-13,Email,Free,0,,,0,0.0
U003832,2025-05-12,Referral,Free,0,,,0,0.0
U003833,2025-09-21,Organic Search,Free,0,,,0,0.0
U003834,2025-05-29,Paid Search,Basic,1,2025-05-30,1,0,32.25
U003835,2025-06-19,Referral,Enterprise,1,2025-06-21,2,1,185.93
U003836,2025-09-03,Social,Basic,1,2025-09-04,1,1,25.44
U003837,2025-08-21,Paid Search,Free,0,,,0,0.0
U003838,2025-06-27,Paid Search,Free,0,,,0,0.0
U003839,2025-05-11,Paid Search,Free,0,,,0,0.0
U003840,2025-04-18,Referral,Pro,1,2025-04-25,7,1,60.66
U003841,2025-04-28,Referral,Basic,1,2025-05-01,3,1,24.25
U003842,2025-02-04,Social,Enterprise,1,2025-02-07,3,1,255.29
U003843,2025-06-05,Paid Search,Free,0,,,0,0.0
U003844,2025-10-06,Referral,Basic,1,2025-10-08,2,1,37.98
U003845,2025-03-07,Email,Free,0,,,0,0.0
U003846,2025-06-16,Organic Search,Free,0,,,0,0.0
U003847,2025-04-06,Email,Pro,1,2025-04-11,5,0,65.99
U003848,2025-05-01,Organic Search,Free,0,,,0,0.0
U003849,2025-09-24,Referral,Free,0,,,0,0.0
U003850,2025-07-23,Direct,Free,0,,,0,0.0
U003851,2025-08-10,Direct,Free,0,,,0,0.0
U003852,2025-03-27,Email,Pro,1,2025-03-29,2,0,67.02
U003853,2025-02-13,Organic Search,Free,0,,,0,0.0
U003854,2025-03-20,Direct,Free,0,,,0,0.0
U003855,2025-10-12,Referral,Free,0,,,0,0.0
U003856,2025-06-07,Email,Free,0,,,0,0.0
U003857,2025-01-30,Organic Search,Free,0,,,0,0.0
U003858,2025-03-03,Email,Free,0,,,0,0.0
U003859,2025-07-18,Organic Search,Free,0,,,0,0.0
U003860,2025-01-30,Referral,Free,0,,,0,0.0
U003861,2025-03-30,Organic Search,Free,0,,,0,0.0
U003862,2025-08-27,Paid Search,Basic,1,2025-08-28,1,0,24.87
U003863,2025-10-09,Organic Search,Free,0,,,0,0.0
U003864,2025-04-27,Organic Search,Free,0,,,0,0.0
U003865,2025-01-20,Social,Free,0,,,0,0.0
U003866,2025-08-30,Direct,Free,0,,,0,0.0
U003867,2025-08-13,Organic Search,Free,0,,,0,0.0
U003868,2025-10-03,Social,Basic,1,2025-10-09,6,1,41.65
U003869,2025-10-26,Organic Search,Pro,1,2025-10-28,2,1,71.22
U003870,2025-01-29,Email,Free,0,,,0,0.0
U003871,2025-02-11,Email,Free,0,,,0,0.0
U003872,2025-02-08,Organic Search,Free,0,,,0,0.0
U003873,2025-06-02,Organic Search,Free,0,,,0,0.0
U003874,2025-10-27,Organic Search,Free,0,,,0,0.0
U003875,2025-01-30,Paid Search,Basic,1,2025-02-02,3,0,27.84
U003876,2025-04-08,Direct,Pro,1,2025-04-14,6,0,68.46
U003877,2025-07-24,Direct,Free,0,,,0,0.0
U003878,2025-02-10,Social,Basic,1,2025-02-14,4,0,29.77
U003879,2025-04-11,Social,Free,0,,,0,0.0
U003880,2025-09-25,Organic Search,Free,0,,,0,0.0
U003881,2025-08-08,Organic Search,Free,0,,,0,0.0
U003882,2025-08-25,Social,Free,0,,,0,0.0
U003883,2025-07-14,Organic Search,Free,0,,,0,0.0
U003884,2025-06-25,Referral,Free,0,,,0,0.0
U003885,2025-09-07,Email,Basic,1,2025-09-17,10,0,28.24
U003886,2025-09-08,Referral,Free,0,,,0,0.0
U003887,2025-01-12,Organic Search,Basic,1,2025-01-14,2,0,24.4
U003888,2025-02-28,Social,Free,0,,,0,0.0
U003889,2025-01-03,Referral,Free,0,,,0,0.0
U003890,2025-06-20,Direct,Free,0,,,0,0.0
U003891,2025-02-18,Referral,Basic,1,2025-02-21,3,0,23.11
U003892,2025-10-21,Social,Free,0,,,0,0.0
U003893,2025-01-03,Organic Search,Free,0,,,0,0.0
U003894,2025-02-17,Referral,Basic,1,2025-02-20,3,1,32.98
U003895,2025-07-01,Paid Search,Basic,1,2025-07-03,2,1,29.9
U003896,2025-07-15,Paid Search,Free,0,,,0,0.0
U003897,2025-03-03,Referral,Basic,1,2025-03-09,6,1,22.32
U003898,2025-08-22,Referral,Free,0,,,0,0.0
U003899,2025-10-04,Organic Search,Free,0,,,0,0.0
U003900,2025-01-14,Organic Search,Free,0,,,0,0.0
U003901,2025-01-02,Paid Search,Free,0,,,0,0.0
U003902,2025-01-08,Email,Basic,1,2025-01-15,7,0,31.88
U003903,2025-10-03,Direct,Free,0,,,0,0.0
U003904,2025-03-11,Organic Search,Free,0,,,0,0.0
U003905,2025-07-08,Direct,Basic,1,2025-07-17,9,0,27.86
U003906,2025-08-19,Email,Free,0,,,0,0.0
U003907,2025-03-17,Paid Search,Free,0,,,0,0.0
U003908,2025-05-29,Direct,Basic,1,2025-05-31,2,0,25.43
U003909,2025-05-15,Organic Search,Free,0,,,0,0.0
U003910,2025-08-25,Organic Search,Pro,1,2025-08-27,2,0,70.43
U003911,2025-05-25,Organic Search,Basic,1,2025-05-29,4,1,22.35
U003912,2025-02-23,Organic Search,Free,0,,,0,0.0
U003913,2025-08-18,Social,Free,0,,,0,0.0
U003914,2025-04-23,Organic Search,Basic,1,2025-04-24,1,0,37.04
U003915,2025-01-14,Paid Search,Pro,1,2025-01-21,7,1,46.99
U003916,2025-04-22,Paid Search,Free,0,,,0,0.0
U003917,2025-09-19,Direct,Pro,1,2025-09-21,2,0,50.7
U003918,2025-06-03,Organic Search,Free,0,,,0,0.0
U003919,2025-02-12,Email,Free,0,,,0,0.0
U003920,2025-07-24,Organic Search,Pro,1,2025-07-27,3,1,71.72
U003921,2025-07-05,Referral,Pro,1,2025-07-08,3,1,65.25
U003922,2025-04-13,Organic Search,Free,0,,,0,0.0
U003923,2025-01-24,Paid Search,Free,0,,,0,0.0
U003924,2025-06-09,Organic Search,Basic,1,2025-06-23,14,1,29.36
U003925,2025-02-09,Referral,Free,0,,,0,0.0
U003926,2025-03-27,Referral,Free,0,,,0,0.0
U003927,2025-05-28,Referral,Free,0,,,0,0.0
U003928,2025-07-08,Paid Search,Free,0,,,0,0.0
U003929,2025-06-29,Organic Search,Free,0,,,0,0.0
U003930,2025-02-20,Paid Search,Basic,1,2025-02-26,6,1,23.78
U003931,2025-05-08,Organic Search,Pro,1,2025-05-15,7,1,85.04
U003932,2025-10-14,Organic Search,Free,0,,,0,0.0
U003933,2025-05-02,Paid Search,Basic,1,2025-05-09,7,0,29.9
U003934,2025-01-12,Organic Search,Free,0,,,0,0.0
U003935,2025-06-26,Email,Free,0,,,0,0.0
U003936,2025-05-20,Social,Free,0,,,0,0.0
U003937,2025-07-14,Social,Free,0,,,0,0.0
U003938,2025-07-15,Organic Search,Free,0,,,0,0.0
U003939,2025-08-11,Organic Search,Free,0,,,0,0.0
U003940,2025-05-07,Organic Search,Free,0,,,0,0.0
U003941,2025-04-28,Paid Search,Free,0,,,0,0.0
U003942,2025-04-20,Social,Free,0,,,0,0.0
U003943,2025-02-27,Referral,Enterprise,1,2025-03-01,2,1,227.76
U003944,2025-07-10,Referral,Basic,1,2025-07-11,1,1,30.77
U003945,2025-10-03,Organic Search,Free,0,,,0,0.0
U003946,2025-04-13,Paid Search,Free,0,,,0,0.0
U003947,2025-03-02,Direct,Free,0,,,0,0.0
U003948,2025-07-27,Organic Search,Basic,1,2025-07-28,1,0,36.57
U003949,2025-03-20,Paid Search,Free,0,,,0,0.0
U003950,2025-02-25,Email,Free,0,,,0,0.0
U003951,2025-05-24,Email,Free,0,,,0,0.0
U003952,2025-05-09,Referral,Free,0,,,0,0.0
U003953,2025-07-15,Direct,Free,0,,,0,0.0
U003954,2025-08-04,Organic Search,Free,0,,,0,0.0
U003955,2025-03-23,Organic Search,Free,0,,,0,0.0
U003956,2025-10-05,Organic Search,Free,0,,,0,0.0
U003957,2025-04-24,Email,Free,0,,,0,0.0
U003958,2025-01-18,Social,Free,0,,,0,0.0
U003959,2025-04-09,Social,Free,0,,,0,0.0
U003960,2025-02-02,Paid Search,Free,0,,,0,0.0
U003961,2025-06-15,Paid Search,Basic,1,2025-06-27,12,0,33.9
U003962,2025-06-21,Paid Search,Basic,1,2025-06-25,4,0,22.58
U003963,2025-09-04,Organic Search,Free,0,,,0,0.0
U003964,2025-02-10,Email,Basic,1,2025-02-10,0,1,27.37
U003965,2025-10-25,Direct,Basic,1,2025-11-01,7,1,27.81
U003966,2025-06-11,Organic Search,Basic,1,2025-06-14,3,1,28.38
U003967,2025-07-30,Organic Search,Free,0,,,0,0.0
U003968,2025-08-29,Organic Search,Free,0,,,0,0.0
U003969,2025-09-22,Social,Free,0,,,0,0.0
U003970,2025-09-01,Email,Free,0,,,0,0.0
U003971,2025-10-21,Social,Free,0,,,0,0.0
U003972,2025-07-25,Organic Search,Free,0,,,0,0.0
U003973,2025-04-12,Social,Free,0,,,0,0.0
U003974,2025-01-03,Paid Search,Free,0,,,0,0.0
U003975,2025-04-19,Social,Free,0,,,0,0.0
U003976,2025-06-14,Email,Pro,1,2025-06-17,3,1,91.2
U003977,2025-10-18,Social,Free,0,,,0,0.0
U003978,2025-02-26,Organic Search,Free,0,,,0,0.0
U003979,2025-05-28,Organic Search,Free,0,,,0,0.0
U003980,2025-06-11,Referral,Free,0,,,0,0.0
U003981,2025-03-17,Organic Search,Free,0,,,0,0.0
U003982,2025-10-10,Organic Search,Free,0,,,0,0.0
U003983,2025-08-06,Referral,Free,0,,,0,0.0
U003984,2025-07-22,Email,Basic,1,2025-07-24,2,0,33.48
U003985,2025-06-15,Email,Free,0,,,0,0.0
U003986,2025-10-04,Organic Search,Free,0,,,0,0.0
U003987,2025-01-05,Social,Free,0,,,0,0.0
U003988,2025-02-24,Email,Free,0,,,0,0.0
U003989,2025-09-08,Direct,Free,0,,,0,0.0
U003990,2025-03-29,Referral,Free,0,,,0,0.0
U003991,2025-09-09,Organic Search,Basic,1,2025-09-13,4,1,21.12
U003992,2025-09-29,Direct,Free,0,,,0,0.0
U003993,2025-05-01,Paid Search,Free,0,,,0,0.0
U003994,2025-07-16,Referral,Free,0,,,0,0.0
U003995,2025-10-20,Email,Free,0,,,0,0.0
U003996,2025-05-16,Social,Free,0,,,0,0.0
U003997,2025-07-01,Social,Free,0,,,0,0.0
U003998,2025-05-03,Direct,Enterprise,1,2025-05-05,2,0,202.19
U003999,2025-01-21,Direct,Free,0,,,0,0.0
U004000,2025-07-24,Organic Search,Pro,1,2025-07-29,5,1,57.07
U004001,2025-08-11,Social,Free,0,,,0,0.0
U004002,2025-06-26,Referral,Free,0,,,0,0.0
U004003,2025-04-07,Organic Search,Free,0,,,0,0.0
U004004,2025-08-25,Organic Search,Free,0,,,0,0.0
U004005,2025-01-02,Organic Search,Pro,1,2025-01-07,5,1,62.44
U004006,2025-03-26,Direct,Pro,1,2025-04-08,13,1,72.45
U004007,2025-07-02,Organic Search,Free,0,,,0,0.0
U004008,2025-10-04,Organic Search,Free,0,,,0,0.0
U004009,2025-03-06,Organic Search,Pro,1,2025-03-15,9,0,74.03
U004010,2025-08-22,Organic Search,Pro,1,2025-08-26,4,1,52.6
U004011,2025-06-23,Direct,Free,0,,,0,0.0
U004012,2025-05-26,Social,Free,0,,,0,0.0
U004013,2025-09-03,Referral,Free,0,,,0,0.0
U004014,2025-06-12,Organic Search,Basic,1,2025-06-17,5,0,28.19
U004015,2025-06-02,Direct,Free,0,,,0,0.0
U004016,2025-08-22,Organic Search,Pro,1,2025-08-28,6,1,77.83
U004017,2025-02-08,Organic Search,Free,0,,,0,0.0
U004018,2025-05-16,Referral,Free,0,,,0,0.0
U004019,2025-05-05,Email,Free,0,,,0,0.0
U004020,2025-06-11,Organic Search,Free,0,,,0,0.0
U004021,2025-06-05,Social,Free,0,,,0,0.0
U004022,2025-04-02,Referral,Free,0,,,0,0.0
U004023,2025-04-27,Paid Search,Free,0,,,0,0.0
U004024,2025-02-12,Paid Search,Free,0,,,0,0.0
U004025,2025-05-05,Email,Basic,1,2025-05-07,2,0,36.75
U004026,2025-04-16,Paid Search,Free,0,,,0,0.0
U004027,2025-04-03,Referral,Free,0,,,0,0.0
U004028,2025-06-19,Direct,Free,0,,,0,0.0
U004029,2025-07-20,Email,Basic,1,2025-07-23,3,1,32.37
U004030,2025-07-15,Referral,Free,0,,,0,0.0
U004031,2025-02-03,Email,Free,0,,,0,0.0
U004032,2025-06-10,Social,Free,0,,,0,0.0
U004033,2025-02-04,Organic Search,Free,0,,,0,0.0
U004034,2025-03-29,Referral,Enterprise,1,2025-03-30,1,1,250.8
U004035,2025-09-25,Organic Search,Free,0,,,0,0.0
U004036,2025-06-06,Social,Free,0,,,0,0.0
U004037,2025-01-10,Email,Basic,1,2025-01-11,1,0,31.87
U004038,2025-08-25,Referral,Free,0,,,0,0.0
U004039,2025-06-20,Email,Basic,1,2025-06-21,1,0,30.52
U004040,2025-02-18,Paid Search,Free,0,,,0,0.0
U004041,2025-10-25,Paid Search,Basic,1,2025-10-27,2,1,36.24
U004042,2025-05-24,Organic Search,Pro,1,2025-05-30,6,1,83.5
U004043,2025-04-13,Email,Free,0,,,0,0.0
U004044,2025-05-08,Paid Search,Free,0,,,0,0.0
U004045,2025-03-18,Direct,Basic,1,2025-03-24,6,0,29.22
U004046,2025-05-19,Referral,Free,0,,,0,0.0
U004047,2025-04-08,Organic Search,Free,0,,,0,0.0
U004048,2025-10-18,Referral,Enterprise,1,2025-10-25,7,1,194.99
U004049,2025-04-09,Organic Search,Free,0,,,0,0.0
U004050,2025-07-21,Paid Search,Free,0,,,0,0.0
U004051,2025-05-20,Paid Search,Free,0,,,0,0.0
U004052,2025-07-12,Direct,Free,0,,,0,0.0
U004053,2025-09-11,Paid Search,Free,0,,,0,0.0
U004054,2025-01-09,Direct,Free,0,,,0,0.0
U004055,2025-02-15,Email,Free,0,,,0,0.0
U004056,2025-04-18,Referral,Free,0,,,0,0.0
U004057,2025-07-03,Paid Search,Pro,1,2025-07-09,6,0,71.51
U004058,2025-02-15,Paid Search,Free,0,,,0,0.0
U004059,2025-08-20,Organic Search,Basic,1,2025-08-22,2,1,24.03
U004060,2025-05-08,Social,Pro,1,2025-05-12,4,1,84.25
U004061,2025-09-11,Email,Free,0,,,0,0.0
U004062,2025-05-01,Organic Search,Free,0,,,0,0.0
U004063,2025-01-28,Direct,Pro,1,2025-01-29,1,1,92.74
U004064,2025-08-16,Referral,Free,0,,,0,0.0
U004065,2025-03-13,Referral,Free,0,,,0,0.0
U004066,2025-06-06,Referral,Free,0,,,0,0.0
U004067,2025-07-06,Organic Search,Free,0,,,0,0.0
U004068,2025-07-23,Organic Search,Pro,1,2025-07-26,3,1,55.75
U004069,2025-02-28,Organic Search,Free,0,,,0,0.0
U004070,2025-06-01,Social,Free,0,,,0,0.0
U004071,2025-04-07,Referral,Free,0,,,0,0.0
U004072,2025-06-03,Organic Search,Pro,1,2025-06-05,2,1,58.69
U004073,2025-01-23,Organic Search,Free,0,,,0,0.0
U004074,2025-02-01,Organic Search,Free,0,,,0,0.0
U004075,2025-03-25,Direct,Free,0,,,0,0.0
U004076,2025-09-05,Email,Enterprise,1,2025-09-06,1,1,213.32
U004077,2025-06-28,Paid Search,Basic,1,2025-07-03,5,0,33.24
U004078,2025-08-22,Social,Free,0,,,0,0.0
U004079,2025-07-05,Organic Search,Free,0,,,0,0.0
U004080,2025-04-26,Email,Enterprise,1,2025-05-04,8,1,232.41
U004081,2025-05-26,Social,Free,0,,,0,0.0
U004082,2025-02-25,Paid Search,Free,0,,,0,0.0
U004083,2025-02-22,Email,Free,0,,,0,0.0
U004084,2025-09-12,Referral,Free,0,,,0,0.0
U004085,2025-03-04,Email,Free,0,,,0,0.0
U004086,2025-03-13,Organic Search,Basic,1,2025-03-20,7,1,39.89
U004087,2025-09-05,Organic Search,Free,0,,,0,0.0
U004088,2025-02-15,Paid Search,Basic,1,2025-02-18,3,1,28.64
U004089,2025-04-03,Social,Basic,1,2025-04-04,1,0,27.33
U004090,2025-04-16,Organic Search,Enterprise,1,2025-04-27,11,1,186.84
U004091,2025-06-27,Paid Search,Basic,1,2025-06-29,2,0,24.42
U004092,2025-02-06,Direct,Free,0,,,0,0.0
U004093,2025-01-02,Social,Pro,1,2025-01-04,2,0,70.0
U004094,2025-03-30,Organic Search,Basic,1,2025-04-03,4,1,26.44
U004095,2025-04-20,Direct,Basic,1,2025-04-24,4,1,28.29
U004096,2025-01-19,Organic Search,Free,0,,,0,0.0
U004097,2025-08-12,Organic Search,Free,0,,,0,0.0
U004098,2025-10-16,Direct,Free,0,,,0,0.0
U004099,2025-03-22,Direct,Free,0,,,0,0.0
U004100,2025-05-30,Organic Search,Pro,1,2025-06-02,3,0,47.61
U004101,2025-05-17,Email,Enterprise,1,2025-05-23,6,1,196.94
U004102,2025-10-05,Paid Search,Basic,1,2025-10-09,4,0,36.47
U004103,2025-03-13,Referral,Free,0,,,0,0.0
U004104,2025-03-02,Organic Search,Free,0,,,0,0.0
U004105,2025-09-02,Referral,Free,0,,,0,0.0
U004106,2025-10-11,Email,Free,0,,,0,0.0
U004107,2025-09-11,Referral,Free,0,,,0,0.0
U004108,2025-09-02,Organic Search,Free,0,,,0,0.0
U004109,2025-10-02,Referral,Free,0,,,0,0.0
U004110,2025-05-06,Email,Free,0,,,0,0.0
U004111,2025-06-05,Email,Free,0,,,0,0.0
U004112,2025-07-10,Email,Pro,1,2025-07-12,2,1,65.39
U004113,2025-05-16,Email,Basic,1,2025-05-24,8,1,36.31
U004114,2025-04-26,Organic Search,Free,0,,,0,0.0
U004115,2025-09-13,Email,Basic,1,2025-09-15,2,1,28.65
U004116,2025-08-18,Organic Search,Free,0,,,0,0.0
U004117,2025-06-24,Social,Free,0,,,0,0.0
U004118,2025-01-19,Paid Search,Basic,1,2025-01-20,1,1,30.5
U004119,2025-03-21,Referral,Free,0,,,0,0.0
U004120,2025-06-30,Organic Search,Free,0,,,0,0.0
U004121,2025-06-24,Paid Search,Basic,1,2025-06-25,1,0,28.17
U004122,2025-01-07,Email,Free,0,,,0,0.0
U004123,2025-08-26,Referral,Free,0,,,0,0.0
U004124,2025-01-06,Email,Free,0,,,0,0.0
U004125,2025-07-23,Email,Free,0,,,0,0.0
U004126,2025-05-24,Social,Free,0,,,0,0.0
U004127,2025-03-08,Paid Search,Free,0,,,0,0.0
U004128,2025-06-16,Organic Search,Free,0,,,0,0.0
U004129,2025-10-04,Email,Free,0,,,0,0.0
U004130,2025-02-17,Direct,Basic,1,2025-02-21,4,1,31.55
U004131,2025-04-22,Email,Free,0,,,0,0.0
U004132,2025-03-09,Paid Search,Free,0,,,0,0.0
U004133,2025-10-02,Email,Free,0,,,0,0.0
U004134,2025-05-08,Paid Search,Basic,1,2025-05-13,5,1,25.15
U004135,2025-05-29,Organic Search,Free,0,,,0,0.0
U004136,2025-09-17,Referral,Basic,1,2025-09-20,3,0,36.34
U004137,2025-10-20,Email,Free,0,,,0,0.0
U004138,2025-01-24,Email,Basic,1,2025-01-30,6,0,30.99
U004139,2025-01-17,Social,Free,0,,,0,0.0
U004140,2025-05-27,Social,Enterprise,1,2025-06-10,14,1,249.04
U004141,2025-09-20,Direct,Basic,1,2025-09-22,2,0,21.41
U004142,2025-09-13,Email,Free,0,,,0,0.0
U004143,2025-06-12,Email,Free,0,,,0,0.0
U004144,2025-05-31,Social,Free,0,,,0,0.0
U004145,2025-07-17,Direct,Free,0,,,0,0.0
U004146,2025-09-21,Paid Search,Basic,1,2025-09-27,6,1,25.68
U004147,2025-02-14,Email,Free,0,,,0,0.0
U004148,2025-04-27,Email,Free,0,,,0,0.0
U004149,2025-02-16,Paid Search,Free,0,,,0,0.0
U004150,2025-05-16,Referral,Free,0,,,0,0.0
U004151,2025-06-23,Referral,Basic,1,2025-06-26,3,1,29.17
U004152,2025-08-15,Organic Search,Free,0,,,0,0.0
U004153,2025-04-02,Paid Search,Enterprise,1,2025-04-07,5,1,152.28
U004154,2025-08-23,Organic Search,Free,0,,,0,0.0
U004155,2025-02-14,Direct,Free,0,,,0,0.0
U004156,2025-10-09,Social,Free,0,,,0,0.0
U004157,2025-01-29,Paid Search,Free,0,,,0,0.0
U004158,2025-07-02,Organic Search,Enterprise,1,2025-07-05,3,1,257.99
U004159,2025-02-25,Organic Search,Free,0,,,0,0.0
U004160,2025-01-12,Organic Search,Pro,1,2025-01-17,5,1,56.87
U004161,2025-07-26,Social,Free,0,,,0,0.0
U004162,2025-07-25,Direct,Free,0,,,0,0.0
U004163,2025-05-26,Paid Search,Free,0,,,0,0.0
U004164,2025-02-27,Organic Search,Free,0,,,0,0.0
U004165,2025-01-23,Referral,Free,0,,,0,0.0
U004166,2025-05-06,Referral,Free,0,,,0,0.0
U004167,2025-01-02,Referral,Free,0,,,0,0.0
U004168,2025-01-05,Organic Search,Free,0,,,0,0.0
U004169,2025-02-05,Paid Search,Free,0,,,0,0.0
U004170,2025-05-13,Organic Search,Free,0,,,0,0.0
U004171,2025-08-25,Paid Search,Free,0,,,0,0.0
U004172,2025-01-09,Organic Search,Enterprise,1,2025-01-14,5,1,175.25
U004173,2025-03-19,Organic Search,Free,0,,,0,0.0
U004174,2025-09-20,Organic Search,Free,0,,,0,0.0
U004175,2025-09-22,Social,Free,0,,,0,0.0
U004176,2025-01-12,Referral,Free,0,,,0,0.0
U004177,2025-08-06,Paid Search,Free,0,,,0,0.0
U004178,2025-02-01,Referral,Pro,1,2025-02-02,1,1,41.16
U004179,2025-06-23,Referral,Free,0,,,0,0.0
U004180,2025-01-04,Organic Search,Free,0,,,0,0.0
U004181,2025-02-18,Organic Search,Free,0,,,0,0.0
U004182,2025-06-02,Email,Enterprise,1,2025-06-05,3,1,202.28
U004183,2025-10-09,Direct,Basic,1,2025-10-17,8,1,31.81
U004184,2025-07-29,Organic Search,Free,0,,,0,0.0
U004185,2025-07-03,Paid Search,Free,0,,,0,0.0
U004186,2025-03-16,Paid Search,Free,0,,,0,0.0
U004187,2025-04-14,Paid Search,Basic,1,2025-04-16,2,0,21.67
U004188,2025-09-26,Email,Free,0,,,0,0.0
U004189,2025-07-21,Referral,Free,0,,,0,0.0
U004190,2025-08-12,Email,Pro,1,2025-08-18,6,1,67.23
U004191,2025-08-24,Paid Search,Free,0,,,0,0.0
U004192,2025-05-21,Direct,Basic,1,2025-05-21,0,0,25.38
U004193,2025-06-18,Organic Search,Free,0,,,0,0.0
U004194,2025-04-11,Referral,Free,0,,,0,0.0
U004195,2025-10-09,Email,Free,0,,,0,0.0
U004196,2025-04-14,Paid Search,Free,0,,,0,0.0
U004197,2025-01-28,Organic Search,Pro,1,2025-02-01,4,1,54.82
U004198,2025-07-01,Direct,Free,0,,,0,0.0
U004199,2025-03-25,Social,Free,0,,,0,0.0
U004200,2025-04-24,Organic Search,Free,0,,,0,0.0
U004201,2025-10-05,Direct,Free,0,,,0,0.0
U004202,2025-03-26,Referral,Free,0,,,0,0.0
U004203,2025-09-24,Paid Search,Pro,1,2025-09-29,5,1,72.94
U004204,2025-03-31,Email,Free,0,,,0,0.0
U004205,2025-04-22,Email,Pro,1,2025-04-27,5,0,59.86
U004206,2025-08-22,Social,Free,0,,,0,0.0
U004207,2025-03-22,Email,Free,0,,,0,0.0
U004208,2025-03-26,Direct,Free,0,,,0,0.0
U004209,2025-07-05,Email,Basic,1,2025-07-10,5,0,30.55
U004210,2025-10-26,Social,Basic,1,2025-11-02,7,1,33.36
U004211,2025-09-15,Email,Free,0,,,0,0.0
U004212,2025-02-05,Social,Free,0,,,0,0.0
U004213,2025-01-02,Paid Search,Free,0,,,0,0.0
U004214,2025-04-10,Organic Search,Free,0,,,0,0.0
U004215,2025-10-10,Organic Search,Basic,1,2025-10-10,0,1,30.79
U004216,2025-09-08,Social,Basic,1,2025-09-08,0,0,31.97
U004217,2025-08-17,Organic Search,Free,0,,,0,0.0
U004218,2025-01-25,Referral,Free,0,,,0,0.0
U004219,2025-02-03,Referral,Free,0,,,0,0.0
U004220,2025-05-15,Organic Search,Free,0,,,0,0.0
U004221,2025-02-20,Paid Search,Free,0,,,0,0.0
U004222,2025-08-24,Email,Free,0,,,0,0.0
U004223,2025-10-25,Email,Enterprise,1,2025-10-26,1,1,197.41
U004224,2025-06-20,Referral,Free,0,,,0,0.0
U004225,2025-09-21,Paid Search,Basic,1,2025-09-25,4,0,31.53
U004226,2025-01-16,Organic Search,Basic,1,2025-01-18,2,0,27.8
U004227,2025-07-13,Organic Search,Pro,1,2025-07-15,2,0,65.27
U004228,2025-01-12,Referral,Free,0,,,0,0.0
U004229,2025-01-11,Referral,Free,0,,,0,0.0
U004230,2025-07-28,Organic Search,Free,0,,,0,0.0
U004231,2025-08-15,Direct,Free,0,,,0,0.0
U004232,2025-03-06,Organic Search,Free,0,,,0,0.0
U004233,2025-07-13,Direct,Free,0,,,0,0.0
U004234,2025-01-26,Email,Free,0,,,0,0.0
U004235,2025-06-25,Email,Free,0,,,0,0.0
U004236,2025-09-27,Social,Free,0,,,0,0.0
U004237,2025-06-21,Referral,Free,0,,,0,0.0
U004238,2025-09-21,Social,Free,0,,,0,0.0
U004239,2025-08-14,Referral,Basic,1,2025-08-18,4,1,24.8
U004240,2025-08-14,Social,Basic,1,2025-08-20,6,1,28.06
U004241,2025-01-12,Referral,Basic,1,2025-01-19,7,1,28.14
U004242,2025-10-26,Organic Search,Basic,1,2025-10-31,5,1,27.18
U004243,2025-03-13,Paid Search,Basic,1,2025-03-14,1,0,31.45
U004244,2025-02-06,Email,Free,0,,,0,0.0
U004245,2025-02-15,Organic Search,Free,0,,,0,0.0
U004246,2025-05-20,Organic Search,Free,0,,,0,0.0
U004247,2025-04-12,Social,Free,0,,,0,0.0
U004248,2025-10-21,Referral,Free,0,,,0,0.0
U004249,2025-09-20,Email,Free,0,,,0,0.0
U004250,2025-02-18,Direct,Pro,1,2025-02-20,2,1,64.91
U004251,2025-02-26,Direct,Free,0,,,0,0.0
U004252,2025-01-18,Organic Search,Free,0,,,0,0.0
U004253,2025-01-17,Referral,Free,0,,,0,0.0
U004254,2025-09-10,Paid Search,Free,0,,,0,0.0
U004255,2025-01-11,Organic Search,Free,0,,,0,0.0
U004256,2025-10-10,Referral,Free,0,,,0,0.0
U004257,2025-08-23,Organic Search,Pro,1,2025-08-24,1,1,58.19
U004258,2025-03-01,Paid Search,Basic,1,2025-03-08,7,1,31.72
U004259,2025-02-21,Social,Free,0,,,0,0.0
U004260,2025-01-15,Direct,Free,0,,,0,0.0
U004261,2025-03-23,Email,Free,0,,,0,0.0
U004262,2025-09-12,Referral,Free,0,,,0,0.0
U004263,2025-09-19,Direct,Free,0,,,0,0.0
U004264,2025-03-05,Paid Search,Free,0,,,0,0.0
U004265,2025-01-15,Organic Search,Free,0,,,0,0.0
U004266,2025-07-23,Organic Search,Free,0,,,0,0.0
U004267,2025-10-14,Organic Search,Basic,1,2025-10-26,12,0,25.88
U004268,2025-10-15,Paid Search,Pro,1,2025-10-18,3,0,68.97
U004269,2025-05-04,Paid Search,Free,0,,,0,0.0
U004270,2025-05-06,Organic Search,Free,0,,,0,0.0
U004271,2025-07-02,Email,Free,0,,,0,0.0
U004272,2025-09-23,Referral,Free,0,,,0,0.0
U004273,2025-09-15,Paid Search,Basic,1,2025-09-19,4,1,26.21
U004274,2025-03-19,Social,Free,0,,,0,0.0
U004275,2025-10-11,Referral,Free,0,,,0,0.0
U004276,2025-02-10,Email,Free,0,,,0,0.0
U004277,2025-06-17,Email,Free,0,,,0,0.0
U004278,2025-02-26,Referral,Enterprise,1,2025-03-02,4,1,225.88
U004279,2025-09-11,Paid Search,Free,0,,,0,0.0
U004280,2025-07-04,Email,Free,0,,,0,0.0
U004281,2025-04-03,Organic Search,Free,0,,,0,0.0
U004282,2025-02-21,Social,Basic,1,2025-02-23,2,1,34.59
U004283,2025-05-10,Email,Free,0,,,0,0.0
U004284,2025-10-25,Paid Search,Free,0,,,0,0.0
U004285,2025-06-30,Referral,Basic,1,2025-07-03,3,1,32.01
U004286,2025-01-21,Social,Free,0,,,0,0.0
U004287,2025-03-11,Social,Free,0,,,0,0.0
U004288,2025-06-24,Referral,Free,0,,,0,0.0
U004289,2025-08-24,Social,Basic,1,2025-08-29,5,1,26.74
U004290,2025-09-02,Direct,Free,0,,,0,0.0
U004291,2025-09-04,Social,Free,0,,,0,0.0
U004292,2025-01-27,Paid Search,Pro,1,2025-01-31,4,1,68.43
U004293,2025-01-21,Social,Free,0,,,0,0.0
U004294,2025-04-07,Email,Free,0,,,0,0.0
U004295,2025-01-22,Organic Search,Free,0,,,0,0.0
U004296,2025-08-13,Organic Search,Free,0,,,0,0.0
U004297,2025-10-23,Email,Basic,1,2025-11-04,12,0,28.31
U004298,2025-03-28,Organic Search,Enterprise,1,2025-03-30,2,1,263.54
U004299,2025-09-11,Organic Search,Free,0,,,0,0.0
U004300,2025-07-11,Direct,Free,0,,,0,0.0
U004301,2025-08-29,Social,Free,0,,,0,0.0
U004302,2025-04-06,Email,Free,0,,,0,0.0
U004303,2025-05-14,Direct,Free,0,,,0,0.0
U004304,2025-07-01,Social,Basic,1,2025-07-06,5,0,28.92
U004305,2025-05-18,Organic Search,Free,0,,,0,0.0
U004306,2025-06-13,Social,Free,0,,,0,0.0
U004307,2025-02-12,Email,Free,0,,,0,0.0
U004308,2025-07-20,Referral,Free,0,,,0,0.0
U004309,2025-03-02,Paid Search,Free,0,,,0,0.0
U004310,2025-07-15,Paid Search,Free,0,,,0,0.0
U004311,2025-09-04,Organic Search,Free,0,,,0,0.0
U004312,2025-10-14,Direct,Free,0,,,0,0.0
U004313,2025-02-21,Organic Search,Free,0,,,0,0.0
U004314,2025-04-19,Organic Search,Free,0,,,0,0.0
U004315,2025-08-08,Referral,Basic,1,2025-08-12,4,1,31.38
U004316,2025-08-23,Paid Search,Free,0,,,0,0.0
U004317,2025-04-16,Organic Search,Free,0,,,0,0.0
U004318,2025-08-27,Organic Search,Free,0,,,0,0.0
U004319,2025-05-14,Direct,Free,0,,,0,0.0
U004320,2025-10-25,Paid Search,Free,0,,,0,0.0
U004321,2025-09-09,Organic Search,Free,0,,,0,0.0
U004322,2025-04-17,Referral,Free,0,,,0,0.0
U004323,2025-06-24,Paid Search,Pro,1,2025-06-26,2,1,54.13
U004324,2025-06-24,Organic Search,Free,0,,,0,0.0
U004325,2025-01-09,Referral,Basic,1,2025-01-11,2,0,29.07
U004326,2025-10-03,Referral,Basic,1,2025-10-13,10,1,26.54
U004327,2025-03-26,Referral,Pro,1,2025-04-02,7,1,87.57
U004328,2025-09-09,Social,Free,0,,,0,0.0
U004329,2025-03-26,Paid Search,Free,0,,,0,0.0
U004330,2025-06-07,Organic Search,Pro,1,2025-06-17,10,1,69.52
U004331,2025-06-23,Referral,Pro,1,2025-06-24,1,0,66.91
U004332,2025-09-09,Social,Free,0,,,0,0.0
U004333,2025-04-15,Referral,Free,0,,,0,0.0
U004334,2025-04-09,Organic Search,Basic,1,2025-04-13,4,0,37.67
U004335,2025-09-15,Social,Free,0,,,0,0.0
U004336,2025-01-05,Paid Search,Basic,1,2025-01-07,2,0,25.15
U004337,2025-05-05,Organic Search,Basic,1,2025-05-10,5,1,26.07
U004338,2025-04-12,Organic Search,Pro,1,2025-04-15,3,0,59.04
U004339,2025-01-29,Paid Search,Free,0,,,0,0.0
U004340,2025-01-23,Social,Free,0,,,0,0.0
U004341,2025-08-14,Direct,Basic,1,2025-08-29,15,0,23.64
U004342,2025-05-12,Organic Search,Free,0,,,0,0.0
U004343,2025-10-19,Paid Search,Basic,1,2025-10-20,1,0,32.41
U004344,2025-04-18,Organic Search,Free,0,,,0,0.0
U004345,2025-04-11,Social,Free,0,,,0,0.0
U004346,2025-02-05,Email,Free,0,,,0,0.0
U004347,2025-03-23,Email,Pro,1,2025-03-25,2,1,55.44
U004348,2025-06-09,Email,Free,0,,,0,0.0
U004349,2025-10-21,Referral,Free,0,,,0,0.0
U004350,2025-01-30,Email,Free,0,,,0,0.0
U004351,2025-07-24,Email,Free,0,,,0,0.0
U004352,2025-04-19,Social,Pro,1,2025-04-24,5,1,78.37
U004353,2025-04-17,Referral,Free,0,,,0,0.0
U004354,2025-09-23,Email,Free,0,,,0,0.0
U004355,2025-10-02,Paid Search,Basic,1,2025-10-09,7,0,30.32
U004356,2025-04-30,Referral,Free,0,,,0,0.0
U004357,2025-05-04,Email,Free,0,,,0,0.0
U004358,2025-09-17,Paid Search,Free,0,,,0,0.0
U004359,2025-05-19,Paid Search,Free,0,,,0,0.0
U004360,2025-08-02,Direct,Pro,1,2025-08-03,1,1,88.24
U004361,2025-09-06,Email,Free,0,,,0,0.0
U004362,2025-10-12,Paid Search,Free,0,,,0,0.0
U004363,2025-04-08,Email,Free,0,,,0,0.0
U004364,2025-01-23,Paid Search,Free,0,,,0,0.0
U004365,2025-07-24,Paid Search,Free,0,,,0,0.0
U004366,2025-05-16,Email,Free,0,,,0,0.0
U004367,2025-02-01,Email,Free,0,,,0,0.0
U004368,2025-09-14,Organic Search,Free,0,,,0,0.0
U004369,2025-10-19,Social,Basic,1,2025-10-21,2,0,25.32
U004370,2025-06-05,Organic Search,Free,0,,,0,0.0
U004371,2025-02-10,Organic Search,Free,0,,,0,0.0
U004372,2025-09-03,Social,Free,0,,,0,0.0
U004373,2025-10-18,Social,Free,0,,,0,0.0
U004374,2025-03-25,Organic Search,Free,0,,,0,0.0
U004375,2025-05-02,Paid Search,Enterprise,1,2025-05-07,5,1,241.45
U004376,2025-10-20,Referral,Basic,1,2025-10-29,9,1,27.44
U004377,2025-08-10,Organic Search,Free,0,,,0,0.0
U004378,2025-08-07,Paid Search,Free,0,,,0,0.0
U004379,2025-10-09,Direct,Free,0,,,0,0.0
U004380,2025-02-01,Direct,Free,0,,,0,0.0
U004381,2025-06-13,Direct,Free,0,,,0,0.0
U004382,2025-08-15,Organic Search,Free,0,,,0,0.0
U004383,2025-07-24,Organic Search,Basic,1,2025-08-04,11,1,29.29
U004384,2025-01-15,Email,Basic,1,2025-01-25,10,1,23.92
U004385,2025-10-20,Organic Search,Free,0,,,0,0.0
U004386,2025-06-16,Social,Free,0,,,0,0.0
U004387,2025-10-24,Organic Search,Free,0,,,0,0.0
U004388,2025-02-16,Social,Basic,1,2025-02-17,1,0,27.31
U004389,2025-07-28,Paid Search,Free,0,,,0,0.0
U004390,2025-02-02,Paid Search,Basic,1,2025-02-11,9,0,32.73
U004391,2025-03-03,Organic Search,Free,0,,,0,0.0
U004392,2025-06-14,Organic Search,Free,0,,,0,0.0
U004393,2025-08-24,Email,Free,0,,,0,0.0
U004394,2025-10-24,Organic Search,Free,0,,,0,0.0
U004395,2025-02-22,Email,Free,0,,,0,0.0
U004396,2025-01-19,Direct,Basic,1,2025-01-25,6,0,22.39
U004397,2025-08-03,Referral,Free,0,,,0,0.0
U004398,2025-05-27,Paid Search,Free,0,,,0,0.0
U004399,2025-10-25,Organic Search,Basic,1,2025-10-29,4,1,34.89
U004400,2025-05-28,Organic Search,Free,0,,,0,0.0
U004401,2025-06-11,Social,Free,0,,,0,0.0
U004402,2025-03-26,Direct,Free,0,,,0,0.0
U004403,2025-09-05,Email,Basic,1,2025-09-06,1,1,30.02
U004404,2025-09-13,Direct,Free,0,,,0,0.0
U004405,2025-01-16,Organic Search,Free,0,,,0,0.0
U004406,2025-03-29,Direct,Free,0,,,0,0.0
U004407,2025-09-29,Organic Search,Free,0,,,0,0.0
U004408,2025-04-17,Organic Search,Free,0,,,0,0.0
U004409,2025-02-23,Organic Search,Free,0,,,0,0.0
U004410,2025-05-19,Social,Basic,1,2025-05-22,3,0,31.62
U004411,2025-02-28,Email,Free,0,,,0,0.0
U004412,2025-07-26,Referral,Free,0,,,0,0.0
U004413,2025-10-13,Referral,Basic,1,2025-10-14,1,1,26.21
U004414,2025-04-25,Paid Search,Free,0,,,0,0.0
U004415,2025-06-14,Social,Free,0,,,0,0.0
U004416,2025-07-22,Paid Search,Pro,1,2025-08-02,11,1,52.44
U004417,2025-04-26,Organic Search,Free,0,,,0,0.0
U004418,2025-02-25,Email,Pro,1,2025-02-28,3,1,62.64
U004419,2025-07-06,Direct,Enterprise,1,2025-07-11,5,0,201.54
U004420,2025-06-08,Organic Search,Basic,1,2025-06-10,2,0,28.1
U004421,2025-02-23,Social,Free,0,,,0,0.0
U004422,2025-01-09,Social,Free,0,,,0,0.0
U004423,2025-08-06,Email,Free,0,,,0,0.0
U004424,2025-02-26,Organic Search,Free,0,,,0,0.0
U004425,2025-01-25,Email,Basic,1,2025-01-27,2,1,28.5
U004426,2025-09-07,Paid Search,Basic,1,2025-09-09,2,1,26.44
U004427,2025-09-13,Direct,Enterprise,1,2025-09-14,1,1,210.97
U004428,2025-02-21,Direct,Free,0,,,0,0.0
U004429,2025-05-18,Paid Search,Free,0,,,0,0.0
U004430,2025-05-24,Organic Search,Free,0,,,0,0.0
U004431,2025-02-17,Referral,Free,0,,,0,0.0
U004432,2025-09-14,Organic Search,Pro,1,2025-09-20,6,1,74.54
U004433,2025-02-02,Referral,Basic,1,2025-02-05,3,1,24.51
U004434,2025-09-08,Paid Search,Free,0,,,0,0.0
U004435,2025-05-23,Email,Free,0,,,0,0.0
U004436,2025-08-15,Paid Search,Basic,1,2025-08-20,5,1,28.35
U004437,2025-08-08,Social,Free,0,,,0,0.0
U004438,2025-08-13,Paid Search,Free,0,,,0,0.0
U004439,2025-03-18,Direct,Enterprise,1,2025-03-23,5,0,232.47
U004440,2025-03-22,Paid Search,Free,0,,,0,0.0
U004441,2025-09-19,Paid Search,Basic,1,2025-09-26,7,1,34.54
U004442,2025-05-06,Organic Search,Free,0,,,0,0.0
U004443,2025-06-29,Email,Basic,1,2025-07-12,13,0,32.64
U004444,2025-02-01,Organic Search,Free,0,,,0,0.0
U004445,2025-07-27,Social,Basic,1,2025-07-30,3,0,34.17
U004446,2025-02-20,Paid Search,Basic,1,2025-02-22,2,1,24.27
U004447,2025-03-16,Email,Free,0,,,0,0.0
U004448,2025-06-26,Organic Search,Free,0,,,0,0.0
U004449,2025-09-10,Organic Search,Free,0,,,0,0.0
U004450,2025-04-22,Social,Free,0,,,0,0.0
U004451,2025-05-11,Paid Search,Free,0,,,0,0.0
U004452,2025-10-22,Direct,Free,0,,,0,0.0
U004453,2025-03-09,Organic Search,Free,0,,,0,0.0
U004454,2025-03-14,Direct,Free,0,,,0,0.0
U004455,2025-04-13,Organic Search,Free,0,,,0,0.0
U004456,2025-06-11,Email,Free,0,,,0,0.0
U004457,2025-02-15,Organic Search,Free,0,,,0,0.0
U004458,2025-09-05,Social,Free,0,,,0,0.0
U004459,2025-06-19,Social,Free,0,,,0,0.0
U004460,2025-09-01,Email,Free,0,,,0,0.0
U004461,2025-09-18,Referral,Free,0,,,0,0.0
U004462,2025-02-13,Email,Free,0,,,0,0.0
U004463,2025-07-25,Direct,Pro,1,2025-07-31,6,0,64.21
U004464,2025-01-13,Paid Search,Basic,1,2025-01-18,5,1,20.77
U004465,2025-08-26,Direct,Basic,1,2025-08-27,1,1,33.82
U004466,2025-09-06,Email,Free,0,,,0,0.0
U004467,2025-01-20,Direct,Free,0,,,0,0.0
U004468,2025-05-11,Paid Search,Free,0,,,0,0.0
U004469,2025-07-13,Paid Search,Free,0,,,0,0.0
U004470,2025-04-30,Referral,Pro,1,2025-04-30,0,0,79.55
U004471,2025-02-15,Direct,Free,0,,,0,0.0
U004472,2025-07-01,Paid Search,Free,0,,,0,0.0
U004473,2025-07-04,Social,Free,0,,,0,0.0
U004474,2025-10-14,Referral,Pro,1,2025-10-17,3,1,60.97
U004475,2025-04-27,Email,Free,0,,,0,0.0
U004476,2025-06-17,Paid Search,Free,0,,,0,0.0
U004477,2025-02-23,Organic Search,Free,0,,,0,0.0
U004478,2025-07-28,Organic Search,Basic,1,2025-07-31,3,0,28.31
U004479,2025-07-25,Email,Basic,1,2025-07-28,3,0,33.98
U004480,2025-04-04,Email,Pro,1,2025-04-06,2,1,80.73
U004481,2025-01-14,Paid Search,Free,0,,,0,0.0
U004482,2025-03-20,Organic Search,Free,0,,,0,0.0
U004483,2025-02-15,Email,Pro,1,2025-02-18,3,1,66.63
U004484,2025-01-17,Social,Pro,1,2025-01-22,5,0,73.43
U004485,2025-06-26,Email,Free,0,,,0,0.0
U004486,2025-06-24,Email,Free,0,,,0,0.0
U004487,2025-02-02,Email,Free,0,,,0,0.0
U004488,2025-08-16,Organic Search,Free,0,,,0,0.0
U004489,2025-07-23,Social,Basic,1,2025-08-02,10,1,28.02
U004490,2025-02-08,Organic Search,Free,0,,,0,0.0
U004491,2025-09-03,Social,Pro,1,2025-09-07,4,0,83.14
U004492,2025-04-06,Organic Search,Free,0,,,0,0.0
U004493,2025-04-30,Direct,Free,0,,,0,0.0
U004494,2025-03-02,Organic Search,Free,0,,,0,0.0
U004495,2025-08-29,Direct,Free,0,,,0,0.0
U004496,2025-01-29,Organic Search,Free,0,,,0,0.0
U004497,2025-09-01,Social,Pro,1,2025-09-03,2,0,65.51
U004498,2025-09-15,Email,Free,0,,,0,0.0
U004499,2025-10-18,Paid Search,Pro,1,2025-10-19,1,1,82.6
U004500,2025-08-11,Email,Free,0,,,0,0.0
U004501,2025-01-21,Paid Search,Free,0,,,0,0.0
U004502,2025-05-20,Email,Free,0,,,0,0.0
U004503,2025-03-10,Organic Search,Basic,1,2025-03-17,7,0,25.54
U004504,2025-04-19,Organic Search,Free,0,,,0,0.0
U004505,2025-04-30,Paid Search,Free,0,,,0,0.0
U004506,2025-04-26,Organic Search,Free,0,,,0,0.0
U004507,2025-03-27,Organic Search,Free,0,,,0,0.0
U004508,2025-02-23,Paid Search,Free,0,,,0,0.0
U004509,2025-02-26,Organic Search,Free,0,,,0,0.0
U004510,2025-09-15,Paid Search,Free,0,,,0,0.0
U004511,2025-09-27,Organic Search,Free,0,,,0,0.0
U004512,2025-01-02,Social,Free,0,,,0,0.0
U004513,2025-09-24,Direct,Free,0,,,0,0.0
U004514,2025-09-13,Paid Search,Free,0,,,0,0.0
U004515,2025-08-17,Social,Free,0,,,0,0.0
U004516,2025-09-12,Email,Free,0,,,0,0.0
U004517,2025-05-30,Social,Free,0,,,0,0.0
U004518,2025-05-16,Social,Basic,1,2025-05-18,2,1,28.7
U004519,2025-03-02,Email,Enterprise,1,2025-03-07,5,1,169.75
U004520,2025-01-20,Direct,Pro,1,2025-01-23,3,1,73.07
U004521,2025-05-11,Social,Free,0,,,0,0.0
U004522,2025-02-16,Paid Search,Free,0,,,0,0.0
U004523,2025-04-07,Email,Basic,1,2025-04-11,4,1,25.88
U004524,2025-02-15,Social,Free,0,,,0,0.0
U004525,2025-03-03,Organic Search,Free,0,,,0,0.0
U004526,2025-01-04,Organic Search,Free,0,,,0,0.0
U004527,2025-07-06,Email,Pro,1,2025-07-09,3,1,73.59
U004528,2025-09-14,Organic Search,Basic,1,2025-09-19,5,1,28.29
U004529,2025-01-23,Paid Search,Free,0,,,0,0.0
U004530,2025-07-03,Organic Search,Free,0,,,0,0.0
U004531,2025-04-24,Social,Free,0,,,0,0.0
U004532,2025-01-17,Referral,Free,0,,,0,0.0
U004533,2025-05-27,Social,Free,0,,,0,0.0
U004534,2025-02-28,Email,Basic,1,2025-03-01,1,1,25.9
U004535,2025-07-10,Paid Search,Free,0,,,0,0.0
U004536,2025-07-06,Direct,Free,0,,,0,0.0
U004537,2025-05-01,Referral,Free,0,,,0,0.0
U004538,2025-07-11,Email,Pro,1,2025-07-13,2,1,56.3
U004539,2025-02-28,Email,Free,0,,,0,0.0
U004540,2025-08-03,Paid Search,Free,0,,,0,0.0
U004541,2025-09-04,Organic Search,Free,0,,,0,0.0
U004542,2025-02-19,Email,Free,0,,,0,0.0
U004543,2025-01-28,Referral,Basic,1,2025-02-01,4,1,29.21
U004544,2025-04-15,Social,Free,0,,,0,0.0
U004545,2025-03-10,Organic Search,Pro,1,2025-03-15,5,0,52.59
U004546,2025-03-03,Organic Search,Free,0,,,0,0.0
U004547,2025-02-14,Organic Search,Free,0,,,0,0.0
U004548,2025-05-21,Organic Search,Free,0,,,0,0.0
U004549,2025-01-23,Organic Search,Free,0,,,0,0.0
U004550,2025-03-30,Referral,Free,0,,,0,0.0
U004551,2025-08-21,Organic Search,Free,0,,,0,0.0
U004552,2025-09-19,Organic Search,Free,0,,,0,0.0
U004553,2025-08-17,Referral,Free,0,,,0,0.0
U004554,2025-01-20,Direct,Pro,1,2025-01-30,10,0,87.45
U004555,2025-01-20,Organic Search,Free,0,,,0,0.0
U004556,2025-07-24,Organic Search,Free,0,,,0,0.0
U004557,2025-02-08,Paid Search,Free,0,,,0,0.0
U004558,2025-07-23,Email,Free,0,,,0,0.0
U004559,2025-10-14,Paid Search,Pro,1,2025-10-23,9,1,74.37
U004560,2025-01-20,Email,Free,0,,,0,0.0
U004561,2025-10-14,Referral,Free,0,,,0,0.0
U004562,2025-07-08,Organic Search,Enterprise,1,2025-07-09,1,1,241.05
U004563,2025-01-04,Referral,Free,0,,,0,0.0
U004564,2025-01-10,Referral,Pro,1,2025-01-11,1,1,74.97
U004565,2025-05-18,Paid Search,Free,0,,,0,0.0
U004566,2025-07-16,Referral,Pro,1,2025-07-18,2,1,65.97
U004567,2025-01-12,Organic Search,Free,0,,,0,0.0
U004568,2025-06-19,Referral,Free,0,,,0,0.0
U004569,2025-10-07,Email,Basic,1,2025-10-11,4,0,27.78
U004570,2025-04-22,Social,Basic,1,2025-04-23,1,1,24.83
U004571,2025-09-27,Organic Search,Free,0,,,0,0.0
U004572,2025-03-11,Paid Search,Enterprise,1,2025-03-13,2,0,190.96
U004573,2025-06-17,Email,Basic,1,2025-06-23,6,1,27.59
U004574,2025-08-28,Direct,Free,0,,,0,0.0
U004575,2025-01-01,Organic Search,Pro,1,2025-01-03,2,0,61.03
U004576,2025-09-05,Paid Search,Free,0,,,0,0.0
U004577,2025-06-23,Organic Search,Basic,1,2025-06-27,4,1,24.45
U004578,2025-01-06,Organic Search,Free,0,,,0,0.0
U004579,2025-07-07,Organic Search,Free,0,,,0,0.0
U004580,2025-06-04,Paid Search,Free,0,,,0,0.0
U004581,2025-10-01,Direct,Free,0,,,0,0.0
U004582,2025-06-08,Organic Search,Basic,1,2025-06-11,3,0,23.84
U004583,2025-04-09,Paid Search,Free,0,,,0,0.0
U004584,2025-09-29,Paid Search,Basic,1,2025-09-30,1,0,34.3
U004585,2025-07-02,Paid Search,Free,0,,,0,0.0
U004586,2025-06-03,Organic Search,Free,0,,,0,0.0
U004587,2025-02-24,Paid Search,Free,0,,,0,0.0
U004588,2025-06-05,Organic Search,Free,0,,,0,0.0
U004589,2025-08-04,Paid Search,Free,0,,,0,0.0
U004590,2025-05-14,Referral,Free,0,,,0,0.0
U004591,2025-01-09,Organic Search,Free,0,,,0,0.0
U004592,2025-06-08,Organic Search,Pro,1,2025-06-09,1,0,73.3
U004593,2025-01-07,Referral,Basic,1,2025-01-11,4,1,28.26
U004594,2025-09-01,Social,Free,0,,,0,0.0
U004595,2025-06-09,Direct,Basic,1,2025-06-14,5,1,34.13
U004596,2025-06-27,Social,Free,0,,,0,0.0
U004597,2025-07-29,Referral,Free,0,,,0,0.0
U004598,2025-02-12,Organic Search,Basic,1,2025-02-27,15,1,29.06
U004599,2025-09-15,Email,Free,0,,,0,0.0
U004600,2025-10-21,Email,Free,0,,,0,0.0
U004601,2025-02-08,Organic Search,Free,0,,,0,0.0
U004602,2025-09-12,Email,Free,0,,,0,0.0
U004603,2025-03-20,Organic Search,Free,0,,,0,0.0
U004604,2025-10-09,Referral,Free,0,,,0,0.0
U004605,2025-01-16,Paid Search,Free,0,,,0,0.0
U004606,2025-06-08,Email,Free,0,,,0,0.0
U004607,2025-02-26,Email,Free,0,,,0,0.0
U004608,2025-07-15,Referral,Basic,1,2025-07-15,0,1,24.39
U004609,2025-10-10,Email,Free,0,,,0,0.0
U004610,2025-05-18,Organic Search,Basic,1,2025-05-28,10,0,24.5
U004611,2025-07-04,Email,Basic,1,2025-07-13,9,1,27.95
U004612,2025-07-20,Email,Basic,1,2025-07-21,1,1,19.74
U004613,2025-08-25,Referral,Free,0,,,0,0.0
U004614,2025-06-20,Organic Search,Free,0,,,0,0.0
U004615,2025-02-11,Organic Search,Free,0,,,0,0.0
U004616,2025-10-03,Direct,Free,0,,,0,0.0
U004617,2025-05-15,Organic Search,Free,0,,,0,0.0
U004618,2025-09-26,Paid Search,Free,0,,,0,0.0
U004619,2025-06-08,Paid Search,Pro,1,2025-06-14,6,1,80.89
U004620,2025-05-27,Organic Search,Free,0,,,0,0.0
U004621,2025-10-15,Referral,Free,0,,,0,0.0
U004622,2025-10-02,Organic Search,Free,0,,,0,0.0
U004623,2025-06-20,Email,Free,0,,,0,0.0
U004624,2025-04-09,Direct,Free,0,,,0,0.0
U004625,2025-09-17,Organic Search,Free,0,,,0,0.0
U004626,2025-06-20,Direct,Free,0,,,0,0.0
U004627,2025-06-10,Email,Free,0,,,0,0.0
U004628,2025-01-16,Social,Free,0,,,0,0.0
U004629,2025-05-18,Social,Free,0,,,0,0.0
U004630,2025-02-14,Social,Basic,1,2025-02-19,5,0,26.03
U004631,2025-01-14,Paid Search,Free,0,,,0,0.0
U004632,2025-08-04,Paid Search,Free,0,,,0,0.0
U004633,2025-03-28,Direct,Basic,1,2025-03-29,1,0,26.04
U004634,2025-02-13,Organic Search,Free,0,,,0,0.0
U004635,2025-04-06,Social,Free,0,,,0,0.0
U004636,2025-03-25,Social,Basic,1,2025-03-26,1,1,16.97
U004637,2025-02-04,Referral,Free,0,,,0,0.0
U004638,2025-06-26,Organic Search,Free,0,,,0,0.0
U004639,2025-09-28,Paid Search,Free,0,,,0,0.0
U004640,2025-06-16,Paid Search,Free,0,,,0,0.0
U004641,2025-06-25,Email,Basic,1,2025-07-03,8,1,34.08
U004642,2025-05-22,Organic Search,Pro,1,2025-05-24,2,1,80.21
U004643,2025-10-10,Email,Free,0,,,0,0.0
U004644,2025-07-10,Paid Search,Free,0,,,0,0.0
U004645,2025-01-27,Organic Search,Free,0,,,0,0.0
U004646,2025-10-16,Social,Free,0,,,0,0.0
U004647,2025-06-21,Organic Search,Free,0,,,0,0.0
U004648,2025-05-06,Email,Free,0,,,0,0.0
U004649,2025-01-30,Paid Search,Free,0,,,0,0.0
U004650,2025-03-26,Email,Basic,1,2025-03-28,2,1,31.47
U004651,2025-03-29,Direct,Free,0,,,0,0.0
U004652,2025-06-03,Email,Pro,1,2025-06-07,4,0,72.41
U004653,2025-09-26,Referral,Basic,1,2025-10-03,7,1,34.35
U004654,2025-02-16,Organic Search,Free,0,,,0,0.0
U004655,2025-07-04,Email,Pro,1,2025-07-06,2,1,77.56
U004656,2025-01-07,Email,Free,0,,,0,0.0
U004657,2025-02-19,Organic Search,Free,0,,,0,0.0
U004658,2025-02-20,Social,Free,0,,,0,0.0
U004659,2025-09-27,Email,Free,0,,,0,0.0
U004660,2025-08-13,Referral,Free,0,,,0,0.0
U004661,2025-05-08,Social,Free,0,,,0,0.0
U004662,2025-07-23,Referral,Pro,1,2025-07-25,2,1,57.6
U004663,2025-07-26,Organic Search,Basic,1,2025-07-29,3,1,26.88
U004664,2025-04-01,Paid Search,Free,0,,,0,0.0
U004665,2025-05-31,Email,Free,0,,,0,0.0
U004666,2025-09-11,Organic Search,Free,0,,,0,0.0
U004667,2025-02-19,Referral,Free,0,,,0,0.0
U004668,2025-10-16,Organic Search,Basic,1,2025-10-17,1,0,29.69
U004669,2025-05-27,Referral,Free,0,,,0,0.0
U004670,2025-01-14,Organic Search,Free,0,,,0,0.0
U004671,2025-08-02,Email,Pro,1,2025-08-08,6,0,82.08
U004672,2025-05-02,Organic Search,Free,0,,,0,0.0
U004673,2025-06-18,Organic Search,Free,0,,,0,0.0
U004674,2025-07-09,Paid Search,Free,0,,,0,0.0
U004675,2025-06-18,Direct,Free,0,,,0,0.0
U004676,2025-08-20,Email,Free,0,,,0,0.0
U004677,2025-01-24,Email,Basic,1,2025-02-02,9,0,33.7
U004678,2025-04-04,Referral,Free,0,,,0,0.0
U004679,2025-06-22,Organic Search,Free,0,,,0,0.0
U004680,2025-02-27,Social,Free,0,,,0,0.0
U004681,2025-08-14,Paid Search,Free,0,,,0,0.0
U004682,2025-02-16,Paid Search,Basic,1,2025-02-16,0,1,32.27
U004683,2025-10-22,Referral,Free,0,,,0,0.0
U004684,2025-08-11,Social,Free,0,,,0,0.0
U004685,2025-03-19,Organic Search,Pro,1,2025-03-24,5,0,75.56
U004686,2025-05-04,Email,Free,0,,,0,0.0
U004687,2025-03-28,Paid Search,Free,0,,,0,0.0
U004688,2025-07-09,Organic Search,Basic,1,2025-07-21,12,0,25.64
U004689,2025-10-12,Organic Search,Free,0,,,0,0.0
U004690,2025-09-17,Referral,Free,0,,,0,0.0
U004691,2025-01-06,Email,Free,0,,,0,0.0
U004692,2025-07-16,Organic Search,Free,0,,,0,0.0
U004693,2025-07-03,Email,Free,0,,,0,0.0
U004694,2025-07-16,Organic Search,Basic,1,2025-07-19,3,1,31.46
U004695,2025-08-07,Email,Free,0,,,0,0.0
U004696,2025-10-27,Organic Search,Free,0,,,0,0.0
U004697,2025-08-19,Direct,Free,0,,,0,0.0
U004698,2025-01-25,Email,Free,0,,,0,0.0
U004699,2025-08-25,Paid Search,Basic,1,2025-08-28,3,1,36.38
U004700,2025-04-12,Referral,Basic,1,2025-04-14,2,1,26.7
U004701,2025-04-13,Social,Free,0,,,0,0.0
U004702,2025-10-25,Paid Search,Enterprise,1,2025-10-28,3,0,198.56
U004703,2025-05-22,Social,Free,0,,,0,0.0
U004704,2025-02-07,Direct,Free,0,,,0,0.0
U004705,2025-01-12,Paid Search,Free,0,,,0,0.0
U004706,2025-09-28,Paid Search,Basic,1,2025-10-08,10,0,24.48
U004707,2025-08-17,Email,Free,0,,,0,0.0
U004708,2025-08-11,Email,Free,0,,,0,0.0
U004709,2025-06-24,Organic Search,Basic,1,2025-06-25,1,1,27.16
U004710,2025-01-18,Referral,Basic,1,2025-01-23,5,0,33.43
U004711,2025-07-15,Email,Basic,1,2025-07-23,8,1,19.1
U004712,2025-04-04,Direct,Free,0,,,0,0.0
U004713,2025-09-08,Organic Search,Free,0,,,0,0.0
U004714,2025-07-24,Referral,Basic,1,2025-07-25,1,0,24.85
U004715,2025-09-30,Paid Search,Pro,1,2025-10-01,1,1,65.27
U004716,2025-07-23,Social,Free,0,,,0,0.0
U004717,2025-05-13,Paid Search,Free,0,,,0,0.0
U004718,2025-03-27,Social,Free,0,,,0,0.0
U004719,2025-07-04,Social,Free,0,,,0,0.0
U004720,2025-04-05,Organic Search,Free,0,,,0,0.0
U004721,2025-08-12,Email,Free,0,,,0,0.0
U004722,2025-01-24,Organic Search,Free,0,,,0,0.0
U004723,2025-05-22,Organic Search,Pro,1,2025-05-28,6,0,92.09
U004724,2025-08-01,Organic Search,Free,0,,,0,0.0
U004725,2025-10-09,Organic Search,Free,0,,,0,0.0
U004726,2025-04-20,Email,Free,0,,,0,0.0
U004727,2025-08-15,Email,Basic,1,2025-08-18,3,1,30.86
U004728,2025-01-03,Referral,Basic,1,2025-01-08,5,0,30.57
U004729,2025-01-05,Organic Search,Pro,1,2025-01-13,8,1,60.43
U004730,2025-08-14,Email,Free,0,,,0,0.0
U004731,2025-02-10,Email,Free,0,,,0,0.0
U004732,2025-01-15,Referral,Free,0,,,0,0.0
U004733,2025-08-31,Organic Search,Free,0,,,0,0.0
U004734,2025-06-09,Referral,Free,0,,,0,0.0
U004735,2025-08-29,Email,Free,0,,,0,0.0
U004736,2025-01-22,Organic Search,Free,0,,,0,0.0
U004737,2025-08-07,Email,Free,0,,,0,0.0
U004738,2025-10-15,Organic Search,Free,0,,,0,0.0
U004739,2025-07-08,Referral,Free,0,,,0,0.0
U004740,2025-01-26,Social,Free,0,,,0,0.0
U004741,2025-07-28,Paid Search,Basic,1,2025-07-30,2,0,24.3
U004742,2025-08-07,Paid Search,Basic,1,2025-08-12,5,1,26.71
U004743,2025-08-28,Organic Search,Free,0,,,0,0.0
U004744,2025-03-30,Paid Search,Free,0,,,0,0.0
U004745,2025-09-16,Direct,Free,0,,,0,0.0
U004746,2025-09-14,Organic Search,Free,0,,,0,0.0
U004747,2025-04-17,Direct,Free,0,,,0,0.0
U004748,2025-10-17,Social,Pro,1,2025-10-21,4,1,52.65
U004749,2025-08-30,Organic Search,Enterprise,1,2025-08-31,1,1,214.39
U004750,2025-03-03,Organic Search,Free,0,,,0,0.0
U004751,2025-09-15,Social,Free,0,,,0,0.0
U004752,2025-09-14,Paid Search,Basic,1,2025-09-20,6,0,29.98
U004753,2025-08-05,Social,Basic,1,2025-08-11,6,1,34.71
U004754,2025-02-16,Email,Free,0,,,0,0.0
U004755,2025-03-04,Organic Search,Free,0,,,0,0.0
U004756,2025-05-15,Direct,Free,0,,,0,0.0
U004757,2025-01-08,Email,Pro,1,2025-01-10,2,0,82.34
U004758,2025-04-23,Referral,Free,0,,,0,0.0
U004759,2025-07-15,Referral,Enterprise,1,2025-07-21,6,1,266.65
U004760,2025-05-14,Paid Search,Free,0,,,0,0.0
U004761,2025-07-02,Paid Search,Free,0,,,0,0.0
U004762,2025-01-07,Organic Search,Basic,1,2025-01-11,4,1,28.23
U004763,2025-07-21,Email,Basic,1,2025-07-24,3,0,35.58
U004764,2025-07-16,Paid Search,Free,0,,,0,0.0
U004765,2025-10-19,Paid Search,Basic,1,2025-10-26,7,0,21.26
U004766,2025-01-25,Paid Search,Free,0,,,0,0.0
U004767,2025-03-27,Email,Free,0,,,0,0.0
U004768,2025-02-20,Paid Search,Free,0,,,0,0.0
U004769,2025-05-12,Referral,Basic,1,2025-05-12,0,0,30.01
U004770,2025-03-22,Direct,Free,0,,,0,0.0
U004771,2025-06-20,Referral,Free,0,,,0,0.0
U004772,2025-01-12,Organic Search,Basic,1,2025-01-13,1,1,30.19
U004773,2025-07-19,Paid Search,Free,0,,,0,0.0
U004774,2025-05-29,Email,Free,0,,,0,0.0
U004775,2025-07-24,Direct,Basic,1,2025-07-29,5,1,19.93
U004776,2025-06-16,Email,Free,0,,,0,0.0
U004777,2025-03-31,Paid Search,Basic,1,2025-04-07,7,0,30.6
U004778,2025-03-01,Email,Basic,1,2025-03-05,4,1,31.77
U004779,2025-07-28,Organic Search,Enterprise,1,2025-08-02,5,0,229.53
U004780,2025-09-14,Referral,Free,0,,,0,0.0
U004781,2025-09-19,Organic Search,Free,0,,,0,0.0
U004782,2025-10-09,Referral,Free,0,,,0,0.0
U004783,2025-05-07,Email,Free,0,,,0,0.0
U004784,2025-09-26,Organic Search,Free,0,,,0,0.0
U004785,2025-02-09,Email,Enterprise,1,2025-02-13,4,1,221.56
U004786,2025-09-17,Paid Search,Free,0,,,0,0.0
U004787,2025-05-08,Paid Search,Free,0,,,0,0.0
U004788,2025-10-09,Direct,Free,0,,,0,0.0
U004789,2025-10-19,Organic Search,Free,0,,,0,0.0
U004790,2025-05-20,Social,Basic,1,2025-05-25,5,0,27.48
U004791,2025-01-06,Email,Free,0,,,0,0.0
U004792,2025-04-20,Email,Free,0,,,0,0.0
U004793,2025-03-10,Email,Free,0,,,0,0.0
U004794,2025-03-24,Social,Free,0,,,0,0.0
U004795,2025-10-17,Referral,Basic,1,2025-10-23,6,1,29.82
U004796,2025-08-18,Organic Search,Free,0,,,0,0.0
U004797,2025-05-08,Email,Free,0,,,0,0.0
U004798,2025-01-13,Social,Free,0,,,0,0.0
U004799,2025-09-30,Paid Search,Free,0,,,0,0.0
U004800,2025-09-05,Social,Free,0,,,0,0.0
U004801,2025-06-07,Direct,Basic,1,2025-06-07,0,1,28.79
U004802,2025-04-14,Referral,Free,0,,,0,0.0
U004803,2025-02-08,Email,Free,0,,,0,0.0
U004804,2025-09-03,Organic Search,Free,0,,,0,0.0
U004805,2025-03-25,Organic Search,Free,0,,,0,0.0
U004806,2025-05-24,Referral,Free,0,,,0,0.0
U004807,2025-07-03,Organic Search,Basic,1,2025-07-08,5,1,39.17
U004808,2025-04-29,Social,Basic,1,2025-05-06,7,0,27.35
U004809,2025-02-20,Paid Search,Free,0,,,0,0.0
U004810,2025-02-13,Organic Search,Free,0,,,0,0.0
U004811,2025-04-13,Email,Free,0,,,0,0.0
U004812,2025-09-13,Referral,Basic,1,2025-09-13,0,1,25.32
U004813,2025-10-22,Direct,Free,0,,,0,0.0
U004814,2025-01-06,Social,Free,0,,,0,0.0
U004815,2025-02-25,Email,Free,0,,,0,0.0
U004816,2025-01-25,Organic Search,Free,0,,,0,0.0
U004817,2025-03-19,Social,Free,0,,,0,0.0
U004818,2025-01-06,Social,Free,0,,,0,0.0
U004819,2025-02-12,Email,Free,0,,,0,0.0
U004820,2025-09-07,Paid Search,Free,0,,,0,0.0
U004821,2025-03-09,Email,Free,0,,,0,0.0
U004822,2025-04-24,Social,Free,0,,,0,0.0
U004823,2025-01-27,Paid Search,Free,0,,,0,0.0
U004824,2025-06-17,Organic Search,Free,0,,,0,0.0
U004825,2025-03-27,Social,Basic,1,2025-03-29,2,1,32.21
U004826,2025-06-17,Paid Search,Free,0,,,0,0.0
U004827,2025-09-11,Direct,Free,0,,,0,0.0
U004828,2025-07-28,Email,Free,0,,,0,0.0
U004829,2025-05-05,Email,Free,0,,,0,0.0
U004830,2025-05-08,Paid Search,Pro,1,2025-05-15,7,1,55.9
U004831,2025-08-04,Organic Search,Free,0,,,0,0.0
U004832,2025-03-03,Organic Search,Basic,1,2025-03-08,5,0,31.37
U004833,2025-02-13,Referral,Enterprise,1,2025-02-19,6,1,179.83
U004834,2025-08-10,Referral,Enterprise,1,2025-08-13,3,1,156.47
U004835,2025-04-23,Referral,Free,0,,,0,0.0
U004836,2025-03-11,Social,Pro,1,2025-03-12,1,1,65.3
U004837,2025-07-12,Organic Search,Pro,1,2025-07-19,7,1,64.38
U004838,2025-08-30,Paid Search,Basic,1,2025-09-01,2,1,25.44
U004839,2025-08-18,Email,Free,0,,,0,0.0
U004840,2025-07-13,Organic Search,Basic,1,2025-07-14,1,0,29.9
U004841,2025-02-02,Organic Search,Free,0,,,0,0.0
U004842,2025-01-09,Social,Free,0,,,0,0.0
U004843,2025-10-20,Referral,Free,0,,,0,0.0
U004844,2025-03-04,Email,Basic,1,2025-03-07,3,1,22.19
U004845,2025-03-04,Direct,Pro,1,2025-03-08,4,1,62.89
U004846,2025-04-25,Organic Search,Basic,1,2025-05-04,9,1,26.93
U004847,2025-07-24,Email,Free,0,,,0,0.0
U004848,2025-01-04,Email,Free,0,,,0,0.0
U004849,2025-08-20,Social,Free,0,,,0,0.0
U004850,2025-02-21,Organic Search,Free,0,,,0,0.0
U004851,2025-10-26,Paid Search,Free,0,,,0,0.0
U004852,2025-07-18,Email,Free,0,,,0,0.0
U004853,2025-09-05,Email,Free,0,,,0,0.0
U004854,2025-03-23,Direct,Free,0,,,0,0.0
U004855,2025-03-24,Referral,Free,0,,,0,0.0
U004856,2025-01-02,Referral,Pro,1,2025-01-06,4,1,60.99
U004857,2025-08-15,Organic Search,Pro,1,2025-08-17,2,1,83.81
U004858,2025-09-28,Organic Search,Free,0,,,0,0.0
U004859,2025-03-15,Referral,Pro,1,2025-03-17,2,0,66.28
U004860,2025-03-04,Direct,Free,0,,,0,0.0
U004861,2025-02-21,Email,Basic,1,2025-02-24,3,0,29.43
U004862,2025-02-17,Email,Free,0,,,0,0.0
U004863,2025-06-28,Social,Enterprise,1,2025-07-01,3,1,164.56
U004864,2025-01-13,Organic Search,Free,0,,,0,0.0
U004865,2025-02-09,Referral,Pro,1,2025-02-11,2,1,78.93
U004866,2025-08-04,Email,Free,0,,,0,0.0
U004867,2025-02-14,Organic Search,Free,0,,,0,0.0
U004868,2025-09-09,Referral,Free,0,,,0,0.0
U004869,2025-04-04,Referral,Free,0,,,0,0.0
U004870,2025-08-19,Organic Search,Free,0,,,0,0.0
U004871,2025-02-09,Organic Search,Free,0,,,0,0.0
U004872,2025-09-08,Referral,Basic,1,2025-09-10,2,1,27.76
U004873,2025-04-18,Social,Free,0,,,0,0.0
U004874,2025-07-28,Email,Free,0,,,0,0.0
U004875,2025-03-23,Paid Search,Free,0,,,0,0.0
U004876,2025-10-04,Paid Search,Free,0,,,0,0.0
U004877,2025-09-26,Organic Search,Free,0,,,0,0.0
U004878,2025-09-30,Paid Search,Free,0,,,0,0.0
U004879,2025-07-11,Organic Search,Free,0,,,0,0.0
U004880,2025-01-07,Organic Search,Free,0,,,0,0.0
U004881,2025-08-31,Direct,Enterprise,1,2025-09-03,3,1,202.62
U004882,2025-04-22,Social,Free,0,,,0,0.0
U004883,2025-04-08,Paid Search,Pro,1,2025-04-13,5,0,53.55
U004884,2025-02-17,Organic Search,Free,0,,,0,0.0
U004885,2025-07-22,Email,Basic,1,2025-07-27,5,0,31.6
U004886,2025-07-31,Email,Basic,1,2025-08-04,4,0,30.1
U004887,2025-05-09,Organic Search,Free,0,,,0,0.0
U004888,2025-08-11,Direct,Free,0,,,0,0.0
U004889,2025-06-26,Email,Free,0,,,0,0.0
U004890,2025-10-24,Organic Search,Basic,1,2025-10-31,7,1,23.72
U004891,2025-04-02,Email,Free,0,,,0,0.0
U004892,2025-10-03,Organic Search,Basic,1,2025-10-05,2,1,23.18
U004893,2025-09-18,Email,Free,0,,,0,0.0
U004894,2025-04-27,Organic Search,Basic,1,2025-04-30,3,1,32.96
U004895,2025-09-03,Organic Search,Free,0,,,0,0.0
U004896,2025-07-18,Social,Free,0,,,0,0.0
U004897,2025-07-07,Social,Free,0,,,0,0.0
U004898,2025-04-23,Email,Free,0,,,0,0.0
U004899,2025-01-04,Email,Free,0,,,0,0.0
U004900,2025-08-12,Social,Basic,1,2025-08-15,3,0,21.57
U004901,2025-07-07,Email,Free,0,,,0,0.0
U004902,2025-02-17,Social,Free,0,,,0,0.0
U004903,2025-02-08,Paid Search,Basic,1,2025-02-13,5,1,26.23
U004904,2025-04-17,Referral,Free,0,,,0,0.0
U004905,2025-10-17,Organic Search,Pro,1,2025-10-19,2,1,72.62
U004906,2025-07-26,Social,Free,0,,,0,0.0
U004907,2025-06-28,Organic Search,Free,0,,,0,0.0
U004908,2025-10-08,Social,Free,0,,,0,0.0
U004909,2025-08-05,Paid Search,Free,0,,,0,0.0
U004910,2025-05-30,Organic Search,Free,0,,,0,0.0
U004911,2025-10-24,Direct,Enterprise,1,2025-10-26,2,1,239.31
U004912,2025-08-17,Direct,Free,0,,,0,0.0
U004913,2025-06-26,Organic Search,Basic,1,2025-06-29,3,1,27.94
U004914,2025-09-09,Social,Free,0,,,0,0.0
U004915,2025-09-23,Social,Free,0,,,0,0.0
U004916,2025-08-05,Organic Search,Free,0,,,0,0.0
U004917,2025-07-03,Paid Search,Basic,1,2025-07-06,3,0,30.45
U004918,2025-01-25,Email,Free,0,,,0,0.0
U004919,2025-09-11,Paid Search,Free,0,,,0,0.0
U004920,2025-06-29,Organic Search,Free,0,,,0,0.0
U004921,2025-03-02,Organic Search,Free,0,,,0,0.0
U004922,2025-07-27,Social,Free,0,,,0,0.0
U004923,2025-04-09,Referral,Free,0,,,0,0.0
U004924,2025-03-12,Email,Basic,1,2025-03-24,12,0,30.88
U004925,2025-04-26,Paid Search,Free,0,,,0,0.0
U004926,2025-04-14,Email,Free,0,,,0,0.0
U004927,2025-01-13,Paid Search,Free,0,,,0,0.0
U004928,2025-02-18,Email,Free,0,,,0,0.0
U004929,2025-09-24,Social,Free,0,,,0,0.0
U004930,2025-04-09,Paid Search,Free,0,,,0,0.0
U004931,2025-06-04,Paid Search,Free,0,,,0,0.0
U004932,2025-01-17,Social,Free,0,,,0,0.0
U004933,2025-01-18,Organic Search,Basic,1,2025-02-02,15,1,27.14
U004934,2025-05-16,Organic Search,Basic,1,2025-05-21,5,0,34.21
U004935,2025-09-03,Referral,Free,0,,,0,0.0
U004936,2025-03-02,Organic Search,Free,0,,,0,0.0
U004937,2025-09-30,Referral,Free,0,,,0,0.0
U004938,2025-06-18,Referral,Free,0,,,0,0.0
U004939,2025-10-11,Organic Search,Free,0,,,0,0.0
U004940,2025-03-14,Referral,Free,0,,,0,0.0
U004941,2025-05-26,Paid Search,Free,0,,,0,0.0
U004942,2025-08-19,Organic Search,Free,0,,,0,0.0
U004943,2025-06-05,Direct,Free,0,,,0,0.0
U004944,2025-04-04,Email,Free,0,,,0,0.0
U004945,2025-08-05,Social,Free,0,,,0,0.0
U004946,2025-04-13,Paid Search,Free,0,,,0,0.0
U004947,2025-02-02,Direct,Free,0,,,0,0.0
U004948,2025-03-04,Organic Search,Free,0,,,0,0.0
U004949,2025-08-09,Organic Search,Free,0,,,0,0.0
U004950,2025-10-17,Referral,Free,0,,,0,0.0
U004951,2025-10-04,Paid Search,Free,0,,,0,0.0
U004952,2025-03-11,Referral,Pro,1,2025-03-13,2,1,63.3
U004953,2025-04-02,Email,Pro,1,2025-04-03,1,0,67.46
U004954,2025-06-30,Email,Basic,1,2025-07-02,2,1,25.25
U004955,2025-01-20,Organic Search,Free,0,,,0,0.0
U004956,2025-10-14,Organic Search,Free,0,,,0,0.0
U004957,2025-09-16,Social,Basic,1,2025-09-17,1,0,36.69
U004958,2025-02-24,Referral,Free,0,,,0,0.0
U004959,2025-02-18,Paid Search,Basic,1,2025-02-22,4,1,26.71
U004960,2025-01-19,Organic Search,Basic,1,2025-01-21,2,0,31.47
U004961,2025-03-11,Referral,Free,0,,,0,0.0
U004962,2025-06-16,Organic Search,Free,0,,,0,0.0
U004963,2025-02-15,Direct,Pro,1,2025-02-20,5,1,85.97
U004964,2025-01-29,Social,Free,0,,,0,0.0
U004965,2025-03-21,Paid Search,Enterprise,1,2025-03-22,1,1,257.25
U004966,2025-04-12,Direct,Free,0,,,0,0.0
U004967,2025-03-28,Organic Search,Free,0,,,0,0.0
U004968,2025-06-07,Email,Free,0,,,0,0.0
U004969,2025-01-15,Social,Free,0,,,0,0.0
U004970,2025-04-20,Referral,Free,0,,,0,0.0
U004971,2025-06-25,Organic Search,Free,0,,,0,0.0
U004972,2025-06-04,Organic Search,Free,0,,,0,0.0
U004973,2025-06-16,Referral,Basic,1,2025-06-17,1,1,34.82
U004974,2025-06-05,Organic Search,Free,0,,,0,0.0
U004975,2025-05-23,Paid Search,Basic,1,2025-05-27,4,1,35.44
U004976,2025-05-21,Email,Pro,1,2025-05-21,0,0,74.96
U004977,2025-03-03,Social,Free,0,,,0,0.0
U004978,2025-06-10,Paid Search,Free,0,,,0,0.0
U004979,2025-04-28,Referral,Free,0,,,0,0.0
U004980,2025-06-02,Organic Search,Free,0,,,0,0.0
U004981,2025-01-20,Direct,Free,0,,,0,0.0
U004982,2025-02-12,Direct,Enterprise,1,2025-02-14,2,1,258.67
U004983,2025-04-23,Paid Search,Free,0,,,0,0.0
U004984,2025-02-21,Email,Free,0,,,0,0.0
U004985,2025-02-03,Social,Free,0,,,0,0.0
U004986,2025-08-28,Organic Search,Free,0,,,0,0.0
U004987,2025-04-13,Referral,Free,0,,,0,0.0
U004988,2025-03-27,Paid Search,Free,0,,,0,0.0
U004989,2025-08-03,Paid Search,Basic,1,2025-08-26,23,1,24.54
U004990,2025-03-12,Email,Pro,1,2025-03-16,4,1,61.16
U004991,2025-01-10,Social,Free,0,,,0,0.0
U004992,2025-10-19,Referral,Basic,1,2025-10-21,2,0,17.65
U004993,2025-02-05,Referral,Free,0,,,0,0.0
U004994,2025-03-15,Paid Search,Free,0,,,0,0.0
U004995,2025-08-24,Direct,Free,0,,,0,0.0
U004996,2025-04-16,Organic Search,Free,0,,,0,0.0
U004997,2025-01-25,Social,Free,0,,,0,0.0
U004998,2025-09-30,Organic Search,Basic,1,2025-10-06,6,1,27.5
U004999,2025-06-24,Direct,Free,0,,,0,0.0
U005000,2025-07-22,Referral,Enterprise,1,2025-07-23,1,1,210.92
