user_id,event_date,event,device,country,medium,revenue
U00001,2025-06-29 15:00:00,view,desktop,Canada,organic,0
U00001,2025-06-29 15:03:27,add_to_cart,desktop,Canada,organic,0
U00001,2025-06-29 15:29:10,checkout,desktop,Canada,organic,0
U00001,2025-06-29 16:33:16,purchase,desktop,Canada,organic,150.91
U00002,2025-02-24 03:00:00,view,desktop,US,organic,0
U00003,2025-03-11 23:00:00,view,mobile,Brazil,none,0
U00004,2025-03-21 07:00:00,view,desktop,Canada,cpc,0
U00004,2025-03-21 07:51:18,add_to_cart,desktop,Canada,cpc,0
U00004,2025-03-21 08:29:28,checkout,desktop,Canada,cpc,0
U00004,2025-03-21 08:59:58,purchase,desktop,Canada,cpc,71.14
U00005,2025-03-22 13:00:00,view,desktop,US,referral,0
U00006,2025-06-09 10:00:00,view,mobile,UK,cpc,0
U00007,2025-05-21 16:00:00,view,mobile,US,referral,0
U00007,2025-05-21 16:29:53,add_to_cart,mobile,US,referral,0
U00007,2025-05-21 16:48:43,checkout,mobile,US,referral,0
U00008,2025-05-11 20:00:00,view,desktop,UK,cpc,0
U00008,2025-05-11 20:09:10,add_to_cart,desktop,UK,cpc,0
U00008,2025-05-11 20:23:18,checkout,desktop,UK,cpc,0
U00008,2025-05-11 20:32:11,purchase,desktop,UK,cpc,106.45
U00009,2025-06-21 16:00:00,view,desktop,US,none,0
U00009,2025-06-21 16:10:26,add_to_cart,desktop,US,none,0
U00010,2025-01-03 15:00:00,view,mobile,UK,organic,0
U00010,2025-01-03 15:38:06,add_to_cart,mobile,UK,organic,0
U00010,2025-01-03 15:50:21,checkout,mobile,UK,organic,0
U00010,2025-01-03 16:53:27,purchase,mobile,UK,organic,109.14
U00011,2025-01-11 14:00:00,view,desktop,UK,organic,0
U00012,2025-04-11 09:00:00,view,tablet,Canada,none,0
U00013,2025-01-26 05:00:00,view,desktop,UK,organic,0
U00013,2025-01-26 05:39:56,add_to_cart,desktop,UK,organic,0
U00014,2025-01-27 09:00:00,view,mobile,US,organic,0
U00014,2025-01-27 09:11:48,add_to_cart,mobile,US,organic,0
U00015,2025-02-23 07:00:00,view,mobile,US,organic,0
U00015,2025-02-23 07:13:09,add_to_cart,mobile,US,organic,0
U00015,2025-02-23 07:23:32,checkout,mobile,US,organic,0
U00016,2025-01-18 00:00:00,view,desktop,India,organic,0
U00016,2025-01-18 00:19:38,add_to_cart,desktop,India,organic,0
U00016,2025-01-18 00:36:22,checkout,desktop,India,organic,0
U00016,2025-01-18 00:55:49,purchase,desktop,India,organic,95.97
U00017,2025-03-07 11:00:00,view,mobile,Canada,organic,0
U00017,2025-03-07 11:32:41,add_to_cart,mobile,Canada,organic,0
U00018,2025-03-01 02:00:00,view,mobile,US,cpc,0
U00019,2025-05-18 05:00:00,view,mobile,US,cpc,0
U00020,2025-05-04 06:00:00,view,tablet,US,organic,0
U00021,2025-06-01 13:00:00,view,mobile,US,organic,0
U00021,2025-06-01 13:20:11,add_to_cart,mobile,US,organic,0
U00021,2025-06-01 13:57:18,checkout,mobile,US,organic,0
U00021,2025-06-01 14:36:04,purchase,mobile,US,organic,105.05
U00022,2025-05-20 03:00:00,view,desktop,Canada,cpc,0
U00022,2025-05-20 03:06:08,add_to_cart,desktop,Canada,cpc,0
U00023,2025-01-31 08:00:00,view,mobile,India,organic,0
U00023,2025-01-31 08:05:00,add_to_cart,mobile,India,organic,0
U00024,2025-06-12 05:00:00,view,mobile,UK,organic,0
U00024,2025-06-12 05:32:08,add_to_cart,mobile,UK,organic,0
U00024,2025-06-12 05:56:26,checkout,mobile,UK,organic,0
U00024,2025-06-12 06:42:44,purchase,mobile,UK,organic,118.56
U00025,2025-06-09 14:00:00,view,tablet,US,referral,0
U00025,2025-06-09 14:05:53,add_to_cart,tablet,US,referral,0
U00026,2025-04-28 21:00:00,view,desktop,UK,referral,0
U00027,2025-02-23 07:00:00,view,desktop,US,none,0
U00028,2025-05-15 22:00:00,view,tablet,India,cpc,0
U00029,2025-06-02 04:00:00,view,desktop,Brazil,referral,0
U00029,2025-06-02 04:02:00,add_to_cart,desktop,Brazil,referral,0
U00029,2025-06-02 04:36:46,checkout,desktop,Brazil,referral,0
U00029,2025-06-02 05:24:40,purchase,desktop,Brazil,referral,121.14
U00030,2025-02-18 18:00:00,view,desktop,Canada,referral,0
U00030,2025-02-18 18:17:09,add_to_cart,desktop,Canada,referral,0
U00030,2025-02-18 18:21:30,checkout,desktop,Canada,referral,0
U00030,2025-02-18 18:44:46,purchase,desktop,Canada,referral,125.75
U00031,2025-05-18 00:00:00,view,mobile,India,referral,0
U00032,2025-05-16 05:00:00,view,desktop,US,cpc,0
U00033,2025-02-23 14:00:00,view,desktop,US,referral,0
U00034,2025-05-01 02:00:00,view,desktop,Brazil,organic,0
U00034,2025-05-01 02:05:01,add_to_cart,desktop,Brazil,organic,0
U00034,2025-05-01 02:53:48,checkout,desktop,Brazil,organic,0
U00034,2025-05-01 03:57:58,purchase,desktop,Brazil,organic,69.38
U00035,2025-03-17 04:00:00,view,desktop,India,organic,0
U00035,2025-03-17 04:07:24,add_to_cart,desktop,India,organic,0
U00035,2025-03-17 04:36:02,checkout,desktop,India,organic,0
U00035,2025-03-17 05:13:33,purchase,desktop,India,organic,58.44
U00036,2025-02-13 16:00:00,view,mobile,US,referral,0
U00037,2025-06-29 01:00:00,view,tablet,US,organic,0
U00038,2025-04-21 20:00:00,view,desktop,UK,organic,0
U00038,2025-04-21 20:19:18,add_to_cart,desktop,UK,organic,0
U00038,2025-04-21 20:23:40,checkout,desktop,UK,organic,0
U00038,2025-04-21 20:44:09,purchase,desktop,UK,organic,87.2
U00039,2025-06-17 14:00:00,view,desktop,US,organic,0
U00040,2025-05-10 06:00:00,view,mobile,Brazil,organic,0
U00040,2025-05-10 06:06:51,add_to_cart,mobile,Brazil,organic,0
U00040,2025-05-10 06:41:51,checkout,mobile,Brazil,organic,0
U00040,2025-05-10 07:13:29,purchase,mobile,Brazil,organic,53.51
U00041,2025-01-08 01:00:00,view,mobile,UK,referral,0
U00041,2025-01-08 01:09:02,add_to_cart,mobile,UK,referral,0
U00041,2025-01-08 01:34:40,checkout,mobile,UK,referral,0
U00041,2025-01-08 01:58:26,purchase,mobile,UK,referral,49.37
U00042,2025-06-09 05:00:00,view,desktop,US,cpc,0
U00042,2025-06-09 05:28:26,add_to_cart,desktop,US,cpc,0
U00042,2025-06-09 06:20:36,checkout,desktop,US,cpc,0
U00042,2025-06-09 07:04:42,purchase,desktop,US,cpc,83.96
U00043,2025-01-30 07:00:00,view,mobile,US,none,0
U00044,2025-05-09 00:00:00,view,desktop,UK,organic,0
U00044,2025-05-09 00:08:55,add_to_cart,desktop,UK,organic,0
U00044,2025-05-09 00:13:00,checkout,desktop,UK,organic,0
U00044,2025-05-09 00:43:45,purchase,desktop,UK,organic,74.79
U00045,2025-01-04 01:00:00,view,mobile,Canada,none,0
U00046,2025-01-08 14:00:00,view,desktop,US,none,0
U00046,2025-01-08 14:06:26,add_to_cart,desktop,US,none,0
U00047,2025-05-01 22:00:00,view,desktop,UK,cpc,0
U00047,2025-05-01 22:06:52,add_to_cart,desktop,UK,cpc,0
U00047,2025-05-01 22:57:53,checkout,desktop,UK,cpc,0
U00047,2025-05-01 23:32:12,purchase,desktop,UK,cpc,57.4
U00048,2025-01-05 01:00:00,view,desktop,US,organic,0
U00048,2025-01-05 01:26:50,add_to_cart,desktop,US,organic,0
U00048,2025-01-05 02:53:58,checkout,desktop,US,organic,0
U00048,2025-01-05 03:08:17,purchase,desktop,US,organic,72.68
U00049,2025-04-23 07:00:00,view,desktop,US,cpc,0
U00049,2025-04-23 07:21:19,add_to_cart,desktop,US,cpc,0
U00049,2025-04-23 07:43:35,checkout,desktop,US,cpc,0
U00050,2025-03-14 23:00:00,view,tablet,UK,cpc,0
U00050,2025-03-14 23:40:40,add_to_cart,tablet,UK,cpc,0
U00051,2025-02-08 19:00:00,view,tablet,Brazil,none,0
U00051,2025-02-08 19:04:42,add_to_cart,tablet,Brazil,none,0
U00052,2025-05-06 00:00:00,view,mobile,UK,referral,0
U00053,2025-03-10 14:00:00,view,mobile,India,cpc,0
U00053,2025-03-10 14:35:19,add_to_cart,mobile,India,cpc,0
U00054,2025-04-02 20:00:00,view,desktop,US,organic,0
U00055,2025-04-04 11:00:00,view,tablet,India,cpc,0
U00055,2025-04-04 11:17:52,add_to_cart,tablet,India,cpc,0
U00055,2025-04-04 11:22:54,checkout,tablet,India,cpc,0
U00055,2025-04-04 12:15:02,purchase,tablet,India,cpc,46.52
U00056,2025-06-05 02:00:00,view,desktop,UK,referral,0
U00056,2025-06-05 02:26:38,add_to_cart,desktop,UK,referral,0
U00056,2025-06-05 03:07:41,checkout,desktop,UK,referral,0
U00056,2025-06-05 03:30:15,purchase,desktop,UK,referral,130.21
U00057,2025-04-16 07:00:00,view,tablet,India,organic,0
U00057,2025-04-16 07:45:31,add_to_cart,tablet,India,organic,0
U00057,2025-04-16 08:08:19,checkout,tablet,India,organic,0
U00057,2025-04-16 08:24:53,purchase,tablet,India,organic,141.88
U00058,2025-02-02 21:00:00,view,desktop,UK,organic,0
U00058,2025-02-02 21:08:40,add_to_cart,desktop,UK,organic,0
U00058,2025-02-02 21:10:48,checkout,desktop,UK,organic,0
U00058,2025-02-02 22:00:23,purchase,desktop,UK,organic,105.44
U00059,2025-03-22 18:00:00,view,tablet,US,organic,0
U00060,2025-01-10 12:00:00,view,desktop,Brazil,organic,0
U00060,2025-01-10 12:22:57,add_to_cart,desktop,Brazil,organic,0
U00060,2025-01-10 12:36:52,checkout,desktop,Brazil,organic,0
U00060,2025-01-10 12:44:47,purchase,desktop,Brazil,organic,122.49
U00061,2025-03-24 15:00:00,view,mobile,UK,organic,0
U00061,2025-03-24 15:18:36,add_to_cart,mobile,UK,organic,0
U00061,2025-03-24 16:12:42,checkout,mobile,UK,organic,0
U00061,2025-03-24 16:20:02,purchase,mobile,UK,organic,106.57
U00062,2025-06-18 02:00:00,view,desktop,India,organic,0
U00063,2025-01-06 18:00:00,view,mobile,US,referral,0
U00063,2025-01-06 18:25:46,add_to_cart,mobile,US,referral,0
U00064,2025-05-08 22:00:00,view,desktop,US,organic,0
U00064,2025-05-08 22:11:31,add_to_cart,desktop,US,organic,0
U00064,2025-05-08 22:36:24,checkout,desktop,US,organic,0
U00064,2025-05-08 22:59:31,purchase,desktop,US,organic,145.16
U00065,2025-03-06 06:00:00,view,mobile,US,referral,0
U00065,2025-03-06 06:07:01,add_to_cart,mobile,US,referral,0
U00065,2025-03-06 06:38:58,checkout,mobile,US,referral,0
U00065,2025-03-06 07:51:19,purchase,mobile,US,referral,60.32
U00066,2025-02-05 14:00:00,view,mobile,US,referral,0
U00066,2025-02-05 14:15:23,add_to_cart,mobile,US,referral,0
U00066,2025-02-05 14:42:50,checkout,mobile,US,referral,0
U00066,2025-02-05 15:03:41,purchase,mobile,US,referral,92.36
U00067,2025-01-20 02:00:00,view,mobile,US,none,0
U00068,2025-04-09 16:00:00,view,mobile,Brazil,organic,0
U00068,2025-04-09 16:23:42,add_to_cart,mobile,Brazil,organic,0
U00069,2025-04-19 11:00:00,view,mobile,Canada,referral,0
U00069,2025-04-19 11:36:48,add_to_cart,mobile,Canada,referral,0
U00070,2025-04-01 20:00:00,view,desktop,Canada,organic,0
U00070,2025-04-01 20:31:14,add_to_cart,desktop,Canada,organic,0
U00070,2025-04-01 21:34:57,checkout,desktop,Canada,organic,0
U00070,2025-04-01 22:06:33,purchase,desktop,Canada,organic,66.51
U00071,2025-02-11 16:00:00,view,desktop,Canada,cpc,0
U00072,2025-02-09 15:00:00,view,desktop,US,referral,0
U00072,2025-02-09 15:07:27,add_to_cart,desktop,US,referral,0
U00073,2025-05-21 23:00:00,view,mobile,US,cpc,0
U00073,2025-05-21 23:20:45,add_to_cart,mobile,US,cpc,0
U00073,2025-05-22 00:11:08,checkout,mobile,US,cpc,0
U00074,2025-03-26 09:00:00,view,tablet,UK,referral,0
U00075,2025-03-26 08:00:00,view,desktop,UK,organic,0
U00075,2025-03-26 08:10:44,add_to_cart,desktop,UK,organic,0
U00075,2025-03-26 08:43:31,checkout,desktop,UK,organic,0
U00075,2025-03-26 09:12:37,purchase,desktop,UK,organic,76.14
U00076,2025-02-25 22:00:00,view,mobile,US,organic,0
U00076,2025-02-25 22:14:59,add_to_cart,mobile,US,organic,0
U00076,2025-02-25 23:08:42,checkout,mobile,US,organic,0
U00077,2025-03-21 14:00:00,view,mobile,Brazil,referral,0
U00077,2025-03-21 14:12:48,add_to_cart,mobile,Brazil,referral,0
U00078,2025-01-20 08:00:00,view,desktop,Canada,none,0
U00078,2025-01-20 08:40:27,add_to_cart,desktop,Canada,none,0
U00079,2025-01-13 20:00:00,view,mobile,US,organic,0
U00079,2025-01-13 20:28:47,add_to_cart,mobile,US,organic,0
U00079,2025-01-13 20:33:21,checkout,mobile,US,organic,0
U00079,2025-01-13 20:42:01,purchase,mobile,US,organic,89.94
U00080,2025-06-01 10:00:00,view,desktop,US,organic,0
U00080,2025-06-01 10:10:31,add_to_cart,desktop,US,organic,0
U00080,2025-06-01 10:28:35,checkout,desktop,US,organic,0
U00080,2025-06-01 10:58:47,purchase,desktop,US,organic,83.34
U00081,2025-01-25 15:00:00,view,tablet,India,organic,0
U00082,2025-01-18 18:00:00,view,mobile,US,organic,0
U00082,2025-01-18 18:17:49,add_to_cart,mobile,US,organic,0
U00082,2025-01-18 19:02:11,checkout,mobile,US,organic,0
U00082,2025-01-18 19:36:11,purchase,mobile,US,organic,107.07
U00083,2025-05-03 09:00:00,view,mobile,India,none,0
U00084,2025-03-02 09:00:00,view,desktop,US,cpc,0
U00084,2025-03-02 09:04:56,add_to_cart,desktop,US,cpc,0
U00084,2025-03-02 09:23:51,checkout,desktop,US,cpc,0
U00084,2025-03-02 09:48:32,purchase,desktop,US,cpc,123.97
U00085,2025-04-14 12:00:00,view,desktop,India,organic,0
U00085,2025-04-14 12:32:04,add_to_cart,desktop,India,organic,0
U00085,2025-04-14 12:57:32,checkout,desktop,India,organic,0
U00085,2025-04-14 13:30:33,purchase,desktop,India,organic,97.08
U00086,2025-04-05 00:00:00,view,mobile,US,referral,0
U00086,2025-04-05 00:03:16,add_to_cart,mobile,US,referral,0
U00086,2025-04-05 00:24:20,checkout,mobile,US,referral,0
U00086,2025-04-05 01:44:37,purchase,mobile,US,referral,123.41
U00087,2025-05-24 00:00:00,view,mobile,US,referral,0
U00087,2025-05-24 00:28:40,add_to_cart,mobile,US,referral,0
U00087,2025-05-24 01:04:59,checkout,mobile,US,referral,0
U00087,2025-05-24 01:35:30,purchase,mobile,US,referral,138.55
U00088,2025-05-19 18:00:00,view,desktop,Canada,none,0
U00088,2025-05-19 18:54:08,add_to_cart,desktop,Canada,none,0
U00088,2025-05-19 18:59:43,checkout,desktop,Canada,none,0
U00088,2025-05-19 19:32:46,purchase,desktop,Canada,none,54.84
U00089,2025-04-26 17:00:00,view,tablet,Canada,referral,0
U00089,2025-04-26 17:19:53,add_to_cart,tablet,Canada,referral,0
U00090,2025-06-05 08:00:00,view,mobile,US,cpc,0
U00090,2025-06-05 08:51:19,add_to_cart,mobile,US,cpc,0
U00090,2025-06-05 09:20:08,checkout,mobile,US,cpc,0
U00090,2025-06-05 09:35:44,purchase,mobile,US,cpc,73.55
U00091,2025-04-22 04:00:00,view,mobile,UK,none,0
U00092,2025-06-11 00:00:00,view,mobile,UK,organic,0
U00093,2025-01-22 01:00:00,view,mobile,UK,cpc,0
U00093,2025-01-22 01:06:35,add_to_cart,mobile,UK,cpc,0
U00093,2025-01-22 02:00:00,checkout,mobile,UK,cpc,0
U00093,2025-01-22 02:39:50,purchase,mobile,UK,cpc,78.19
U00094,2025-04-08 07:00:00,view,mobile,US,none,0
U00094,2025-04-08 07:03:36,add_to_cart,mobile,US,none,0
U00095,2025-01-20 23:00:00,view,desktop,US,none,0
U00096,2025-02-28 15:00:00,view,desktop,India,cpc,0
U00097,2025-03-30 18:00:00,view,desktop,India,referral,0
U00097,2025-03-30 18:04:23,add_to_cart,desktop,India,referral,0
U00097,2025-03-30 18:51:50,checkout,desktop,India,referral,0
U00097,2025-03-30 19:17:24,purchase,desktop,India,referral,121.86
U00098,2025-06-24 13:00:00,view,mobile,Canada,referral,0
U00098,2025-06-24 13:17:19,add_to_cart,mobile,Canada,referral,0
U00098,2025-06-24 14:04:54,checkout,mobile,Canada,referral,0
U00098,2025-06-24 14:31:13,purchase,mobile,Canada,referral,105.51
U00099,2025-03-02 17:00:00,view,mobile,India,organic,0
U00099,2025-03-02 17:28:32,add_to_cart,mobile,India,organic,0
U00099,2025-03-02 18:03:41,checkout,mobile,India,organic,0
U00099,2025-03-02 18:47:22,purchase,mobile,India,organic,72.18
U00100,2025-04-23 17:00:00,view,tablet,US,referral,0
U00101,2025-03-29 02:00:00,view,desktop,Canada,organic,0
U00101,2025-03-29 02:02:58,add_to_cart,desktop,Canada,organic,0
U00101,2025-03-29 02:25:07,checkout,desktop,Canada,organic,0
U00101,2025-03-29 03:52:13,purchase,desktop,Canada,organic,95.37
U00102,2025-06-09 06:00:00,view,mobile,US,cpc,0
U00102,2025-06-09 06:43:28,add_to_cart,mobile,US,cpc,0
U00103,2025-02-23 18:00:00,view,mobile,US,organic,0
U00104,2025-04-02 01:00:00,view,mobile,UK,cpc,0
U00105,2025-04-03 03:00:00,view,tablet,US,referral,0
U00105,2025-04-03 03:23:57,add_to_cart,tablet,US,referral,0
U00106,2025-04-13 03:00:00,view,tablet,US,cpc,0
U00106,2025-04-13 03:24:18,add_to_cart,tablet,US,cpc,0
U00106,2025-04-13 03:32:00,checkout,tablet,US,cpc,0
U00106,2025-04-13 04:40:01,purchase,tablet,US,cpc,47.26
U00107,2025-01-18 22:00:00,view,mobile,UK,referral,0
U00108,2025-02-23 07:00:00,view,mobile,UK,referral,0
U00108,2025-02-23 07:15:04,add_to_cart,mobile,UK,referral,0
U00108,2025-02-23 08:08:54,checkout,mobile,UK,referral,0
U00108,2025-02-23 09:18:00,purchase,mobile,UK,referral,132.53
U00109,2025-03-13 09:00:00,view,desktop,Brazil,organic,0
U00109,2025-03-13 09:07:03,add_to_cart,desktop,Brazil,organic,0
U00109,2025-03-13 09:14:38,checkout,desktop,Brazil,organic,0
U00110,2025-04-28 09:00:00,view,desktop,Canada,organic,0
U00111,2025-05-03 11:00:00,view,mobile,Brazil,cpc,0
U00111,2025-05-03 11:17:14,add_to_cart,mobile,Brazil,cpc,0
U00111,2025-05-03 11:30:58,checkout,mobile,Brazil,cpc,0
U00111,2025-05-03 11:58:28,purchase,mobile,Brazil,cpc,70.16
U00112,2025-04-02 08:00:00,view,mobile,US,cpc,0
U00112,2025-04-02 08:52:49,add_to_cart,mobile,US,cpc,0
U00113,2025-06-13 20:00:00,view,mobile,Canada,referral,0
U00113,2025-06-13 20:17:36,add_to_cart,mobile,Canada,referral,0
U00113,2025-06-13 21:10:32,checkout,mobile,Canada,referral,0
U00113,2025-06-13 21:36:06,purchase,mobile,Canada,referral,92.87
U00114,2025-05-02 23:00:00,view,desktop,India,cpc,0
U00114,2025-05-02 23:04:59,add_to_cart,desktop,India,cpc,0
U00115,2025-03-27 11:00:00,view,desktop,US,referral,0
U00115,2025-03-27 11:19:56,add_to_cart,desktop,US,referral,0
U00115,2025-03-27 12:03:54,checkout,desktop,US,referral,0
U00115,2025-03-27 12:52:54,purchase,desktop,US,referral,117.35
U00116,2025-04-23 11:00:00,view,mobile,Canada,cpc,0
U00117,2025-05-20 09:00:00,view,mobile,US,cpc,0
U00118,2025-01-07 06:00:00,view,desktop,US,organic,0
U00118,2025-01-07 06:07:06,add_to_cart,desktop,US,organic,0
U00118,2025-01-07 06:34:47,checkout,desktop,US,organic,0
U00118,2025-01-07 07:36:07,purchase,desktop,US,organic,98.81
U00119,2025-05-12 17:00:00,view,desktop,UK,cpc,0
U00119,2025-05-12 17:36:11,add_to_cart,desktop,UK,cpc,0
U00119,2025-05-12 17:49:52,checkout,desktop,UK,cpc,0
U00119,2025-05-12 18:20:48,purchase,desktop,UK,cpc,56.85
U00120,2025-06-09 13:00:00,view,desktop,India,none,0
U00121,2025-03-16 23:00:00,view,desktop,Canada,organic,0
U00122,2025-02-06 20:00:00,view,mobile,US,none,0
U00123,2025-06-02 05:00:00,view,desktop,Brazil,organic,0
U00123,2025-06-02 05:22:23,add_to_cart,desktop,Brazil,organic,0
U00124,2025-01-14 16:00:00,view,desktop,India,organic,0
U00124,2025-01-14 16:18:00,add_to_cart,desktop,India,organic,0
U00124,2025-01-14 16:37:50,checkout,desktop,India,organic,0
U00124,2025-01-14 16:55:34,purchase,desktop,India,organic,88.21
U00125,2025-01-08 20:00:00,view,mobile,US,organic,0
U00126,2025-06-06 00:00:00,view,tablet,US,none,0
U00127,2025-06-24 05:00:00,view,desktop,Canada,none,0
U00128,2025-06-16 09:00:00,view,desktop,Brazil,organic,0
U00128,2025-06-16 09:25:12,add_to_cart,desktop,Brazil,organic,0
U00128,2025-06-16 10:09:12,checkout,desktop,Brazil,organic,0
U00128,2025-06-16 10:36:49,purchase,desktop,Brazil,organic,110.65
U00129,2025-05-28 14:00:00,view,mobile,Brazil,cpc,0
U00130,2025-06-22 14:00:00,view,desktop,US,cpc,0
U00130,2025-06-22 14:05:25,add_to_cart,desktop,US,cpc,0
U00131,2025-04-15 16:00:00,view,desktop,UK,referral,0
U00132,2025-01-07 18:00:00,view,mobile,US,organic,0
U00133,2025-02-01 04:00:00,view,mobile,Canada,cpc,0
U00134,2025-04-05 08:00:00,view,tablet,US,organic,0
U00135,2025-05-12 09:00:00,view,mobile,UK,cpc,0
U00135,2025-05-12 09:23:08,add_to_cart,mobile,UK,cpc,0
U00136,2025-05-19 00:00:00,view,desktop,US,cpc,0
U00136,2025-05-19 00:20:18,add_to_cart,desktop,US,cpc,0
U00136,2025-05-19 00:25:58,checkout,desktop,US,cpc,0
U00136,2025-05-19 00:57:37,purchase,desktop,US,cpc,102.04
U00137,2025-04-24 20:00:00,view,desktop,US,organic,0
U00137,2025-04-24 20:08:43,add_to_cart,desktop,US,organic,0
U00137,2025-04-24 20:16:16,checkout,desktop,US,organic,0
U00137,2025-04-24 20:27:24,purchase,desktop,US,organic,131.36
U00138,2025-05-21 14:00:00,view,desktop,India,none,0
U00139,2025-01-24 19:00:00,view,mobile,UK,referral,0
U00139,2025-01-24 19:26:05,add_to_cart,mobile,UK,referral,0
U00139,2025-01-24 20:12:07,checkout,mobile,UK,referral,0
U00139,2025-01-24 23:26:26,purchase,mobile,UK,referral,42.36
U00140,2025-02-03 13:00:00,view,desktop,India,organic,0
U00141,2025-02-10 03:00:00,view,mobile,Canada,none,0
U00141,2025-02-10 03:21:20,add_to_cart,mobile,Canada,none,0
U00141,2025-02-10 03:59:04,checkout,mobile,Canada,none,0
U00142,2025-03-24 17:00:00,view,desktop,UK,cpc,0
U00142,2025-03-24 17:09:14,add_to_cart,desktop,UK,cpc,0
U00142,2025-03-24 17:20:08,checkout,desktop,UK,cpc,0
U00142,2025-03-24 17:51:26,purchase,desktop,UK,cpc,104.21
U00143,2025-03-14 11:00:00,view,desktop,US,organic,0
U00143,2025-03-14 11:11:02,add_to_cart,desktop,US,organic,0
U00143,2025-03-14 11:34:26,checkout,desktop,US,organic,0
U00143,2025-03-14 11:41:51,purchase,desktop,US,organic,128.3
U00144,2025-06-12 11:00:00,view,tablet,US,organic,0
U00145,2025-05-14 07:00:00,view,mobile,Brazil,none,0
U00146,2025-05-07 00:00:00,view,desktop,Brazil,organic,0
U00146,2025-05-07 00:10:37,add_to_cart,desktop,Brazil,organic,0
U00147,2025-02-24 14:00:00,view,desktop,UK,cpc,0
U00147,2025-02-24 14:02:00,add_to_cart,desktop,UK,cpc,0
U00147,2025-02-24 14:30:13,checkout,desktop,UK,cpc,0
U00147,2025-02-24 14:32:58,purchase,desktop,UK,cpc,89.33
U00148,2025-06-15 01:00:00,view,desktop,US,referral,0
U00149,2025-05-12 06:00:00,view,mobile,India,none,0
U00149,2025-05-12 06:34:25,add_to_cart,mobile,India,none,0
U00149,2025-05-12 07:09:14,checkout,mobile,India,none,0
U00150,2025-03-09 02:00:00,view,desktop,UK,cpc,0
U00151,2025-02-18 23:00:00,view,mobile,US,none,0
U00151,2025-02-18 23:05:17,add_to_cart,mobile,US,none,0
U00151,2025-02-18 23:36:23,checkout,mobile,US,none,0
U00151,2025-02-18 23:58:53,purchase,mobile,US,none,70.97
U00152,2025-03-21 15:00:00,view,desktop,US,none,0
U00153,2025-02-21 12:00:00,view,desktop,US,organic,0
U00154,2025-01-21 16:00:00,view,tablet,India,none,0
U00155,2025-02-23 02:00:00,view,desktop,India,cpc,0
U00155,2025-02-23 02:16:20,add_to_cart,desktop,India,cpc,0
U00155,2025-02-23 02:26:04,checkout,desktop,India,cpc,0
U00155,2025-02-23 03:14:33,purchase,desktop,India,cpc,76.76
U00156,2025-06-14 10:00:00,view,desktop,Canada,referral,0
U00156,2025-06-14 10:10:26,add_to_cart,desktop,Canada,referral,0
U00156,2025-06-14 10:27:40,checkout,desktop,Canada,referral,0
U00156,2025-06-14 10:47:22,purchase,desktop,Canada,referral,93.74
U00157,2025-03-28 01:00:00,view,desktop,India,cpc,0
U00157,2025-03-28 01:33:29,add_to_cart,desktop,India,cpc,0
U00157,2025-03-28 02:18:22,checkout,desktop,India,cpc,0
U00157,2025-03-28 02:37:49,purchase,desktop,India,cpc,18.66
U00158,2025-02-14 07:00:00,view,mobile,Brazil,cpc,0
U00158,2025-02-14 07:11:11,add_to_cart,mobile,Brazil,cpc,0
U00158,2025-02-14 08:22:22,checkout,mobile,Brazil,cpc,0
U00159,2025-01-24 09:00:00,view,mobile,US,cpc,0
U00159,2025-01-24 09:05:16,add_to_cart,mobile,US,cpc,0
U00159,2025-01-24 09:30:14,checkout,mobile,US,cpc,0
U00159,2025-01-24 11:18:57,purchase,mobile,US,cpc,99.95
U00160,2025-03-25 02:00:00,view,mobile,India,organic,0
U00161,2025-04-29 19:00:00,view,desktop,US,organic,0
U00161,2025-04-29 19:33:45,add_to_cart,desktop,US,organic,0
U00161,2025-04-29 19:57:35,checkout,desktop,US,organic,0
U00162,2025-01-24 18:00:00,view,mobile,UK,cpc,0
U00162,2025-01-24 18:19:54,add_to_cart,mobile,UK,cpc,0
U00162,2025-01-24 19:16:17,checkout,mobile,UK,cpc,0
U00162,2025-01-24 19:24:33,purchase,mobile,UK,cpc,104.06
U00163,2025-04-04 22:00:00,view,tablet,India,referral,0
U00163,2025-04-04 22:10:37,add_to_cart,tablet,India,referral,0
U00163,2025-04-04 23:32:34,checkout,tablet,India,referral,0
U00164,2025-03-29 20:00:00,view,desktop,Brazil,referral,0
U00164,2025-03-29 20:13:53,add_to_cart,desktop,Brazil,referral,0
U00164,2025-03-29 20:26:47,checkout,desktop,Brazil,referral,0
U00164,2025-03-29 21:31:32,purchase,desktop,Brazil,referral,99.48
U00165,2025-03-22 18:00:00,view,mobile,UK,referral,0
U00166,2025-04-18 13:00:00,view,tablet,UK,referral,0
U00166,2025-04-18 13:04:16,add_to_cart,tablet,UK,referral,0
U00166,2025-04-18 13:13:01,checkout,tablet,UK,referral,0
U00166,2025-04-18 14:33:18,purchase,tablet,UK,referral,69.51
U00167,2025-02-16 12:00:00,view,desktop,India,cpc,0
U00167,2025-02-16 12:12:23,add_to_cart,desktop,India,cpc,0
U00167,2025-02-16 12:21:49,checkout,desktop,India,cpc,0
U00167,2025-02-16 12:35:24,purchase,desktop,India,cpc,56.21
U00168,2025-02-03 16:00:00,view,desktop,US,organic,0
U00168,2025-02-03 16:32:51,add_to_cart,desktop,US,organic,0
U00168,2025-02-03 16:56:38,checkout,desktop,US,organic,0
U00168,2025-02-03 17:07:42,purchase,desktop,US,organic,110.6
U00169,2025-01-25 08:00:00,view,desktop,India,cpc,0
U00169,2025-01-25 08:12:28,add_to_cart,desktop,India,cpc,0
U00169,2025-01-25 08:55:29,checkout,desktop,India,cpc,0
U00169,2025-01-25 09:08:40,purchase,desktop,India,cpc,46.26
U00170,2025-02-07 06:00:00,view,tablet,Canada,organic,0
U00170,2025-02-07 06:26:11,add_to_cart,tablet,Canada,organic,0
U00170,2025-02-07 06:48:04,checkout,tablet,Canada,organic,0
U00170,2025-02-07 07:07:29,purchase,tablet,Canada,organic,83.42
U00171,2025-03-11 14:00:00,view,mobile,Brazil,cpc,0
U00172,2025-04-28 13:00:00,view,desktop,UK,organic,0
U00173,2025-02-06 10:00:00,view,mobile,India,none,0
U00173,2025-02-06 10:15:54,add_to_cart,mobile,India,none,0
U00173,2025-02-06 10:44:31,checkout,mobile,India,none,0
U00174,2025-06-04 20:00:00,view,mobile,Canada,referral,0
U00174,2025-06-04 20:40:04,add_to_cart,mobile,Canada,referral,0
U00174,2025-06-04 21:52:02,checkout,mobile,Canada,referral,0
U00174,2025-06-04 22:57:55,purchase,mobile,Canada,referral,96.33
U00175,2025-06-08 05:00:00,view,tablet,US,referral,0
U00175,2025-06-08 05:33:57,add_to_cart,tablet,US,referral,0
U00176,2025-03-23 22:00:00,view,desktop,US,none,0
U00176,2025-03-23 22:25:09,add_to_cart,desktop,US,none,0
U00176,2025-03-23 22:30:25,checkout,desktop,US,none,0
U00176,2025-03-23 22:44:45,purchase,desktop,US,none,48.62
U00177,2025-03-30 08:00:00,view,mobile,US,none,0
U00177,2025-03-30 08:39:31,add_to_cart,mobile,US,none,0
U00178,2025-06-28 03:00:00,view,mobile,US,none,0
U00179,2025-04-01 23:00:00,view,desktop,Canada,cpc,0
U00179,2025-04-01 23:11:08,add_to_cart,desktop,Canada,cpc,0
U00179,2025-04-01 23:32:48,checkout,desktop,Canada,cpc,0
U00179,2025-04-02 01:06:52,purchase,desktop,Canada,cpc,100.38
U00180,2025-02-24 13:00:00,view,mobile,US,organic,0
U00180,2025-02-24 13:31:12,add_to_cart,mobile,US,organic,0
U00181,2025-02-23 21:00:00,view,tablet,US,referral,0
U00182,2025-06-08 19:00:00,view,tablet,US,referral,0
U00182,2025-06-08 19:18:56,add_to_cart,tablet,US,referral,0
U00182,2025-06-08 19:26:19,checkout,tablet,US,referral,0
U00182,2025-06-08 19:46:41,purchase,tablet,US,referral,142.89
U00183,2025-01-24 03:00:00,view,mobile,India,organic,0
U00184,2025-05-23 04:00:00,view,mobile,US,none,0
U00185,2025-02-20 03:00:00,view,mobile,Brazil,organic,0
U00185,2025-02-20 03:43:08,add_to_cart,mobile,Brazil,organic,0
U00185,2025-02-20 04:23:55,checkout,mobile,Brazil,organic,0
U00185,2025-02-20 04:56:25,purchase,mobile,Brazil,organic,136.16
U00186,2025-02-28 09:00:00,view,desktop,Brazil,organic,0
U00186,2025-02-28 09:03:36,add_to_cart,desktop,Brazil,organic,0
U00186,2025-02-28 09:10:22,checkout,desktop,Brazil,organic,0
U00187,2025-04-17 00:00:00,view,mobile,US,none,0
U00188,2025-06-28 14:00:00,view,mobile,UK,organic,0
U00189,2025-04-09 23:00:00,view,desktop,India,organic,0
U00189,2025-04-09 23:27:49,add_to_cart,desktop,India,organic,0
U00190,2025-06-08 18:00:00,view,tablet,US,cpc,0
U00190,2025-06-08 18:15:19,add_to_cart,tablet,US,cpc,0
U00190,2025-06-08 18:33:17,checkout,tablet,US,cpc,0
U00191,2025-02-18 15:00:00,view,desktop,India,cpc,0
U00191,2025-02-18 15:09:30,add_to_cart,desktop,India,cpc,0
U00191,2025-02-18 15:35:57,checkout,desktop,India,cpc,0
U00191,2025-02-18 15:55:08,purchase,desktop,India,cpc,111.9
U00192,2025-03-01 08:00:00,view,mobile,UK,cpc,0
U00192,2025-03-01 08:08:23,add_to_cart,mobile,UK,cpc,0
U00193,2025-04-15 08:00:00,view,mobile,US,referral,0
U00193,2025-04-15 08:42:09,add_to_cart,mobile,US,referral,0
U00193,2025-04-15 09:24:58,checkout,mobile,US,referral,0
U00193,2025-04-15 10:01:44,purchase,mobile,US,referral,58.12
U00194,2025-05-27 20:00:00,view,mobile,UK,none,0
U00194,2025-05-27 20:15:45,add_to_cart,mobile,UK,none,0
U00195,2025-03-03 22:00:00,view,tablet,India,organic,0
U00195,2025-03-03 22:24:49,add_to_cart,tablet,India,organic,0
U00195,2025-03-03 22:55:34,checkout,tablet,India,organic,0
U00195,2025-03-03 23:34:55,purchase,tablet,India,organic,85.81
U00196,2025-05-27 08:00:00,view,mobile,India,referral,0
U00196,2025-05-27 08:03:31,add_to_cart,mobile,India,referral,0
U00196,2025-05-27 08:27:15,checkout,mobile,India,referral,0
U00196,2025-05-27 09:58:21,purchase,mobile,India,referral,73.24
U00197,2025-04-16 04:00:00,view,mobile,Brazil,cpc,0
U00197,2025-04-16 04:30:35,add_to_cart,mobile,Brazil,cpc,0
U00197,2025-04-16 06:19:42,checkout,mobile,Brazil,cpc,0
U00198,2025-05-07 11:00:00,view,mobile,Brazil,organic,0
U00199,2025-05-29 03:00:00,view,desktop,US,none,0
U00200,2025-06-05 15:00:00,view,desktop,India,cpc,0
U00200,2025-06-05 15:28:48,add_to_cart,desktop,India,cpc,0
U00200,2025-06-05 15:30:50,checkout,desktop,India,cpc,0
U00201,2025-04-20 15:00:00,view,tablet,UK,referral,0
U00201,2025-04-20 16:03:12,add_to_cart,tablet,UK,referral,0
U00202,2025-05-27 21:00:00,view,tablet,UK,organic,0
U00202,2025-05-27 21:19:13,add_to_cart,tablet,UK,organic,0
U00202,2025-05-27 21:26:50,checkout,tablet,UK,organic,0
U00202,2025-05-27 22:09:43,purchase,tablet,UK,organic,83.38
U00203,2025-01-22 14:00:00,view,desktop,UK,organic,0
U00203,2025-01-22 14:25:21,add_to_cart,desktop,UK,organic,0
U00203,2025-01-22 14:38:29,checkout,desktop,UK,organic,0
U00204,2025-03-20 21:00:00,view,desktop,Canada,cpc,0
U00204,2025-03-20 21:11:40,add_to_cart,desktop,Canada,cpc,0
U00204,2025-03-20 21:27:42,checkout,desktop,Canada,cpc,0
U00204,2025-03-20 22:37:40,purchase,desktop,Canada,cpc,88.44
U00205,2025-05-05 13:00:00,view,desktop,India,organic,0
U00205,2025-05-05 13:05:53,add_to_cart,desktop,India,organic,0
U00205,2025-05-05 13:22:21,checkout,desktop,India,organic,0
U00205,2025-05-05 14:58:00,purchase,desktop,India,organic,111.05
U00206,2025-05-16 01:00:00,view,mobile,US,organic,0
U00207,2025-02-01 10:00:00,view,mobile,India,organic,0
U00208,2025-06-02 12:00:00,view,desktop,US,cpc,0
U00208,2025-06-02 12:02:57,add_to_cart,desktop,US,cpc,0
U00209,2025-03-22 14:00:00,view,tablet,UK,referral,0
U00209,2025-03-22 14:15:29,add_to_cart,tablet,UK,referral,0
U00209,2025-03-22 14:48:35,checkout,tablet,UK,referral,0
U00209,2025-03-22 15:39:37,purchase,tablet,UK,referral,41.99
U00210,2025-04-11 18:00:00,view,tablet,Brazil,organic,0
U00211,2025-01-24 16:00:00,view,mobile,UK,cpc,0
U00212,2025-02-16 15:00:00,view,tablet,UK,none,0
U00212,2025-02-16 15:20:53,add_to_cart,tablet,UK,none,0
U00212,2025-02-16 15:30:19,checkout,tablet,UK,none,0
U00212,2025-02-16 16:38:10,purchase,tablet,UK,none,47.28
U00213,2025-06-12 13:00:00,view,mobile,US,organic,0
U00214,2025-04-02 08:00:00,view,desktop,Canada,none,0
U00214,2025-04-02 08:04:32,add_to_cart,desktop,Canada,none,0
U00214,2025-04-02 08:30:12,checkout,desktop,Canada,none,0
U00214,2025-04-02 10:12:12,purchase,desktop,Canada,none,70.96
U00215,2025-03-18 13:00:00,view,tablet,US,referral,0
U00216,2025-06-14 19:00:00,view,desktop,US,organic,0
U00216,2025-06-14 19:04:42,add_to_cart,desktop,US,organic,0
U00216,2025-06-14 19:17:46,checkout,desktop,US,organic,0
U00216,2025-06-14 19:26:58,purchase,desktop,US,organic,122.63
U00217,2025-04-24 19:00:00,view,mobile,US,cpc,0
U00218,2025-01-19 03:00:00,view,desktop,UK,cpc,0
U00219,2025-05-02 01:00:00,view,mobile,US,referral,0
U00220,2025-04-18 09:00:00,view,mobile,UK,organic,0
U00220,2025-04-18 09:06:44,add_to_cart,mobile,UK,organic,0
U00220,2025-04-18 09:25:32,checkout,mobile,UK,organic,0
U00220,2025-04-18 10:56:46,purchase,mobile,UK,organic,77.45
U00221,2025-04-22 23:00:00,view,desktop,Brazil,referral,0
U00221,2025-04-22 23:04:28,add_to_cart,desktop,Brazil,referral,0
U00222,2025-01-23 09:00:00,view,mobile,Canada,organic,0
U00222,2025-01-23 09:07:40,add_to_cart,mobile,Canada,organic,0
U00222,2025-01-23 09:42:10,checkout,mobile,Canada,organic,0
U00222,2025-01-23 10:20:57,purchase,mobile,Canada,organic,135.51
U00223,2025-02-27 06:00:00,view,mobile,US,cpc,0
U00223,2025-02-27 06:49:28,add_to_cart,mobile,US,cpc,0
U00224,2025-03-17 07:00:00,view,mobile,US,cpc,0
U00224,2025-03-17 07:17:23,add_to_cart,mobile,US,cpc,0
U00224,2025-03-17 08:04:28,checkout,mobile,US,cpc,0
U00225,2025-06-21 22:00:00,view,desktop,Brazil,organic,0
U00225,2025-06-21 22:10:19,add_to_cart,desktop,Brazil,organic,0
U00225,2025-06-21 22:52:38,checkout,desktop,Brazil,organic,0
U00225,2025-06-21 23:41:34,purchase,desktop,Brazil,organic,114.46
U00226,2025-02-09 16:00:00,view,desktop,Canada,cpc,0
U00227,2025-05-01 13:00:00,view,mobile,India,organic,0
U00228,2025-01-06 10:00:00,view,desktop,India,cpc,0
U00228,2025-01-06 10:11:06,add_to_cart,desktop,India,cpc,0
U00229,2025-05-29 20:00:00,view,desktop,US,organic,0
U00230,2025-06-26 23:00:00,view,desktop,US,organic,0
U00230,2025-06-26 23:11:40,add_to_cart,desktop,US,organic,0
U00230,2025-06-27 00:14:01,checkout,desktop,US,organic,0
U00231,2025-05-01 22:00:00,view,desktop,Canada,organic,0
U00231,2025-05-01 22:18:50,add_to_cart,desktop,Canada,organic,0
U00231,2025-05-01 22:56:38,checkout,desktop,Canada,organic,0
U00231,2025-05-01 23:25:49,purchase,desktop,Canada,organic,71.65
U00232,2025-06-14 20:00:00,view,desktop,UK,none,0
U00233,2025-01-11 10:00:00,view,desktop,UK,cpc,0
U00234,2025-01-29 10:00:00,view,desktop,Canada,organic,0
U00235,2025-04-09 02:00:00,view,desktop,US,cpc,0
U00236,2025-02-23 03:00:00,view,desktop,Brazil,cpc,0
U00236,2025-02-23 03:14:01,add_to_cart,desktop,Brazil,cpc,0
U00236,2025-02-23 03:33:32,checkout,desktop,Brazil,cpc,0
U00236,2025-02-23 04:13:44,purchase,desktop,Brazil,cpc,74.04
U00237,2025-01-15 03:00:00,view,mobile,UK,none,0
U00237,2025-01-15 03:42:34,add_to_cart,mobile,UK,none,0
U00237,2025-01-15 04:04:53,checkout,mobile,UK,none,0
U00238,2025-03-09 05:00:00,view,desktop,Brazil,referral,0
U00238,2025-03-09 05:06:31,add_to_cart,desktop,Brazil,referral,0
U00238,2025-03-09 05:28:56,checkout,desktop,Brazil,referral,0
U00239,2025-05-23 14:00:00,view,mobile,US,organic,0
U00239,2025-05-23 14:06:09,add_to_cart,mobile,US,organic,0
U00239,2025-05-23 14:13:47,checkout,mobile,US,organic,0
U00239,2025-05-23 15:24:52,purchase,mobile,US,organic,90.06
U00240,2025-02-13 16:00:00,view,desktop,Canada,cpc,0
U00240,2025-02-13 16:18:15,add_to_cart,desktop,Canada,cpc,0
U00240,2025-02-13 16:46:05,checkout,desktop,Canada,cpc,0
U00240,2025-02-13 17:01:56,purchase,desktop,Canada,cpc,63.0
U00241,2025-04-27 06:00:00,view,desktop,India,none,0
U00242,2025-06-19 02:00:00,view,mobile,US,cpc,0
U00242,2025-06-19 02:23:23,add_to_cart,mobile,US,cpc,0
U00243,2025-05-19 02:00:00,view,tablet,US,organic,0
U00244,2025-02-27 18:00:00,view,mobile,UK,organic,0
U00244,2025-02-27 18:47:53,add_to_cart,mobile,UK,organic,0
U00245,2025-06-28 15:00:00,view,desktop,Canada,cpc,0
U00245,2025-06-28 15:17:43,add_to_cart,desktop,Canada,cpc,0
U00245,2025-06-28 15:54:09,checkout,desktop,Canada,cpc,0
U00245,2025-06-28 16:31:41,purchase,desktop,Canada,cpc,139.52
U00246,2025-05-22 22:00:00,view,tablet,Canada,organic,0
U00247,2025-06-17 20:00:00,view,mobile,India,cpc,0
U00248,2025-05-27 10:00:00,view,desktop,US,referral,0
U00248,2025-05-27 10:12:16,add_to_cart,desktop,US,referral,0
U00248,2025-05-27 10:31:07,checkout,desktop,US,referral,0
U00248,2025-05-27 10:53:51,purchase,desktop,US,referral,85.5
U00249,2025-01-06 21:00:00,view,tablet,India,cpc,0
U00249,2025-01-06 21:07:56,add_to_cart,tablet,India,cpc,0
U00249,2025-01-06 21:21:31,checkout,tablet,India,cpc,0
U00250,2025-01-27 17:00:00,view,mobile,US,none,0
U00251,2025-01-09 23:00:00,view,desktop,Brazil,referral,0
U00251,2025-01-09 23:24:40,add_to_cart,desktop,Brazil,referral,0
U00251,2025-01-09 23:37:42,checkout,desktop,Brazil,referral,0
U00251,2025-01-10 00:15:35,purchase,desktop,Brazil,referral,85.92
U00252,2025-05-12 15:00:00,view,mobile,US,referral,0
U00253,2025-04-15 03:00:00,view,mobile,India,organic,0
U00254,2025-05-14 01:00:00,view,desktop,US,organic,0
U00254,2025-05-14 01:13:14,add_to_cart,desktop,US,organic,0
U00255,2025-06-03 01:00:00,view,desktop,US,organic,0
U00256,2025-02-10 01:00:00,view,mobile,Brazil,organic,0
U00256,2025-02-10 01:16:24,add_to_cart,mobile,Brazil,organic,0
U00256,2025-02-10 01:46:58,checkout,mobile,Brazil,organic,0
U00256,2025-02-10 04:10:20,purchase,mobile,Brazil,organic,96.53
U00257,2025-01-25 16:00:00,view,mobile,US,referral,0
U00258,2025-05-02 08:00:00,view,mobile,US,organic,0
U00259,2025-01-30 12:00:00,view,desktop,US,referral,0
U00260,2025-05-04 06:00:00,view,desktop,UK,cpc,0
U00260,2025-05-04 06:26:54,add_to_cart,desktop,UK,cpc,0
U00260,2025-05-04 06:57:07,checkout,desktop,UK,cpc,0
U00260,2025-05-04 07:36:27,purchase,desktop,UK,cpc,93.3
U00261,2025-03-26 17:00:00,view,desktop,India,referral,0
U00261,2025-03-26 17:04:51,add_to_cart,desktop,India,referral,0
U00261,2025-03-26 17:46:00,checkout,desktop,India,referral,0
U00261,2025-03-26 18:14:27,purchase,desktop,India,referral,108.33
U00262,2025-06-09 11:00:00,view,desktop,US,organic,0
U00262,2025-06-09 11:06:14,add_to_cart,desktop,US,organic,0
U00262,2025-06-09 11:20:14,checkout,desktop,US,organic,0
U00263,2025-05-04 07:00:00,view,mobile,Brazil,organic,0
U00263,2025-05-04 07:06:46,add_to_cart,mobile,Brazil,organic,0
U00263,2025-05-04 07:46:56,checkout,mobile,Brazil,organic,0
U00263,2025-05-04 08:46:47,purchase,mobile,Brazil,organic,110.12
U00264,2025-04-22 09:00:00,view,mobile,UK,organic,0
U00264,2025-04-22 09:17:16,add_to_cart,mobile,UK,organic,0
U00264,2025-04-22 09:55:43,checkout,mobile,UK,organic,0
U00264,2025-04-22 10:47:06,purchase,mobile,UK,organic,88.02
U00265,2025-05-21 13:00:00,view,desktop,US,organic,0
U00266,2025-06-11 12:00:00,view,tablet,Brazil,none,0
U00266,2025-06-11 12:37:32,add_to_cart,tablet,Brazil,none,0
U00267,2025-04-17 08:00:00,view,tablet,US,organic,0
U00267,2025-04-17 08:26:09,add_to_cart,tablet,US,organic,0
U00267,2025-04-17 08:56:49,checkout,tablet,US,organic,0
U00268,2025-05-08 15:00:00,view,mobile,UK,referral,0
U00268,2025-05-08 15:33:51,add_to_cart,mobile,UK,referral,0
U00269,2025-01-19 13:00:00,view,mobile,US,organic,0
U00269,2025-01-19 13:31:54,add_to_cart,mobile,US,organic,0
U00270,2025-01-13 01:00:00,view,desktop,US,organic,0
U00270,2025-01-13 01:15:09,add_to_cart,desktop,US,organic,0
U00270,2025-01-13 02:19:10,checkout,desktop,US,organic,0
U00270,2025-01-13 02:49:46,purchase,desktop,US,organic,137.9
U00271,2025-03-25 15:00:00,view,desktop,US,none,0
U00271,2025-03-25 15:07:03,add_to_cart,desktop,US,none,0
U00272,2025-01-10 02:00:00,view,mobile,US,cpc,0
U00272,2025-01-10 02:31:40,add_to_cart,mobile,US,cpc,0
U00273,2025-01-16 00:00:00,view,desktop,US,referral,0
U00273,2025-01-16 00:23:41,add_to_cart,desktop,US,referral,0
U00273,2025-01-16 01:09:57,checkout,desktop,US,referral,0
U00273,2025-01-16 01:58:22,purchase,desktop,US,referral,101.01
U00274,2025-03-14 17:00:00,view,tablet,US,cpc,0
U00275,2025-01-24 08:00:00,view,desktop,UK,referral,0
U00276,2025-03-28 05:00:00,view,desktop,US,none,0
U00276,2025-03-28 05:05:52,add_to_cart,desktop,US,none,0
U00277,2025-05-12 12:00:00,view,mobile,India,organic,0
U00277,2025-05-12 12:37:29,add_to_cart,mobile,India,organic,0
U00278,2025-04-17 16:00:00,view,tablet,India,referral,0
U00278,2025-04-17 16:55:38,add_to_cart,tablet,India,referral,0
U00279,2025-05-26 08:00:00,view,mobile,India,organic,0
U00280,2025-01-11 17:00:00,view,desktop,Brazil,referral,0
U00280,2025-01-11 17:24:59,add_to_cart,desktop,Brazil,referral,0
U00280,2025-01-11 18:05:23,checkout,desktop,Brazil,referral,0
U00280,2025-01-11 19:04:50,purchase,desktop,Brazil,referral,67.92
U00281,2025-04-08 05:00:00,view,mobile,Canada,organic,0
U00282,2025-05-08 02:00:00,view,tablet,US,referral,0
U00282,2025-05-08 02:12:24,add_to_cart,tablet,US,referral,0
U00282,2025-05-08 03:15:00,checkout,tablet,US,referral,0
U00282,2025-05-08 04:29:09,purchase,tablet,US,referral,101.26
U00283,2025-03-27 09:00:00,view,desktop,US,referral,0
U00284,2025-02-12 11:00:00,view,mobile,Canada,cpc,0
U00285,2025-05-10 09:00:00,view,tablet,UK,referral,0
U00285,2025-05-10 09:32:12,add_to_cart,tablet,UK,referral,0
U00285,2025-05-10 09:42:41,checkout,tablet,UK,referral,0
U00285,2025-05-10 09:51:05,purchase,tablet,UK,referral,48.03
U00286,2025-01-27 11:00:00,view,tablet,Canada,referral,0
U00287,2025-02-13 19:00:00,view,desktop,US,referral,0
U00287,2025-02-13 19:05:32,add_to_cart,desktop,US,referral,0
U00287,2025-02-13 19:30:36,checkout,desktop,US,referral,0
U00287,2025-02-13 20:11:18,purchase,desktop,US,referral,110.1
U00288,2025-03-24 15:00:00,view,tablet,India,referral,0
U00289,2025-04-05 16:00:00,view,desktop,India,cpc,0
U00290,2025-03-12 10:00:00,view,mobile,UK,none,0
U00290,2025-03-12 10:45:13,add_to_cart,mobile,UK,none,0
U00290,2025-03-12 11:24:36,checkout,mobile,UK,none,0
U00290,2025-03-12 12:30:58,purchase,mobile,UK,none,32.78
U00291,2025-02-08 04:00:00,view,mobile,UK,none,0
U00292,2025-04-07 14:00:00,view,desktop,Canada,referral,0
U00292,2025-04-07 14:07:49,add_to_cart,desktop,Canada,referral,0
U00293,2025-06-07 14:00:00,view,desktop,US,referral,0
U00293,2025-06-07 14:05:51,add_to_cart,desktop,US,referral,0
U00294,2025-06-12 06:00:00,view,desktop,UK,organic,0
U00294,2025-06-12 06:31:12,add_to_cart,desktop,UK,organic,0
U00295,2025-04-18 09:00:00,view,mobile,US,organic,0
U00295,2025-04-18 09:14:56,add_to_cart,mobile,US,organic,0
U00295,2025-04-18 09:28:27,checkout,mobile,US,organic,0
U00295,2025-04-18 10:06:29,purchase,mobile,US,organic,118.11
U00296,2025-06-01 01:00:00,view,desktop,India,organic,0
U00297,2025-01-03 16:00:00,view,desktop,UK,organic,0
U00297,2025-01-03 16:16:51,add_to_cart,desktop,UK,organic,0
U00297,2025-01-03 16:27:03,checkout,desktop,UK,organic,0
U00297,2025-01-03 16:45:12,purchase,desktop,UK,organic,107.43
U00298,2025-01-22 19:00:00,view,desktop,Brazil,organic,0
U00298,2025-01-22 19:25:27,add_to_cart,desktop,Brazil,organic,0
U00298,2025-01-22 19:36:01,checkout,desktop,Brazil,organic,0
U00298,2025-01-22 19:46:32,purchase,desktop,Brazil,organic,46.49
U00299,2025-06-09 04:00:00,view,mobile,Brazil,organic,0
U00299,2025-06-09 04:35:55,add_to_cart,mobile,Brazil,organic,0
U00300,2025-04-19 05:00:00,view,mobile,US,cpc,0
U00301,2025-01-17 12:00:00,view,tablet,India,organic,0
U00301,2025-01-17 12:04:41,add_to_cart,tablet,India,organic,0
U00301,2025-01-17 12:43:28,checkout,tablet,India,organic,0
U00302,2025-02-19 10:00:00,view,mobile,UK,cpc,0
U00302,2025-02-19 10:07:15,add_to_cart,mobile,UK,cpc,0
U00302,2025-02-19 10:40:58,checkout,mobile,UK,cpc,0
U00302,2025-02-19 11:08:03,purchase,mobile,UK,cpc,79.31
U00303,2025-03-07 15:00:00,view,desktop,US,organic,0
U00303,2025-03-07 15:08:41,add_to_cart,desktop,US,organic,0
U00303,2025-03-07 15:32:52,checkout,desktop,US,organic,0
U00303,2025-03-07 15:39:17,purchase,desktop,US,organic,86.94
U00304,2025-06-05 09:00:00,view,desktop,Canada,referral,0
U00304,2025-06-05 09:08:40,add_to_cart,desktop,Canada,referral,0
U00304,2025-06-05 09:26:17,checkout,desktop,Canada,referral,0
U00304,2025-06-05 10:59:17,purchase,desktop,Canada,referral,133.8
U00305,2025-06-26 07:00:00,view,desktop,US,cpc,0
U00305,2025-06-26 07:21:13,add_to_cart,desktop,US,cpc,0
U00305,2025-06-26 08:03:26,checkout,desktop,US,cpc,0
U00305,2025-06-26 08:09:53,purchase,desktop,US,cpc,55.12
U00306,2025-06-16 02:00:00,view,mobile,US,cpc,0
U00307,2025-05-27 07:00:00,view,desktop,Canada,organic,0
U00307,2025-05-27 07:07:40,add_to_cart,desktop,Canada,organic,0
U00307,2025-05-27 07:10:19,checkout,desktop,Canada,organic,0
U00308,2025-01-05 00:00:00,view,mobile,UK,referral,0
U00308,2025-01-05 00:25:20,add_to_cart,mobile,UK,referral,0
U00308,2025-01-05 00:47:51,checkout,mobile,UK,referral,0
U00308,2025-01-05 01:56:48,purchase,mobile,UK,referral,114.58
U00309,2025-05-23 09:00:00,view,desktop,Brazil,none,0
U00310,2025-01-14 03:00:00,view,mobile,India,cpc,0
U00310,2025-01-14 03:24:28,add_to_cart,mobile,India,cpc,0
U00311,2025-01-24 22:00:00,view,desktop,US,none,0
U00311,2025-01-24 22:08:55,add_to_cart,desktop,US,none,0
U00311,2025-01-24 22:10:56,checkout,desktop,US,none,0
U00311,2025-01-24 22:42:11,purchase,desktop,US,none,82.18
U00312,2025-02-26 02:00:00,view,desktop,India,cpc,0
U00313,2025-05-18 19:00:00,view,mobile,UK,none,0
U00313,2025-05-18 19:04:31,add_to_cart,mobile,UK,none,0
U00313,2025-05-18 19:50:56,checkout,mobile,UK,none,0
U00313,2025-05-18 21:26:21,purchase,mobile,UK,none,81.97
U00314,2025-02-02 12:00:00,view,tablet,India,cpc,0
U00314,2025-02-02 12:14:49,add_to_cart,tablet,India,cpc,0
U00314,2025-02-02 13:42:14,checkout,tablet,India,cpc,0
U00315,2025-05-17 03:00:00,view,mobile,US,organic,0
U00316,2025-03-23 08:00:00,view,desktop,US,organic,0
U00316,2025-03-23 08:26:00,add_to_cart,desktop,US,organic,0
U00316,2025-03-23 09:14:46,checkout,desktop,US,organic,0
U00316,2025-03-23 09:26:16,purchase,desktop,US,organic,99.27
U00317,2025-04-09 05:00:00,view,desktop,US,referral,0
U00318,2025-05-24 05:00:00,view,mobile,UK,cpc,0
U00319,2025-02-14 03:00:00,view,mobile,UK,organic,0
U00319,2025-02-14 03:27:13,add_to_cart,mobile,UK,organic,0
U00319,2025-02-14 04:11:17,checkout,mobile,UK,organic,0
U00319,2025-02-14 04:57:02,purchase,mobile,UK,organic,64.19
U00320,2025-01-13 04:00:00,view,mobile,US,cpc,0
U00320,2025-01-13 04:50:39,add_to_cart,mobile,US,cpc,0
U00320,2025-01-13 05:35:31,checkout,mobile,US,cpc,0
U00321,2025-06-16 05:00:00,view,desktop,UK,referral,0
U00322,2025-05-24 04:00:00,view,desktop,UK,organic,0
U00323,2025-04-23 11:00:00,view,desktop,Brazil,organic,0
U00323,2025-04-23 11:30:28,add_to_cart,desktop,Brazil,organic,0
U00323,2025-04-23 12:06:23,checkout,desktop,Brazil,organic,0
U00323,2025-04-23 12:32:32,purchase,desktop,Brazil,organic,85.87
U00324,2025-02-12 15:00:00,view,desktop,US,cpc,0
U00324,2025-02-12 15:05:24,add_to_cart,desktop,US,cpc,0
U00324,2025-02-12 15:14:23,checkout,desktop,US,cpc,0
U00324,2025-02-12 15:26:34,purchase,desktop,US,cpc,100.22
U00325,2025-02-07 07:00:00,view,mobile,UK,organic,0
U00325,2025-02-07 07:17:32,add_to_cart,mobile,UK,organic,0
U00325,2025-02-07 09:02:33,checkout,mobile,UK,organic,0
U00325,2025-02-07 10:01:11,purchase,mobile,UK,organic,58.96
U00326,2025-02-17 08:00:00,view,desktop,Brazil,organic,0
U00326,2025-02-17 08:16:36,add_to_cart,desktop,Brazil,organic,0
U00326,2025-02-17 08:31:18,checkout,desktop,Brazil,organic,0
U00326,2025-02-17 09:03:40,purchase,desktop,Brazil,organic,116.06
U00327,2025-02-12 07:00:00,view,mobile,Canada,organic,0
U00327,2025-02-12 07:28:36,add_to_cart,mobile,Canada,organic,0
U00327,2025-02-12 08:49:55,checkout,mobile,Canada,organic,0
U00327,2025-02-12 09:10:06,purchase,mobile,Canada,organic,58.14
U00328,2025-05-17 02:00:00,view,desktop,Canada,cpc,0
U00329,2025-05-27 01:00:00,view,desktop,UK,organic,0
U00329,2025-05-27 01:10:18,add_to_cart,desktop,UK,organic,0
U00329,2025-05-27 01:24:37,checkout,desktop,UK,organic,0
U00329,2025-05-27 01:53:39,purchase,desktop,UK,organic,91.89
U00330,2025-03-27 04:00:00,view,desktop,US,none,0
U00330,2025-03-27 04:17:55,add_to_cart,desktop,US,none,0
U00331,2025-03-16 19:00:00,view,desktop,UK,organic,0
U00331,2025-03-16 19:13:50,add_to_cart,desktop,UK,organic,0
U00331,2025-03-16 19:35:23,checkout,desktop,UK,organic,0
U00332,2025-01-18 12:00:00,view,desktop,Brazil,organic,0
U00332,2025-01-18 12:08:08,add_to_cart,desktop,Brazil,organic,0
U00332,2025-01-18 12:38:46,checkout,desktop,Brazil,organic,0
U00332,2025-01-18 13:30:30,purchase,desktop,Brazil,organic,91.83
U00333,2025-04-09 18:00:00,view,desktop,UK,cpc,0
U00333,2025-04-09 18:02:11,add_to_cart,desktop,UK,cpc,0
U00333,2025-04-09 18:38:01,checkout,desktop,UK,cpc,0
U00333,2025-04-09 18:58:20,purchase,desktop,UK,cpc,67.22
U00334,2025-04-19 21:00:00,view,desktop,US,referral,0
U00334,2025-04-19 21:08:53,add_to_cart,desktop,US,referral,0
U00335,2025-01-26 19:00:00,view,mobile,US,referral,0
U00336,2025-02-04 18:00:00,view,mobile,UK,organic,0
U00337,2025-06-13 17:00:00,view,mobile,US,none,0
U00338,2025-03-30 07:00:00,view,desktop,India,organic,0
U00339,2025-05-09 11:00:00,view,mobile,India,none,0
U00339,2025-05-09 11:20:38,add_to_cart,mobile,India,none,0
U00340,2025-04-08 10:00:00,view,tablet,UK,none,0
U00341,2025-02-13 11:00:00,view,desktop,Canada,organic,0
U00341,2025-02-13 11:17:02,add_to_cart,desktop,Canada,organic,0
U00341,2025-02-13 11:40:48,checkout,desktop,Canada,organic,0
U00341,2025-02-13 12:24:26,purchase,desktop,Canada,organic,97.23
U00342,2025-04-05 21:00:00,view,desktop,India,organic,0
U00342,2025-04-05 21:08:18,add_to_cart,desktop,India,organic,0
U00342,2025-04-05 21:19:28,checkout,desktop,India,organic,0
U00342,2025-04-05 21:25:16,purchase,desktop,India,organic,35.59
U00343,2025-05-24 05:00:00,view,desktop,UK,referral,0
U00344,2025-01-11 08:00:00,view,desktop,Brazil,organic,0
U00344,2025-01-11 08:18:46,add_to_cart,desktop,Brazil,organic,0
U00345,2025-04-18 01:00:00,view,mobile,US,organic,0
U00345,2025-04-18 01:06:50,add_to_cart,mobile,US,organic,0
U00346,2025-01-15 12:00:00,view,mobile,UK,organic,0
U00346,2025-01-15 12:32:55,add_to_cart,mobile,UK,organic,0
U00346,2025-01-15 12:50:56,checkout,mobile,UK,organic,0
U00346,2025-01-15 13:06:40,purchase,mobile,UK,organic,83.98
U00347,2025-04-26 20:00:00,view,mobile,Canada,referral,0
U00347,2025-04-26 20:12:43,add_to_cart,mobile,Canada,referral,0
U00347,2025-04-26 20:58:40,checkout,mobile,Canada,referral,0
U00347,2025-04-26 21:25:20,purchase,mobile,Canada,referral,67.46
U00348,2025-06-09 03:00:00,view,tablet,Canada,cpc,0
U00348,2025-06-09 04:00:46,add_to_cart,tablet,Canada,cpc,0
U00349,2025-01-01 07:00:00,view,mobile,US,cpc,0
U00349,2025-01-01 07:40:22,add_to_cart,mobile,US,cpc,0
U00349,2025-01-01 08:52:35,checkout,mobile,US,cpc,0
U00349,2025-01-01 10:53:11,purchase,mobile,US,cpc,90.98
U00350,2025-05-05 09:00:00,view,mobile,US,organic,0
U00350,2025-05-05 09:16:32,add_to_cart,mobile,US,organic,0
U00350,2025-05-05 09:29:19,checkout,mobile,US,organic,0
U00350,2025-05-05 11:51:32,purchase,mobile,US,organic,109.76
U00351,2025-03-28 18:00:00,view,mobile,US,cpc,0
U00352,2025-06-20 08:00:00,view,tablet,Canada,cpc,0
U00353,2025-02-06 00:00:00,view,mobile,US,cpc,0
U00353,2025-02-06 00:28:15,add_to_cart,mobile,US,cpc,0
U00354,2025-03-07 04:00:00,view,mobile,US,none,0
U00354,2025-03-07 04:12:37,add_to_cart,mobile,US,none,0
U00355,2025-03-11 14:00:00,view,mobile,US,organic,0
U00355,2025-03-11 14:02:43,add_to_cart,mobile,US,organic,0
U00355,2025-03-11 14:27:13,checkout,mobile,US,organic,0
U00355,2025-03-11 15:19:28,purchase,mobile,US,organic,87.5
U00356,2025-03-28 02:00:00,view,desktop,US,organic,0
U00356,2025-03-28 02:13:55,add_to_cart,desktop,US,organic,0
U00356,2025-03-28 02:24:07,checkout,desktop,US,organic,0
U00356,2025-03-28 02:53:28,purchase,desktop,US,organic,107.13
U00357,2025-05-14 20:00:00,view,desktop,US,none,0
U00358,2025-06-21 05:00:00,view,mobile,US,cpc,0
U00358,2025-06-21 05:43:10,add_to_cart,mobile,US,cpc,0
U00358,2025-06-21 06:24:29,checkout,mobile,US,cpc,0
U00358,2025-06-21 07:24:02,purchase,mobile,US,cpc,56.92
U00359,2025-04-23 16:00:00,view,tablet,Canada,none,0
U00359,2025-04-23 16:11:48,add_to_cart,tablet,Canada,none,0
U00359,2025-04-23 16:26:11,checkout,tablet,Canada,none,0
U00359,2025-04-23 16:57:48,purchase,tablet,Canada,none,60.76
U00360,2025-02-09 07:00:00,view,mobile,UK,organic,0
U00360,2025-02-09 07:43:34,add_to_cart,mobile,UK,organic,0
U00360,2025-02-09 08:08:25,checkout,mobile,UK,organic,0
U00360,2025-02-09 09:27:59,purchase,mobile,UK,organic,68.54
U00361,2025-03-17 09:00:00,view,desktop,UK,cpc,0
U00362,2025-02-24 09:00:00,view,desktop,Brazil,cpc,0
U00362,2025-02-24 09:02:00,add_to_cart,desktop,Brazil,cpc,0
U00362,2025-02-24 09:38:55,checkout,desktop,Brazil,cpc,0
U00363,2025-06-18 21:00:00,view,desktop,Brazil,cpc,0
U00363,2025-06-18 21:23:25,add_to_cart,desktop,Brazil,cpc,0
U00363,2025-06-18 22:10:46,checkout,desktop,Brazil,cpc,0
U00363,2025-06-18 22:26:14,purchase,desktop,Brazil,cpc,76.35
U00364,2025-04-06 18:00:00,view,mobile,India,organic,0
U00364,2025-04-06 18:42:20,add_to_cart,mobile,India,organic,0
U00364,2025-04-06 18:51:19,checkout,mobile,India,organic,0
U00364,2025-04-06 20:01:34,purchase,mobile,India,organic,77.34
U00365,2025-02-17 19:00:00,view,mobile,Brazil,referral,0
U00365,2025-02-17 19:50:24,add_to_cart,mobile,Brazil,referral,0
U00365,2025-02-17 20:41:03,checkout,mobile,Brazil,referral,0
U00366,2025-03-27 13:00:00,view,mobile,UK,organic,0
U00366,2025-03-27 13:18:52,add_to_cart,mobile,UK,organic,0
U00366,2025-03-27 13:47:16,checkout,mobile,UK,organic,0
U00366,2025-03-27 15:03:35,purchase,mobile,UK,organic,117.93
U00367,2025-04-10 17:00:00,view,desktop,Canada,organic,0
U00368,2025-06-01 10:00:00,view,desktop,UK,organic,0
U00368,2025-06-01 10:15:53,add_to_cart,desktop,UK,organic,0
U00368,2025-06-01 10:39:43,checkout,desktop,UK,organic,0
U00368,2025-06-01 11:31:07,purchase,desktop,UK,organic,89.24
U00369,2025-04-18 20:00:00,view,desktop,US,organic,0
U00370,2025-05-11 11:00:00,view,tablet,US,organic,0
U00371,2025-04-03 10:00:00,view,desktop,US,organic,0
U00371,2025-04-03 10:10:07,add_to_cart,desktop,US,organic,0
U00371,2025-04-03 10:23:19,checkout,desktop,US,organic,0
U00371,2025-04-03 10:31:11,purchase,desktop,US,organic,130.81
U00372,2025-04-19 15:00:00,view,desktop,US,referral,0
U00373,2025-06-21 05:00:00,view,desktop,US,organic,0
U00373,2025-06-21 05:06:34,add_to_cart,desktop,US,organic,0
U00373,2025-06-21 05:52:47,checkout,desktop,US,organic,0
U00373,2025-06-21 06:28:07,purchase,desktop,US,organic,130.93
U00374,2025-06-19 19:00:00,view,mobile,Canada,cpc,0
U00374,2025-06-19 20:30:40,add_to_cart,mobile,Canada,cpc,0
U00374,2025-06-19 20:47:00,checkout,mobile,Canada,cpc,0
U00374,2025-06-19 21:08:19,purchase,mobile,Canada,cpc,58.89
U00375,2025-03-01 15:00:00,view,desktop,UK,referral,0
U00376,2025-05-16 04:00:00,view,tablet,US,referral,0
U00376,2025-05-16 04:30:35,add_to_cart,tablet,US,referral,0
U00376,2025-05-16 04:45:30,checkout,tablet,US,referral,0
U00376,2025-05-16 05:04:23,purchase,tablet,US,referral,111.62
U00377,2025-03-05 04:00:00,view,desktop,US,organic,0
U00377,2025-03-05 04:06:36,add_to_cart,desktop,US,organic,0
U00377,2025-03-05 04:33:50,checkout,desktop,US,organic,0
U00377,2025-03-05 05:29:27,purchase,desktop,US,organic,98.75
U00378,2025-05-06 02:00:00,view,desktop,India,cpc,0
U00378,2025-05-06 02:21:17,add_to_cart,desktop,India,cpc,0
U00378,2025-05-06 02:36:04,checkout,desktop,India,cpc,0
U00378,2025-05-06 02:58:05,purchase,desktop,India,cpc,58.57
U00379,2025-02-12 23:00:00,view,desktop,US,organic,0
U00379,2025-02-12 23:16:45,add_to_cart,desktop,US,organic,0
U00379,2025-02-12 23:34:45,checkout,desktop,US,organic,0
U00379,2025-02-12 23:50:52,purchase,desktop,US,organic,143.51
U00380,2025-05-30 18:00:00,view,mobile,India,referral,0
U00381,2025-06-23 18:00:00,view,mobile,UK,referral,0
U00382,2025-02-14 20:00:00,view,desktop,UK,organic,0
U00382,2025-02-14 20:30:18,add_to_cart,desktop,UK,organic,0
U00382,2025-02-14 21:09:04,checkout,desktop,UK,organic,0
U00382,2025-02-14 21:46:02,purchase,desktop,UK,organic,94.3
U00383,2025-05-22 14:00:00,view,mobile,UK,cpc,0
U00384,2025-04-24 11:00:00,view,desktop,Canada,cpc,0
U00385,2025-04-08 10:00:00,view,mobile,US,organic,0
U00386,2025-06-07 18:00:00,view,desktop,US,cpc,0
U00387,2025-02-10 17:00:00,view,tablet,UK,cpc,0
U00388,2025-06-15 03:00:00,view,desktop,Brazil,none,0
U00388,2025-06-15 03:09:15,add_to_cart,desktop,Brazil,none,0
U00388,2025-06-15 03:12:12,checkout,desktop,Brazil,none,0
U00388,2025-06-15 03:47:35,purchase,desktop,Brazil,none,36.57
U00389,2025-06-19 05:00:00,view,tablet,UK,cpc,0
U00389,2025-06-19 05:26:14,add_to_cart,tablet,UK,cpc,0
U00390,2025-03-22 18:00:00,view,desktop,Brazil,organic,0
U00391,2025-04-16 16:00:00,view,desktop,UK,organic,0
U00391,2025-04-16 16:04:18,add_to_cart,desktop,UK,organic,0
U00391,2025-04-16 16:48:15,checkout,desktop,UK,organic,0
U00391,2025-04-16 18:55:08,purchase,desktop,UK,organic,86.8
U00392,2025-01-13 11:00:00,view,desktop,Brazil,none,0
U00392,2025-01-13 11:12:14,add_to_cart,desktop,Brazil,none,0
U00392,2025-01-13 11:17:32,checkout,desktop,Brazil,none,0
U00392,2025-01-13 12:08:37,purchase,desktop,Brazil,none,43.81
U00393,2025-03-31 11:00:00,view,mobile,US,organic,0
U00393,2025-03-31 11:20:21,add_to_cart,mobile,US,organic,0
U00393,2025-03-31 12:50:16,checkout,mobile,US,organic,0
U00394,2025-03-13 15:00:00,view,mobile,Canada,none,0
U00394,2025-03-13 15:09:41,add_to_cart,mobile,Canada,none,0
U00395,2025-03-26 00:00:00,view,desktop,UK,organic,0
U00395,2025-03-26 00:30:27,add_to_cart,desktop,UK,organic,0
U00395,2025-03-26 00:44:59,checkout,desktop,UK,organic,0
U00395,2025-03-26 01:20:08,purchase,desktop,UK,organic,113.75
U00396,2025-01-02 05:00:00,view,desktop,Brazil,organic,0
U00396,2025-01-02 05:20:24,add_to_cart,desktop,Brazil,organic,0
U00397,2025-03-30 04:00:00,view,desktop,US,organic,0
U00397,2025-03-30 04:17:53,add_to_cart,desktop,US,organic,0
U00397,2025-03-30 04:28:36,checkout,desktop,US,organic,0
U00397,2025-03-30 05:35:10,purchase,desktop,US,organic,116.85
U00398,2025-05-29 22:00:00,view,desktop,UK,organic,0
U00398,2025-05-29 22:39:00,add_to_cart,desktop,UK,organic,0
U00398,2025-05-29 22:50:59,checkout,desktop,UK,organic,0
U00398,2025-05-29 22:55:25,purchase,desktop,UK,organic,91.55
U00399,2025-03-28 16:00:00,view,desktop,US,cpc,0
U00399,2025-03-28 16:08:00,add_to_cart,desktop,US,cpc,0
U00400,2025-01-09 04:00:00,view,mobile,Canada,referral,0
U00400,2025-01-09 04:10:34,add_to_cart,mobile,Canada,referral,0
U00400,2025-01-09 04:42:45,checkout,mobile,Canada,referral,0
U00400,2025-01-09 05:10:18,purchase,mobile,Canada,referral,54.95
U00401,2025-01-17 10:00:00,view,desktop,India,none,0
U00402,2025-05-06 22:00:00,view,mobile,US,referral,0
U00402,2025-05-06 22:21:15,add_to_cart,mobile,US,referral,0
U00402,2025-05-06 23:14:16,checkout,mobile,US,referral,0
U00403,2025-02-12 01:00:00,view,tablet,India,cpc,0
U00404,2025-03-01 16:00:00,view,mobile,Brazil,none,0
U00404,2025-03-01 16:11:09,add_to_cart,mobile,Brazil,none,0
U00405,2025-01-18 09:00:00,view,mobile,India,cpc,0
U00405,2025-01-18 09:56:08,add_to_cart,mobile,India,cpc,0
U00405,2025-01-18 10:25:58,checkout,mobile,India,cpc,0
U00405,2025-01-18 11:47:11,purchase,mobile,India,cpc,96.6
U00406,2025-05-04 12:00:00,view,desktop,Brazil,organic,0
U00407,2025-04-23 03:00:00,view,desktop,UK,organic,0
U00407,2025-04-23 03:20:01,add_to_cart,desktop,UK,organic,0
U00407,2025-04-23 03:34:04,checkout,desktop,UK,organic,0
U00407,2025-04-23 03:49:45,purchase,desktop,UK,organic,101.03
U00408,2025-06-08 18:00:00,view,mobile,Canada,organic,0
U00408,2025-06-08 18:11:46,add_to_cart,mobile,Canada,organic,0
U00408,2025-06-08 20:17:27,checkout,mobile,Canada,organic,0
U00408,2025-06-08 20:54:40,purchase,mobile,Canada,organic,87.24
U00409,2025-01-08 12:00:00,view,desktop,Canada,organic,0
U00410,2025-03-04 16:00:00,view,desktop,UK,cpc,0
U00411,2025-02-28 20:00:00,view,mobile,US,none,0
U00411,2025-02-28 20:18:44,add_to_cart,mobile,US,none,0
U00412,2025-03-05 06:00:00,view,mobile,US,organic,0
U00412,2025-03-05 06:06:08,add_to_cart,mobile,US,organic,0
U00412,2025-03-05 06:48:38,checkout,mobile,US,organic,0
U00412,2025-03-05 08:28:14,purchase,mobile,US,organic,107.84
U00413,2025-03-13 15:00:00,view,mobile,US,cpc,0
U00413,2025-03-13 15:12:56,add_to_cart,mobile,US,cpc,0
U00413,2025-03-13 15:32:55,checkout,mobile,US,cpc,0
U00413,2025-03-13 16:00:45,purchase,mobile,US,cpc,102.07
U00414,2025-03-11 02:00:00,view,desktop,UK,organic,0
U00415,2025-03-06 14:00:00,view,mobile,Canada,cpc,0
U00416,2025-04-09 19:00:00,view,desktop,India,none,0
U00416,2025-04-09 19:12:50,add_to_cart,desktop,India,none,0
U00417,2025-06-06 09:00:00,view,desktop,US,cpc,0
U00417,2025-06-06 09:09:38,add_to_cart,desktop,US,cpc,0
U00418,2025-01-16 13:00:00,view,mobile,US,organic,0
U00419,2025-05-18 19:00:00,view,mobile,Brazil,cpc,0
U00419,2025-05-18 19:17:50,add_to_cart,mobile,Brazil,cpc,0
U00419,2025-05-18 19:58:13,checkout,mobile,Brazil,cpc,0
U00419,2025-05-18 20:38:02,purchase,mobile,Brazil,cpc,18.3
U00420,2025-04-07 07:00:00,view,mobile,Brazil,cpc,0
U00420,2025-04-07 07:25:54,add_to_cart,mobile,Brazil,cpc,0
U00420,2025-04-07 08:25:59,checkout,mobile,Brazil,cpc,0
U00420,2025-04-07 08:50:20,purchase,mobile,Brazil,cpc,66.37
U00421,2025-03-24 00:00:00,view,desktop,Brazil,organic,0
U00421,2025-03-24 00:27:30,add_to_cart,desktop,Brazil,organic,0
U00422,2025-06-10 22:00:00,view,tablet,Canada,referral,0
U00423,2025-03-02 02:00:00,view,desktop,Brazil,organic,0
U00423,2025-03-02 02:05:34,add_to_cart,desktop,Brazil,organic,0
U00424,2025-06-16 16:00:00,view,mobile,US,referral,0
U00424,2025-06-16 16:27:33,add_to_cart,mobile,US,referral,0
U00424,2025-06-16 17:03:32,checkout,mobile,US,referral,0
U00424,2025-06-16 18:34:25,purchase,mobile,US,referral,96.02
U00425,2025-04-28 05:00:00,view,desktop,India,referral,0
U00425,2025-04-28 05:09:28,add_to_cart,desktop,India,referral,0
U00425,2025-04-28 05:30:06,checkout,desktop,India,referral,0
U00425,2025-04-28 06:40:27,purchase,desktop,India,referral,133.41
U00426,2025-05-25 12:00:00,view,desktop,US,referral,0
U00426,2025-05-25 12:24:38,add_to_cart,desktop,US,referral,0
U00426,2025-05-25 12:41:15,checkout,desktop,US,referral,0
U00426,2025-05-25 12:46:37,purchase,desktop,US,referral,73.7
U00427,2025-01-10 03:00:00,view,mobile,India,referral,0
U00428,2025-03-06 03:00:00,view,desktop,UK,organic,0
U00428,2025-03-06 03:18:31,add_to_cart,desktop,UK,organic,0
U00428,2025-03-06 03:40:46,checkout,desktop,UK,organic,0
U00428,2025-03-06 04:12:28,purchase,desktop,UK,organic,71.59
U00429,2025-04-22 19:00:00,view,desktop,US,organic,0
U00430,2025-04-18 09:00:00,view,desktop,India,organic,0
U00430,2025-04-18 09:03:05,add_to_cart,desktop,India,organic,0
U00430,2025-04-18 09:22:22,checkout,desktop,India,organic,0
U00430,2025-04-18 10:24:48,purchase,desktop,India,organic,57.22
U00431,2025-01-11 08:00:00,view,mobile,US,organic,0
U00431,2025-01-11 08:19:34,add_to_cart,mobile,US,organic,0
U00431,2025-01-11 08:45:21,checkout,mobile,US,organic,0
U00431,2025-01-11 10:30:53,purchase,mobile,US,organic,73.24
U00432,2025-01-22 22:00:00,view,tablet,Brazil,cpc,0
U00433,2025-02-12 13:00:00,view,desktop,US,organic,0
U00433,2025-02-12 13:26:36,add_to_cart,desktop,US,organic,0
U00434,2025-04-04 09:00:00,view,mobile,US,organic,0
U00434,2025-04-04 09:15:03,add_to_cart,mobile,US,organic,0
U00434,2025-04-04 09:32:38,checkout,mobile,US,organic,0
U00434,2025-04-04 10:19:15,purchase,mobile,US,organic,93.73
U00435,2025-06-02 09:00:00,view,desktop,Canada,organic,0
U00435,2025-06-02 09:11:31,add_to_cart,desktop,Canada,organic,0
U00435,2025-06-02 09:37:31,checkout,desktop,Canada,organic,0
U00435,2025-06-02 11:06:14,purchase,desktop,Canada,organic,65.55
U00436,2025-03-14 00:00:00,view,desktop,US,organic,0
U00436,2025-03-14 00:15:26,add_to_cart,desktop,US,organic,0
U00436,2025-03-14 00:39:54,checkout,desktop,US,organic,0
U00436,2025-03-14 01:16:46,purchase,desktop,US,organic,78.16
U00437,2025-05-16 20:00:00,view,mobile,UK,referral,0
U00437,2025-05-16 20:52:01,add_to_cart,mobile,UK,referral,0
U00437,2025-05-16 21:49:49,checkout,mobile,UK,referral,0
U00437,2025-05-16 22:51:46,purchase,mobile,UK,referral,126.82
U00438,2025-03-19 10:00:00,view,tablet,US,cpc,0
U00439,2025-01-25 03:00:00,view,mobile,UK,organic,0
U00439,2025-01-25 03:42:01,add_to_cart,mobile,UK,organic,0
U00439,2025-01-25 03:57:13,checkout,mobile,UK,organic,0
U00439,2025-01-25 05:26:54,purchase,mobile,UK,organic,93.01
U00440,2025-03-21 12:00:00,view,tablet,US,referral,0
U00440,2025-03-21 12:30:51,add_to_cart,tablet,US,referral,0
U00440,2025-03-21 12:38:54,checkout,tablet,US,referral,0
U00440,2025-03-21 12:47:14,purchase,tablet,US,referral,113.19
U00441,2025-01-30 02:00:00,view,desktop,US,referral,0
U00441,2025-01-30 02:25:52,add_to_cart,desktop,US,referral,0
U00441,2025-01-30 02:44:06,checkout,desktop,US,referral,0
U00441,2025-01-30 02:58:58,purchase,desktop,US,referral,80.31
U00442,2025-04-26 19:00:00,view,desktop,UK,cpc,0
U00442,2025-04-26 19:10:51,add_to_cart,desktop,UK,cpc,0
U00442,2025-04-26 20:01:30,checkout,desktop,UK,cpc,0
U00442,2025-04-26 20:35:16,purchase,desktop,UK,cpc,110.94
U00443,2025-04-02 00:00:00,view,mobile,US,referral,0
U00443,2025-04-02 00:19:37,add_to_cart,mobile,US,referral,0
U00443,2025-04-02 00:35:46,checkout,mobile,US,referral,0
U00443,2025-04-02 01:25:38,purchase,mobile,US,referral,120.49
U00444,2025-04-26 09:00:00,view,desktop,US,cpc,0
U00445,2025-04-07 13:00:00,view,tablet,Canada,cpc,0
U00446,2025-06-29 06:00:00,view,mobile,US,referral,0
U00446,2025-06-29 06:12:18,add_to_cart,mobile,US,referral,0
U00446,2025-06-29 06:40:01,checkout,mobile,US,referral,0
U00446,2025-06-29 06:51:20,purchase,mobile,US,referral,83.77
U00447,2025-06-15 03:00:00,view,desktop,India,cpc,0
U00448,2025-05-05 11:00:00,view,mobile,US,cpc,0
U00448,2025-05-05 11:17:17,add_to_cart,mobile,US,cpc,0
U00448,2025-05-05 11:33:46,checkout,mobile,US,cpc,0
U00449,2025-04-19 13:00:00,view,desktop,US,organic,0
U00449,2025-04-19 13:14:58,add_to_cart,desktop,US,organic,0
U00449,2025-04-19 13:26:51,checkout,desktop,US,organic,0
U00449,2025-04-19 14:14:03,purchase,desktop,US,organic,126.07
U00450,2025-05-03 18:00:00,view,desktop,Canada,referral,0
U00450,2025-05-03 18:09:25,add_to_cart,desktop,Canada,referral,0
U00450,2025-05-03 18:13:39,checkout,desktop,Canada,referral,0
U00450,2025-05-03 19:43:35,purchase,desktop,Canada,referral,118.88
U00451,2025-05-30 06:00:00,view,tablet,India,organic,0
U00452,2025-02-15 03:00:00,view,desktop,India,cpc,0
U00452,2025-02-15 03:10:33,add_to_cart,desktop,India,cpc,0
U00452,2025-02-15 03:25:33,checkout,desktop,India,cpc,0
U00452,2025-02-15 04:00:58,purchase,desktop,India,cpc,54.04
U00453,2025-03-12 18:00:00,view,desktop,US,cpc,0
U00453,2025-03-12 18:08:31,add_to_cart,desktop,US,cpc,0
U00453,2025-03-12 18:41:05,checkout,desktop,US,cpc,0
U00453,2025-03-12 19:35:16,purchase,desktop,US,cpc,96.29
U00454,2025-05-25 17:00:00,view,mobile,UK,cpc,0
U00454,2025-05-25 17:29:11,add_to_cart,mobile,UK,cpc,0
U00454,2025-05-25 17:48:12,checkout,mobile,UK,cpc,0
U00455,2025-01-17 13:00:00,view,mobile,US,referral,0
U00455,2025-01-17 13:10:22,add_to_cart,mobile,US,referral,0
U00455,2025-01-17 13:26:40,checkout,mobile,US,referral,0
U00455,2025-01-17 13:57:35,purchase,mobile,US,referral,71.73
U00456,2025-04-30 05:00:00,view,mobile,India,referral,0
U00457,2025-01-04 12:00:00,view,desktop,India,cpc,0
U00457,2025-01-04 12:19:11,add_to_cart,desktop,India,cpc,0
U00457,2025-01-04 12:27:41,checkout,desktop,India,cpc,0
U00457,2025-01-04 13:22:55,purchase,desktop,India,cpc,104.69
U00458,2025-04-10 15:00:00,view,desktop,US,referral,0
U00458,2025-04-10 15:22:39,add_to_cart,desktop,US,referral,0
U00458,2025-04-10 16:20:12,checkout,desktop,US,referral,0
U00458,2025-04-10 16:44:52,purchase,desktop,US,referral,123.69
U00459,2025-01-04 20:00:00,view,desktop,UK,cpc,0
U00459,2025-01-04 20:11:16,add_to_cart,desktop,UK,cpc,0
U00459,2025-01-04 20:58:54,checkout,desktop,UK,cpc,0
U00459,2025-01-04 21:31:47,purchase,desktop,UK,cpc,90.68
U00460,2025-03-30 07:00:00,view,desktop,US,organic,0
U00461,2025-03-26 15:00:00,view,mobile,US,referral,0
U00462,2025-04-07 16:00:00,view,desktop,US,organic,0
U00462,2025-04-07 16:14:40,add_to_cart,desktop,US,organic,0
U00462,2025-04-07 16:33:20,checkout,desktop,US,organic,0
U00462,2025-04-07 17:08:59,purchase,desktop,US,organic,81.97
U00463,2025-03-23 17:00:00,view,mobile,Brazil,none,0
U00463,2025-03-23 17:08:46,add_to_cart,mobile,Brazil,none,0
U00464,2025-04-12 03:00:00,view,mobile,UK,cpc,0
U00464,2025-04-12 03:04:31,add_to_cart,mobile,UK,cpc,0
U00464,2025-04-12 03:44:41,checkout,mobile,UK,cpc,0
U00464,2025-04-12 04:19:28,purchase,mobile,UK,cpc,57.29
U00465,2025-02-05 06:00:00,view,desktop,US,organic,0
U00465,2025-02-05 06:12:19,add_to_cart,desktop,US,organic,0
U00466,2025-05-20 16:00:00,view,desktop,US,organic,0
U00466,2025-05-20 16:46:07,add_to_cart,desktop,US,organic,0
U00466,2025-05-20 17:25:58,checkout,desktop,US,organic,0
U00466,2025-05-20 18:18:34,purchase,desktop,US,organic,66.55
U00467,2025-03-02 09:00:00,view,mobile,India,cpc,0
U00468,2025-01-11 20:00:00,view,mobile,Brazil,organic,0
U00469,2025-05-19 08:00:00,view,desktop,US,organic,0
U00470,2025-05-27 20:00:00,view,tablet,US,organic,0
U00471,2025-06-28 19:00:00,view,mobile,India,none,0
U00471,2025-06-28 19:40:28,add_to_cart,mobile,India,none,0
U00472,2025-03-11 11:00:00,view,desktop,Brazil,cpc,0
U00472,2025-03-11 11:12:25,add_to_cart,desktop,Brazil,cpc,0
U00472,2025-03-11 12:03:38,checkout,desktop,Brazil,cpc,0
U00472,2025-03-11 13:08:56,purchase,desktop,Brazil,cpc,82.94
U00473,2025-05-08 00:00:00,view,desktop,UK,cpc,0
U00473,2025-05-08 00:26:13,add_to_cart,desktop,UK,cpc,0
U00473,2025-05-08 01:00:31,checkout,desktop,UK,cpc,0
U00473,2025-05-08 01:15:35,purchase,desktop,UK,cpc,92.7
U00474,2025-04-09 20:00:00,view,desktop,US,none,0
U00474,2025-04-09 20:06:31,add_to_cart,desktop,US,none,0
U00474,2025-04-09 20:28:11,checkout,desktop,US,none,0
U00474,2025-04-09 21:07:55,purchase,desktop,US,none,47.94
U00475,2025-02-17 16:00:00,view,desktop,Brazil,organic,0
U00475,2025-02-17 16:14:34,add_to_cart,desktop,Brazil,organic,0
U00475,2025-02-17 16:27:46,checkout,desktop,Brazil,organic,0
U00475,2025-02-17 17:12:48,purchase,desktop,Brazil,organic,92.42
U00476,2025-06-12 19:00:00,view,mobile,US,organic,0
U00476,2025-06-12 19:04:10,add_to_cart,mobile,US,organic,0
U00476,2025-06-12 19:51:42,checkout,mobile,US,organic,0
U00476,2025-06-12 20:32:46,purchase,mobile,US,organic,111.29
U00477,2025-03-04 12:00:00,view,tablet,US,referral,0
U00477,2025-03-04 12:20:22,add_to_cart,tablet,US,referral,0
U00478,2025-03-22 12:00:00,view,mobile,US,referral,0
U00478,2025-03-22 12:33:01,add_to_cart,mobile,US,referral,0
U00478,2025-03-22 13:26:49,checkout,mobile,US,referral,0
U00479,2025-06-01 08:00:00,view,desktop,US,none,0
U00479,2025-06-01 08:18:03,add_to_cart,desktop,US,none,0
U00479,2025-06-01 08:26:27,checkout,desktop,US,none,0
U00479,2025-06-01 09:05:12,purchase,desktop,US,none,82.11
U00480,2025-05-26 12:00:00,view,mobile,Brazil,organic,0
U00480,2025-05-26 12:04:03,add_to_cart,mobile,Brazil,organic,0
U00480,2025-05-26 12:40:53,checkout,mobile,Brazil,organic,0
U00480,2025-05-26 13:13:27,purchase,mobile,Brazil,organic,88.7
U00481,2025-01-01 06:00:00,view,desktop,Brazil,organic,0
U00482,2025-05-31 19:00:00,view,mobile,UK,none,0
U00483,2025-01-26 20:00:00,view,mobile,US,referral,0
U00484,2025-03-11 13:00:00,view,tablet,Canada,organic,0
U00485,2025-06-26 06:00:00,view,desktop,US,referral,0
U00485,2025-06-26 06:10:06,add_to_cart,desktop,US,referral,0
U00485,2025-06-26 06:31:51,checkout,desktop,US,referral,0
U00485,2025-06-26 06:42:42,purchase,desktop,US,referral,100.17
U00486,2025-04-03 16:00:00,view,desktop,US,cpc,0
U00487,2025-06-27 06:00:00,view,desktop,UK,organic,0
U00487,2025-06-27 06:09:59,add_to_cart,desktop,UK,organic,0
U00487,2025-06-27 06:26:43,checkout,desktop,UK,organic,0
U00487,2025-06-27 06:52:43,purchase,desktop,UK,organic,85.88
U00488,2025-05-11 22:00:00,view,mobile,India,organic,0
U00488,2025-05-11 22:07:09,add_to_cart,mobile,India,organic,0
U00488,2025-05-11 22:22:46,checkout,mobile,India,organic,0
U00488,2025-05-11 23:07:01,purchase,mobile,India,organic,29.78
U00489,2025-06-02 03:00:00,view,desktop,Canada,referral,0
U00489,2025-06-02 03:11:49,add_to_cart,desktop,Canada,referral,0
U00489,2025-06-02 03:25:44,checkout,desktop,Canada,referral,0
U00490,2025-02-19 10:00:00,view,mobile,India,organic,0
U00491,2025-02-15 03:00:00,view,mobile,UK,organic,0
U00492,2025-01-17 04:00:00,view,desktop,Brazil,none,0
U00492,2025-01-17 04:19:59,add_to_cart,desktop,Brazil,none,0
U00493,2025-04-01 12:00:00,view,tablet,UK,referral,0
U00493,2025-04-01 12:16:49,add_to_cart,tablet,UK,referral,0
U00493,2025-04-01 12:40:42,checkout,tablet,UK,referral,0
U00494,2025-03-28 17:00:00,view,tablet,US,organic,0
U00495,2025-02-06 12:00:00,view,mobile,India,organic,0
U00495,2025-02-06 12:18:00,add_to_cart,mobile,India,organic,0
U00495,2025-02-06 12:40:48,checkout,mobile,India,organic,0
U00495,2025-02-06 13:23:13,purchase,mobile,India,organic,102.11
U00496,2025-05-16 21:00:00,view,desktop,US,none,0
U00496,2025-05-16 21:05:47,add_to_cart,desktop,US,none,0
U00496,2025-05-16 21:43:20,checkout,desktop,US,none,0
U00496,2025-05-16 22:23:37,purchase,desktop,US,none,101.32
U00497,2025-05-15 17:00:00,view,desktop,US,cpc,0
U00497,2025-05-15 17:49:36,add_to_cart,desktop,US,cpc,0
U00498,2025-03-31 23:00:00,view,mobile,UK,none,0
U00498,2025-03-31 23:02:46,add_to_cart,mobile,UK,none,0
U00498,2025-03-31 23:22:20,checkout,mobile,UK,none,0
U00498,2025-03-31 23:54:58,purchase,mobile,UK,none,125.97
U00499,2025-04-18 09:00:00,view,tablet,Canada,none,0
U00499,2025-04-18 09:03:24,add_to_cart,tablet,Canada,none,0
U00499,2025-04-18 09:19:52,checkout,tablet,Canada,none,0
U00500,2025-03-14 15:00:00,view,tablet,US,cpc,0
U00500,2025-03-14 15:28:38,add_to_cart,tablet,US,cpc,0
U00500,2025-03-14 15:47:26,checkout,tablet,US,cpc,0
U00500,2025-03-14 15:52:57,purchase,tablet,US,cpc,91.08
U00501,2025-05-26 04:00:00,view,mobile,India,none,0
U00502,2025-02-18 23:00:00,view,mobile,US,organic,0
U00502,2025-02-18 23:19:40,add_to_cart,mobile,US,organic,0
U00502,2025-02-19 00:07:15,checkout,mobile,US,organic,0
U00502,2025-02-19 00:56:27,purchase,mobile,US,organic,155.58
U00503,2025-03-29 07:00:00,view,mobile,Canada,referral,0
U00503,2025-03-29 07:10:55,add_to_cart,mobile,Canada,referral,0
U00503,2025-03-29 07:40:26,checkout,mobile,Canada,referral,0
U00503,2025-03-29 07:49:38,purchase,mobile,Canada,referral,119.44
U00504,2025-03-30 15:00:00,view,mobile,Brazil,organic,0
U00504,2025-03-30 15:02:00,add_to_cart,mobile,Brazil,organic,0
U00504,2025-03-30 15:27:37,checkout,mobile,Brazil,organic,0
U00504,2025-03-30 16:22:26,purchase,mobile,Brazil,organic,64.21
U00505,2025-03-18 23:00:00,view,tablet,US,organic,0
U00505,2025-03-18 23:15:36,add_to_cart,tablet,US,organic,0
U00505,2025-03-18 23:21:48,checkout,tablet,US,organic,0
U00505,2025-03-18 23:46:57,purchase,tablet,US,organic,106.28
U00506,2025-05-13 12:00:00,view,desktop,Brazil,cpc,0
U00506,2025-05-13 12:13:52,add_to_cart,desktop,Brazil,cpc,0
U00506,2025-05-13 12:57:27,checkout,desktop,Brazil,cpc,0
U00507,2025-04-01 04:00:00,view,mobile,US,referral,0
U00508,2025-01-10 21:00:00,view,mobile,US,cpc,0
U00508,2025-01-10 21:29:34,add_to_cart,mobile,US,cpc,0
U00509,2025-01-08 22:00:00,view,desktop,India,organic,0
U00509,2025-01-08 22:16:05,add_to_cart,desktop,India,organic,0
U00509,2025-01-08 22:41:44,checkout,desktop,India,organic,0
U00509,2025-01-08 23:11:54,purchase,desktop,India,organic,83.77
U00510,2025-01-28 08:00:00,view,mobile,UK,organic,0
U00511,2025-05-25 09:00:00,view,desktop,India,referral,0
U00512,2025-04-26 11:00:00,view,mobile,UK,referral,0
U00513,2025-03-22 04:00:00,view,mobile,US,referral,0
U00514,2025-05-27 12:00:00,view,desktop,Brazil,organic,0
U00515,2025-01-20 22:00:00,view,mobile,US,organic,0
U00515,2025-01-20 22:09:58,add_to_cart,mobile,US,organic,0
U00515,2025-01-20 22:23:45,checkout,mobile,US,organic,0
U00515,2025-01-20 22:55:56,purchase,mobile,US,organic,112.57
U00516,2025-02-08 11:00:00,view,mobile,UK,none,0
U00517,2025-01-09 09:00:00,view,mobile,US,referral,0
U00517,2025-01-09 09:19:45,add_to_cart,mobile,US,referral,0
U00518,2025-02-17 14:00:00,view,mobile,Canada,organic,0
U00519,2025-02-26 05:00:00,view,desktop,US,organic,0
U00520,2025-04-21 11:00:00,view,mobile,Brazil,cpc,0
U00521,2025-02-06 00:00:00,view,mobile,Brazil,organic,0
U00522,2025-05-26 04:00:00,view,tablet,India,referral,0
U00523,2025-06-04 05:00:00,view,desktop,UK,organic,0
U00523,2025-06-04 05:12:20,add_to_cart,desktop,UK,organic,0
U00523,2025-06-04 05:23:18,checkout,desktop,UK,organic,0
U00524,2025-03-25 16:00:00,view,mobile,US,organic,0
U00525,2025-02-21 14:00:00,view,tablet,Brazil,organic,0
U00525,2025-02-21 14:05:49,add_to_cart,tablet,Brazil,organic,0
U00525,2025-02-21 14:34:37,checkout,tablet,Brazil,organic,0
U00525,2025-02-21 14:56:44,purchase,tablet,Brazil,organic,70.52
U00526,2025-03-28 10:00:00,view,desktop,India,none,0
U00527,2025-06-14 19:00:00,view,mobile,UK,organic,0
U00527,2025-06-14 19:21:34,add_to_cart,mobile,UK,organic,0
U00527,2025-06-14 20:37:09,checkout,mobile,UK,organic,0
U00527,2025-06-14 21:00:47,purchase,mobile,UK,organic,75.26
U00528,2025-05-24 01:00:00,view,mobile,US,referral,0
U00528,2025-05-24 01:13:53,add_to_cart,mobile,US,referral,0
U00528,2025-05-24 01:57:43,checkout,mobile,US,referral,0
U00528,2025-05-24 02:17:28,purchase,mobile,US,referral,149.68
U00529,2025-03-19 07:00:00,view,mobile,US,referral,0
U00530,2025-03-15 09:00:00,view,mobile,US,organic,0
U00530,2025-03-15 09:13:13,add_to_cart,mobile,US,organic,0
U00531,2025-03-17 17:00:00,view,tablet,UK,referral,0
U00531,2025-03-17 17:12:29,add_to_cart,tablet,UK,referral,0
U00531,2025-03-17 18:09:02,checkout,tablet,UK,referral,0
U00531,2025-03-17 18:49:57,purchase,tablet,UK,referral,100.53
U00532,2025-02-15 22:00:00,view,mobile,US,organic,0
U00532,2025-02-15 22:05:21,add_to_cart,mobile,US,organic,0
U00532,2025-02-15 22:24:58,checkout,mobile,US,organic,0
U00533,2025-01-06 19:00:00,view,desktop,Canada,organic,0
U00534,2025-05-16 03:00:00,view,mobile,Canada,referral,0
U00535,2025-06-14 14:00:00,view,desktop,US,organic,0
U00536,2025-04-05 01:00:00,view,mobile,India,none,0
U00536,2025-04-05 01:29:23,add_to_cart,mobile,India,none,0
U00537,2025-01-20 04:00:00,view,mobile,Canada,cpc,0
U00537,2025-01-20 05:06:39,add_to_cart,mobile,Canada,cpc,0
U00537,2025-01-20 05:42:17,checkout,mobile,Canada,cpc,0
U00537,2025-01-20 06:25:19,purchase,mobile,Canada,cpc,65.96
U00538,2025-02-24 22:00:00,view,mobile,US,none,0
U00538,2025-02-24 23:03:09,add_to_cart,mobile,US,none,0
U00538,2025-02-24 23:09:18,checkout,mobile,US,none,0
U00538,2025-02-25 00:32:56,purchase,mobile,US,none,81.42
U00539,2025-04-30 08:00:00,view,mobile,Brazil,none,0
U00540,2025-06-03 15:00:00,view,desktop,Brazil,none,0
U00540,2025-06-03 15:11:50,add_to_cart,desktop,Brazil,none,0
U00541,2025-01-10 15:00:00,view,mobile,Canada,cpc,0
U00541,2025-01-10 15:10:21,add_to_cart,mobile,Canada,cpc,0
U00541,2025-01-10 15:24:11,checkout,mobile,Canada,cpc,0
U00542,2025-02-14 00:00:00,view,mobile,India,none,0
U00543,2025-04-21 20:00:00,view,tablet,India,referral,0
U00543,2025-04-21 20:29:02,add_to_cart,tablet,India,referral,0
U00543,2025-04-21 20:38:02,checkout,tablet,India,referral,0
U00544,2025-01-19 20:00:00,view,mobile,US,cpc,0
U00544,2025-01-19 20:43:55,add_to_cart,mobile,US,cpc,0
U00545,2025-02-12 10:00:00,view,mobile,Brazil,cpc,0
U00546,2025-01-15 22:00:00,view,mobile,Canada,none,0
U00547,2025-02-02 07:00:00,view,mobile,US,organic,0
U00548,2025-03-15 22:00:00,view,mobile,US,referral,0
U00548,2025-03-15 22:41:22,add_to_cart,mobile,US,referral,0
U00548,2025-03-15 22:56:26,checkout,mobile,US,referral,0
U00548,2025-03-15 23:21:32,purchase,mobile,US,referral,121.84
U00549,2025-04-10 20:00:00,view,desktop,US,organic,0
U00549,2025-04-10 20:13:16,add_to_cart,desktop,US,organic,0
U00550,2025-03-15 22:00:00,view,desktop,US,organic,0
U00550,2025-03-15 22:14:15,add_to_cart,desktop,US,organic,0
U00550,2025-03-15 22:19:52,checkout,desktop,US,organic,0
U00550,2025-03-15 23:19:29,purchase,desktop,US,organic,121.65
U00551,2025-03-11 02:00:00,view,desktop,India,organic,0
U00551,2025-03-11 02:24:01,add_to_cart,desktop,India,organic,0
U00551,2025-03-11 03:03:45,checkout,desktop,India,organic,0
U00551,2025-03-11 04:41:19,purchase,desktop,India,organic,89.85
U00552,2025-04-12 19:00:00,view,tablet,Canada,cpc,0
U00552,2025-04-12 19:21:46,add_to_cart,tablet,Canada,cpc,0
U00552,2025-04-12 20:08:23,checkout,tablet,Canada,cpc,0
U00552,2025-04-12 21:16:33,purchase,tablet,Canada,cpc,79.26
U00553,2025-06-28 22:00:00,view,mobile,US,referral,0
U00553,2025-06-28 22:14:25,add_to_cart,mobile,US,referral,0
U00553,2025-06-28 22:37:24,checkout,mobile,US,referral,0
U00553,2025-06-28 23:23:58,purchase,mobile,US,referral,135.45
U00554,2025-06-19 15:00:00,view,desktop,India,cpc,0
U00555,2025-06-27 10:00:00,view,mobile,India,organic,0
U00555,2025-06-27 10:02:00,add_to_cart,mobile,India,organic,0
U00556,2025-02-22 01:00:00,view,desktop,UK,organic,0
U00556,2025-02-22 01:13:37,add_to_cart,desktop,UK,organic,0
U00556,2025-02-22 01:50:56,checkout,desktop,UK,organic,0
U00556,2025-02-22 02:28:45,purchase,desktop,UK,organic,78.48
U00557,2025-06-19 18:00:00,view,mobile,Brazil,none,0
U00557,2025-06-19 19:01:14,add_to_cart,mobile,Brazil,none,0
U00558,2025-03-24 11:00:00,view,desktop,India,referral,0
U00559,2025-03-05 09:00:00,view,tablet,India,referral,0
U00559,2025-03-05 09:06:20,add_to_cart,tablet,India,referral,0
U00559,2025-03-05 09:16:11,checkout,tablet,India,referral,0
U00559,2025-03-05 10:30:53,purchase,tablet,India,referral,57.02
U00560,2025-02-24 00:00:00,view,mobile,US,none,0
U00560,2025-02-24 00:15:37,add_to_cart,mobile,US,none,0
U00561,2025-06-15 16:00:00,view,mobile,Brazil,cpc,0
U00561,2025-06-15 16:03:39,add_to_cart,mobile,Brazil,cpc,0
U00561,2025-06-15 16:27:42,checkout,mobile,Brazil,cpc,0
U00561,2025-06-15 17:15:34,purchase,mobile,Brazil,cpc,56.32
U00562,2025-06-10 22:00:00,view,mobile,Brazil,organic,0
U00562,2025-06-10 22:25:21,add_to_cart,mobile,Brazil,organic,0
U00562,2025-06-10 22:51:12,checkout,mobile,Brazil,organic,0
U00562,2025-06-11 00:37:18,purchase,mobile,Brazil,organic,69.04
U00563,2025-01-01 14:00:00,view,desktop,India,cpc,0
U00564,2025-01-29 15:00:00,view,mobile,India,referral,0
U00564,2025-01-29 15:12:34,add_to_cart,mobile,India,referral,0
U00564,2025-01-29 15:34:59,checkout,mobile,India,referral,0
U00564,2025-01-29 16:06:37,purchase,mobile,India,referral,93.26
U00565,2025-04-13 02:00:00,view,desktop,Brazil,organic,0
U00565,2025-04-13 02:10:09,add_to_cart,desktop,Brazil,organic,0
U00565,2025-04-13 02:46:00,checkout,desktop,Brazil,organic,0
U00565,2025-04-13 03:30:52,purchase,desktop,Brazil,organic,70.37
U00566,2025-06-14 21:00:00,view,desktop,US,cpc,0
U00566,2025-06-14 21:07:50,add_to_cart,desktop,US,cpc,0
U00566,2025-06-14 21:27:48,checkout,desktop,US,cpc,0
U00566,2025-06-14 22:16:58,purchase,desktop,US,cpc,75.64
U00567,2025-06-27 06:00:00,view,tablet,US,cpc,0
U00568,2025-04-16 16:00:00,view,desktop,UK,referral,0
U00569,2025-05-06 06:00:00,view,tablet,Brazil,cpc,0
U00569,2025-05-06 07:15:11,add_to_cart,tablet,Brazil,cpc,0
U00569,2025-05-06 08:06:23,checkout,tablet,Brazil,cpc,0
U00569,2025-05-06 08:51:42,purchase,tablet,Brazil,cpc,61.08
U00570,2025-01-29 06:00:00,view,mobile,US,organic,0
U00570,2025-01-29 06:19:36,add_to_cart,mobile,US,organic,0
U00570,2025-01-29 06:51:38,checkout,mobile,US,organic,0
U00570,2025-01-29 07:28:41,purchase,mobile,US,organic,138.21
U00571,2025-06-29 01:00:00,view,tablet,UK,organic,0
U00571,2025-06-29 01:15:11,add_to_cart,tablet,UK,organic,0
U00571,2025-06-29 02:10:08,checkout,tablet,UK,organic,0
U00571,2025-06-29 02:44:05,purchase,tablet,UK,organic,93.01
U00572,2025-05-27 23:00:00,view,desktop,US,organic,0
U00572,2025-05-27 23:11:08,add_to_cart,desktop,US,organic,0
U00572,2025-05-27 23:40:32,checkout,desktop,US,organic,0
U00572,2025-05-27 23:59:30,purchase,desktop,US,organic,129.68
U00573,2025-05-11 07:00:00,view,desktop,US,referral,0
U00573,2025-05-11 07:11:12,add_to_cart,desktop,US,referral,0
U00573,2025-05-11 08:01:17,checkout,desktop,US,referral,0
U00573,2025-05-11 09:27:23,purchase,desktop,US,referral,112.88
U00574,2025-04-02 11:00:00,view,desktop,India,none,0
U00574,2025-04-02 11:12:20,add_to_cart,desktop,India,none,0
U00574,2025-04-02 11:29:54,checkout,desktop,India,none,0
U00574,2025-04-02 11:46:49,purchase,desktop,India,none,87.55
U00575,2025-01-25 21:00:00,view,mobile,Brazil,organic,0
U00575,2025-01-25 21:24:42,add_to_cart,mobile,Brazil,organic,0
U00575,2025-01-25 22:17:16,checkout,mobile,Brazil,organic,0
U00575,2025-01-25 23:44:12,purchase,mobile,Brazil,organic,98.2
U00576,2025-02-15 15:00:00,view,desktop,UK,organic,0
U00576,2025-02-15 15:12:12,add_to_cart,desktop,UK,organic,0
U00576,2025-02-15 15:31:27,checkout,desktop,UK,organic,0
U00576,2025-02-15 16:01:34,purchase,desktop,UK,organic,57.64
U00577,2025-03-27 13:00:00,view,desktop,Brazil,referral,0
U00577,2025-03-27 13:37:12,add_to_cart,desktop,Brazil,referral,0
U00577,2025-03-27 13:41:34,checkout,desktop,Brazil,referral,0
U00577,2025-03-27 14:23:44,purchase,desktop,Brazil,referral,108.82
U00578,2025-05-26 20:00:00,view,mobile,US,organic,0
U00579,2025-06-21 06:00:00,view,mobile,Brazil,organic,0
U00580,2025-01-06 03:00:00,view,desktop,India,referral,0
U00580,2025-01-06 03:13:24,add_to_cart,desktop,India,referral,0
U00580,2025-01-06 03:48:23,checkout,desktop,India,referral,0
U00580,2025-01-06 04:50:01,purchase,desktop,India,referral,88.24
U00581,2025-02-15 09:00:00,view,desktop,Brazil,organic,0
U00582,2025-03-11 02:00:00,view,mobile,India,organic,0
U00582,2025-03-11 02:06:58,add_to_cart,mobile,India,organic,0
U00582,2025-03-11 02:26:37,checkout,mobile,India,organic,0
U00582,2025-03-11 03:58:03,purchase,mobile,India,organic,58.75
U00583,2025-06-02 17:00:00,view,desktop,UK,organic,0
U00584,2025-01-11 18:00:00,view,desktop,India,organic,0
U00584,2025-01-11 18:07:50,add_to_cart,desktop,India,organic,0
U00584,2025-01-11 18:38:37,checkout,desktop,India,organic,0
U00584,2025-01-11 19:06:01,purchase,desktop,India,organic,80.9
U00585,2025-03-23 12:00:00,view,desktop,India,organic,0
U00585,2025-03-23 12:07:17,add_to_cart,desktop,India,organic,0
U00585,2025-03-23 12:12:38,checkout,desktop,India,organic,0
U00585,2025-03-23 13:13:21,purchase,desktop,India,organic,56.61
U00586,2025-03-12 14:00:00,view,mobile,UK,organic,0
U00587,2025-02-24 23:00:00,view,desktop,Canada,none,0
U00588,2025-04-25 20:00:00,view,desktop,US,cpc,0
U00588,2025-04-25 20:10:18,add_to_cart,desktop,US,cpc,0
U00588,2025-04-25 20:18:17,checkout,desktop,US,cpc,0
U00588,2025-04-25 20:51:13,purchase,desktop,US,cpc,73.52
U00589,2025-02-12 20:00:00,view,tablet,Canada,organic,0
U00590,2025-04-30 22:00:00,view,mobile,India,cpc,0
U00590,2025-04-30 22:30:00,add_to_cart,mobile,India,cpc,0
U00591,2025-02-06 15:00:00,view,mobile,US,referral,0
U00591,2025-02-06 15:35:04,add_to_cart,mobile,US,referral,0
U00591,2025-02-06 17:10:20,checkout,mobile,US,referral,0
U00591,2025-02-06 18:07:34,purchase,mobile,US,referral,69.52
U00592,2025-03-08 03:00:00,view,desktop,UK,none,0
U00592,2025-03-08 03:08:06,add_to_cart,desktop,UK,none,0
U00593,2025-06-23 08:00:00,view,tablet,US,organic,0
U00593,2025-06-23 08:02:12,add_to_cart,tablet,US,organic,0
U00593,2025-06-23 08:27:08,checkout,tablet,US,organic,0
U00593,2025-06-23 09:15:42,purchase,tablet,US,organic,92.9
U00594,2025-02-25 07:00:00,view,desktop,UK,organic,0
U00594,2025-02-25 07:11:08,add_to_cart,desktop,UK,organic,0
U00594,2025-02-25 07:53:00,checkout,desktop,UK,organic,0
U00594,2025-02-25 08:34:04,purchase,desktop,UK,organic,134.79
U00595,2025-04-21 21:00:00,view,tablet,US,cpc,0
U00596,2025-02-12 23:00:00,view,mobile,US,referral,0
U00597,2025-01-21 07:00:00,view,tablet,Canada,none,0
U00598,2025-04-05 15:00:00,view,mobile,US,organic,0
U00599,2025-04-16 09:00:00,view,tablet,Canada,organic,0
U00599,2025-04-16 09:20:20,add_to_cart,tablet,Canada,organic,0
U00599,2025-04-16 09:31:30,checkout,tablet,Canada,organic,0
U00599,2025-04-16 09:49:54,purchase,tablet,Canada,organic,81.94
U00600,2025-04-18 05:00:00,view,mobile,US,referral,0
U00601,2025-01-02 01:00:00,view,mobile,Canada,organic,0
U00602,2025-02-27 17:00:00,view,tablet,Brazil,organic,0
U00603,2025-02-04 10:00:00,view,tablet,US,cpc,0
U00603,2025-02-04 10:24:13,add_to_cart,tablet,US,cpc,0
U00603,2025-02-04 11:15:40,checkout,tablet,US,cpc,0
U00604,2025-05-01 06:00:00,view,mobile,UK,cpc,0
U00604,2025-05-01 06:51:52,add_to_cart,mobile,UK,cpc,0
U00604,2025-05-01 07:44:49,checkout,mobile,UK,cpc,0
U00605,2025-01-15 01:00:00,view,desktop,India,organic,0
U00605,2025-01-15 01:09:38,add_to_cart,desktop,India,organic,0
U00605,2025-01-15 01:21:06,checkout,desktop,India,organic,0
U00605,2025-01-15 01:49:08,purchase,desktop,India,organic,98.45
U00606,2025-01-03 03:00:00,view,mobile,US,none,0
U00606,2025-01-03 03:43:40,add_to_cart,mobile,US,none,0
U00606,2025-01-03 04:09:19,checkout,mobile,US,none,0
U00606,2025-01-03 04:29:35,purchase,mobile,US,none,84.48
U00607,2025-04-16 05:00:00,view,desktop,US,referral,0
U00607,2025-04-16 05:22:33,add_to_cart,desktop,US,referral,0
U00607,2025-04-16 05:28:56,checkout,desktop,US,referral,0
U00607,2025-04-16 05:51:35,purchase,desktop,US,referral,119.95
U00608,2025-03-25 10:00:00,view,desktop,India,organic,0
U00608,2025-03-25 10:13:17,add_to_cart,desktop,India,organic,0
U00608,2025-03-25 10:56:59,checkout,desktop,India,organic,0
U00608,2025-03-25 11:30:31,purchase,desktop,India,organic,107.35
U00609,2025-04-06 17:00:00,view,desktop,India,cpc,0
U00609,2025-04-06 17:11:52,add_to_cart,desktop,India,cpc,0
U00610,2025-05-22 15:00:00,view,desktop,India,cpc,0
U00610,2025-05-22 15:22:57,add_to_cart,desktop,India,cpc,0
U00610,2025-05-22 15:43:54,checkout,desktop,India,cpc,0
U00611,2025-04-28 17:00:00,view,desktop,US,organic,0
U00611,2025-04-28 17:02:00,add_to_cart,desktop,US,organic,0
U00611,2025-04-28 17:16:12,checkout,desktop,US,organic,0
U00611,2025-04-28 17:40:39,purchase,desktop,US,organic,91.97
U00612,2025-06-09 16:00:00,view,desktop,US,referral,0
U00613,2025-05-13 18:00:00,view,mobile,US,referral,0
U00613,2025-05-13 18:04:19,add_to_cart,mobile,US,referral,0
U00613,2025-05-13 18:12:17,checkout,mobile,US,referral,0
U00613,2025-05-13 18:27:24,purchase,mobile,US,referral,142.26
U00614,2025-06-05 02:00:00,view,desktop,US,cpc,0
U00615,2025-03-06 05:00:00,view,desktop,UK,organic,0
U00615,2025-03-06 05:19:48,add_to_cart,desktop,UK,organic,0
U00615,2025-03-06 06:06:44,checkout,desktop,UK,organic,0
U00615,2025-03-06 06:38:55,purchase,desktop,UK,organic,136.87
U00616,2025-05-13 23:00:00,view,mobile,Canada,none,0
U00616,2025-05-13 23:05:55,add_to_cart,mobile,Canada,none,0
U00616,2025-05-13 23:22:36,checkout,mobile,Canada,none,0
U00616,2025-05-14 00:01:29,purchase,mobile,Canada,none,75.82
U00617,2025-05-18 13:00:00,view,mobile,Canada,organic,0
U00618,2025-06-12 18:00:00,view,mobile,UK,organic,0
U00619,2025-06-21 01:00:00,view,mobile,Brazil,referral,0
U00620,2025-02-04 07:00:00,view,tablet,US,cpc,0
U00620,2025-02-04 07:21:37,add_to_cart,tablet,US,cpc,0
U00621,2025-03-26 04:00:00,view,mobile,US,organic,0
U00622,2025-01-01 21:00:00,view,mobile,UK,cpc,0
U00622,2025-01-01 21:17:50,add_to_cart,mobile,UK,cpc,0
U00622,2025-01-01 22:18:34,checkout,mobile,UK,cpc,0
U00622,2025-01-01 23:43:44,purchase,mobile,UK,cpc,94.41
U00623,2025-04-14 12:00:00,view,desktop,US,referral,0
U00623,2025-04-14 12:32:05,add_to_cart,desktop,US,referral,0
U00623,2025-04-14 12:55:25,checkout,desktop,US,referral,0
U00623,2025-04-14 13:33:10,purchase,desktop,US,referral,148.46
U00624,2025-03-11 03:00:00,view,mobile,India,organic,0
U00625,2025-03-06 02:00:00,view,mobile,US,organic,0
U00626,2025-02-08 08:00:00,view,mobile,US,none,0
U00627,2025-01-26 08:00:00,view,mobile,US,organic,0
U00628,2025-05-13 22:00:00,view,mobile,Canada,organic,0
U00628,2025-05-13 22:07:43,add_to_cart,mobile,Canada,organic,0
U00628,2025-05-13 23:04:20,checkout,mobile,Canada,organic,0
U00628,2025-05-14 00:46:30,purchase,mobile,Canada,organic,94.67
U00629,2025-06-23 09:00:00,view,desktop,Brazil,referral,0
U00630,2025-01-19 08:00:00,view,mobile,India,referral,0
U00630,2025-01-19 08:03:44,add_to_cart,mobile,India,referral,0
U00630,2025-01-19 08:34:31,checkout,mobile,India,referral,0
U00630,2025-01-19 09:00:54,purchase,mobile,India,referral,101.14
U00631,2025-03-02 18:00:00,view,mobile,UK,cpc,0
U00632,2025-06-26 00:00:00,view,mobile,US,cpc,0
U00632,2025-06-26 00:36:01,add_to_cart,mobile,US,cpc,0
U00633,2025-04-11 03:00:00,view,tablet,US,none,0
U00634,2025-01-22 02:00:00,view,mobile,India,organic,0
U00634,2025-01-22 02:25:35,add_to_cart,mobile,India,organic,0
U00634,2025-01-22 03:02:38,checkout,mobile,India,organic,0
U00634,2025-01-22 03:12:30,purchase,mobile,India,organic,56.63
U00635,2025-02-14 10:00:00,view,mobile,Canada,referral,0
U00635,2025-02-14 10:23:40,add_to_cart,mobile,Canada,referral,0
U00635,2025-02-14 11:23:57,checkout,mobile,Canada,referral,0
U00636,2025-01-18 20:00:00,view,tablet,Brazil,cpc,0
U00637,2025-06-13 12:00:00,view,desktop,US,organic,0
U00638,2025-05-03 06:00:00,view,tablet,US,cpc,0
U00638,2025-05-03 06:21:49,add_to_cart,tablet,US,cpc,0
U00638,2025-05-03 06:39:39,checkout,tablet,US,cpc,0
U00638,2025-05-03 06:54:54,purchase,tablet,US,cpc,96.99
U00639,2025-04-06 13:00:00,view,desktop,India,cpc,0
U00639,2025-04-06 13:34:03,add_to_cart,desktop,India,cpc,0
U00640,2025-02-21 12:00:00,view,desktop,Canada,cpc,0
U00641,2025-01-13 06:00:00,view,mobile,US,cpc,0
U00642,2025-06-13 10:00:00,view,desktop,Brazil,referral,0
U00642,2025-06-13 10:22:50,add_to_cart,desktop,Brazil,referral,0
U00642,2025-06-13 10:52:15,checkout,desktop,Brazil,referral,0
U00642,2025-06-13 11:20:30,purchase,desktop,Brazil,referral,115.27
U00643,2025-02-25 15:00:00,view,desktop,US,organic,0
U00643,2025-02-25 15:12:15,add_to_cart,desktop,US,organic,0
U00643,2025-02-25 16:28:23,checkout,desktop,US,organic,0
U00643,2025-02-25 17:16:07,purchase,desktop,US,organic,118.63
U00644,2025-04-30 04:00:00,view,mobile,India,cpc,0
U00644,2025-04-30 04:30:56,add_to_cart,mobile,India,cpc,0
U00645,2025-05-27 04:00:00,view,mobile,Brazil,organic,0
U00645,2025-05-27 04:13:49,add_to_cart,mobile,Brazil,organic,0
U00645,2025-05-27 04:57:14,checkout,mobile,Brazil,organic,0
U00645,2025-05-27 05:48:18,purchase,mobile,Brazil,organic,86.96
U00646,2025-04-14 20:00:00,view,mobile,UK,organic,0
U00647,2025-01-17 19:00:00,view,desktop,US,cpc,0
U00647,2025-01-17 19:24:23,add_to_cart,desktop,US,cpc,0
U00648,2025-04-24 11:00:00,view,desktop,India,cpc,0
U00648,2025-04-24 11:20:44,add_to_cart,desktop,India,cpc,0
U00648,2025-04-24 11:36:58,checkout,desktop,India,cpc,0
U00648,2025-04-24 12:11:59,purchase,desktop,India,cpc,60.01
U00649,2025-06-01 03:00:00,view,desktop,US,none,0
U00650,2025-03-21 11:00:00,view,mobile,India,none,0
U00650,2025-03-21 11:20:17,add_to_cart,mobile,India,none,0
U00651,2025-04-27 15:00:00,view,mobile,US,cpc,0
U00652,2025-03-08 12:00:00,view,desktop,US,cpc,0
U00652,2025-03-08 12:14:43,add_to_cart,desktop,US,cpc,0
U00652,2025-03-08 12:45:46,checkout,desktop,US,cpc,0
U00652,2025-03-08 13:15:38,purchase,desktop,US,cpc,53.58
U00653,2025-03-07 14:00:00,view,desktop,US,referral,0
U00653,2025-03-07 14:19:46,add_to_cart,desktop,US,referral,0
U00653,2025-03-07 14:58:22,checkout,desktop,US,referral,0
U00653,2025-03-07 15:30:08,purchase,desktop,US,referral,120.38
U00654,2025-03-11 14:00:00,view,desktop,US,referral,0
U00654,2025-03-11 14:19:44,add_to_cart,desktop,US,referral,0
U00654,2025-03-11 14:26:55,checkout,desktop,US,referral,0
U00654,2025-03-11 14:33:01,purchase,desktop,US,referral,139.87
U00655,2025-04-25 19:00:00,view,mobile,India,organic,0
U00655,2025-04-25 19:12:00,add_to_cart,mobile,India,organic,0
U00655,2025-04-25 19:35:41,checkout,mobile,India,organic,0
U00655,2025-04-25 20:44:38,purchase,mobile,India,organic,34.84
U00656,2025-01-06 07:00:00,view,desktop,Brazil,referral,0
U00656,2025-01-06 07:14:24,add_to_cart,desktop,Brazil,referral,0
U00656,2025-01-06 07:40:09,checkout,desktop,Brazil,referral,0
U00656,2025-01-06 08:13:09,purchase,desktop,Brazil,referral,65.16
U00657,2025-02-25 10:00:00,view,tablet,US,referral,0
U00657,2025-02-25 10:21:51,add_to_cart,tablet,US,referral,0
U00657,2025-02-25 10:34:10,checkout,tablet,US,referral,0
U00657,2025-02-25 11:10:02,purchase,tablet,US,referral,106.55
U00658,2025-02-13 19:00:00,view,mobile,US,cpc,0
U00659,2025-03-14 21:00:00,view,mobile,Canada,referral,0
U00659,2025-03-14 21:19:28,add_to_cart,mobile,Canada,referral,0
U00659,2025-03-14 22:11:47,checkout,mobile,Canada,referral,0
U00659,2025-03-14 23:26:11,purchase,mobile,Canada,referral,92.04
U00660,2025-06-13 23:00:00,view,desktop,Canada,none,0
U00660,2025-06-13 23:11:26,add_to_cart,desktop,Canada,none,0
U00660,2025-06-13 23:33:22,checkout,desktop,Canada,none,0
U00660,2025-06-14 00:19:18,purchase,desktop,Canada,none,76.77
U00661,2025-02-18 11:00:00,view,mobile,US,referral,0
U00662,2025-01-07 12:00:00,view,desktop,Brazil,organic,0
U00662,2025-01-07 12:20:13,add_to_cart,desktop,Brazil,organic,0
U00662,2025-01-07 12:23:03,checkout,desktop,Brazil,organic,0
U00662,2025-01-07 13:11:12,purchase,desktop,Brazil,organic,55.22
U00663,2025-06-04 06:00:00,view,tablet,US,organic,0
U00664,2025-06-13 18:00:00,view,desktop,US,referral,0
U00664,2025-06-13 18:02:57,add_to_cart,desktop,US,referral,0
U00664,2025-06-13 19:02:03,checkout,desktop,US,referral,0
U00664,2025-06-13 19:39:22,purchase,desktop,US,referral,135.11
U00665,2025-04-02 01:00:00,view,desktop,US,organic,0
U00665,2025-04-02 01:35:23,add_to_cart,desktop,US,organic,0
U00665,2025-04-02 02:10:30,checkout,desktop,US,organic,0
U00665,2025-04-02 03:04:24,purchase,desktop,US,organic,130.9
U00666,2025-05-15 05:00:00,view,mobile,India,referral,0
U00667,2025-05-29 13:00:00,view,desktop,UK,none,0
U00667,2025-05-29 13:12:36,add_to_cart,desktop,UK,none,0
U00667,2025-05-29 14:05:13,checkout,desktop,UK,none,0
U00667,2025-05-29 14:12:03,purchase,desktop,UK,none,98.02
U00668,2025-04-22 00:00:00,view,desktop,US,organic,0
U00668,2025-04-22 00:25:48,add_to_cart,desktop,US,organic,0
U00668,2025-04-22 01:23:15,checkout,desktop,US,organic,0
U00668,2025-04-22 01:44:26,purchase,desktop,US,organic,141.89
U00669,2025-01-31 22:00:00,view,mobile,UK,referral,0
U00669,2025-01-31 22:23:01,add_to_cart,mobile,UK,referral,0
U00669,2025-01-31 23:11:35,checkout,mobile,UK,referral,0
U00669,2025-01-31 23:33:20,purchase,mobile,UK,referral,151.1
U00670,2025-03-25 15:00:00,view,mobile,Canada,cpc,0
U00670,2025-03-25 15:23:32,add_to_cart,mobile,Canada,cpc,0
U00671,2025-03-10 09:00:00,view,mobile,Canada,referral,0
U00672,2025-04-13 21:00:00,view,desktop,US,none,0
U00673,2025-04-10 23:00:00,view,desktop,Canada,referral,0
U00673,2025-04-10 23:25:15,add_to_cart,desktop,Canada,referral,0
U00673,2025-04-10 23:51:25,checkout,desktop,Canada,referral,0
U00674,2025-05-19 14:00:00,view,desktop,UK,organic,0
U00675,2025-04-15 08:00:00,view,tablet,US,organic,0
U00675,2025-04-15 08:17:25,add_to_cart,tablet,US,organic,0
U00676,2025-06-14 02:00:00,view,mobile,US,organic,0
U00676,2025-06-14 02:37:45,add_to_cart,mobile,US,organic,0
U00676,2025-06-14 02:45:38,checkout,mobile,US,organic,0
U00676,2025-06-14 03:09:25,purchase,mobile,US,organic,126.04
U00677,2025-01-05 20:00:00,view,desktop,US,organic,0
U00678,2025-06-04 21:00:00,view,mobile,India,organic,0
U00679,2025-01-27 08:00:00,view,desktop,India,cpc,0
U00679,2025-01-27 08:05:11,add_to_cart,desktop,India,cpc,0
U00679,2025-01-27 08:28:27,checkout,desktop,India,cpc,0
U00679,2025-01-27 08:49:07,purchase,desktop,India,cpc,53.63
U00680,2025-05-06 22:00:00,view,mobile,US,organic,0
U00681,2025-02-08 10:00:00,view,desktop,US,organic,0
U00681,2025-02-08 10:10:42,add_to_cart,desktop,US,organic,0
U00681,2025-02-08 10:22:21,checkout,desktop,US,organic,0
U00681,2025-02-08 10:59:42,purchase,desktop,US,organic,113.81
U00682,2025-05-30 12:00:00,view,tablet,Canada,referral,0
U00682,2025-05-30 12:08:14,add_to_cart,tablet,Canada,referral,0
U00683,2025-04-06 03:00:00,view,tablet,UK,organic,0
U00684,2025-04-12 15:00:00,view,mobile,US,cpc,0
U00685,2025-05-16 07:00:00,view,desktop,Brazil,cpc,0
U00686,2025-02-24 07:00:00,view,mobile,Canada,none,0
U00687,2025-05-27 22:00:00,view,mobile,Brazil,organic,0
U00688,2025-02-03 11:00:00,view,desktop,Brazil,cpc,0
U00689,2025-02-12 15:00:00,view,mobile,Canada,referral,0
U00689,2025-02-12 15:09:00,add_to_cart,mobile,Canada,referral,0
U00690,2025-05-30 04:00:00,view,mobile,Brazil,cpc,0
U00691,2025-03-28 21:00:00,view,desktop,India,none,0
U00691,2025-03-28 21:09:20,add_to_cart,desktop,India,none,0
U00692,2025-05-04 03:00:00,view,desktop,US,referral,0
U00692,2025-05-04 03:11:19,add_to_cart,desktop,US,referral,0
U00692,2025-05-04 04:00:46,checkout,desktop,US,referral,0
U00692,2025-05-04 05:35:25,purchase,desktop,US,referral,126.59
U00693,2025-03-01 17:00:00,view,mobile,US,cpc,0
U00694,2025-05-15 12:00:00,view,desktop,US,organic,0
U00694,2025-05-15 12:10:35,add_to_cart,desktop,US,organic,0
U00694,2025-05-15 12:44:11,checkout,desktop,US,organic,0
U00694,2025-05-15 12:55:57,purchase,desktop,US,organic,104.24
U00695,2025-03-23 00:00:00,view,desktop,US,organic,0
U00696,2025-04-06 23:00:00,view,mobile,US,none,0
U00696,2025-04-06 23:12:13,add_to_cart,mobile,US,none,0
U00697,2025-01-01 23:00:00,view,tablet,UK,cpc,0
U00697,2025-01-01 23:08:29,add_to_cart,tablet,UK,cpc,0
U00698,2025-01-07 05:00:00,view,desktop,US,organic,0
U00699,2025-03-17 12:00:00,view,tablet,US,organic,0
U00699,2025-03-17 12:09:09,add_to_cart,tablet,US,organic,0
U00699,2025-03-17 13:08:14,checkout,tablet,US,organic,0
U00699,2025-03-17 13:16:26,purchase,tablet,US,organic,109.41
U00700,2025-01-10 05:00:00,view,mobile,US,referral,0
U00700,2025-01-10 05:17:26,add_to_cart,mobile,US,referral,0
U00701,2025-04-19 21:00:00,view,desktop,Canada,cpc,0
U00701,2025-04-19 21:19:13,add_to_cart,desktop,Canada,cpc,0
U00702,2025-05-12 20:00:00,view,desktop,UK,none,0
U00702,2025-05-12 20:02:00,add_to_cart,desktop,UK,none,0
U00702,2025-05-12 20:04:09,checkout,desktop,UK,none,0
U00702,2025-05-12 20:27:36,purchase,desktop,UK,none,44.0
U00703,2025-03-30 23:00:00,view,desktop,India,referral,0
U00704,2025-05-05 01:00:00,view,desktop,UK,none,0
U00705,2025-05-08 05:00:00,view,mobile,India,organic,0
U00705,2025-05-08 05:25:03,add_to_cart,mobile,India,organic,0
U00705,2025-05-08 05:57:20,checkout,mobile,India,organic,0
U00705,2025-05-08 06:47:17,purchase,mobile,India,organic,103.74
U00706,2025-03-01 17:00:00,view,tablet,US,none,0
U00707,2025-04-09 08:00:00,view,desktop,US,organic,0
U00707,2025-04-09 08:10:13,add_to_cart,desktop,US,organic,0
U00707,2025-04-09 08:40:45,checkout,desktop,US,organic,0
U00707,2025-04-09 09:01:57,purchase,desktop,US,organic,136.91
U00708,2025-01-13 12:00:00,view,mobile,Brazil,none,0
U00708,2025-01-13 12:17:34,add_to_cart,mobile,Brazil,none,0
U00708,2025-01-13 12:38:24,checkout,mobile,Brazil,none,0
U00708,2025-01-13 13:03:07,purchase,mobile,Brazil,none,37.1
U00709,2025-06-23 11:00:00,view,tablet,US,organic,0
U00709,2025-06-23 11:17:07,add_to_cart,tablet,US,organic,0
U00709,2025-06-23 11:38:55,checkout,tablet,US,organic,0
U00709,2025-06-23 12:28:02,purchase,tablet,US,organic,29.49
U00710,2025-05-30 13:00:00,view,tablet,India,organic,0
U00710,2025-05-30 13:28:03,add_to_cart,tablet,India,organic,0
U00710,2025-05-30 13:52:13,checkout,tablet,India,organic,0
U00710,2025-05-30 14:30:39,purchase,tablet,India,organic,58.42
U00711,2025-05-10 00:00:00,view,mobile,Canada,referral,0
U00712,2025-04-28 11:00:00,view,desktop,US,organic,0
U00713,2025-05-15 16:00:00,view,mobile,US,cpc,0
U00713,2025-05-15 16:34:14,add_to_cart,mobile,US,cpc,0
U00713,2025-05-15 17:10:08,checkout,mobile,US,cpc,0
U00713,2025-05-15 17:53:02,purchase,mobile,US,cpc,42.65
U00714,2025-01-23 19:00:00,view,desktop,Canada,referral,0
U00714,2025-01-23 19:08:27,add_to_cart,desktop,Canada,referral,0
U00714,2025-01-23 19:41:07,checkout,desktop,Canada,referral,0
U00714,2025-01-23 19:47:05,purchase,desktop,Canada,referral,72.37
U00715,2025-06-29 08:00:00,view,mobile,India,organic,0
U00716,2025-06-12 11:00:00,view,tablet,UK,cpc,0
U00717,2025-03-22 22:00:00,view,desktop,UK,none,0
U00718,2025-05-14 22:00:00,view,tablet,US,none,0
U00718,2025-05-14 22:19:15,add_to_cart,tablet,US,none,0
U00718,2025-05-14 22:35:30,checkout,tablet,US,none,0
U00719,2025-02-27 20:00:00,view,mobile,India,referral,0
U00719,2025-02-27 20:43:17,add_to_cart,mobile,India,referral,0
U00719,2025-02-27 21:34:42,checkout,mobile,India,referral,0
U00719,2025-02-27 21:57:46,purchase,mobile,India,referral,35.54
U00720,2025-02-26 22:00:00,view,tablet,Canada,referral,0
U00720,2025-02-26 22:25:55,add_to_cart,tablet,Canada,referral,0
U00720,2025-02-26 22:33:20,checkout,tablet,Canada,referral,0
U00720,2025-02-26 22:55:27,purchase,tablet,Canada,referral,59.54
U00721,2025-06-27 16:00:00,view,mobile,India,organic,0
U00721,2025-06-27 16:29:12,add_to_cart,mobile,India,organic,0
U00722,2025-06-12 07:00:00,view,mobile,US,organic,0
U00722,2025-06-12 07:14:01,add_to_cart,mobile,US,organic,0
U00722,2025-06-12 07:28:30,checkout,mobile,US,organic,0
U00722,2025-06-12 08:38:26,purchase,mobile,US,organic,156.34
U00723,2025-04-13 21:00:00,view,tablet,UK,referral,0
U00723,2025-04-13 21:10:20,add_to_cart,tablet,UK,referral,0
U00724,2025-02-28 18:00:00,view,mobile,Canada,cpc,0
U00725,2025-03-20 07:00:00,view,mobile,UK,organic,0
U00725,2025-03-20 07:12:46,add_to_cart,mobile,UK,organic,0
U00726,2025-04-03 04:00:00,view,desktop,UK,none,0
U00727,2025-02-05 13:00:00,view,desktop,UK,referral,0
U00727,2025-02-05 13:31:30,add_to_cart,desktop,UK,referral,0
U00727,2025-02-05 13:49:59,checkout,desktop,UK,referral,0
U00727,2025-02-05 13:55:03,purchase,desktop,UK,referral,92.64
U00728,2025-05-12 02:00:00,view,desktop,Canada,cpc,0
U00729,2025-05-23 20:00:00,view,desktop,US,cpc,0
U00730,2025-04-11 01:00:00,view,mobile,US,none,0
U00731,2025-04-29 23:00:00,view,tablet,US,cpc,0
U00732,2025-03-20 14:00:00,view,tablet,US,none,0
U00732,2025-03-20 14:35:52,add_to_cart,tablet,US,none,0
U00732,2025-03-20 14:53:30,checkout,tablet,US,none,0
U00732,2025-03-20 15:56:53,purchase,tablet,US,none,142.24
U00733,2025-04-25 12:00:00,view,desktop,US,organic,0
U00733,2025-04-25 12:06:53,add_to_cart,desktop,US,organic,0
U00733,2025-04-25 12:10:20,checkout,desktop,US,organic,0
U00733,2025-04-25 12:55:49,purchase,desktop,US,organic,102.33
U00734,2025-03-11 15:00:00,view,desktop,UK,referral,0
U00735,2025-06-03 00:00:00,view,desktop,US,referral,0
U00735,2025-06-03 00:07:09,add_to_cart,desktop,US,referral,0
U00735,2025-06-03 00:46:27,checkout,desktop,US,referral,0
U00735,2025-06-03 01:38:13,purchase,desktop,US,referral,149.09
U00736,2025-04-13 10:00:00,view,desktop,Brazil,referral,0
U00736,2025-04-13 10:27:16,add_to_cart,desktop,Brazil,referral,0
U00736,2025-04-13 10:34:27,checkout,desktop,Brazil,referral,0
U00736,2025-04-13 11:32:52,purchase,desktop,Brazil,referral,67.51
U00737,2025-01-23 04:00:00,view,desktop,UK,cpc,0
U00738,2025-05-19 09:00:00,view,desktop,US,organic,0
U00738,2025-05-19 09:10:34,add_to_cart,desktop,US,organic,0
U00738,2025-05-19 09:37:44,checkout,desktop,US,organic,0
U00738,2025-05-19 10:25:32,purchase,desktop,US,organic,99.17
U00739,2025-01-19 06:00:00,view,mobile,Brazil,cpc,0
U00740,2025-04-13 05:00:00,view,tablet,UK,referral,0
U00740,2025-04-13 05:20:21,add_to_cart,tablet,UK,referral,0
U00740,2025-04-13 05:56:50,checkout,tablet,UK,referral,0
U00740,2025-04-13 06:40:53,purchase,tablet,UK,referral,100.88
U00741,2025-02-28 23:00:00,view,tablet,US,referral,0
U00741,2025-02-28 23:06:49,add_to_cart,tablet,US,referral,0
U00742,2025-06-01 19:00:00,view,tablet,US,organic,0
U00743,2025-06-21 23:00:00,view,mobile,US,organic,0
U00743,2025-06-21 23:02:46,add_to_cart,mobile,US,organic,0
U00743,2025-06-22 00:13:13,checkout,mobile,US,organic,0
U00743,2025-06-22 00:39:58,purchase,mobile,US,organic,105.73
U00744,2025-02-22 02:00:00,view,desktop,US,referral,0
U00744,2025-02-22 02:04:18,add_to_cart,desktop,US,referral,0
U00744,2025-02-22 02:22:09,checkout,desktop,US,referral,0
U00745,2025-02-03 15:00:00,view,desktop,Brazil,none,0
U00745,2025-02-03 15:19:01,add_to_cart,desktop,Brazil,none,0
U00745,2025-02-03 16:27:57,checkout,desktop,Brazil,none,0
U00745,2025-02-03 17:24:17,purchase,desktop,Brazil,none,60.28
U00746,2025-04-12 11:00:00,view,desktop,India,cpc,0
U00746,2025-04-12 11:06:22,add_to_cart,desktop,India,cpc,0
U00746,2025-04-12 11:50:28,checkout,desktop,India,cpc,0
U00746,2025-04-12 12:33:01,purchase,desktop,India,cpc,69.25
U00747,2025-05-29 12:00:00,view,tablet,Brazil,cpc,0
U00747,2025-05-29 12:10:50,add_to_cart,tablet,Brazil,cpc,0
U00747,2025-05-29 13:09:33,checkout,tablet,Brazil,cpc,0
U00747,2025-05-29 14:27:19,purchase,tablet,Brazil,cpc,53.6
U00748,2025-05-14 09:00:00,view,mobile,India,organic,0
U00748,2025-05-14 09:31:00,add_to_cart,mobile,India,organic,0
U00748,2025-05-14 09:38:58,checkout,mobile,India,organic,0
U00748,2025-05-14 09:55:56,purchase,mobile,India,organic,105.48
U00749,2025-04-03 08:00:00,view,desktop,US,cpc,0
U00749,2025-04-03 08:02:51,add_to_cart,desktop,US,cpc,0
U00750,2025-06-19 06:00:00,view,desktop,Brazil,organic,0
U00750,2025-06-19 06:04:04,add_to_cart,desktop,Brazil,organic,0
U00750,2025-06-19 06:17:56,checkout,desktop,Brazil,organic,0
U00750,2025-06-19 07:20:07,purchase,desktop,Brazil,organic,105.14
U00751,2025-02-17 09:00:00,view,mobile,Brazil,organic,0
U00752,2025-02-07 02:00:00,view,desktop,US,none,0
U00753,2025-03-08 18:00:00,view,mobile,India,referral,0
U00754,2025-02-23 11:00:00,view,desktop,Brazil,none,0
U00754,2025-02-23 11:17:17,add_to_cart,desktop,Brazil,none,0
U00755,2025-01-11 01:00:00,view,mobile,US,organic,0
U00755,2025-01-11 01:20:15,add_to_cart,mobile,US,organic,0
U00755,2025-01-11 02:23:06,checkout,mobile,US,organic,0
U00755,2025-01-11 02:53:41,purchase,mobile,US,organic,108.39
U00756,2025-03-25 02:00:00,view,desktop,UK,referral,0
U00756,2025-03-25 02:19:09,add_to_cart,desktop,UK,referral,0
U00756,2025-03-25 02:29:49,checkout,desktop,UK,referral,0
U00756,2025-03-25 02:55:03,purchase,desktop,UK,referral,136.31
U00757,2025-01-07 10:00:00,view,tablet,UK,organic,0
U00758,2025-02-13 07:00:00,view,mobile,Canada,organic,0
U00759,2025-02-22 18:00:00,view,tablet,Canada,organic,0
U00760,2025-02-28 18:00:00,view,mobile,US,organic,0
U00760,2025-02-28 18:19:39,add_to_cart,mobile,US,organic,0
U00760,2025-02-28 18:41:38,checkout,mobile,US,organic,0
U00760,2025-02-28 20:58:51,purchase,mobile,US,organic,94.66
U00761,2025-05-03 19:00:00,view,desktop,US,organic,0
U00761,2025-05-03 19:14:51,add_to_cart,desktop,US,organic,0
U00761,2025-05-03 19:23:51,checkout,desktop,US,organic,0
U00761,2025-05-03 19:40:25,purchase,desktop,US,organic,131.69
U00762,2025-04-26 01:00:00,view,tablet,US,cpc,0
U00762,2025-04-26 01:35:58,add_to_cart,tablet,US,cpc,0
U00762,2025-04-26 02:14:21,checkout,tablet,US,cpc,0
U00762,2025-04-26 02:48:45,purchase,tablet,US,cpc,118.1
U00763,2025-03-05 14:00:00,view,desktop,UK,organic,0
U00763,2025-03-05 14:13:32,add_to_cart,desktop,UK,organic,0
U00763,2025-03-05 14:45:11,checkout,desktop,UK,organic,0
U00763,2025-03-05 15:53:48,purchase,desktop,UK,organic,105.44
U00764,2025-05-23 21:00:00,view,mobile,US,organic,0
U00765,2025-03-19 20:00:00,view,mobile,US,cpc,0
U00766,2025-03-04 20:00:00,view,mobile,Brazil,none,0
U00766,2025-03-04 20:22:19,add_to_cart,mobile,Brazil,none,0
U00766,2025-03-04 20:31:02,checkout,mobile,Brazil,none,0
U00766,2025-03-04 20:54:36,purchase,mobile,Brazil,none,60.12
U00767,2025-03-01 02:00:00,view,mobile,US,none,0
U00768,2025-01-13 00:00:00,view,desktop,US,none,0
U00768,2025-01-13 00:10:50,add_to_cart,desktop,US,none,0
U00768,2025-01-13 00:30:12,checkout,desktop,US,none,0
U00768,2025-01-13 01:09:39,purchase,desktop,US,none,63.84
U00769,2025-01-13 05:00:00,view,desktop,UK,organic,0
U00770,2025-02-22 00:00:00,view,desktop,India,organic,0
U00770,2025-02-22 00:10:40,add_to_cart,desktop,India,organic,0
U00770,2025-02-22 00:35:26,checkout,desktop,India,organic,0
U00770,2025-02-22 01:47:20,purchase,desktop,India,organic,91.31
U00771,2025-02-16 12:00:00,view,desktop,India,none,0
U00772,2025-06-16 02:00:00,view,mobile,US,organic,0
U00773,2025-03-25 00:00:00,view,mobile,Canada,none,0
U00774,2025-02-05 07:00:00,view,desktop,Brazil,organic,0
U00774,2025-02-05 07:29:16,add_to_cart,desktop,Brazil,organic,0
U00774,2025-02-05 07:40:19,checkout,desktop,Brazil,organic,0
U00774,2025-02-05 09:09:48,purchase,desktop,Brazil,organic,84.99
U00775,2025-03-09 17:00:00,view,mobile,US,cpc,0
U00776,2025-06-02 21:00:00,view,mobile,US,none,0
U00776,2025-06-02 21:11:30,add_to_cart,mobile,US,none,0
U00776,2025-06-02 21:30:34,checkout,mobile,US,none,0
U00777,2025-05-29 12:00:00,view,mobile,Canada,cpc,0
U00778,2025-06-01 23:00:00,view,tablet,US,cpc,0
U00779,2025-05-31 08:00:00,view,desktop,UK,none,0
U00780,2025-04-27 11:00:00,view,desktop,US,organic,0
U00780,2025-04-27 11:31:29,add_to_cart,desktop,US,organic,0
U00780,2025-04-27 11:39:46,checkout,desktop,US,organic,0
U00780,2025-04-27 12:08:48,purchase,desktop,US,organic,105.22
U00781,2025-05-19 17:00:00,view,desktop,US,referral,0
U00781,2025-05-19 17:05:04,add_to_cart,desktop,US,referral,0
U00781,2025-05-19 18:31:22,checkout,desktop,US,referral,0
U00781,2025-05-19 18:49:05,purchase,desktop,US,referral,142.13
U00782,2025-05-30 22:00:00,view,mobile,Brazil,organic,0
U00782,2025-05-30 22:09:19,add_to_cart,mobile,Brazil,organic,0
U00782,2025-05-30 22:40:07,checkout,mobile,Brazil,organic,0
U00782,2025-05-30 22:52:38,purchase,mobile,Brazil,organic,114.27
U00783,2025-03-28 16:00:00,view,desktop,US,cpc,0
U00784,2025-03-05 14:00:00,view,mobile,US,cpc,0
U00785,2025-01-01 06:00:00,view,tablet,Brazil,cpc,0
U00786,2025-03-12 02:00:00,view,mobile,Canada,none,0
U00786,2025-03-12 02:31:52,add_to_cart,mobile,Canada,none,0
U00787,2025-04-15 06:00:00,view,mobile,US,none,0
U00788,2025-05-02 03:00:00,view,mobile,US,organic,0
U00789,2025-05-23 08:00:00,view,tablet,US,referral,0
U00789,2025-05-23 08:09:17,add_to_cart,tablet,US,referral,0
U00789,2025-05-23 08:49:33,checkout,tablet,US,referral,0
U00789,2025-05-23 09:40:14,purchase,tablet,US,referral,53.39
U00790,2025-04-12 09:00:00,view,mobile,UK,referral,0
U00790,2025-04-12 09:20:02,add_to_cart,mobile,UK,referral,0
U00791,2025-05-18 13:00:00,view,desktop,India,cpc,0
U00791,2025-05-18 13:03:39,add_to_cart,desktop,India,cpc,0
U00791,2025-05-18 13:55:37,checkout,desktop,India,cpc,0
U00792,2025-04-06 13:00:00,view,desktop,US,organic,0
U00792,2025-04-06 13:37:45,add_to_cart,desktop,US,organic,0
U00792,2025-04-06 14:08:50,checkout,desktop,US,organic,0
U00792,2025-04-06 14:25:06,purchase,desktop,US,organic,125.0
U00793,2025-05-31 13:00:00,view,mobile,Canada,referral,0
U00793,2025-05-31 13:40:04,add_to_cart,mobile,Canada,referral,0
U00794,2025-02-21 08:00:00,view,mobile,India,cpc,0
U00794,2025-02-21 08:18:18,add_to_cart,mobile,India,cpc,0
U00795,2025-03-16 17:00:00,view,mobile,US,referral,0
U00795,2025-03-16 17:36:04,add_to_cart,mobile,US,referral,0
U00795,2025-03-16 17:48:18,checkout,mobile,US,referral,0
U00795,2025-03-16 18:45:27,purchase,mobile,US,referral,100.16
U00796,2025-05-10 17:00:00,view,mobile,US,organic,0
U00796,2025-05-10 17:31:06,add_to_cart,mobile,US,organic,0
U00796,2025-05-10 18:18:54,checkout,mobile,US,organic,0
U00796,2025-05-10 18:57:49,purchase,mobile,US,organic,133.5
U00797,2025-03-13 05:00:00,view,tablet,UK,organic,0
U00797,2025-03-13 05:15:10,add_to_cart,tablet,UK,organic,0
U00797,2025-03-13 05:28:40,checkout,tablet,UK,organic,0
U00797,2025-03-13 05:55:32,purchase,tablet,UK,organic,101.6
U00798,2025-05-21 11:00:00,view,mobile,Canada,cpc,0
U00799,2025-04-26 17:00:00,view,mobile,US,cpc,0
U00800,2025-03-16 21:00:00,view,desktop,US,none,0
U00801,2025-03-31 18:00:00,view,desktop,India,none,0
U00801,2025-03-31 18:06:00,add_to_cart,desktop,India,none,0
U00801,2025-03-31 18:16:30,checkout,desktop,India,none,0
U00801,2025-03-31 19:19:22,purchase,desktop,India,none,83.18
U00802,2025-06-22 11:00:00,view,mobile,UK,referral,0
U00802,2025-06-22 11:05:49,add_to_cart,mobile,UK,referral,0
U00803,2025-01-24 04:00:00,view,desktop,UK,organic,0
U00803,2025-01-24 04:10:09,add_to_cart,desktop,UK,organic,0
U00803,2025-01-24 04:45:44,checkout,desktop,UK,organic,0
U00803,2025-01-24 06:07:50,purchase,desktop,UK,organic,90.71
U00804,2025-03-13 15:00:00,view,desktop,Canada,organic,0
U00805,2025-06-14 10:00:00,view,desktop,Canada,organic,0
U00806,2025-04-25 08:00:00,view,desktop,US,cpc,0
U00806,2025-04-25 08:31:20,add_to_cart,desktop,US,cpc,0
U00806,2025-04-25 09:02:13,checkout,desktop,US,cpc,0
U00806,2025-04-25 09:24:05,purchase,desktop,US,cpc,99.15
U00807,2025-04-16 16:00:00,view,mobile,India,cpc,0
U00808,2025-04-08 10:00:00,view,desktop,UK,referral,0
U00808,2025-04-08 10:05:43,add_to_cart,desktop,UK,referral,0
U00808,2025-04-08 11:06:46,checkout,desktop,UK,referral,0
U00808,2025-04-08 11:46:51,purchase,desktop,UK,referral,95.95
U00809,2025-04-03 06:00:00,view,desktop,Brazil,referral,0
U00809,2025-04-03 06:40:47,add_to_cart,desktop,Brazil,referral,0
U00809,2025-04-03 07:00:55,checkout,desktop,Brazil,referral,0
U00809,2025-04-03 08:55:21,purchase,desktop,Brazil,referral,80.88
U00810,2025-04-09 09:00:00,view,desktop,US,cpc,0
U00811,2025-06-25 10:00:00,view,tablet,US,organic,0
U00811,2025-06-25 10:06:58,add_to_cart,tablet,US,organic,0
U00811,2025-06-25 10:38:03,checkout,tablet,US,organic,0
U00811,2025-06-25 11:02:39,purchase,tablet,US,organic,111.68
U00812,2025-02-08 14:00:00,view,mobile,India,cpc,0
U00812,2025-02-08 14:26:58,add_to_cart,mobile,India,cpc,0
U00812,2025-02-08 14:49:33,checkout,mobile,India,cpc,0
U00812,2025-02-08 15:22:06,purchase,mobile,India,cpc,54.82
U00813,2025-05-05 19:00:00,view,desktop,US,organic,0
U00813,2025-05-05 19:31:50,add_to_cart,desktop,US,organic,0
U00813,2025-05-05 19:48:01,checkout,desktop,US,organic,0
U00813,2025-05-05 20:38:57,purchase,desktop,US,organic,101.49
U00814,2025-01-20 05:00:00,view,desktop,Canada,organic,0
U00815,2025-01-28 19:00:00,view,desktop,Canada,organic,0
U00815,2025-01-28 19:12:51,add_to_cart,desktop,Canada,organic,0
U00815,2025-01-28 19:47:11,checkout,desktop,Canada,organic,0
U00815,2025-01-28 20:16:11,purchase,desktop,Canada,organic,83.38
U00816,2025-06-06 10:00:00,view,desktop,India,organic,0
U00817,2025-01-26 02:00:00,view,mobile,UK,cpc,0
U00817,2025-01-26 02:27:00,add_to_cart,mobile,UK,cpc,0
U00818,2025-05-18 19:00:00,view,desktop,US,none,0
U00818,2025-05-18 19:29:56,add_to_cart,desktop,US,none,0
U00818,2025-05-18 19:58:08,checkout,desktop,US,none,0
U00818,2025-05-18 21:02:41,purchase,desktop,US,none,86.11
U00819,2025-06-02 20:00:00,view,tablet,US,organic,0
U00819,2025-06-02 20:03:20,add_to_cart,tablet,US,organic,0
U00819,2025-06-02 20:13:13,checkout,tablet,US,organic,0
U00820,2025-03-26 21:00:00,view,desktop,UK,referral,0
U00820,2025-03-26 21:06:38,add_to_cart,desktop,UK,referral,0
U00820,2025-03-26 21:23:29,checkout,desktop,UK,referral,0
U00820,2025-03-26 22:24:14,purchase,desktop,UK,referral,63.18
U00821,2025-05-10 16:00:00,view,desktop,Brazil,referral,0
U00821,2025-05-10 16:07:33,add_to_cart,desktop,Brazil,referral,0
U00821,2025-05-10 16:34:46,checkout,desktop,Brazil,referral,0
U00821,2025-05-10 16:38:29,purchase,desktop,Brazil,referral,79.2
U00822,2025-03-18 23:00:00,view,mobile,US,organic,0
U00823,2025-04-20 03:00:00,view,desktop,India,referral,0
U00823,2025-04-20 03:03:45,add_to_cart,desktop,India,referral,0
U00823,2025-04-20 03:26:03,checkout,desktop,India,referral,0
U00823,2025-04-20 03:32:28,purchase,desktop,India,referral,88.76
U00824,2025-04-16 08:00:00,view,tablet,US,none,0
U00824,2025-04-16 08:20:11,add_to_cart,tablet,US,none,0
U00825,2025-01-24 07:00:00,view,desktop,India,cpc,0
U00826,2025-06-19 14:00:00,view,tablet,Brazil,organic,0
U00827,2025-01-13 13:00:00,view,desktop,US,cpc,0
U00827,2025-01-13 13:02:23,add_to_cart,desktop,US,cpc,0
U00827,2025-01-13 13:04:23,checkout,desktop,US,cpc,0
U00827,2025-01-13 13:25:53,purchase,desktop,US,cpc,76.62
U00828,2025-02-14 15:00:00,view,mobile,US,organic,0
U00828,2025-02-14 15:02:12,add_to_cart,mobile,US,organic,0
U00828,2025-02-14 15:35:29,checkout,mobile,US,organic,0
U00828,2025-02-14 16:31:15,purchase,mobile,US,organic,89.76
U00829,2025-03-28 20:00:00,view,desktop,US,organic,0
U00829,2025-03-28 20:05:00,add_to_cart,desktop,US,organic,0
U00829,2025-03-28 21:04:01,checkout,desktop,US,organic,0
U00829,2025-03-28 21:17:13,purchase,desktop,US,organic,184.59
U00830,2025-03-11 20:00:00,view,mobile,India,organic,0
U00831,2025-02-11 19:00:00,view,mobile,US,none,0
U00831,2025-02-11 19:44:01,add_to_cart,mobile,US,none,0
U00832,2025-05-11 17:00:00,view,mobile,India,cpc,0
U00832,2025-05-11 17:26:17,add_to_cart,mobile,India,cpc,0
U00832,2025-05-11 18:02:14,checkout,mobile,India,cpc,0
U00833,2025-05-24 16:00:00,view,desktop,US,none,0
U00833,2025-05-24 16:02:57,add_to_cart,desktop,US,none,0
U00833,2025-05-24 17:03:46,checkout,desktop,US,none,0
U00833,2025-05-24 17:19:59,purchase,desktop,US,none,101.99
U00834,2025-01-12 23:00:00,view,tablet,US,organic,0
U00835,2025-04-16 14:00:00,view,mobile,US,cpc,0
U00836,2025-01-17 09:00:00,view,tablet,Brazil,cpc,0
U00837,2025-06-01 01:00:00,view,mobile,US,cpc,0
U00837,2025-06-01 01:10:59,add_to_cart,mobile,US,cpc,0
U00837,2025-06-01 01:59:35,checkout,mobile,US,cpc,0
U00837,2025-06-01 02:05:43,purchase,mobile,US,cpc,115.62
U00838,2025-06-03 11:00:00,view,desktop,US,cpc,0
U00838,2025-06-03 11:14:38,add_to_cart,desktop,US,cpc,0
U00839,2025-04-30 09:00:00,view,desktop,Brazil,organic,0
U00839,2025-04-30 09:07:45,add_to_cart,desktop,Brazil,organic,0
U00839,2025-04-30 09:31:19,checkout,desktop,Brazil,organic,0
U00839,2025-04-30 09:40:05,purchase,desktop,Brazil,organic,118.47
U00840,2025-01-21 05:00:00,view,tablet,Canada,organic,0
U00840,2025-01-21 05:03:27,add_to_cart,tablet,Canada,organic,0
U00841,2025-06-20 11:00:00,view,mobile,UK,cpc,0
U00841,2025-06-20 11:06:30,add_to_cart,mobile,UK,cpc,0
U00841,2025-06-20 11:14:21,checkout,mobile,UK,cpc,0
U00842,2025-03-13 14:00:00,view,tablet,US,referral,0
U00843,2025-05-06 21:00:00,view,mobile,Brazil,organic,0
U00844,2025-04-17 02:00:00,view,desktop,US,cpc,0
U00844,2025-04-17 02:06:29,add_to_cart,desktop,US,cpc,0
U00844,2025-04-17 03:01:22,checkout,desktop,US,cpc,0
U00844,2025-04-17 03:23:19,purchase,desktop,US,cpc,81.08
U00845,2025-06-05 21:00:00,view,mobile,Brazil,cpc,0
U00845,2025-06-05 21:09:10,add_to_cart,mobile,Brazil,cpc,0
U00845,2025-06-05 22:12:32,checkout,mobile,Brazil,cpc,0
U00846,2025-06-29 02:00:00,view,tablet,UK,cpc,0
U00847,2025-01-14 07:00:00,view,tablet,US,organic,0
U00847,2025-01-14 07:04:55,add_to_cart,tablet,US,organic,0
U00847,2025-01-14 07:26:20,checkout,tablet,US,organic,0
U00848,2025-01-03 11:00:00,view,mobile,Canada,organic,0
U00848,2025-01-03 11:04:02,add_to_cart,mobile,Canada,organic,0
U00848,2025-01-03 11:36:14,checkout,mobile,Canada,organic,0
U00849,2025-06-09 11:00:00,view,mobile,Canada,referral,0
U00849,2025-06-09 11:27:46,add_to_cart,mobile,Canada,referral,0
U00849,2025-06-09 11:54:11,checkout,mobile,Canada,referral,0
U00849,2025-06-09 12:32:41,purchase,mobile,Canada,referral,50.42
U00850,2025-03-11 11:00:00,view,desktop,Canada,organic,0
U00850,2025-03-11 11:09:15,add_to_cart,desktop,Canada,organic,0
U00850,2025-03-11 11:32:15,checkout,desktop,Canada,organic,0
U00850,2025-03-11 12:25:49,purchase,desktop,Canada,organic,88.55
U00851,2025-06-20 16:00:00,view,tablet,US,organic,0
U00851,2025-06-20 16:13:37,add_to_cart,tablet,US,organic,0
U00851,2025-06-20 17:10:22,checkout,tablet,US,organic,0
U00851,2025-06-20 17:50:02,purchase,tablet,US,organic,105.96
U00852,2025-01-26 03:00:00,view,mobile,US,organic,0
U00852,2025-01-26 03:25:25,add_to_cart,mobile,US,organic,0
U00852,2025-01-26 03:55:13,checkout,mobile,US,organic,0
U00852,2025-01-26 05:56:20,purchase,mobile,US,organic,101.05
U00853,2025-05-05 10:00:00,view,desktop,UK,cpc,0
U00854,2025-02-06 10:00:00,view,desktop,India,organic,0
U00854,2025-02-06 10:02:10,add_to_cart,desktop,India,organic,0
U00854,2025-02-06 10:20:40,checkout,desktop,India,organic,0
U00854,2025-02-06 11:07:37,purchase,desktop,India,organic,53.68
U00855,2025-04-10 09:00:00,view,mobile,US,cpc,0
U00855,2025-04-10 09:15:40,add_to_cart,mobile,US,cpc,0
U00855,2025-04-10 10:11:20,checkout,mobile,US,cpc,0
U00855,2025-04-10 10:29:16,purchase,mobile,US,cpc,68.07
U00856,2025-04-24 14:00:00,view,desktop,UK,referral,0
U00856,2025-04-24 14:02:55,add_to_cart,desktop,UK,referral,0
U00856,2025-04-24 14:08:10,checkout,desktop,UK,referral,0
U00856,2025-04-24 14:33:49,purchase,desktop,UK,referral,119.73
U00857,2025-03-27 08:00:00,view,desktop,US,referral,0
U00857,2025-03-27 08:02:09,add_to_cart,desktop,US,referral,0
U00857,2025-03-27 08:36:49,checkout,desktop,US,referral,0
U00857,2025-03-27 09:21:35,purchase,desktop,US,referral,126.67
U00858,2025-04-16 15:00:00,view,desktop,US,organic,0
U00859,2025-06-20 14:00:00,view,mobile,US,organic,0
U00859,2025-06-20 14:34:37,add_to_cart,mobile,US,organic,0
U00859,2025-06-20 15:02:34,checkout,mobile,US,organic,0
U00859,2025-06-20 16:37:45,purchase,mobile,US,organic,110.2
U00860,2025-01-24 07:00:00,view,desktop,US,organic,0
U00860,2025-01-24 07:04:07,add_to_cart,desktop,US,organic,0
U00860,2025-01-24 07:19:35,checkout,desktop,US,organic,0
U00860,2025-01-24 07:55:23,purchase,desktop,US,organic,93.21
U00861,2025-06-02 15:00:00,view,mobile,Brazil,referral,0
U00861,2025-06-02 15:22:24,add_to_cart,mobile,Brazil,referral,0
U00861,2025-06-02 15:45:19,checkout,mobile,Brazil,referral,0
U00861,2025-06-02 16:43:34,purchase,mobile,Brazil,referral,88.53
U00862,2025-04-24 10:00:00,view,mobile,Canada,organic,0
U00862,2025-04-24 10:06:34,add_to_cart,mobile,Canada,organic,0
U00862,2025-04-24 10:24:44,checkout,mobile,Canada,organic,0
U00862,2025-04-24 11:07:26,purchase,mobile,Canada,organic,68.16
U00863,2025-05-02 21:00:00,view,mobile,UK,referral,0
U00864,2025-04-26 16:00:00,view,desktop,US,referral,0
U00865,2025-03-16 08:00:00,view,mobile,US,referral,0
U00865,2025-03-16 08:23:41,add_to_cart,mobile,US,referral,0
U00865,2025-03-16 08:59:19,checkout,mobile,US,referral,0
U00865,2025-03-16 09:25:32,purchase,mobile,US,referral,138.98
U00866,2025-03-27 07:00:00,view,tablet,Brazil,organic,0
U00866,2025-03-27 07:17:11,add_to_cart,tablet,Brazil,organic,0
U00866,2025-03-27 08:07:23,checkout,tablet,Brazil,organic,0
U00866,2025-03-27 10:00:02,purchase,tablet,Brazil,organic,68.75
U00867,2025-06-03 04:00:00,view,mobile,India,organic,0
U00867,2025-06-03 04:20:13,add_to_cart,mobile,India,organic,0
U00867,2025-06-03 04:29:02,checkout,mobile,India,organic,0
U00868,2025-04-12 22:00:00,view,desktop,UK,referral,0
U00868,2025-04-12 22:20:43,add_to_cart,desktop,UK,referral,0
U00868,2025-04-12 22:41:26,checkout,desktop,UK,referral,0
U00868,2025-04-12 23:47:58,purchase,desktop,UK,referral,111.52
U00869,2025-01-04 11:00:00,view,desktop,India,referral,0
U00870,2025-03-09 05:00:00,view,tablet,Brazil,organic,0
U00870,2025-03-09 05:26:53,add_to_cart,tablet,Brazil,organic,0
U00870,2025-03-09 05:56:40,checkout,tablet,Brazil,organic,0
U00871,2025-03-15 02:00:00,view,desktop,US,referral,0
U00872,2025-05-30 11:00:00,view,mobile,India,referral,0
U00872,2025-05-30 11:19:02,add_to_cart,mobile,India,referral,0
U00872,2025-05-30 11:36:29,checkout,mobile,India,referral,0
U00872,2025-05-30 12:11:59,purchase,mobile,India,referral,101.28
U00873,2025-06-07 04:00:00,view,mobile,US,organic,0
U00873,2025-06-07 04:20:29,add_to_cart,mobile,US,organic,0
U00873,2025-06-07 04:31:18,checkout,mobile,US,organic,0
U00873,2025-06-07 07:03:20,purchase,mobile,US,organic,71.28
U00874,2025-01-01 02:00:00,view,desktop,India,cpc,0
U00875,2025-02-05 20:00:00,view,mobile,Brazil,organic,0
U00875,2025-02-05 20:17:36,add_to_cart,mobile,Brazil,organic,0
U00876,2025-01-28 19:00:00,view,tablet,US,organic,0
U00876,2025-01-28 19:11:33,add_to_cart,tablet,US,organic,0
U00876,2025-01-28 20:40:06,checkout,tablet,US,organic,0
U00876,2025-01-28 22:02:59,purchase,tablet,US,organic,52.87
U00877,2025-03-04 00:00:00,view,desktop,US,referral,0
U00877,2025-03-04 00:12:25,add_to_cart,desktop,US,referral,0
U00877,2025-03-04 00:24:14,checkout,desktop,US,referral,0
U00877,2025-03-04 01:08:27,purchase,desktop,US,referral,120.42
U00878,2025-01-27 23:00:00,view,tablet,US,organic,0
U00879,2025-04-09 02:00:00,view,mobile,US,organic,0
U00879,2025-04-09 02:37:38,add_to_cart,mobile,US,organic,0
U00879,2025-04-09 04:22:17,checkout,mobile,US,organic,0
U00879,2025-04-09 04:38:23,purchase,mobile,US,organic,64.03
U00880,2025-04-20 17:00:00,view,mobile,Canada,cpc,0
U00880,2025-04-20 17:16:40,add_to_cart,mobile,Canada,cpc,0
U00881,2025-02-10 08:00:00,view,tablet,US,none,0
U00881,2025-02-10 08:10:26,add_to_cart,tablet,US,none,0
U00881,2025-02-10 08:14:56,checkout,tablet,US,none,0
U00882,2025-04-03 11:00:00,view,mobile,US,none,0
U00882,2025-04-03 11:14:11,add_to_cart,mobile,US,none,0
U00883,2025-05-25 04:00:00,view,mobile,Canada,cpc,0
U00883,2025-05-25 04:46:45,add_to_cart,mobile,Canada,cpc,0
U00884,2025-05-20 08:00:00,view,desktop,UK,none,0
U00884,2025-05-20 08:07:00,add_to_cart,desktop,UK,none,0
U00884,2025-05-20 08:22:31,checkout,desktop,UK,none,0
U00884,2025-05-20 08:30:52,purchase,desktop,UK,none,64.21
U00885,2025-03-24 20:00:00,view,mobile,US,referral,0
U00885,2025-03-24 20:05:33,add_to_cart,mobile,US,referral,0
U00885,2025-03-24 20:24:07,checkout,mobile,US,referral,0
U00885,2025-03-24 21:17:27,purchase,mobile,US,referral,114.14
U00886,2025-06-11 02:00:00,view,desktop,Brazil,cpc,0
U00886,2025-06-11 02:21:53,add_to_cart,desktop,Brazil,cpc,0
U00886,2025-06-11 03:11:01,checkout,desktop,Brazil,cpc,0
U00887,2025-01-22 05:00:00,view,tablet,India,cpc,0
U00887,2025-01-22 05:11:01,add_to_cart,tablet,India,cpc,0
U00887,2025-01-22 05:34:45,checkout,tablet,India,cpc,0
U00887,2025-01-22 05:57:03,purchase,tablet,India,cpc,60.81
U00888,2025-04-27 04:00:00,view,tablet,US,cpc,0
U00888,2025-04-27 04:33:07,add_to_cart,tablet,US,cpc,0
U00889,2025-01-05 08:00:00,view,tablet,Brazil,referral,0
U00889,2025-01-05 08:04:06,add_to_cart,tablet,Brazil,referral,0
U00890,2025-01-21 05:00:00,view,mobile,Canada,cpc,0
U00890,2025-01-21 05:15:42,add_to_cart,mobile,Canada,cpc,0
U00891,2025-01-05 10:00:00,view,desktop,Brazil,cpc,0
U00891,2025-01-05 10:19:03,add_to_cart,desktop,Brazil,cpc,0
U00891,2025-01-05 10:26:40,checkout,desktop,Brazil,cpc,0
U00891,2025-01-05 12:00:25,purchase,desktop,Brazil,cpc,73.53
U00892,2025-04-05 07:00:00,view,desktop,Canada,organic,0
U00892,2025-04-05 07:11:17,add_to_cart,desktop,Canada,organic,0
U00892,2025-04-05 07:35:38,checkout,desktop,Canada,organic,0
U00892,2025-04-05 07:55:45,purchase,desktop,Canada,organic,89.37
U00893,2025-05-20 04:00:00,view,mobile,UK,cpc,0
U00894,2025-04-04 13:00:00,view,tablet,UK,cpc,0
U00895,2025-05-11 11:00:00,view,mobile,UK,organic,0
U00896,2025-04-25 09:00:00,view,desktop,India,none,0
U00897,2025-03-11 14:00:00,view,desktop,India,organic,0
U00897,2025-03-11 14:07:32,add_to_cart,desktop,India,organic,0
U00897,2025-03-11 14:18:55,checkout,desktop,India,organic,0
U00897,2025-03-11 14:52:58,purchase,desktop,India,organic,39.03
U00898,2025-04-23 20:00:00,view,tablet,US,referral,0
U00899,2025-04-24 23:00:00,view,mobile,US,cpc,0
U00900,2025-02-25 11:00:00,view,mobile,US,none,0
U00900,2025-02-25 11:17:06,add_to_cart,mobile,US,none,0
U00900,2025-02-25 11:24:55,checkout,mobile,US,none,0
U00900,2025-02-25 13:07:17,purchase,mobile,US,none,113.77
U00901,2025-03-16 14:00:00,view,mobile,Brazil,none,0
U00901,2025-03-16 14:37:13,add_to_cart,mobile,Brazil,none,0
U00901,2025-03-16 14:46:14,checkout,mobile,Brazil,none,0
U00901,2025-03-16 16:02:09,purchase,mobile,Brazil,none,80.76
U00902,2025-05-01 17:00:00,view,mobile,India,organic,0
U00902,2025-05-01 17:13:47,add_to_cart,mobile,India,organic,0
U00902,2025-05-01 17:23:39,checkout,mobile,India,organic,0
U00902,2025-05-01 18:00:48,purchase,mobile,India,organic,89.87
U00903,2025-05-19 18:00:00,view,desktop,US,organic,0
U00903,2025-05-19 18:41:02,add_to_cart,desktop,US,organic,0
U00904,2025-05-10 19:00:00,view,mobile,India,organic,0
U00905,2025-04-22 20:00:00,view,desktop,India,organic,0
U00905,2025-04-22 20:04:31,add_to_cart,desktop,India,organic,0
U00906,2025-04-14 21:00:00,view,mobile,India,referral,0
U00906,2025-04-14 21:19:59,add_to_cart,mobile,India,referral,0
U00906,2025-04-14 21:41:49,checkout,mobile,India,referral,0
U00906,2025-04-14 22:33:22,purchase,mobile,India,referral,49.41
U00907,2025-02-25 05:00:00,view,mobile,India,organic,0
U00907,2025-02-25 05:08:17,add_to_cart,mobile,India,organic,0
U00907,2025-02-25 05:40:04,checkout,mobile,India,organic,0
U00907,2025-02-25 06:28:29,purchase,mobile,India,organic,64.55
U00908,2025-01-07 02:00:00,view,mobile,UK,cpc,0
U00909,2025-03-13 00:00:00,view,tablet,Brazil,organic,0
U00910,2025-03-07 00:00:00,view,mobile,Canada,referral,0
U00910,2025-03-07 00:20:55,add_to_cart,mobile,Canada,referral,0
U00910,2025-03-07 01:34:55,checkout,mobile,Canada,referral,0
U00911,2025-01-03 08:00:00,view,mobile,UK,none,0
U00911,2025-01-03 08:17:24,add_to_cart,mobile,UK,none,0
U00912,2025-02-16 20:00:00,view,desktop,US,referral,0
U00912,2025-02-16 20:10:31,add_to_cart,desktop,US,referral,0
U00912,2025-02-16 20:28:52,checkout,desktop,US,referral,0
U00912,2025-02-16 20:42:02,purchase,desktop,US,referral,104.42
U00913,2025-02-21 10:00:00,view,desktop,India,organic,0
U00914,2025-03-11 15:00:00,view,mobile,Canada,cpc,0
U00915,2025-06-14 07:00:00,view,desktop,US,referral,0
U00916,2025-05-27 04:00:00,view,mobile,UK,organic,0
U00917,2025-05-09 20:00:00,view,desktop,Canada,cpc,0
U00917,2025-05-09 20:05:46,add_to_cart,desktop,Canada,cpc,0
U00917,2025-05-09 20:25:17,checkout,desktop,Canada,cpc,0
U00917,2025-05-09 20:58:34,purchase,desktop,Canada,cpc,100.98
U00918,2025-02-17 02:00:00,view,desktop,Brazil,referral,0
U00918,2025-02-17 02:25:32,add_to_cart,desktop,Brazil,referral,0
U00918,2025-02-17 02:36:32,checkout,desktop,Brazil,referral,0
U00918,2025-02-17 03:04:56,purchase,desktop,Brazil,referral,96.21
U00919,2025-01-05 16:00:00,view,desktop,Canada,cpc,0
U00919,2025-01-05 16:05:22,add_to_cart,desktop,Canada,cpc,0
U00919,2025-01-05 16:27:49,checkout,desktop,Canada,cpc,0
U00919,2025-01-05 16:58:25,purchase,desktop,Canada,cpc,17.42
U00920,2025-05-31 06:00:00,view,desktop,US,cpc,0
U00920,2025-05-31 06:12:36,add_to_cart,desktop,US,cpc,0
U00920,2025-05-31 06:32:22,checkout,desktop,US,cpc,0
U00920,2025-05-31 06:35:21,purchase,desktop,US,cpc,100.01
U00921,2025-03-16 00:00:00,view,tablet,India,organic,0
U00922,2025-04-24 04:00:00,view,desktop,US,none,0
U00923,2025-02-24 09:00:00,view,desktop,Canada,none,0
U00923,2025-02-24 09:14:34,add_to_cart,desktop,Canada,none,0
U00923,2025-02-24 09:23:45,checkout,desktop,Canada,none,0
U00923,2025-02-24 10:43:54,purchase,desktop,Canada,none,104.66
U00924,2025-04-10 02:00:00,view,desktop,Brazil,none,0
U00925,2025-03-03 18:00:00,view,desktop,UK,cpc,0
U00925,2025-03-03 18:08:10,add_to_cart,desktop,UK,cpc,0
U00925,2025-03-03 18:13:44,checkout,desktop,UK,cpc,0
U00925,2025-03-03 18:33:53,purchase,desktop,UK,cpc,75.29
U00926,2025-04-27 03:00:00,view,tablet,US,cpc,0
U00927,2025-04-15 01:00:00,view,desktop,UK,cpc,0
U00927,2025-04-15 01:45:55,add_to_cart,desktop,UK,cpc,0
U00927,2025-04-15 01:59:25,checkout,desktop,UK,cpc,0
U00927,2025-04-15 02:29:25,purchase,desktop,UK,cpc,88.1
U00928,2025-02-19 00:00:00,view,desktop,US,cpc,0
U00929,2025-04-10 02:00:00,view,tablet,Canada,organic,0
U00930,2025-02-15 00:00:00,view,desktop,Brazil,none,0
U00931,2025-04-03 14:00:00,view,desktop,India,organic,0
U00931,2025-04-03 14:13:56,add_to_cart,desktop,India,organic,0
U00931,2025-04-03 14:37:56,checkout,desktop,India,organic,0
U00931,2025-04-03 16:20:49,purchase,desktop,India,organic,28.4
U00932,2025-03-04 20:00:00,view,mobile,UK,none,0
U00932,2025-03-04 20:24:22,add_to_cart,mobile,UK,none,0
U00932,2025-03-04 20:55:59,checkout,mobile,UK,none,0
U00932,2025-03-04 21:18:12,purchase,mobile,UK,none,44.67
U00933,2025-06-16 22:00:00,view,mobile,US,cpc,0
U00933,2025-06-16 22:56:30,add_to_cart,mobile,US,cpc,0
U00933,2025-06-16 23:13:07,checkout,mobile,US,cpc,0
U00933,2025-06-17 00:39:32,purchase,mobile,US,cpc,40.69
U00934,2025-01-20 19:00:00,view,desktop,Brazil,cpc,0
U00934,2025-01-20 19:09:54,add_to_cart,desktop,Brazil,cpc,0
U00935,2025-05-02 08:00:00,view,desktop,US,organic,0
U00935,2025-05-02 08:19:17,add_to_cart,desktop,US,organic,0
U00935,2025-05-02 08:48:27,checkout,desktop,US,organic,0
U00935,2025-05-02 09:15:24,purchase,desktop,US,organic,120.13
U00936,2025-05-27 00:00:00,view,desktop,Brazil,organic,0
U00936,2025-05-27 00:18:18,add_to_cart,desktop,Brazil,organic,0
U00936,2025-05-27 00:34:30,checkout,desktop,Brazil,organic,0
U00936,2025-05-27 01:05:56,purchase,desktop,Brazil,organic,86.0
U00937,2025-06-23 14:00:00,view,mobile,India,organic,0
U00937,2025-06-23 14:20:39,add_to_cart,mobile,India,organic,0
U00937,2025-06-23 14:46:43,checkout,mobile,India,organic,0
U00937,2025-06-23 15:04:00,purchase,mobile,India,organic,22.63
U00938,2025-02-12 03:00:00,view,desktop,Canada,referral,0
U00938,2025-02-12 03:38:39,add_to_cart,desktop,Canada,referral,0
U00938,2025-02-12 04:22:28,checkout,desktop,Canada,referral,0
U00938,2025-02-12 05:28:01,purchase,desktop,Canada,referral,89.65
U00939,2025-03-09 21:00:00,view,mobile,Canada,organic,0
U00939,2025-03-09 21:17:44,add_to_cart,mobile,Canada,organic,0
U00939,2025-03-09 22:15:01,checkout,mobile,Canada,organic,0
U00939,2025-03-09 22:55:54,purchase,mobile,Canada,organic,93.49
U00940,2025-02-04 21:00:00,view,desktop,UK,referral,0
U00941,2025-02-17 11:00:00,view,tablet,US,none,0
U00941,2025-02-17 11:23:15,add_to_cart,tablet,US,none,0
U00942,2025-06-10 18:00:00,view,mobile,US,cpc,0
U00943,2025-06-07 21:00:00,view,mobile,Canada,referral,0
U00944,2025-02-26 01:00:00,view,desktop,US,cpc,0
U00945,2025-06-04 09:00:00,view,desktop,Brazil,cpc,0
U00945,2025-06-04 09:08:02,add_to_cart,desktop,Brazil,cpc,0
U00946,2025-03-24 19:00:00,view,tablet,US,organic,0
U00946,2025-03-24 19:14:36,add_to_cart,tablet,US,organic,0
U00946,2025-03-24 19:41:25,checkout,tablet,US,organic,0
U00946,2025-03-24 20:13:19,purchase,tablet,US,organic,79.84
U00947,2025-02-12 07:00:00,view,tablet,India,none,0
U00948,2025-02-06 07:00:00,view,desktop,Brazil,organic,0
U00948,2025-02-06 07:05:09,add_to_cart,desktop,Brazil,organic,0
U00949,2025-04-30 21:00:00,view,desktop,Canada,organic,0
U00949,2025-04-30 21:46:26,add_to_cart,desktop,Canada,organic,0
U00949,2025-04-30 21:59:37,checkout,desktop,Canada,organic,0
U00949,2025-04-30 22:10:09,purchase,desktop,Canada,organic,104.31
U00950,2025-05-08 04:00:00,view,desktop,US,referral,0
U00950,2025-05-08 04:22:05,add_to_cart,desktop,US,referral,0
U00950,2025-05-08 04:35:27,checkout,desktop,US,referral,0
U00950,2025-05-08 04:46:04,purchase,desktop,US,referral,115.56
U00951,2025-01-19 11:00:00,view,tablet,UK,cpc,0
U00951,2025-01-19 11:39:40,add_to_cart,tablet,UK,cpc,0
U00951,2025-01-19 11:56:10,checkout,tablet,UK,cpc,0
U00951,2025-01-19 12:34:39,purchase,tablet,UK,cpc,50.9
U00952,2025-02-23 23:00:00,view,desktop,Canada,organic,0
U00953,2025-02-18 10:00:00,view,desktop,UK,cpc,0
U00954,2025-03-05 05:00:00,view,tablet,US,organic,0
U00954,2025-03-05 05:09:53,add_to_cart,tablet,US,organic,0
U00954,2025-03-05 06:14:06,checkout,tablet,US,organic,0
U00954,2025-03-05 06:57:40,purchase,tablet,US,organic,81.73
U00955,2025-06-24 04:00:00,view,mobile,US,cpc,0
U00956,2025-03-24 16:00:00,view,mobile,US,organic,0
U00956,2025-03-24 16:48:58,add_to_cart,mobile,US,organic,0
U00957,2025-03-29 08:00:00,view,mobile,Canada,organic,0
U00957,2025-03-29 08:05:58,add_to_cart,mobile,Canada,organic,0
U00957,2025-03-29 08:46:26,checkout,mobile,Canada,organic,0
U00957,2025-03-29 09:16:09,purchase,mobile,Canada,organic,139.82
U00958,2025-01-26 02:00:00,view,tablet,US,referral,0
U00958,2025-01-26 02:07:46,add_to_cart,tablet,US,referral,0
U00958,2025-01-26 02:29:29,checkout,tablet,US,referral,0
U00958,2025-01-26 02:58:39,purchase,tablet,US,referral,65.18
U00959,2025-03-11 06:00:00,view,desktop,Canada,none,0
U00959,2025-03-11 06:31:42,add_to_cart,desktop,Canada,none,0
U00959,2025-03-11 06:35:59,checkout,desktop,Canada,none,0
U00959,2025-03-11 06:48:41,purchase,desktop,Canada,none,124.5
U00960,2025-06-21 22:00:00,view,mobile,UK,organic,0
U00960,2025-06-21 22:15:18,add_to_cart,mobile,UK,organic,0
U00960,2025-06-21 23:52:07,checkout,mobile,UK,organic,0
U00960,2025-06-22 01:03:08,purchase,mobile,UK,organic,87.11
U00961,2025-05-06 22:00:00,view,mobile,India,none,0
U00961,2025-05-06 22:19:14,add_to_cart,mobile,India,none,0
U00962,2025-04-13 00:00:00,view,mobile,Canada,cpc,0
U00963,2025-03-06 17:00:00,view,desktop,US,referral,0
U00963,2025-03-06 17:02:43,add_to_cart,desktop,US,referral,0
U00963,2025-03-06 17:24:53,checkout,desktop,US,referral,0
U00963,2025-03-06 18:26:14,purchase,desktop,US,referral,130.63
U00964,2025-01-13 19:00:00,view,mobile,UK,organic,0
U00964,2025-01-13 19:22:58,add_to_cart,mobile,UK,organic,0
U00964,2025-01-13 19:48:48,checkout,mobile,UK,organic,0
U00964,2025-01-13 21:17:44,purchase,mobile,UK,organic,117.42
U00965,2025-03-10 17:00:00,view,desktop,UK,referral,0
U00965,2025-03-10 17:21:53,add_to_cart,desktop,UK,referral,0
U00965,2025-03-10 17:45:53,checkout,desktop,UK,referral,0
U00965,2025-03-10 18:11:34,purchase,desktop,UK,referral,110.28
U00966,2025-03-29 18:00:00,view,desktop,Canada,none,0
U00967,2025-04-19 14:00:00,view,desktop,US,referral,0
U00967,2025-04-19 14:05:59,add_to_cart,desktop,US,referral,0
U00968,2025-03-25 11:00:00,view,mobile,US,organic,0
U00969,2025-04-08 19:00:00,view,desktop,India,organic,0
U00969,2025-04-08 19:27:53,add_to_cart,desktop,India,organic,0
U00969,2025-04-08 20:01:13,checkout,desktop,India,organic,0
U00969,2025-04-08 20:07:29,purchase,desktop,India,organic,72.36
U00970,2025-01-05 11:00:00,view,tablet,Canada,cpc,0
U00971,2025-03-18 19:00:00,view,mobile,India,referral,0
U00972,2025-04-13 04:00:00,view,mobile,US,cpc,0
U00972,2025-04-13 04:18:31,add_to_cart,mobile,US,cpc,0
U00973,2025-02-15 06:00:00,view,tablet,UK,referral,0
U00973,2025-02-15 06:32:30,add_to_cart,tablet,UK,referral,0
U00974,2025-02-17 14:00:00,view,desktop,UK,referral,0
U00974,2025-02-17 14:14:29,add_to_cart,desktop,UK,referral,0
U00974,2025-02-17 15:23:09,checkout,desktop,UK,referral,0
U00974,2025-02-17 16:28:13,purchase,desktop,UK,referral,96.15
U00975,2025-06-19 01:00:00,view,mobile,Brazil,none,0
U00975,2025-06-19 01:36:10,add_to_cart,mobile,Brazil,none,0
U00975,2025-06-19 02:04:03,checkout,mobile,Brazil,none,0
U00975,2025-06-19 03:00:55,purchase,mobile,Brazil,none,42.64
U00976,2025-06-22 13:00:00,view,desktop,US,organic,0
U00976,2025-06-22 13:02:36,add_to_cart,desktop,US,organic,0
U00976,2025-06-22 13:16:15,checkout,desktop,US,organic,0
U00976,2025-06-22 13:45:01,purchase,desktop,US,organic,111.68
U00977,2025-02-18 01:00:00,view,desktop,India,organic,0
U00977,2025-02-18 01:13:49,add_to_cart,desktop,India,organic,0
U00977,2025-02-18 01:44:53,checkout,desktop,India,organic,0
U00977,2025-02-18 02:09:09,purchase,desktop,India,organic,58.85
U00978,2025-02-27 22:00:00,view,desktop,US,organic,0
U00978,2025-02-27 22:20:55,add_to_cart,desktop,US,organic,0
U00978,2025-02-27 22:35:20,checkout,desktop,US,organic,0
U00978,2025-02-27 23:02:27,purchase,desktop,US,organic,135.35
U00979,2025-04-25 18:00:00,view,desktop,Brazil,cpc,0
U00979,2025-04-25 18:10:58,add_to_cart,desktop,Brazil,cpc,0
U00980,2025-03-03 03:00:00,view,desktop,Canada,organic,0
U00980,2025-03-03 03:30:50,add_to_cart,desktop,Canada,organic,0
U00981,2025-03-17 11:00:00,view,desktop,Canada,organic,0
U00982,2025-05-24 13:00:00,view,tablet,US,organic,0
U00982,2025-05-24 13:30:11,add_to_cart,tablet,US,organic,0
U00982,2025-05-24 14:13:22,checkout,tablet,US,organic,0
U00982,2025-05-24 14:53:53,purchase,tablet,US,organic,129.38
U00983,2025-02-24 19:00:00,view,mobile,US,organic,0
U00983,2025-02-24 19:30:33,add_to_cart,mobile,US,organic,0
U00984,2025-05-11 12:00:00,view,desktop,US,organic,0
U00985,2025-03-17 04:00:00,view,mobile,India,cpc,0
U00985,2025-03-17 04:26:11,add_to_cart,mobile,India,cpc,0
U00986,2025-02-05 02:00:00,view,mobile,India,referral,0
U00986,2025-02-05 02:07:14,add_to_cart,mobile,India,referral,0
U00986,2025-02-05 02:21:54,checkout,mobile,India,referral,0
U00986,2025-02-05 03:31:40,purchase,mobile,India,referral,134.33
U00987,2025-02-11 18:00:00,view,mobile,UK,referral,0
U00987,2025-02-11 18:11:46,add_to_cart,mobile,UK,referral,0
U00988,2025-04-28 06:00:00,view,mobile,US,cpc,0
U00989,2025-03-03 13:00:00,view,tablet,US,cpc,0
U00989,2025-03-03 13:26:52,add_to_cart,tablet,US,cpc,0
U00989,2025-03-03 13:50:57,checkout,tablet,US,cpc,0
U00989,2025-03-03 14:10:45,purchase,tablet,US,cpc,74.35
U00990,2025-01-17 21:00:00,view,mobile,US,none,0
U00990,2025-01-17 21:24:09,add_to_cart,mobile,US,none,0
U00990,2025-01-17 21:46:10,checkout,mobile,US,none,0
U00990,2025-01-17 22:26:06,purchase,mobile,US,none,77.06
U00991,2025-01-25 10:00:00,view,desktop,US,referral,0
U00991,2025-01-25 10:03:05,add_to_cart,desktop,US,referral,0
U00991,2025-01-25 10:53:33,checkout,desktop,US,referral,0
U00991,2025-01-25 12:03:48,purchase,desktop,US,referral,149.66
U00992,2025-01-15 19:00:00,view,desktop,US,organic,0
U00992,2025-01-15 19:14:20,add_to_cart,desktop,US,organic,0
U00992,2025-01-15 19:27:02,checkout,desktop,US,organic,0
U00992,2025-01-15 19:39:58,purchase,desktop,US,organic,65.66
U00993,2025-03-24 02:00:00,view,desktop,India,none,0
U00993,2025-03-24 02:02:00,add_to_cart,desktop,India,none,0
U00993,2025-03-24 02:12:23,checkout,desktop,India,none,0
U00994,2025-04-22 02:00:00,view,desktop,US,referral,0
U00994,2025-04-22 02:04:53,add_to_cart,desktop,US,referral,0
U00994,2025-04-22 02:31:21,checkout,desktop,US,referral,0
U00994,2025-04-22 02:41:49,purchase,desktop,US,referral,139.75
U00995,2025-03-15 15:00:00,view,tablet,US,referral,0
U00995,2025-03-15 15:14:42,add_to_cart,tablet,US,referral,0
U00995,2025-03-15 15:25:24,checkout,tablet,US,referral,0
U00996,2025-05-05 05:00:00,view,desktop,India,cpc,0
U00997,2025-04-09 16:00:00,view,tablet,Canada,referral,0
U00998,2025-04-20 01:00:00,view,tablet,US,organic,0
U00998,2025-04-20 01:06:01,add_to_cart,tablet,US,organic,0
U00998,2025-04-20 01:52:06,checkout,tablet,US,organic,0
U00998,2025-04-20 03:05:37,purchase,tablet,US,organic,87.62
U00999,2025-01-16 07:00:00,view,desktop,US,referral,0
U00999,2025-01-16 07:09:19,add_to_cart,desktop,US,referral,0
U00999,2025-01-16 07:57:27,checkout,desktop,US,referral,0
U00999,2025-01-16 08:55:12,purchase,desktop,US,referral,148.44
U01000,2025-05-28 07:00:00,view,desktop,Canada,referral,0
U01001,2025-02-27 22:00:00,view,tablet,Canada,referral,0
U01001,2025-02-27 22:36:24,add_to_cart,tablet,Canada,referral,0
U01002,2025-04-06 11:00:00,view,mobile,UK,cpc,0
U01003,2025-03-30 02:00:00,view,desktop,UK,cpc,0
U01003,2025-03-30 02:12:53,add_to_cart,desktop,UK,cpc,0
U01003,2025-03-30 02:28:05,checkout,desktop,UK,cpc,0
U01004,2025-06-25 09:00:00,view,mobile,India,cpc,0
U01005,2025-02-10 08:00:00,view,mobile,India,cpc,0
U01005,2025-02-10 08:20:32,add_to_cart,mobile,India,cpc,0
U01005,2025-02-10 09:15:26,checkout,mobile,India,cpc,0
U01006,2025-06-13 17:00:00,view,tablet,India,organic,0
U01007,2025-06-19 01:00:00,view,mobile,US,organic,0
U01008,2025-05-31 16:00:00,view,mobile,Brazil,cpc,0
U01008,2025-05-31 16:58:26,add_to_cart,mobile,Brazil,cpc,0
U01008,2025-05-31 17:05:15,checkout,mobile,Brazil,cpc,0
U01008,2025-05-31 17:26:53,purchase,mobile,Brazil,cpc,56.73
U01009,2025-02-28 01:00:00,view,desktop,US,organic,0
U01009,2025-02-28 01:13:24,add_to_cart,desktop,US,organic,0
U01009,2025-02-28 02:02:07,checkout,desktop,US,organic,0
U01009,2025-02-28 02:46:52,purchase,desktop,US,organic,93.52
U01010,2025-02-06 08:00:00,view,mobile,Brazil,cpc,0
U01011,2025-01-05 10:00:00,view,desktop,US,organic,0
U01011,2025-01-05 10:18:03,add_to_cart,desktop,US,organic,0
U01011,2025-01-05 10:47:52,checkout,desktop,US,organic,0
U01011,2025-01-05 11:48:18,purchase,desktop,US,organic,131.23
U01012,2025-04-25 23:00:00,view,tablet,US,organic,0
U01012,2025-04-25 23:18:50,add_to_cart,tablet,US,organic,0
U01012,2025-04-25 23:56:22,checkout,tablet,US,organic,0
U01012,2025-04-26 00:42:54,purchase,tablet,US,organic,92.17
U01013,2025-05-09 12:00:00,view,desktop,US,referral,0
U01013,2025-05-09 12:35:47,add_to_cart,desktop,US,referral,0
U01013,2025-05-09 12:59:08,checkout,desktop,US,referral,0
U01013,2025-05-09 13:07:10,purchase,desktop,US,referral,107.01
U01014,2025-01-31 02:00:00,view,mobile,US,organic,0
U01014,2025-01-31 02:03:28,add_to_cart,mobile,US,organic,0
U01014,2025-01-31 02:43:58,checkout,mobile,US,organic,0
U01014,2025-01-31 03:54:04,purchase,mobile,US,organic,112.83
U01015,2025-05-05 13:00:00,view,desktop,US,organic,0
U01015,2025-05-05 13:13:38,add_to_cart,desktop,US,organic,0
U01015,2025-05-05 13:31:47,checkout,desktop,US,organic,0
U01015,2025-05-05 13:56:22,purchase,desktop,US,organic,76.6
U01016,2025-04-21 22:00:00,view,desktop,US,organic,0
U01017,2025-04-09 10:00:00,view,mobile,US,organic,0
U01018,2025-04-30 22:00:00,view,tablet,Canada,organic,0
U01019,2025-01-31 14:00:00,view,desktop,US,organic,0
U01019,2025-01-31 14:04:49,add_to_cart,desktop,US,organic,0
U01019,2025-01-31 14:28:00,checkout,desktop,US,organic,0
U01019,2025-01-31 15:04:31,purchase,desktop,US,organic,106.24
U01020,2025-01-21 09:00:00,view,desktop,UK,organic,0
U01020,2025-01-21 09:07:11,add_to_cart,desktop,UK,organic,0
U01020,2025-01-21 09:44:21,checkout,desktop,UK,organic,0
U01020,2025-01-21 10:18:54,purchase,desktop,UK,organic,126.12
U01021,2025-04-01 18:00:00,view,mobile,Canada,referral,0
U01022,2025-05-13 00:00:00,view,mobile,UK,organic,0
U01022,2025-05-13 00:07:40,add_to_cart,mobile,UK,organic,0
U01022,2025-05-13 00:15:47,checkout,mobile,UK,organic,0
U01022,2025-05-13 01:10:24,purchase,mobile,UK,organic,160.51
U01023,2025-02-13 23:00:00,view,desktop,US,organic,0
U01023,2025-02-13 23:06:34,add_to_cart,desktop,US,organic,0
U01024,2025-03-23 17:00:00,view,desktop,Canada,none,0
U01024,2025-03-23 17:42:34,add_to_cart,desktop,Canada,none,0
U01024,2025-03-23 17:52:27,checkout,desktop,Canada,none,0
U01024,2025-03-23 18:00:27,purchase,desktop,Canada,none,82.92
U01025,2025-02-14 09:00:00,view,tablet,India,cpc,0
U01025,2025-02-14 09:13:18,add_to_cart,tablet,India,cpc,0
U01025,2025-02-14 09:21:17,checkout,tablet,India,cpc,0
U01026,2025-04-10 17:00:00,view,mobile,UK,organic,0
U01027,2025-05-17 11:00:00,view,mobile,UK,referral,0
U01027,2025-05-17 11:34:46,add_to_cart,mobile,UK,referral,0
U01027,2025-05-17 12:10:48,checkout,mobile,UK,referral,0
U01027,2025-05-17 13:38:36,purchase,mobile,UK,referral,66.14
U01028,2025-01-14 20:00:00,view,mobile,UK,none,0
U01028,2025-01-14 20:15:16,add_to_cart,mobile,UK,none,0
U01029,2025-05-06 01:00:00,view,desktop,Canada,cpc,0
U01029,2025-05-06 01:14:44,add_to_cart,desktop,Canada,cpc,0
U01030,2025-02-11 09:00:00,view,mobile,Canada,organic,0
U01030,2025-02-11 09:28:21,add_to_cart,mobile,Canada,organic,0
U01030,2025-02-11 10:38:33,checkout,mobile,Canada,organic,0
U01031,2025-01-18 07:00:00,view,desktop,US,referral,0
U01031,2025-01-18 07:29:21,add_to_cart,desktop,US,referral,0
U01031,2025-01-18 07:41:39,checkout,desktop,US,referral,0
U01031,2025-01-18 09:10:07,purchase,desktop,US,referral,162.83
U01032,2025-03-06 07:00:00,view,mobile,US,cpc,0
U01033,2025-05-17 07:00:00,view,desktop,UK,organic,0
U01034,2025-03-06 02:00:00,view,mobile,Canada,referral,0
U01035,2025-06-01 21:00:00,view,desktop,US,organic,0
U01035,2025-06-01 21:04:04,add_to_cart,desktop,US,organic,0
U01035,2025-06-01 21:11:37,checkout,desktop,US,organic,0
U01035,2025-06-01 21:34:00,purchase,desktop,US,organic,120.79
U01036,2025-05-19 05:00:00,view,mobile,Brazil,cpc,0
U01037,2025-06-09 00:00:00,view,desktop,India,organic,0
U01037,2025-06-09 00:28:25,add_to_cart,desktop,India,organic,0
U01037,2025-06-09 00:33:50,checkout,desktop,India,organic,0
U01037,2025-06-09 01:24:07,purchase,desktop,India,organic,63.95
U01038,2025-04-29 21:00:00,view,tablet,India,none,0
U01038,2025-04-29 21:08:23,add_to_cart,tablet,India,none,0
U01039,2025-05-17 07:00:00,view,mobile,Canada,none,0
U01040,2025-04-26 23:00:00,view,desktop,India,referral,0
U01040,2025-04-26 23:20:44,add_to_cart,desktop,India,referral,0
U01041,2025-01-25 11:00:00,view,mobile,US,none,0
U01041,2025-01-25 11:08:46,add_to_cart,mobile,US,none,0
U01041,2025-01-25 11:37:48,checkout,mobile,US,none,0
U01041,2025-01-25 12:17:09,purchase,mobile,US,none,86.2
U01042,2025-01-17 01:00:00,view,mobile,Canada,referral,0
U01042,2025-01-17 01:02:00,add_to_cart,mobile,Canada,referral,0
U01042,2025-01-17 01:19:52,checkout,mobile,Canada,referral,0
U01042,2025-01-17 01:42:01,purchase,mobile,Canada,referral,134.88
U01043,2025-05-05 04:00:00,view,mobile,Canada,none,0
U01044,2025-01-07 12:00:00,view,mobile,US,none,0
U01044,2025-01-07 12:11:57,add_to_cart,mobile,US,none,0
U01045,2025-06-06 22:00:00,view,mobile,US,none,0
U01045,2025-06-06 22:13:10,add_to_cart,mobile,US,none,0
U01045,2025-06-06 22:45:37,checkout,mobile,US,none,0
U01045,2025-06-06 23:21:49,purchase,mobile,US,none,120.23
U01046,2025-06-26 06:00:00,view,desktop,India,none,0
U01046,2025-06-26 06:15:38,add_to_cart,desktop,India,none,0
U01046,2025-06-26 06:40:18,checkout,desktop,India,none,0
U01046,2025-06-26 07:20:01,purchase,desktop,India,none,47.38
U01047,2025-03-09 22:00:00,view,desktop,UK,organic,0
U01047,2025-03-09 22:10:05,add_to_cart,desktop,UK,organic,0
U01047,2025-03-09 22:38:37,checkout,desktop,UK,organic,0
U01047,2025-03-09 23:26:39,purchase,desktop,UK,organic,39.21
U01048,2025-06-05 13:00:00,view,desktop,Canada,organic,0
U01048,2025-06-05 13:21:00,add_to_cart,desktop,Canada,organic,0
U01049,2025-02-20 22:00:00,view,desktop,Canada,cpc,0
U01049,2025-02-20 22:18:21,add_to_cart,desktop,Canada,cpc,0
U01050,2025-03-01 22:00:00,view,mobile,US,organic,0
U01050,2025-03-01 22:10:40,add_to_cart,mobile,US,organic,0
U01050,2025-03-01 22:47:49,checkout,mobile,US,organic,0
U01050,2025-03-01 23:31:25,purchase,mobile,US,organic,78.52
U01051,2025-05-05 11:00:00,view,mobile,US,organic,0
U01051,2025-05-05 11:04:44,add_to_cart,mobile,US,organic,0
U01051,2025-05-05 11:58:52,checkout,mobile,US,organic,0
U01051,2025-05-05 12:39:51,purchase,mobile,US,organic,53.51
U01052,2025-05-07 10:00:00,view,mobile,US,organic,0
U01053,2025-03-22 04:00:00,view,tablet,Canada,organic,0
U01053,2025-03-22 04:23:57,add_to_cart,tablet,Canada,organic,0
U01053,2025-03-22 04:32:15,checkout,tablet,Canada,organic,0
U01054,2025-04-20 10:00:00,view,mobile,US,none,0
U01055,2025-01-24 11:00:00,view,desktop,Brazil,referral,0
U01055,2025-01-24 11:14:11,add_to_cart,desktop,Brazil,referral,0
U01055,2025-01-24 12:18:58,checkout,desktop,Brazil,referral,0
U01055,2025-01-24 12:45:12,purchase,desktop,Brazil,referral,147.25
U01056,2025-06-11 01:00:00,view,tablet,India,referral,0
U01057,2025-04-12 16:00:00,view,mobile,India,organic,0
U01057,2025-04-12 16:53:26,add_to_cart,mobile,India,organic,0
U01057,2025-04-12 17:50:08,checkout,mobile,India,organic,0
U01057,2025-04-12 18:12:43,purchase,mobile,India,organic,61.81
U01058,2025-03-25 19:00:00,view,mobile,US,referral,0
U01059,2025-02-14 12:00:00,view,tablet,India,cpc,0
U01059,2025-02-14 12:12:37,add_to_cart,tablet,India,cpc,0
U01060,2025-01-30 19:00:00,view,mobile,US,none,0
U01061,2025-02-15 02:00:00,view,mobile,Canada,organic,0
U01061,2025-02-15 03:21:19,add_to_cart,mobile,Canada,organic,0
U01061,2025-02-15 03:32:07,checkout,mobile,Canada,organic,0
U01061,2025-02-15 05:37:46,purchase,mobile,Canada,organic,60.85
U01062,2025-04-16 10:00:00,view,mobile,Canada,organic,0
U01062,2025-04-16 10:24:19,add_to_cart,mobile,Canada,organic,0
U01063,2025-02-02 23:00:00,view,tablet,India,none,0
U01064,2025-06-08 05:00:00,view,desktop,US,none,0
U01065,2025-06-27 14:00:00,view,mobile,US,cpc,0
U01065,2025-06-27 14:47:35,add_to_cart,mobile,US,cpc,0
U01066,2025-04-07 18:00:00,view,mobile,Canada,organic,0
U01067,2025-06-18 09:00:00,view,tablet,US,referral,0
U01067,2025-06-18 09:30:28,add_to_cart,tablet,US,referral,0
U01068,2025-06-11 18:00:00,view,desktop,US,organic,0
U01068,2025-06-11 18:17:41,add_to_cart,desktop,US,organic,0
U01068,2025-06-11 18:42:52,checkout,desktop,US,organic,0
U01068,2025-06-11 19:34:53,purchase,desktop,US,organic,122.26
U01069,2025-01-19 23:00:00,view,desktop,US,organic,0
U01070,2025-04-03 03:00:00,view,desktop,US,none,0
U01071,2025-05-11 09:00:00,view,desktop,US,organic,0
U01072,2025-02-07 10:00:00,view,desktop,US,organic,0
U01072,2025-02-07 10:02:00,add_to_cart,desktop,US,organic,0
U01072,2025-02-07 10:58:49,checkout,desktop,US,organic,0
U01072,2025-02-07 11:20:04,purchase,desktop,US,organic,109.53
U01073,2025-01-28 17:00:00,view,mobile,India,cpc,0
U01074,2025-04-24 16:00:00,view,desktop,US,organic,0
U01074,2025-04-24 16:09:05,add_to_cart,desktop,US,organic,0
U01075,2025-05-13 19:00:00,view,desktop,India,organic,0
U01076,2025-03-29 15:00:00,view,desktop,US,cpc,0
U01076,2025-03-29 15:17:56,add_to_cart,desktop,US,cpc,0
U01076,2025-03-29 15:32:51,checkout,desktop,US,cpc,0
U01077,2025-01-31 17:00:00,view,mobile,India,none,0
U01077,2025-01-31 17:09:01,add_to_cart,mobile,India,none,0
U01077,2025-01-31 17:34:24,checkout,mobile,India,none,0
U01078,2025-03-03 16:00:00,view,mobile,US,cpc,0
U01078,2025-03-03 16:51:51,add_to_cart,mobile,US,cpc,0
U01078,2025-03-03 17:10:40,checkout,mobile,US,cpc,0
U01079,2025-04-05 00:00:00,view,tablet,India,organic,0
U01079,2025-04-05 00:29:39,add_to_cart,tablet,India,organic,0
U01079,2025-04-05 01:23:46,checkout,tablet,India,organic,0
U01079,2025-04-05 01:55:48,purchase,tablet,India,organic,66.19
U01080,2025-03-29 02:00:00,view,desktop,US,cpc,0
U01080,2025-03-29 02:21:28,add_to_cart,desktop,US,cpc,0
U01080,2025-03-29 02:29:05,checkout,desktop,US,cpc,0
U01081,2025-04-28 02:00:00,view,mobile,UK,cpc,0
U01081,2025-04-28 02:08:45,add_to_cart,mobile,UK,cpc,0
U01081,2025-04-28 02:25:26,checkout,mobile,UK,cpc,0
U01082,2025-06-14 18:00:00,view,mobile,India,referral,0
U01082,2025-06-14 18:29:11,add_to_cart,mobile,India,referral,0
U01083,2025-02-03 04:00:00,view,tablet,US,cpc,0
U01083,2025-02-03 04:21:25,add_to_cart,tablet,US,cpc,0
U01083,2025-02-03 05:34:18,checkout,tablet,US,cpc,0
U01084,2025-06-16 11:00:00,view,desktop,US,referral,0
U01084,2025-06-16 11:17:34,add_to_cart,desktop,US,referral,0
U01084,2025-06-16 11:46:27,checkout,desktop,US,referral,0
U01084,2025-06-16 12:08:39,purchase,desktop,US,referral,131.84
U01085,2025-04-05 15:00:00,view,desktop,Canada,organic,0
U01085,2025-04-05 15:11:20,add_to_cart,desktop,Canada,organic,0
U01085,2025-04-05 15:55:13,checkout,desktop,Canada,organic,0
U01085,2025-04-05 16:20:10,purchase,desktop,Canada,organic,104.32
U01086,2025-06-02 00:00:00,view,mobile,US,cpc,0
U01087,2025-04-10 21:00:00,view,tablet,UK,referral,0
U01088,2025-03-26 15:00:00,view,desktop,India,referral,0
U01088,2025-03-26 15:10:07,add_to_cart,desktop,India,referral,0
U01088,2025-03-26 15:23:49,checkout,desktop,India,referral,0
U01088,2025-03-26 15:52:43,purchase,desktop,India,referral,93.59
U01089,2025-06-23 02:00:00,view,desktop,Canada,organic,0
U01089,2025-06-23 02:15:57,add_to_cart,desktop,Canada,organic,0
U01089,2025-06-23 02:48:30,checkout,desktop,Canada,organic,0
U01090,2025-02-19 20:00:00,view,desktop,US,cpc,0
U01091,2025-04-10 21:00:00,view,desktop,UK,referral,0
U01091,2025-04-10 21:15:50,add_to_cart,desktop,UK,referral,0
U01091,2025-04-10 21:29:18,checkout,desktop,UK,referral,0
U01091,2025-04-10 22:09:07,purchase,desktop,UK,referral,71.34
U01092,2025-03-30 06:00:00,view,mobile,Canada,organic,0
U01093,2025-03-06 15:00:00,view,mobile,US,organic,0
U01094,2025-03-03 10:00:00,view,mobile,India,organic,0
U01094,2025-03-03 10:13:42,add_to_cart,mobile,India,organic,0
U01095,2025-02-15 10:00:00,view,desktop,US,cpc,0
U01095,2025-02-15 10:06:38,add_to_cart,desktop,US,cpc,0
U01095,2025-02-15 10:31:34,checkout,desktop,US,cpc,0
U01095,2025-02-15 10:50:06,purchase,desktop,US,cpc,49.32
U01096,2025-01-24 15:00:00,view,mobile,US,referral,0
U01096,2025-01-24 15:09:58,add_to_cart,mobile,US,referral,0
U01096,2025-01-24 16:23:32,checkout,mobile,US,referral,0
U01096,2025-01-24 17:08:28,purchase,mobile,US,referral,58.07
U01097,2025-03-23 05:00:00,view,mobile,US,none,0
U01098,2025-01-19 18:00:00,view,mobile,India,organic,0
U01098,2025-01-19 18:08:29,add_to_cart,mobile,India,organic,0
U01098,2025-01-19 18:16:38,checkout,mobile,India,organic,0
U01098,2025-01-19 18:46:01,purchase,mobile,India,organic,86.32
U01099,2025-06-20 00:00:00,view,mobile,US,none,0
U01099,2025-06-20 00:15:43,add_to_cart,mobile,US,none,0
U01099,2025-06-20 00:23:20,checkout,mobile,US,none,0
U01099,2025-06-20 01:29:24,purchase,mobile,US,none,118.48
U01100,2025-02-08 15:00:00,view,desktop,US,organic,0
U01101,2025-01-10 21:00:00,view,desktop,UK,organic,0
U01101,2025-01-10 21:16:12,add_to_cart,desktop,UK,organic,0
U01101,2025-01-10 21:28:25,checkout,desktop,UK,organic,0
U01101,2025-01-10 21:48:30,purchase,desktop,UK,organic,111.23
U01102,2025-03-09 00:00:00,view,mobile,US,organic,0
U01102,2025-03-09 00:17:03,add_to_cart,mobile,US,organic,0
U01102,2025-03-09 00:35:35,checkout,mobile,US,organic,0
U01102,2025-03-09 00:57:37,purchase,mobile,US,organic,118.62
U01103,2025-06-12 06:00:00,view,mobile,US,organic,0
U01104,2025-02-06 17:00:00,view,desktop,Canada,organic,0
U01104,2025-02-06 17:24:37,add_to_cart,desktop,Canada,organic,0
U01105,2025-01-04 18:00:00,view,mobile,US,organic,0
U01105,2025-01-04 18:22:10,add_to_cart,mobile,US,organic,0
U01105,2025-01-04 18:59:12,checkout,mobile,US,organic,0
U01106,2025-04-12 11:00:00,view,mobile,US,organic,0
U01106,2025-04-12 11:23:18,add_to_cart,mobile,US,organic,0
U01106,2025-04-12 11:42:09,checkout,mobile,US,organic,0
U01106,2025-04-12 12:24:07,purchase,mobile,US,organic,125.65
U01107,2025-02-15 12:00:00,view,mobile,Brazil,organic,0
U01108,2025-01-13 13:00:00,view,tablet,US,cpc,0
U01109,2025-02-07 06:00:00,view,desktop,US,cpc,0
U01109,2025-02-07 06:42:00,add_to_cart,desktop,US,cpc,0
U01110,2025-01-09 17:00:00,view,mobile,US,none,0
U01110,2025-01-09 17:20:52,add_to_cart,mobile,US,none,0
U01110,2025-01-09 18:13:45,checkout,mobile,US,none,0
U01111,2025-03-01 12:00:00,view,desktop,UK,cpc,0
U01111,2025-03-01 12:03:28,add_to_cart,desktop,UK,cpc,0
U01112,2025-04-01 10:00:00,view,mobile,Brazil,none,0
U01112,2025-04-01 10:30:41,add_to_cart,mobile,Brazil,none,0
U01113,2025-01-04 07:00:00,view,desktop,India,referral,0
U01113,2025-01-04 07:43:08,add_to_cart,desktop,India,referral,0
U01113,2025-01-04 08:18:34,checkout,desktop,India,referral,0
U01113,2025-01-04 09:05:16,purchase,desktop,India,referral,120.85
U01114,2025-02-02 18:00:00,view,mobile,UK,organic,0
U01114,2025-02-02 18:25:34,add_to_cart,mobile,UK,organic,0
U01114,2025-02-02 18:43:39,checkout,mobile,UK,organic,0
U01114,2025-02-02 19:35:22,purchase,mobile,UK,organic,81.86
U01115,2025-02-24 14:00:00,view,desktop,US,organic,0
U01115,2025-02-24 14:02:00,add_to_cart,desktop,US,organic,0
U01115,2025-02-24 14:07:51,checkout,desktop,US,organic,0
U01115,2025-02-24 14:45:39,purchase,desktop,US,organic,64.74
U01116,2025-03-23 03:00:00,view,desktop,India,referral,0
U01116,2025-03-23 03:07:00,add_to_cart,desktop,India,referral,0
U01116,2025-03-23 03:29:15,checkout,desktop,India,referral,0
U01116,2025-03-23 04:26:08,purchase,desktop,India,referral,81.41
U01117,2025-02-18 14:00:00,view,mobile,Canada,cpc,0
U01117,2025-02-18 14:05:05,add_to_cart,mobile,Canada,cpc,0
U01117,2025-02-18 14:34:58,checkout,mobile,Canada,cpc,0
U01118,2025-01-18 11:00:00,view,mobile,India,none,0
U01119,2025-05-12 14:00:00,view,desktop,Canada,referral,0
U01119,2025-05-12 14:12:03,add_to_cart,desktop,Canada,referral,0
U01119,2025-05-12 14:18:40,checkout,desktop,Canada,referral,0
U01119,2025-05-12 15:12:10,purchase,desktop,Canada,referral,122.83
U01120,2025-04-17 21:00:00,view,mobile,Canada,referral,0
U01120,2025-04-17 21:54:50,add_to_cart,mobile,Canada,referral,0
U01120,2025-04-17 23:12:02,checkout,mobile,Canada,referral,0
U01120,2025-04-18 02:29:01,purchase,mobile,Canada,referral,117.45
U01121,2025-02-15 12:00:00,view,tablet,US,organic,0
U01121,2025-02-15 12:12:41,add_to_cart,tablet,US,organic,0
U01121,2025-02-15 12:31:16,checkout,tablet,US,organic,0
U01122,2025-02-07 08:00:00,view,mobile,UK,referral,0
U01122,2025-02-07 08:38:07,add_to_cart,mobile,UK,referral,0
U01122,2025-02-07 09:14:15,checkout,mobile,UK,referral,0
U01122,2025-02-07 09:56:06,purchase,mobile,UK,referral,85.24
U01123,2025-02-28 00:00:00,view,desktop,UK,cpc,0
U01123,2025-02-28 00:13:53,add_to_cart,desktop,UK,cpc,0
U01123,2025-02-28 00:26:54,checkout,desktop,UK,cpc,0
U01123,2025-02-28 01:17:10,purchase,desktop,UK,cpc,94.26
U01124,2025-05-16 04:00:00,view,mobile,Brazil,none,0
U01125,2025-01-06 06:00:00,view,desktop,US,cpc,0
U01125,2025-01-06 06:11:40,add_to_cart,desktop,US,cpc,0
U01126,2025-06-15 23:00:00,view,mobile,Brazil,organic,0
U01126,2025-06-15 23:48:48,add_to_cart,mobile,Brazil,organic,0
U01127,2025-02-20 17:00:00,view,desktop,US,organic,0
U01127,2025-02-20 17:20:25,add_to_cart,desktop,US,organic,0
U01128,2025-04-26 12:00:00,view,mobile,Brazil,cpc,0
U01128,2025-04-26 12:23:07,add_to_cart,mobile,Brazil,cpc,0
U01128,2025-04-26 12:29:30,checkout,mobile,Brazil,cpc,0
U01128,2025-04-26 13:06:22,purchase,mobile,Brazil,cpc,91.73
U01129,2025-03-26 09:00:00,view,mobile,UK,referral,0
U01129,2025-03-26 09:12:57,add_to_cart,mobile,UK,referral,0
U01129,2025-03-26 10:20:25,checkout,mobile,UK,referral,0
U01129,2025-03-26 11:59:59,purchase,mobile,UK,referral,128.32
U01130,2025-04-15 17:00:00,view,mobile,UK,organic,0
U01131,2025-04-23 23:00:00,view,desktop,US,cpc,0
U01131,2025-04-23 23:11:41,add_to_cart,desktop,US,cpc,0
U01131,2025-04-23 23:32:46,checkout,desktop,US,cpc,0
U01131,2025-04-23 23:52:10,purchase,desktop,US,cpc,70.53
U01132,2025-06-23 11:00:00,view,mobile,UK,none,0
U01132,2025-06-23 11:08:47,add_to_cart,mobile,UK,none,0
U01132,2025-06-23 11:34:57,checkout,mobile,UK,none,0
U01133,2025-04-07 10:00:00,view,mobile,US,organic,0
U01133,2025-04-07 10:11:07,add_to_cart,mobile,US,organic,0
U01134,2025-05-15 05:00:00,view,desktop,US,organic,0
U01134,2025-05-15 05:15:55,add_to_cart,desktop,US,organic,0
U01134,2025-05-15 05:37:27,checkout,desktop,US,organic,0
U01134,2025-05-15 06:11:54,purchase,desktop,US,organic,110.79
U01135,2025-05-29 09:00:00,view,desktop,Canada,cpc,0
U01136,2025-03-22 02:00:00,view,desktop,US,cpc,0
U01136,2025-03-22 02:13:25,add_to_cart,desktop,US,cpc,0
U01136,2025-03-22 03:09:48,checkout,desktop,US,cpc,0
U01137,2025-01-27 17:00:00,view,desktop,US,none,0
U01138,2025-01-26 00:00:00,view,desktop,US,cpc,0
U01139,2025-04-30 12:00:00,view,tablet,US,none,0
U01139,2025-04-30 12:54:39,add_to_cart,tablet,US,none,0
U01140,2025-04-10 18:00:00,view,mobile,India,referral,0
U01140,2025-04-10 18:08:45,add_to_cart,mobile,India,referral,0
U01140,2025-04-10 18:45:20,checkout,mobile,India,referral,0
U01140,2025-04-10 18:54:28,purchase,mobile,India,referral,90.24
U01141,2025-05-09 22:00:00,view,mobile,US,referral,0
U01141,2025-05-09 22:15:53,add_to_cart,mobile,US,referral,0
U01141,2025-05-09 22:34:30,checkout,mobile,US,referral,0
U01141,2025-05-10 00:40:30,purchase,mobile,US,referral,108.0
U01142,2025-06-28 20:00:00,view,desktop,UK,referral,0
U01143,2025-05-14 16:00:00,view,mobile,India,none,0
U01143,2025-05-14 16:31:03,add_to_cart,mobile,India,none,0
U01144,2025-05-23 01:00:00,view,mobile,UK,cpc,0
U01144,2025-05-23 01:21:21,add_to_cart,mobile,UK,cpc,0
U01144,2025-05-23 01:50:55,checkout,mobile,UK,cpc,0
U01144,2025-05-23 02:07:59,purchase,mobile,UK,cpc,65.72
U01145,2025-04-01 11:00:00,view,mobile,UK,organic,0
U01146,2025-01-30 12:00:00,view,mobile,UK,organic,0
U01146,2025-01-30 12:16:40,add_to_cart,mobile,UK,organic,0
U01147,2025-04-13 13:00:00,view,mobile,US,cpc,0
U01147,2025-04-13 13:13:55,add_to_cart,mobile,US,cpc,0
U01147,2025-04-13 13:23:36,checkout,mobile,US,cpc,0
U01147,2025-04-13 13:33:41,purchase,mobile,US,cpc,84.73
U01148,2025-05-24 08:00:00,view,tablet,India,cpc,0
U01148,2025-05-24 08:53:17,add_to_cart,tablet,India,cpc,0
U01149,2025-02-26 07:00:00,view,desktop,India,referral,0
U01149,2025-02-26 07:31:06,add_to_cart,desktop,India,referral,0
U01149,2025-02-26 07:39:35,checkout,desktop,India,referral,0
U01149,2025-02-26 08:57:43,purchase,desktop,India,referral,73.99
U01150,2025-04-20 15:00:00,view,desktop,UK,organic,0
U01150,2025-04-20 15:22:00,add_to_cart,desktop,UK,organic,0
U01150,2025-04-20 15:24:00,checkout,desktop,UK,organic,0
U01150,2025-04-20 16:06:08,purchase,desktop,UK,organic,108.82
U01151,2025-06-04 18:00:00,view,tablet,UK,organic,0
U01151,2025-06-04 18:07:37,add_to_cart,tablet,UK,organic,0
U01151,2025-06-04 18:52:26,checkout,tablet,UK,organic,0
U01151,2025-06-04 20:04:26,purchase,tablet,UK,organic,80.8
U01152,2025-01-12 16:00:00,view,mobile,Canada,organic,0
U01152,2025-01-12 16:16:36,add_to_cart,mobile,Canada,organic,0
U01153,2025-03-02 07:00:00,view,desktop,Canada,organic,0
U01153,2025-03-02 07:10:47,add_to_cart,desktop,Canada,organic,0
U01153,2025-03-02 07:22:15,checkout,desktop,Canada,organic,0
U01153,2025-03-02 08:24:39,purchase,desktop,Canada,organic,85.3
U01154,2025-06-25 10:00:00,view,desktop,India,referral,0
U01155,2025-03-11 03:00:00,view,desktop,US,referral,0
U01156,2025-01-14 12:00:00,view,desktop,UK,none,0
U01156,2025-01-14 12:10:57,add_to_cart,desktop,UK,none,0
U01156,2025-01-14 12:29:48,checkout,desktop,UK,none,0
U01156,2025-01-14 13:23:54,purchase,desktop,UK,none,73.69
U01157,2025-06-23 14:00:00,view,mobile,UK,none,0
U01157,2025-06-23 14:28:26,add_to_cart,mobile,UK,none,0
U01157,2025-06-23 14:56:07,checkout,mobile,UK,none,0
U01158,2025-02-28 04:00:00,view,desktop,Brazil,cpc,0
U01159,2025-02-04 00:00:00,view,desktop,US,referral,0
U01159,2025-02-04 00:08:18,add_to_cart,desktop,US,referral,0
U01159,2025-02-04 00:25:38,checkout,desktop,US,referral,0
U01159,2025-02-04 01:02:49,purchase,desktop,US,referral,90.67
U01160,2025-05-19 00:00:00,view,tablet,India,cpc,0
U01161,2025-01-08 03:00:00,view,mobile,UK,organic,0
U01161,2025-01-08 03:50:54,add_to_cart,mobile,UK,organic,0
U01161,2025-01-08 04:19:02,checkout,mobile,UK,organic,0
U01162,2025-04-19 02:00:00,view,mobile,US,cpc,0
U01163,2025-05-09 15:00:00,view,mobile,US,referral,0
U01163,2025-05-09 15:06:20,add_to_cart,mobile,US,referral,0
U01164,2025-02-28 13:00:00,view,tablet,US,none,0
U01165,2025-05-21 05:00:00,view,desktop,US,organic,0
U01165,2025-05-21 05:06:38,add_to_cart,desktop,US,organic,0
U01165,2025-05-21 05:37:30,checkout,desktop,US,organic,0
U01165,2025-05-21 05:57:02,purchase,desktop,US,organic,113.98
U01166,2025-02-26 09:00:00,view,tablet,UK,none,0
U01166,2025-02-26 09:11:41,add_to_cart,tablet,UK,none,0
U01166,2025-02-26 09:40:38,checkout,tablet,UK,none,0
U01167,2025-05-30 15:00:00,view,mobile,Canada,none,0
U01167,2025-05-30 15:15:57,add_to_cart,mobile,Canada,none,0
U01168,2025-05-15 12:00:00,view,mobile,India,organic,0
U01169,2025-05-01 17:00:00,view,mobile,UK,organic,0
U01169,2025-05-01 17:09:11,add_to_cart,mobile,UK,organic,0
U01169,2025-05-01 17:19:17,checkout,mobile,UK,organic,0
U01169,2025-05-01 19:00:02,purchase,mobile,UK,organic,40.24
U01170,2025-02-18 22:00:00,view,mobile,US,cpc,0
U01170,2025-02-18 22:23:39,add_to_cart,mobile,US,cpc,0
U01170,2025-02-18 22:48:34,checkout,mobile,US,cpc,0
U01170,2025-02-18 23:28:58,purchase,mobile,US,cpc,63.4
U01171,2025-05-15 06:00:00,view,mobile,US,none,0
U01172,2025-04-28 03:00:00,view,desktop,UK,cpc,0
U01172,2025-04-28 03:11:03,add_to_cart,desktop,UK,cpc,0
U01172,2025-04-28 03:49:47,checkout,desktop,UK,cpc,0
U01172,2025-04-28 04:19:26,purchase,desktop,UK,cpc,95.82
U01173,2025-06-22 21:00:00,view,desktop,US,none,0
U01174,2025-02-27 02:00:00,view,mobile,Canada,cpc,0
U01175,2025-02-18 12:00:00,view,desktop,Canada,referral,0
U01175,2025-02-18 12:15:14,add_to_cart,desktop,Canada,referral,0
U01175,2025-02-18 12:23:53,checkout,desktop,Canada,referral,0
U01175,2025-02-18 12:34:35,purchase,desktop,Canada,referral,58.9
U01176,2025-01-19 11:00:00,view,tablet,India,organic,0
U01177,2025-06-06 08:00:00,view,mobile,Brazil,organic,0
U01177,2025-06-06 08:11:01,add_to_cart,mobile,Brazil,organic,0
U01178,2025-02-25 11:00:00,view,desktop,Brazil,organic,0
U01178,2025-02-25 11:36:17,add_to_cart,desktop,Brazil,organic,0
U01178,2025-02-25 11:54:05,checkout,desktop,Brazil,organic,0
U01178,2025-02-25 12:34:56,purchase,desktop,Brazil,organic,80.8
U01179,2025-05-20 07:00:00,view,mobile,US,organic,0
U01180,2025-03-07 11:00:00,view,mobile,US,organic,0
U01180,2025-03-07 11:17:14,add_to_cart,mobile,US,organic,0
U01180,2025-03-07 11:58:56,checkout,mobile,US,organic,0
U01180,2025-03-07 12:42:10,purchase,mobile,US,organic,77.52
U01181,2025-04-04 00:00:00,view,desktop,US,none,0
U01181,2025-04-04 00:34:06,add_to_cart,desktop,US,none,0
U01181,2025-04-04 00:44:23,checkout,desktop,US,none,0
U01181,2025-04-04 00:55:09,purchase,desktop,US,none,40.08
U01182,2025-01-17 09:00:00,view,desktop,UK,cpc,0
U01182,2025-01-17 09:33:06,add_to_cart,desktop,UK,cpc,0
U01182,2025-01-17 09:59:34,checkout,desktop,UK,cpc,0
U01182,2025-01-17 10:13:50,purchase,desktop,UK,cpc,78.47
U01183,2025-03-02 13:00:00,view,desktop,Brazil,referral,0
U01183,2025-03-02 13:07:56,add_to_cart,desktop,Brazil,referral,0
U01183,2025-03-02 13:28:07,checkout,desktop,Brazil,referral,0
U01183,2025-03-02 13:40:02,purchase,desktop,Brazil,referral,86.37
U01184,2025-01-06 16:00:00,view,desktop,US,organic,0
U01184,2025-01-06 16:17:52,add_to_cart,desktop,US,organic,0
U01184,2025-01-06 16:51:56,checkout,desktop,US,organic,0
U01184,2025-01-06 17:12:17,purchase,desktop,US,organic,118.27
U01185,2025-01-16 21:00:00,view,desktop,UK,organic,0
U01185,2025-01-16 21:41:32,add_to_cart,desktop,UK,organic,0
U01185,2025-01-16 21:51:09,checkout,desktop,UK,organic,0
U01185,2025-01-16 22:09:54,purchase,desktop,UK,organic,75.47
U01186,2025-04-10 03:00:00,view,desktop,Brazil,cpc,0
U01187,2025-03-26 18:00:00,view,tablet,US,organic,0
U01188,2025-05-20 12:00:00,view,tablet,UK,organic,0
U01189,2025-03-02 00:00:00,view,desktop,US,organic,0
U01189,2025-03-02 00:03:20,add_to_cart,desktop,US,organic,0
U01189,2025-03-02 00:23:08,checkout,desktop,US,organic,0
U01189,2025-03-02 01:25:36,purchase,desktop,US,organic,133.45
U01190,2025-03-29 19:00:00,view,mobile,India,organic,0
U01190,2025-03-29 19:04:48,add_to_cart,mobile,India,organic,0
U01190,2025-03-29 19:40:45,checkout,mobile,India,organic,0
U01190,2025-03-29 20:19:41,purchase,mobile,India,organic,87.86
U01191,2025-02-13 22:00:00,view,desktop,UK,organic,0
U01191,2025-02-13 22:25:40,add_to_cart,desktop,UK,organic,0
U01191,2025-02-13 22:39:41,checkout,desktop,UK,organic,0
U01191,2025-02-13 23:49:45,purchase,desktop,UK,organic,36.02
U01192,2025-06-08 20:00:00,view,mobile,Brazil,organic,0
U01192,2025-06-08 20:18:35,add_to_cart,mobile,Brazil,organic,0
U01192,2025-06-08 20:37:07,checkout,mobile,Brazil,organic,0
U01192,2025-06-08 21:41:11,purchase,mobile,Brazil,organic,82.52
U01193,2025-04-19 10:00:00,view,mobile,Canada,referral,0
U01193,2025-04-19 10:09:40,add_to_cart,mobile,Canada,referral,0
U01193,2025-04-19 11:17:17,checkout,mobile,Canada,referral,0
U01193,2025-04-19 11:42:18,purchase,mobile,Canada,referral,91.68
U01194,2025-04-13 12:00:00,view,desktop,UK,referral,0
U01194,2025-04-13 12:08:56,add_to_cart,desktop,UK,referral,0
U01194,2025-04-13 12:25:36,checkout,desktop,UK,referral,0
U01194,2025-04-13 12:58:52,purchase,desktop,UK,referral,93.7
U01195,2025-05-21 12:00:00,view,tablet,Canada,cpc,0
U01196,2025-04-23 08:00:00,view,desktop,Canada,organic,0
U01197,2025-05-02 20:00:00,view,tablet,UK,organic,0
U01198,2025-06-15 18:00:00,view,mobile,US,organic,0
U01199,2025-04-07 17:00:00,view,mobile,US,organic,0
U01200,2025-04-09 06:00:00,view,mobile,India,organic,0
U01200,2025-04-09 06:10:06,add_to_cart,mobile,India,organic,0
U01200,2025-04-09 06:34:14,checkout,mobile,India,organic,0
U01200,2025-04-09 07:16:43,purchase,mobile,India,organic,72.19
U01201,2025-03-29 12:00:00,view,mobile,Brazil,cpc,0
U01201,2025-03-29 12:34:16,add_to_cart,mobile,Brazil,cpc,0
U01201,2025-03-29 13:29:05,checkout,mobile,Brazil,cpc,0
U01201,2025-03-29 14:30:08,purchase,mobile,Brazil,cpc,100.57
U01202,2025-02-08 12:00:00,view,tablet,US,cpc,0
U01203,2025-05-03 03:00:00,view,tablet,Canada,cpc,0
U01204,2025-05-30 06:00:00,view,tablet,US,referral,0
U01204,2025-05-30 06:22:18,add_to_cart,tablet,US,referral,0
U01204,2025-05-30 06:33:03,checkout,tablet,US,referral,0
U01204,2025-05-30 07:11:28,purchase,tablet,US,referral,115.73
U01205,2025-05-30 09:00:00,view,tablet,US,referral,0
U01205,2025-05-30 09:06:18,add_to_cart,tablet,US,referral,0
U01205,2025-05-30 09:23:29,checkout,tablet,US,referral,0
U01205,2025-05-30 11:12:13,purchase,tablet,US,referral,101.81
U01206,2025-04-21 12:00:00,view,mobile,India,organic,0
U01206,2025-04-21 12:09:57,add_to_cart,mobile,India,organic,0
U01206,2025-04-21 12:28:51,checkout,mobile,India,organic,0
U01206,2025-04-21 13:06:09,purchase,mobile,India,organic,56.2
U01207,2025-02-18 05:00:00,view,mobile,US,none,0
U01207,2025-02-18 05:05:59,add_to_cart,mobile,US,none,0
U01207,2025-02-18 05:45:33,checkout,mobile,US,none,0
U01207,2025-02-18 06:12:09,purchase,mobile,US,none,84.98
U01208,2025-03-18 03:00:00,view,desktop,India,cpc,0
U01208,2025-03-18 03:02:00,add_to_cart,desktop,India,cpc,0
U01208,2025-03-18 03:19:40,checkout,desktop,India,cpc,0
U01208,2025-03-18 04:03:33,purchase,desktop,India,cpc,56.82
U01209,2025-01-11 17:00:00,view,desktop,Canada,organic,0
U01209,2025-01-11 17:15:21,add_to_cart,desktop,Canada,organic,0
U01209,2025-01-11 17:38:06,checkout,desktop,Canada,organic,0
U01209,2025-01-11 18:00:36,purchase,desktop,Canada,organic,97.46
U01210,2025-03-05 22:00:00,view,desktop,UK,cpc,0
U01210,2025-03-05 22:09:15,add_to_cart,desktop,UK,cpc,0
U01210,2025-03-05 22:34:05,checkout,desktop,UK,cpc,0
U01210,2025-03-05 23:18:09,purchase,desktop,UK,cpc,85.66
U01211,2025-03-02 23:00:00,view,mobile,Canada,none,0
U01211,2025-03-02 23:24:12,add_to_cart,mobile,Canada,none,0
U01212,2025-03-13 06:00:00,view,mobile,UK,none,0
U01213,2025-06-11 20:00:00,view,mobile,UK,referral,0
U01213,2025-06-11 20:16:40,add_to_cart,mobile,UK,referral,0
U01214,2025-06-03 04:00:00,view,mobile,US,organic,0
U01215,2025-03-19 14:00:00,view,mobile,US,organic,0
U01216,2025-02-25 22:00:00,view,tablet,US,cpc,0
U01216,2025-02-25 22:12:22,add_to_cart,tablet,US,cpc,0
U01216,2025-02-25 22:28:13,checkout,tablet,US,cpc,0
U01216,2025-02-25 22:59:24,purchase,tablet,US,cpc,70.01
U01217,2025-06-24 04:00:00,view,mobile,Canada,organic,0
U01217,2025-06-24 04:49:10,add_to_cart,mobile,Canada,organic,0
U01218,2025-06-08 02:00:00,view,mobile,Canada,cpc,0
U01218,2025-06-08 02:16:06,add_to_cart,mobile,Canada,cpc,0
U01218,2025-06-08 03:28:45,checkout,mobile,Canada,cpc,0
U01218,2025-06-08 04:39:44,purchase,mobile,Canada,cpc,93.55
U01219,2025-03-31 18:00:00,view,mobile,Canada,none,0
U01219,2025-03-31 18:07:56,add_to_cart,mobile,Canada,none,0
U01220,2025-04-04 17:00:00,view,mobile,Canada,none,0
U01220,2025-04-04 17:22:55,add_to_cart,mobile,Canada,none,0
U01220,2025-04-04 18:10:09,checkout,mobile,Canada,none,0
U01220,2025-04-04 19:28:38,purchase,mobile,Canada,none,65.87
U01221,2025-03-01 11:00:00,view,desktop,Canada,organic,0
U01221,2025-03-01 11:11:37,add_to_cart,desktop,Canada,organic,0
U01221,2025-03-01 12:21:48,checkout,desktop,Canada,organic,0
U01221,2025-03-01 13:01:29,purchase,desktop,Canada,organic,75.58
U01222,2025-06-02 15:00:00,view,desktop,Canada,organic,0
U01223,2025-03-29 23:00:00,view,tablet,UK,none,0
U01224,2025-04-12 16:00:00,view,mobile,US,organic,0
U01224,2025-04-12 16:10:55,add_to_cart,mobile,US,organic,0
U01224,2025-04-12 16:28:22,checkout,mobile,US,organic,0
U01224,2025-04-12 17:04:02,purchase,mobile,US,organic,69.71
U01225,2025-05-10 04:00:00,view,desktop,UK,referral,0
U01225,2025-05-10 04:16:15,add_to_cart,desktop,UK,referral,0
U01225,2025-05-10 04:41:12,checkout,desktop,UK,referral,0
U01225,2025-05-10 05:14:35,purchase,desktop,UK,referral,117.0
U01226,2025-01-31 07:00:00,view,mobile,Brazil,cpc,0
U01226,2025-01-31 08:02:15,add_to_cart,mobile,Brazil,cpc,0
U01226,2025-01-31 08:46:46,checkout,mobile,Brazil,cpc,0
U01226,2025-01-31 09:13:09,purchase,mobile,Brazil,cpc,69.31
U01227,2025-06-18 04:00:00,view,desktop,US,organic,0
U01227,2025-06-18 04:08:41,add_to_cart,desktop,US,organic,0
U01227,2025-06-18 04:32:09,checkout,desktop,US,organic,0
U01227,2025-06-18 05:05:21,purchase,desktop,US,organic,90.17
U01228,2025-03-23 11:00:00,view,tablet,US,none,0
U01228,2025-03-23 11:23:15,add_to_cart,tablet,US,none,0
U01228,2025-03-23 11:50:04,checkout,tablet,US,none,0
U01229,2025-03-24 16:00:00,view,tablet,US,organic,0
U01229,2025-03-24 16:08:36,add_to_cart,tablet,US,organic,0
U01229,2025-03-24 16:59:23,checkout,tablet,US,organic,0
U01229,2025-03-24 18:21:26,purchase,tablet,US,organic,107.77
U01230,2025-03-21 06:00:00,view,mobile,UK,cpc,0
U01230,2025-03-21 06:09:31,add_to_cart,mobile,UK,cpc,0
U01230,2025-03-21 06:37:53,checkout,mobile,UK,cpc,0
U01230,2025-03-21 08:45:51,purchase,mobile,UK,cpc,51.52
U01231,2025-06-26 15:00:00,view,mobile,US,organic,0
U01231,2025-06-26 15:10:44,add_to_cart,mobile,US,organic,0
U01231,2025-06-26 15:51:55,checkout,mobile,US,organic,0
U01232,2025-06-23 16:00:00,view,desktop,Canada,cpc,0
U01233,2025-06-13 04:00:00,view,desktop,UK,none,0
U01233,2025-06-13 04:12:15,add_to_cart,desktop,UK,none,0
U01233,2025-06-13 04:56:01,checkout,desktop,UK,none,0
U01233,2025-06-13 05:06:23,purchase,desktop,UK,none,81.86
U01234,2025-04-28 12:00:00,view,mobile,Canada,none,0
U01235,2025-01-17 09:00:00,view,mobile,UK,organic,0
U01236,2025-04-09 10:00:00,view,desktop,India,cpc,0
U01236,2025-04-09 10:06:48,add_to_cart,desktop,India,cpc,0
U01236,2025-04-09 10:21:50,checkout,desktop,India,cpc,0
U01236,2025-04-09 10:36:50,purchase,desktop,India,cpc,107.66
U01237,2025-03-30 19:00:00,view,desktop,UK,cpc,0
U01237,2025-03-30 19:28:32,add_to_cart,desktop,UK,cpc,0
U01237,2025-03-30 19:36:32,checkout,desktop,UK,cpc,0
U01237,2025-03-30 19:57:53,purchase,desktop,UK,cpc,101.66
U01238,2025-05-17 17:00:00,view,mobile,US,referral,0
U01238,2025-05-17 17:11:07,add_to_cart,mobile,US,referral,0
U01238,2025-05-17 17:30:37,checkout,mobile,US,referral,0
U01238,2025-05-17 18:26:51,purchase,mobile,US,referral,130.01
U01239,2025-04-03 05:00:00,view,tablet,US,cpc,0
U01240,2025-06-28 00:00:00,view,tablet,US,none,0
U01241,2025-04-06 08:00:00,view,tablet,US,organic,0
U01241,2025-04-06 08:11:22,add_to_cart,tablet,US,organic,0
U01241,2025-04-06 08:32:35,checkout,tablet,US,organic,0
U01242,2025-05-09 10:00:00,view,mobile,India,organic,0
U01242,2025-05-09 10:34:11,add_to_cart,mobile,India,organic,0
U01242,2025-05-09 11:14:45,checkout,mobile,India,organic,0
U01242,2025-05-09 11:33:15,purchase,mobile,India,organic,83.52
U01243,2025-02-22 12:00:00,view,desktop,UK,referral,0
U01244,2025-04-14 04:00:00,view,tablet,US,cpc,0
U01245,2025-01-12 07:00:00,view,mobile,US,referral,0
U01246,2025-05-11 05:00:00,view,tablet,India,organic,0
U01246,2025-05-11 05:39:48,add_to_cart,tablet,India,organic,0
U01246,2025-05-11 06:05:13,checkout,tablet,India,organic,0
U01246,2025-05-11 06:52:24,purchase,tablet,India,organic,47.34
U01247,2025-06-16 22:00:00,view,desktop,US,organic,0
U01247,2025-06-16 22:07:37,add_to_cart,desktop,US,organic,0
U01247,2025-06-16 22:19:18,checkout,desktop,US,organic,0
U01247,2025-06-16 23:08:40,purchase,desktop,US,organic,102.95
U01248,2025-03-21 05:00:00,view,mobile,Brazil,organic,0
U01248,2025-03-21 05:02:18,add_to_cart,mobile,Brazil,organic,0
U01248,2025-03-21 05:33:58,checkout,mobile,Brazil,organic,0
U01249,2025-05-12 17:00:00,view,mobile,India,cpc,0
U01249,2025-05-12 17:15:13,add_to_cart,mobile,India,cpc,0
U01249,2025-05-12 17:34:25,checkout,mobile,India,cpc,0
U01249,2025-05-12 18:12:40,purchase,mobile,India,cpc,12
U01250,2025-01-10 17:00:00,view,desktop,US,organic,0
U01251,2025-03-26 09:00:00,view,mobile,Brazil,cpc,0
U01251,2025-03-26 09:20:00,add_to_cart,mobile,Brazil,cpc,0
U01251,2025-03-26 09:48:33,checkout,mobile,Brazil,cpc,0
U01251,2025-03-26 10:49:31,purchase,mobile,Brazil,cpc,102.86
U01252,2025-04-23 01:00:00,view,tablet,US,cpc,0
U01253,2025-06-11 16:00:00,view,desktop,Canada,none,0
U01254,2025-04-13 21:00:00,view,mobile,UK,cpc,0
U01255,2025-06-03 13:00:00,view,desktop,US,cpc,0
U01255,2025-06-03 13:13:40,add_to_cart,desktop,US,cpc,0
U01256,2025-04-12 14:00:00,view,mobile,India,organic,0
U01256,2025-04-12 14:16:54,add_to_cart,mobile,India,organic,0
U01256,2025-04-12 14:25:18,checkout,mobile,India,organic,0
U01256,2025-04-12 16:34:26,purchase,mobile,India,organic,109.59
U01257,2025-06-23 18:00:00,view,tablet,US,organic,0
U01257,2025-06-23 18:19:58,add_to_cart,tablet,US,organic,0
U01257,2025-06-23 19:11:19,checkout,tablet,US,organic,0
U01258,2025-04-03 21:00:00,view,desktop,UK,referral,0
U01258,2025-04-03 21:11:48,add_to_cart,desktop,UK,referral,0
U01258,2025-04-03 21:21:59,checkout,desktop,UK,referral,0
U01258,2025-04-03 21:56:30,purchase,desktop,UK,referral,89.16
U01259,2025-02-20 18:00:00,view,mobile,Brazil,referral,0
U01260,2025-04-12 00:00:00,view,desktop,US,organic,0
U01260,2025-04-12 00:02:48,add_to_cart,desktop,US,organic,0
U01260,2025-04-12 00:21:10,checkout,desktop,US,organic,0
U01260,2025-04-12 00:23:10,purchase,desktop,US,organic,97.72
U01261,2025-02-25 12:00:00,view,desktop,India,none,0
U01261,2025-02-25 12:09:26,add_to_cart,desktop,India,none,0
U01262,2025-01-16 04:00:00,view,mobile,UK,referral,0
U01262,2025-01-16 04:12:10,add_to_cart,mobile,UK,referral,0
U01263,2025-04-24 02:00:00,view,desktop,Canada,referral,0
U01263,2025-04-24 02:18:37,add_to_cart,desktop,Canada,referral,0
U01263,2025-04-24 02:30:47,checkout,desktop,Canada,referral,0
U01263,2025-04-24 02:56:29,purchase,desktop,Canada,referral,141.52
U01264,2025-05-21 19:00:00,view,desktop,Canada,organic,0
U01264,2025-05-21 19:08:34,add_to_cart,desktop,Canada,organic,0
U01264,2025-05-21 19:27:15,checkout,desktop,Canada,organic,0
U01264,2025-05-21 19:37:46,purchase,desktop,Canada,organic,100.51
U01265,2025-06-26 18:00:00,view,mobile,Brazil,none,0
U01266,2025-06-03 01:00:00,view,mobile,US,none,0
U01267,2025-03-02 00:00:00,view,mobile,US,cpc,0
U01268,2025-03-29 17:00:00,view,mobile,US,cpc,0
U01269,2025-04-22 23:00:00,view,mobile,India,cpc,0
U01269,2025-04-22 23:46:21,add_to_cart,mobile,India,cpc,0
U01269,2025-04-23 01:12:31,checkout,mobile,India,cpc,0
U01269,2025-04-23 02:09:46,purchase,mobile,India,cpc,46.7
U01270,2025-04-15 23:00:00,view,desktop,US,referral,0
U01270,2025-04-15 23:11:00,add_to_cart,desktop,US,referral,0
U01270,2025-04-15 23:24:45,checkout,desktop,US,referral,0
U01270,2025-04-15 23:54:58,purchase,desktop,US,referral,100.67
U01271,2025-05-06 21:00:00,view,desktop,India,cpc,0
U01272,2025-04-15 14:00:00,view,mobile,US,none,0
U01272,2025-04-15 14:31:00,add_to_cart,mobile,US,none,0
U01272,2025-04-15 14:48:46,checkout,mobile,US,none,0
U01273,2025-05-09 06:00:00,view,desktop,India,referral,0
U01273,2025-05-09 06:02:00,add_to_cart,desktop,India,referral,0
U01273,2025-05-09 06:32:06,checkout,desktop,India,referral,0
U01273,2025-05-09 07:28:41,purchase,desktop,India,referral,66.37
U01274,2025-05-07 17:00:00,view,mobile,US,cpc,0
U01274,2025-05-07 17:10:04,add_to_cart,mobile,US,cpc,0
U01274,2025-05-07 17:34:49,checkout,mobile,US,cpc,0
U01274,2025-05-07 18:32:39,purchase,mobile,US,cpc,100.76
U01275,2025-02-26 20:00:00,view,mobile,India,organic,0
U01275,2025-02-26 20:34:31,add_to_cart,mobile,India,organic,0
U01276,2025-04-29 05:00:00,view,desktop,Brazil,organic,0
U01276,2025-04-29 05:09:08,add_to_cart,desktop,Brazil,organic,0
U01276,2025-04-29 05:38:51,checkout,desktop,Brazil,organic,0
U01277,2025-03-25 03:00:00,view,mobile,US,referral,0
U01277,2025-03-25 03:16:11,add_to_cart,mobile,US,referral,0
U01277,2025-03-25 03:33:02,checkout,mobile,US,referral,0
U01277,2025-03-25 04:04:39,purchase,mobile,US,referral,110.76
U01278,2025-02-25 02:00:00,view,mobile,US,referral,0
U01279,2025-06-10 10:00:00,view,mobile,US,none,0
U01279,2025-06-10 10:14:13,add_to_cart,mobile,US,none,0
U01280,2025-01-05 06:00:00,view,mobile,Brazil,referral,0
U01280,2025-01-05 06:16:08,add_to_cart,mobile,Brazil,referral,0
U01280,2025-01-05 07:05:41,checkout,mobile,Brazil,referral,0
U01280,2025-01-05 08:03:52,purchase,mobile,Brazil,referral,81.93
U01281,2025-02-25 02:00:00,view,tablet,US,cpc,0
U01282,2025-02-19 20:00:00,view,mobile,Canada,organic,0
U01282,2025-02-19 20:16:36,add_to_cart,mobile,Canada,organic,0
U01282,2025-02-19 20:34:45,checkout,mobile,Canada,organic,0
U01283,2025-02-01 12:00:00,view,tablet,US,organic,0
U01283,2025-02-01 12:06:36,add_to_cart,tablet,US,organic,0
U01284,2025-01-13 09:00:00,view,mobile,US,referral,0
U01284,2025-01-13 10:00:47,add_to_cart,mobile,US,referral,0
U01285,2025-05-16 01:00:00,view,desktop,Brazil,organic,0
U01285,2025-05-16 01:02:00,add_to_cart,desktop,Brazil,organic,0
U01285,2025-05-16 01:22:47,checkout,desktop,Brazil,organic,0
U01285,2025-05-16 02:00:57,purchase,desktop,Brazil,organic,110.69
U01286,2025-03-26 17:00:00,view,tablet,UK,organic,0
U01286,2025-03-26 17:21:37,add_to_cart,tablet,UK,organic,0
U01286,2025-03-26 17:30:43,checkout,tablet,UK,organic,0
U01286,2025-03-26 19:05:13,purchase,tablet,UK,organic,108.02
U01287,2025-03-17 16:00:00,view,desktop,India,none,0
U01288,2025-01-20 14:00:00,view,desktop,US,cpc,0
U01288,2025-01-20 14:07:37,add_to_cart,desktop,US,cpc,0
U01288,2025-01-20 14:52:59,checkout,desktop,US,cpc,0
U01288,2025-01-20 16:22:28,purchase,desktop,US,cpc,81.84
U01289,2025-04-24 00:00:00,view,tablet,Brazil,none,0
U01290,2025-02-26 11:00:00,view,desktop,UK,organic,0
U01290,2025-02-26 11:02:18,add_to_cart,desktop,UK,organic,0
U01290,2025-02-26 11:12:56,checkout,desktop,UK,organic,0
U01290,2025-02-26 11:21:54,purchase,desktop,UK,organic,73.77
U01291,2025-05-18 17:00:00,view,mobile,Canada,organic,0
U01291,2025-05-18 17:02:51,add_to_cart,mobile,Canada,organic,0
U01291,2025-05-18 17:29:15,checkout,mobile,Canada,organic,0
U01291,2025-05-18 19:20:13,purchase,mobile,Canada,organic,76.61
U01292,2025-03-06 21:00:00,view,mobile,US,cpc,0
U01292,2025-03-06 21:05:37,add_to_cart,mobile,US,cpc,0
U01293,2025-01-20 00:00:00,view,mobile,US,organic,0
U01293,2025-01-20 00:57:43,add_to_cart,mobile,US,organic,0
U01294,2025-06-18 13:00:00,view,mobile,UK,organic,0
U01294,2025-06-18 13:20:30,add_to_cart,mobile,UK,organic,0
U01294,2025-06-18 13:56:05,checkout,mobile,UK,organic,0
U01295,2025-04-21 00:00:00,view,mobile,UK,referral,0
U01295,2025-04-21 00:08:14,add_to_cart,mobile,UK,referral,0
U01295,2025-04-21 00:19:07,checkout,mobile,UK,referral,0
U01295,2025-04-21 02:05:30,purchase,mobile,UK,referral,84.97
U01296,2025-02-07 00:00:00,view,mobile,US,referral,0
U01296,2025-02-07 00:26:57,add_to_cart,mobile,US,referral,0
U01296,2025-02-07 00:46:10,checkout,mobile,US,referral,0
U01296,2025-02-07 02:07:11,purchase,mobile,US,referral,94.8
U01297,2025-05-02 15:00:00,view,mobile,Canada,cpc,0
U01298,2025-01-25 21:00:00,view,tablet,UK,referral,0
U01299,2025-05-28 09:00:00,view,desktop,US,cpc,0
U01299,2025-05-28 09:15:51,add_to_cart,desktop,US,cpc,0
U01300,2025-05-23 18:00:00,view,tablet,US,cpc,0
U01300,2025-05-23 18:15:25,add_to_cart,tablet,US,cpc,0
U01300,2025-05-23 18:29:36,checkout,tablet,US,cpc,0
U01300,2025-05-23 19:10:57,purchase,tablet,US,cpc,125.1
U01301,2025-01-17 00:00:00,view,mobile,Brazil,organic,0
U01301,2025-01-17 00:25:56,add_to_cart,mobile,Brazil,organic,0
U01302,2025-06-15 09:00:00,view,mobile,India,referral,0
U01303,2025-06-15 05:00:00,view,desktop,US,referral,0
U01303,2025-06-15 05:04:40,add_to_cart,desktop,US,referral,0
U01303,2025-06-15 05:09:44,checkout,desktop,US,referral,0
U01303,2025-06-15 06:20:13,purchase,desktop,US,referral,134.83
U01304,2025-01-26 11:00:00,view,desktop,UK,referral,0
U01304,2025-01-26 11:03:40,add_to_cart,desktop,UK,referral,0
U01304,2025-01-26 11:19:27,checkout,desktop,UK,referral,0
U01304,2025-01-26 11:46:46,purchase,desktop,UK,referral,99.63
U01305,2025-04-12 15:00:00,view,desktop,UK,cpc,0
U01305,2025-04-12 15:10:37,add_to_cart,desktop,UK,cpc,0
U01305,2025-04-12 15:36:02,checkout,desktop,UK,cpc,0
U01305,2025-04-12 16:35:00,purchase,desktop,UK,cpc,92.67
U01306,2025-06-01 15:00:00,view,desktop,US,organic,0
U01306,2025-06-01 15:15:17,add_to_cart,desktop,US,organic,0
U01307,2025-04-19 15:00:00,view,desktop,UK,none,0
U01307,2025-04-19 15:29:53,add_to_cart,desktop,UK,none,0
U01307,2025-04-19 15:38:34,checkout,desktop,UK,none,0
U01307,2025-04-19 16:16:28,purchase,desktop,UK,none,101.37
U01308,2025-02-09 06:00:00,view,mobile,UK,organic,0
U01308,2025-02-09 06:19:38,add_to_cart,mobile,UK,organic,0
U01308,2025-02-09 06:44:44,checkout,mobile,UK,organic,0
U01308,2025-02-09 06:55:52,purchase,mobile,UK,organic,95.3
U01309,2025-03-22 23:00:00,view,mobile,US,cpc,0
U01309,2025-03-22 23:02:00,add_to_cart,mobile,US,cpc,0
U01309,2025-03-22 23:27:47,checkout,mobile,US,cpc,0
U01309,2025-03-22 23:39:42,purchase,mobile,US,cpc,107.65
U01310,2025-03-27 13:00:00,view,mobile,Canada,cpc,0
U01310,2025-03-27 13:24:55,add_to_cart,mobile,Canada,cpc,0
U01311,2025-03-24 18:00:00,view,mobile,US,organic,0
U01311,2025-03-24 18:13:43,add_to_cart,mobile,US,organic,0
U01311,2025-03-24 18:28:00,checkout,mobile,US,organic,0
U01311,2025-03-24 19:13:32,purchase,mobile,US,organic,110.61
U01312,2025-02-21 13:00:00,view,mobile,UK,cpc,0
U01312,2025-02-21 13:15:03,add_to_cart,mobile,UK,cpc,0
U01312,2025-02-21 14:25:15,checkout,mobile,UK,cpc,0
U01313,2025-04-20 13:00:00,view,tablet,Brazil,cpc,0
U01313,2025-04-20 13:42:16,add_to_cart,tablet,Brazil,cpc,0
U01313,2025-04-20 13:53:58,checkout,tablet,Brazil,cpc,0
U01314,2025-03-10 01:00:00,view,desktop,US,organic,0
U01314,2025-03-10 01:31:19,add_to_cart,desktop,US,organic,0
U01314,2025-03-10 01:41:46,checkout,desktop,US,organic,0
U01314,2025-03-10 02:17:36,purchase,desktop,US,organic,111.0
U01315,2025-04-07 11:00:00,view,mobile,Brazil,none,0
U01315,2025-04-07 11:20:19,add_to_cart,mobile,Brazil,none,0
U01315,2025-04-07 12:52:44,checkout,mobile,Brazil,none,0
U01315,2025-04-07 13:54:01,purchase,mobile,Brazil,none,54.89
U01316,2025-02-10 19:00:00,view,tablet,Canada,organic,0
U01317,2025-02-23 09:00:00,view,desktop,US,referral,0
U01317,2025-02-23 09:02:00,add_to_cart,desktop,US,referral,0
U01317,2025-02-23 09:23:52,checkout,desktop,US,referral,0
U01317,2025-02-23 09:44:40,purchase,desktop,US,referral,79.27
U01318,2025-03-24 09:00:00,view,desktop,India,none,0
U01318,2025-03-24 09:17:34,add_to_cart,desktop,India,none,0
U01319,2025-02-19 20:00:00,view,desktop,Canada,organic,0
U01319,2025-02-19 20:07:18,add_to_cart,desktop,Canada,organic,0
U01319,2025-02-19 20:30:14,checkout,desktop,Canada,organic,0
U01319,2025-02-19 20:54:53,purchase,desktop,Canada,organic,106.99
U01320,2025-01-15 01:00:00,view,tablet,US,referral,0
U01320,2025-01-15 01:06:29,add_to_cart,tablet,US,referral,0
U01320,2025-01-15 01:42:05,checkout,tablet,US,referral,0
U01320,2025-01-15 02:08:28,purchase,tablet,US,referral,129.98
U01321,2025-02-02 17:00:00,view,mobile,US,none,0
U01322,2025-06-20 10:00:00,view,desktop,US,organic,0
U01322,2025-06-20 10:16:16,add_to_cart,desktop,US,organic,0
U01323,2025-02-21 17:00:00,view,desktop,US,organic,0
U01323,2025-02-21 17:52:27,add_to_cart,desktop,US,organic,0
U01324,2025-02-06 13:00:00,view,mobile,US,cpc,0
U01324,2025-02-06 13:12:13,add_to_cart,mobile,US,cpc,0
U01324,2025-02-06 14:00:50,checkout,mobile,US,cpc,0
U01324,2025-02-06 14:14:05,purchase,mobile,US,cpc,104.76
U01325,2025-03-04 06:00:00,view,desktop,US,cpc,0
U01326,2025-05-27 12:00:00,view,desktop,US,none,0
U01327,2025-06-18 14:00:00,view,desktop,US,organic,0
U01328,2025-01-08 22:00:00,view,mobile,US,cpc,0
U01328,2025-01-08 22:23:12,add_to_cart,mobile,US,cpc,0
U01329,2025-06-02 14:00:00,view,mobile,Brazil,organic,0
U01330,2025-05-01 02:00:00,view,tablet,India,organic,0
U01331,2025-03-11 22:00:00,view,mobile,US,referral,0
U01331,2025-03-11 22:28:25,add_to_cart,mobile,US,referral,0
U01331,2025-03-11 22:31:17,checkout,mobile,US,referral,0
U01331,2025-03-11 22:50:29,purchase,mobile,US,referral,93.95
U01332,2025-06-28 21:00:00,view,desktop,Brazil,cpc,0
U01332,2025-06-28 21:08:04,add_to_cart,desktop,Brazil,cpc,0
U01332,2025-06-28 21:38:03,checkout,desktop,Brazil,cpc,0
U01332,2025-06-28 22:33:05,purchase,desktop,Brazil,cpc,101.46
U01333,2025-05-04 19:00:00,view,desktop,Brazil,organic,0
U01333,2025-05-04 19:11:23,add_to_cart,desktop,Brazil,organic,0
U01333,2025-05-04 19:21:48,checkout,desktop,Brazil,organic,0
U01333,2025-05-04 19:42:59,purchase,desktop,Brazil,organic,116.66
U01334,2025-04-17 02:00:00,view,mobile,UK,cpc,0
U01334,2025-04-17 02:18:41,add_to_cart,mobile,UK,cpc,0
U01334,2025-04-17 03:11:37,checkout,mobile,UK,cpc,0
U01334,2025-04-17 04:15:09,purchase,mobile,UK,cpc,78.67
U01335,2025-02-14 14:00:00,view,mobile,US,referral,0
U01335,2025-02-14 14:23:38,add_to_cart,mobile,US,referral,0
U01335,2025-02-14 15:07:31,checkout,mobile,US,referral,0
U01335,2025-02-14 15:19:40,purchase,mobile,US,referral,126.63
U01336,2025-01-30 12:00:00,view,desktop,Brazil,organic,0
U01337,2025-03-20 17:00:00,view,mobile,US,none,0
U01337,2025-03-20 17:22:08,add_to_cart,mobile,US,none,0
U01338,2025-05-30 22:00:00,view,mobile,Canada,cpc,0
U01339,2025-06-23 20:00:00,view,desktop,UK,none,0
U01339,2025-06-23 20:12:01,add_to_cart,desktop,UK,none,0
U01340,2025-05-16 19:00:00,view,mobile,UK,referral,0
U01340,2025-05-16 19:28:19,add_to_cart,mobile,UK,referral,0
U01341,2025-04-25 18:00:00,view,tablet,US,cpc,0
U01341,2025-04-25 18:10:21,add_to_cart,tablet,US,cpc,0
U01341,2025-04-25 18:23:06,checkout,tablet,US,cpc,0
U01341,2025-04-25 18:34:24,purchase,tablet,US,cpc,54.7
U01342,2025-05-29 09:00:00,view,mobile,US,none,0
U01343,2025-01-29 19:00:00,view,tablet,US,organic,0
U01343,2025-01-29 19:11:54,add_to_cart,tablet,US,organic,0
U01343,2025-01-29 19:27:26,checkout,tablet,US,organic,0
U01343,2025-01-29 19:48:08,purchase,tablet,US,organic,97.11
U01344,2025-02-20 13:00:00,view,mobile,US,organic,0
U01344,2025-02-20 13:08:36,add_to_cart,mobile,US,organic,0
U01344,2025-02-20 13:38:57,checkout,mobile,US,organic,0
U01345,2025-03-28 19:00:00,view,desktop,UK,none,0
U01345,2025-03-28 19:12:13,add_to_cart,desktop,UK,none,0
U01345,2025-03-28 19:56:53,checkout,desktop,UK,none,0
U01345,2025-03-28 20:22:20,purchase,desktop,UK,none,82.12
U01346,2025-02-22 08:00:00,view,mobile,Canada,organic,0
U01346,2025-02-22 08:07:18,add_to_cart,mobile,Canada,organic,0
U01347,2025-06-23 21:00:00,view,tablet,US,referral,0
U01348,2025-03-08 06:00:00,view,desktop,US,organic,0
U01348,2025-03-08 06:13:04,add_to_cart,desktop,US,organic,0
U01348,2025-03-08 06:39:44,checkout,desktop,US,organic,0
U01348,2025-03-08 07:59:31,purchase,desktop,US,organic,128.05
U01349,2025-05-12 04:00:00,view,tablet,US,cpc,0
U01350,2025-05-04 23:00:00,view,mobile,India,referral,0
U01350,2025-05-04 23:42:39,add_to_cart,mobile,India,referral,0
U01350,2025-05-05 00:49:47,checkout,mobile,India,referral,0
U01350,2025-05-05 01:12:27,purchase,mobile,India,referral,92.35
U01351,2025-01-15 06:00:00,view,mobile,US,cpc,0
U01352,2025-05-10 16:00:00,view,mobile,UK,organic,0
U01352,2025-05-10 16:22:24,add_to_cart,mobile,UK,organic,0
U01352,2025-05-10 16:49:37,checkout,mobile,UK,organic,0
U01352,2025-05-10 17:14:24,purchase,mobile,UK,organic,102.43
U01353,2025-02-11 22:00:00,view,mobile,Brazil,cpc,0
U01353,2025-02-11 22:56:49,add_to_cart,mobile,Brazil,cpc,0
U01353,2025-02-11 23:14:13,checkout,mobile,Brazil,cpc,0
U01353,2025-02-11 23:43:02,purchase,mobile,Brazil,cpc,55.84
U01354,2025-03-03 15:00:00,view,desktop,US,organic,0
U01354,2025-03-03 15:18:32,add_to_cart,desktop,US,organic,0
U01354,2025-03-03 15:36:51,checkout,desktop,US,organic,0
U01354,2025-03-03 15:56:44,purchase,desktop,US,organic,106.14
U01355,2025-04-14 06:00:00,view,mobile,US,none,0
U01355,2025-04-14 06:31:39,add_to_cart,mobile,US,none,0
U01356,2025-01-02 04:00:00,view,tablet,US,organic,0
U01357,2025-04-03 16:00:00,view,desktop,US,referral,0
U01357,2025-04-03 16:13:51,add_to_cart,desktop,US,referral,0
U01357,2025-04-03 16:31:01,checkout,desktop,US,referral,0
U01358,2025-03-23 19:00:00,view,desktop,UK,organic,0
U01358,2025-03-23 19:06:03,add_to_cart,desktop,UK,organic,0
U01358,2025-03-23 19:41:38,checkout,desktop,UK,organic,0
U01358,2025-03-23 20:19:47,purchase,desktop,UK,organic,83.74
U01359,2025-01-13 11:00:00,view,desktop,UK,referral,0
U01359,2025-01-13 11:25:27,add_to_cart,desktop,UK,referral,0
U01359,2025-01-13 11:52:19,checkout,desktop,UK,referral,0
U01359,2025-01-13 12:11:49,purchase,desktop,UK,referral,56.95
U01360,2025-06-23 10:00:00,view,desktop,Brazil,referral,0
U01360,2025-06-23 10:05:24,add_to_cart,desktop,Brazil,referral,0
U01360,2025-06-23 10:09:19,checkout,desktop,Brazil,referral,0
U01360,2025-06-23 10:52:52,purchase,desktop,Brazil,referral,119.09
U01361,2025-01-28 10:00:00,view,desktop,UK,organic,0
U01362,2025-06-05 07:00:00,view,mobile,UK,cpc,0
U01362,2025-06-05 07:04:29,add_to_cart,mobile,UK,cpc,0
U01362,2025-06-05 07:44:01,checkout,mobile,UK,cpc,0
U01363,2025-03-28 23:00:00,view,mobile,US,organic,0
U01364,2025-04-05 17:00:00,view,desktop,Brazil,organic,0
U01364,2025-04-05 17:13:06,add_to_cart,desktop,Brazil,organic,0
U01364,2025-04-05 17:38:53,checkout,desktop,Brazil,organic,0
U01364,2025-04-05 18:09:27,purchase,desktop,Brazil,organic,56.09
U01365,2025-01-27 12:00:00,view,desktop,US,none,0
U01365,2025-01-27 12:09:28,add_to_cart,desktop,US,none,0
U01366,2025-06-21 08:00:00,view,desktop,UK,organic,0
U01366,2025-06-21 08:04:19,add_to_cart,desktop,UK,organic,0
U01366,2025-06-21 08:20:34,checkout,desktop,UK,organic,0
U01367,2025-02-23 16:00:00,view,mobile,Canada,organic,0
U01367,2025-02-23 16:06:39,add_to_cart,mobile,Canada,organic,0
U01367,2025-02-23 17:01:30,checkout,mobile,Canada,organic,0
U01368,2025-01-10 16:00:00,view,tablet,Brazil,none,0
U01369,2025-04-09 07:00:00,view,mobile,UK,organic,0
U01369,2025-04-09 07:50:32,add_to_cart,mobile,UK,organic,0
U01370,2025-05-23 12:00:00,view,desktop,India,none,0
U01371,2025-03-07 20:00:00,view,desktop,US,organic,0
U01371,2025-03-07 20:04:38,add_to_cart,desktop,US,organic,0
U01371,2025-03-07 20:19:29,checkout,desktop,US,organic,0
U01371,2025-03-07 20:58:02,purchase,desktop,US,organic,164.96
U01372,2025-03-10 06:00:00,view,mobile,US,referral,0
U01373,2025-03-22 00:00:00,view,mobile,US,cpc,0
U01374,2025-06-24 18:00:00,view,desktop,Brazil,cpc,0
U01375,2025-03-20 09:00:00,view,mobile,UK,referral,0
U01375,2025-03-20 09:36:24,add_to_cart,mobile,UK,referral,0
U01376,2025-05-12 13:00:00,view,mobile,US,organic,0
U01377,2025-06-11 13:00:00,view,desktop,India,organic,0
U01377,2025-06-11 13:32:19,add_to_cart,desktop,India,organic,0
U01377,2025-06-11 14:05:02,checkout,desktop,India,organic,0
U01377,2025-06-11 14:55:14,purchase,desktop,India,organic,79.25
U01378,2025-01-16 07:00:00,view,tablet,US,referral,0
U01378,2025-01-16 07:20:23,add_to_cart,tablet,US,referral,0
U01378,2025-01-16 08:01:54,checkout,tablet,US,referral,0
U01378,2025-01-16 08:38:28,purchase,tablet,US,referral,76.83
U01379,2025-05-05 13:00:00,view,mobile,US,cpc,0
U01379,2025-05-05 13:15:15,add_to_cart,mobile,US,cpc,0
U01379,2025-05-05 13:53:16,checkout,mobile,US,cpc,0
U01379,2025-05-05 15:25:43,purchase,mobile,US,cpc,84.1
U01380,2025-02-13 07:00:00,view,desktop,India,referral,0
U01380,2025-02-13 07:38:47,add_to_cart,desktop,India,referral,0
U01380,2025-02-13 07:59:26,checkout,desktop,India,referral,0
U01380,2025-02-13 08:24:58,purchase,desktop,India,referral,94.11
U01381,2025-05-12 02:00:00,view,desktop,US,organic,0
U01381,2025-05-12 02:06:54,add_to_cart,desktop,US,organic,0
U01381,2025-05-12 02:31:45,checkout,desktop,US,organic,0
U01381,2025-05-12 03:45:46,purchase,desktop,US,organic,114.03
U01382,2025-02-08 12:00:00,view,desktop,UK,organic,0
U01382,2025-02-08 12:06:35,add_to_cart,desktop,UK,organic,0
U01382,2025-02-08 12:49:33,checkout,desktop,UK,organic,0
U01382,2025-02-08 13:41:50,purchase,desktop,UK,organic,61.51
U01383,2025-01-03 22:00:00,view,desktop,Canada,organic,0
U01383,2025-01-03 22:17:20,add_to_cart,desktop,Canada,organic,0
U01383,2025-01-03 22:49:23,checkout,desktop,Canada,organic,0
U01384,2025-01-31 19:00:00,view,desktop,UK,cpc,0
U01384,2025-01-31 19:21:43,add_to_cart,desktop,UK,cpc,0
U01384,2025-01-31 19:49:44,checkout,desktop,UK,cpc,0
U01384,2025-01-31 20:11:18,purchase,desktop,UK,cpc,99.3
U01385,2025-03-31 08:00:00,view,tablet,US,organic,0
U01385,2025-03-31 08:03:48,add_to_cart,tablet,US,organic,0
U01386,2025-01-04 10:00:00,view,mobile,US,none,0
U01386,2025-01-04 10:24:14,add_to_cart,mobile,US,none,0
U01386,2025-01-04 10:58:45,checkout,mobile,US,none,0
U01387,2025-03-31 22:00:00,view,desktop,US,none,0
U01387,2025-03-31 22:10:16,add_to_cart,desktop,US,none,0
U01388,2025-01-27 11:00:00,view,mobile,US,organic,0
U01388,2025-01-27 11:15:24,add_to_cart,mobile,US,organic,0
U01388,2025-01-27 11:55:03,checkout,mobile,US,organic,0
U01388,2025-01-27 13:09:27,purchase,mobile,US,organic,82.45
U01389,2025-06-11 13:00:00,view,mobile,India,none,0
U01389,2025-06-11 13:27:29,add_to_cart,mobile,India,none,0
U01389,2025-06-11 13:47:00,checkout,mobile,India,none,0
U01390,2025-04-02 02:00:00,view,desktop,India,cpc,0
U01391,2025-02-12 21:00:00,view,tablet,Brazil,cpc,0
U01391,2025-02-12 21:10:15,add_to_cart,tablet,Brazil,cpc,0
U01392,2025-02-22 14:00:00,view,tablet,UK,referral,0
U01393,2025-01-13 00:00:00,view,desktop,India,referral,0
U01393,2025-01-13 00:13:53,add_to_cart,desktop,India,referral,0
U01393,2025-01-13 00:56:40,checkout,desktop,India,referral,0
U01393,2025-01-13 01:01:00,purchase,desktop,India,referral,69.52
U01394,2025-01-24 03:00:00,view,mobile,US,organic,0
U01394,2025-01-24 03:13:37,add_to_cart,mobile,US,organic,0
U01394,2025-01-24 04:07:40,checkout,mobile,US,organic,0
U01394,2025-01-24 04:32:58,purchase,mobile,US,organic,100.88
U01395,2025-06-21 05:00:00,view,tablet,UK,organic,0
U01395,2025-06-21 05:11:39,add_to_cart,tablet,UK,organic,0
U01395,2025-06-21 05:51:46,checkout,tablet,UK,organic,0
U01396,2025-01-30 16:00:00,view,mobile,Canada,organic,0
U01396,2025-01-30 16:39:52,add_to_cart,mobile,Canada,organic,0
U01396,2025-01-30 17:06:25,checkout,mobile,Canada,organic,0
U01396,2025-01-30 18:35:12,purchase,mobile,Canada,organic,77.46
U01397,2025-04-06 15:00:00,view,mobile,US,organic,0
U01397,2025-04-06 15:10:25,add_to_cart,mobile,US,organic,0
U01398,2025-05-14 08:00:00,view,mobile,India,organic,0
U01399,2025-03-09 19:00:00,view,desktop,India,organic,0
U01400,2025-06-23 00:00:00,view,desktop,US,organic,0
U01400,2025-06-23 00:28:47,add_to_cart,desktop,US,organic,0
U01400,2025-06-23 00:42:03,checkout,desktop,US,organic,0
U01400,2025-06-23 01:21:31,purchase,desktop,US,organic,98.15
U01401,2025-01-06 17:00:00,view,tablet,Canada,organic,0
U01402,2025-06-09 10:00:00,view,desktop,Brazil,none,0
U01402,2025-06-09 10:20:29,add_to_cart,desktop,Brazil,none,0
U01402,2025-06-09 11:04:27,checkout,desktop,Brazil,none,0
U01402,2025-06-09 12:13:57,purchase,desktop,Brazil,none,33.48
U01403,2025-04-28 20:00:00,view,mobile,US,organic,0
U01403,2025-04-28 20:38:08,add_to_cart,mobile,US,organic,0
U01403,2025-04-28 21:07:22,checkout,mobile,US,organic,0
U01403,2025-04-28 21:40:45,purchase,mobile,US,organic,102.96
U01404,2025-04-23 00:00:00,view,desktop,US,organic,0
U01405,2025-01-12 03:00:00,view,mobile,India,cpc,0
U01405,2025-01-12 03:23:02,add_to_cart,mobile,India,cpc,0
U01405,2025-01-12 03:45:01,checkout,mobile,India,cpc,0
U01405,2025-01-12 04:38:08,purchase,mobile,India,cpc,12
U01406,2025-03-13 06:00:00,view,mobile,US,referral,0
U01406,2025-03-13 06:05:13,add_to_cart,mobile,US,referral,0
U01407,2025-03-07 03:00:00,view,desktop,Brazil,none,0
U01407,2025-03-07 03:18:38,add_to_cart,desktop,Brazil,none,0
U01407,2025-03-07 04:00:00,checkout,desktop,Brazil,none,0
U01408,2025-04-24 10:00:00,view,tablet,US,cpc,0
U01409,2025-01-23 01:00:00,view,mobile,UK,organic,0
U01410,2025-03-30 08:00:00,view,desktop,UK,cpc,0
U01411,2025-01-08 09:00:00,view,mobile,US,cpc,0
U01411,2025-01-08 09:25:44,add_to_cart,mobile,US,cpc,0
U01411,2025-01-08 10:24:21,checkout,mobile,US,cpc,0
U01411,2025-01-08 10:51:38,purchase,mobile,US,cpc,120.8
U01412,2025-06-14 20:00:00,view,tablet,Brazil,cpc,0
U01412,2025-06-14 20:12:37,add_to_cart,tablet,Brazil,cpc,0
U01412,2025-06-14 20:27:32,checkout,tablet,Brazil,cpc,0
U01412,2025-06-14 21:31:25,purchase,tablet,Brazil,cpc,81.86
U01413,2025-02-05 05:00:00,view,desktop,India,organic,0
U01413,2025-02-05 05:20:35,add_to_cart,desktop,India,organic,0
U01413,2025-02-05 05:33:45,checkout,desktop,India,organic,0
U01413,2025-02-05 06:12:35,purchase,desktop,India,organic,37.56
U01414,2025-01-14 22:00:00,view,desktop,India,none,0
U01414,2025-01-14 22:06:30,add_to_cart,desktop,India,none,0
U01415,2025-03-26 03:00:00,view,tablet,US,none,0
U01416,2025-06-15 17:00:00,view,mobile,US,organic,0
U01416,2025-06-15 17:10:16,add_to_cart,mobile,US,organic,0
U01417,2025-02-22 15:00:00,view,desktop,US,organic,0
U01418,2025-04-07 18:00:00,view,mobile,India,organic,0
U01418,2025-04-07 18:03:06,add_to_cart,mobile,India,organic,0
U01418,2025-04-07 18:09:31,checkout,mobile,India,organic,0
U01418,2025-04-07 18:44:42,purchase,mobile,India,organic,76.84
U01419,2025-03-28 01:00:00,view,desktop,US,organic,0
U01420,2025-03-30 11:00:00,view,mobile,US,organic,0
U01421,2025-03-16 04:00:00,view,desktop,India,cpc,0
U01422,2025-04-25 13:00:00,view,mobile,US,none,0
U01422,2025-04-25 13:25:30,add_to_cart,mobile,US,none,0
U01422,2025-04-25 14:06:33,checkout,mobile,US,none,0
U01422,2025-04-25 15:02:32,purchase,mobile,US,none,59.97
U01423,2025-03-04 18:00:00,view,desktop,India,cpc,0
U01423,2025-03-04 18:12:10,add_to_cart,desktop,India,cpc,0
U01423,2025-03-04 19:05:09,checkout,desktop,India,cpc,0
U01423,2025-03-04 19:41:19,purchase,desktop,India,cpc,94.37
U01424,2025-04-21 01:00:00,view,desktop,UK,organic,0
U01425,2025-03-14 22:00:00,view,tablet,UK,organic,0
U01425,2025-03-14 22:29:56,add_to_cart,tablet,UK,organic,0
U01425,2025-03-14 23:43:54,checkout,tablet,UK,organic,0
U01425,2025-03-15 00:19:21,purchase,tablet,UK,organic,52.63
U01426,2025-06-04 13:00:00,view,desktop,Brazil,cpc,0
U01426,2025-06-04 13:08:22,add_to_cart,desktop,Brazil,cpc,0
U01427,2025-03-06 08:00:00,view,desktop,US,cpc,0
U01428,2025-06-05 02:00:00,view,tablet,Canada,organic,0
U01428,2025-06-05 02:11:15,add_to_cart,tablet,Canada,organic,0
U01428,2025-06-05 02:30:41,checkout,tablet,Canada,organic,0
U01428,2025-06-05 03:16:20,purchase,tablet,Canada,organic,89.85
U01429,2025-02-04 17:00:00,view,desktop,US,organic,0
U01429,2025-02-04 17:19:31,add_to_cart,desktop,US,organic,0
U01430,2025-05-09 07:00:00,view,desktop,US,referral,0
U01430,2025-05-09 07:12:08,add_to_cart,desktop,US,referral,0
U01430,2025-05-09 07:52:16,checkout,desktop,US,referral,0
U01430,2025-05-09 08:00:05,purchase,desktop,US,referral,109.58
U01431,2025-03-10 02:00:00,view,mobile,India,cpc,0
U01431,2025-03-10 02:28:18,add_to_cart,mobile,India,cpc,0
U01431,2025-03-10 02:37:19,checkout,mobile,India,cpc,0
U01431,2025-03-10 02:55:50,purchase,mobile,India,cpc,85.68
U01432,2025-04-22 03:00:00,view,mobile,India,referral,0
U01433,2025-05-02 15:00:00,view,desktop,India,referral,0
U01433,2025-05-02 15:08:37,add_to_cart,desktop,India,referral,0
U01433,2025-05-02 15:30:42,checkout,desktop,India,referral,0
U01433,2025-05-02 15:57:22,purchase,desktop,India,referral,77.22
U01434,2025-03-12 14:00:00,view,mobile,India,organic,0
U01435,2025-03-15 02:00:00,view,desktop,India,organic,0
U01435,2025-03-15 02:25:00,add_to_cart,desktop,India,organic,0
U01435,2025-03-15 02:42:49,checkout,desktop,India,organic,0
U01435,2025-03-15 03:08:52,purchase,desktop,India,organic,39.69
U01436,2025-05-25 00:00:00,view,tablet,Canada,none,0
U01436,2025-05-25 00:17:30,add_to_cart,tablet,Canada,none,0
U01437,2025-03-19 05:00:00,view,desktop,US,cpc,0
U01437,2025-03-19 05:12:24,add_to_cart,desktop,US,cpc,0
U01437,2025-03-19 05:49:51,checkout,desktop,US,cpc,0
U01437,2025-03-19 06:43:43,purchase,desktop,US,cpc,106.15
U01438,2025-05-03 15:00:00,view,mobile,India,referral,0
U01438,2025-05-03 15:08:33,add_to_cart,mobile,India,referral,0
U01438,2025-05-03 15:52:31,checkout,mobile,India,referral,0
U01439,2025-01-24 14:00:00,view,mobile,US,organic,0
U01439,2025-01-24 14:16:53,add_to_cart,mobile,US,organic,0
U01439,2025-01-24 15:09:43,checkout,mobile,US,organic,0
U01439,2025-01-24 17:01:59,purchase,mobile,US,organic,80.05
U01440,2025-04-30 08:00:00,view,mobile,US,organic,0
U01440,2025-04-30 08:25:50,add_to_cart,mobile,US,organic,0
U01440,2025-04-30 08:52:03,checkout,mobile,US,organic,0
U01440,2025-04-30 10:50:17,purchase,mobile,US,organic,95.63
U01441,2025-01-09 06:00:00,view,mobile,India,none,0
U01442,2025-03-02 23:00:00,view,desktop,US,none,0
U01442,2025-03-02 23:07:22,add_to_cart,desktop,US,none,0
U01442,2025-03-02 23:13:41,checkout,desktop,US,none,0
U01442,2025-03-03 00:02:28,purchase,desktop,US,none,95.4
U01443,2025-03-02 08:00:00,view,desktop,US,cpc,0
U01443,2025-03-02 08:16:45,add_to_cart,desktop,US,cpc,0
U01443,2025-03-02 08:50:49,checkout,desktop,US,cpc,0
U01443,2025-03-02 09:42:27,purchase,desktop,US,cpc,71.04
U01444,2025-03-09 11:00:00,view,mobile,US,cpc,0
U01444,2025-03-09 11:15:37,add_to_cart,mobile,US,cpc,0
U01445,2025-02-16 02:00:00,view,mobile,Brazil,organic,0
U01445,2025-02-16 02:17:43,add_to_cart,mobile,Brazil,organic,0
U01445,2025-02-16 02:37:49,checkout,mobile,Brazil,organic,0
U01445,2025-02-16 03:13:38,purchase,mobile,Brazil,organic,34.39
U01446,2025-02-10 07:00:00,view,desktop,India,cpc,0
U01446,2025-02-10 07:34:09,add_to_cart,desktop,India,cpc,0
U01446,2025-02-10 08:25:09,checkout,desktop,India,cpc,0
U01446,2025-02-10 09:25:57,purchase,desktop,India,cpc,86.89
U01447,2025-03-18 03:00:00,view,tablet,Brazil,cpc,0
U01448,2025-03-16 16:00:00,view,desktop,Brazil,referral,0
U01448,2025-03-16 16:08:16,add_to_cart,desktop,Brazil,referral,0
U01448,2025-03-16 16:36:09,checkout,desktop,Brazil,referral,0
U01448,2025-03-16 17:18:50,purchase,desktop,Brazil,referral,53.16
U01449,2025-06-25 03:00:00,view,mobile,India,referral,0
U01449,2025-06-25 03:15:38,add_to_cart,mobile,India,referral,0
U01449,2025-06-25 04:08:15,checkout,mobile,India,referral,0
U01449,2025-06-25 04:45:43,purchase,mobile,India,referral,36.53
U01450,2025-01-23 11:00:00,view,mobile,UK,organic,0
U01451,2025-03-31 13:00:00,view,mobile,India,organic,0
U01451,2025-03-31 13:10:04,add_to_cart,mobile,India,organic,0
U01451,2025-03-31 14:00:00,checkout,mobile,India,organic,0
U01451,2025-03-31 14:02:21,purchase,mobile,India,organic,53.62
U01452,2025-02-26 09:00:00,view,mobile,Canada,organic,0
U01452,2025-02-26 09:19:01,add_to_cart,mobile,Canada,organic,0
U01452,2025-02-26 09:32:19,checkout,mobile,Canada,organic,0
U01452,2025-02-26 09:59:07,purchase,mobile,Canada,organic,41.63
U01453,2025-05-27 12:00:00,view,mobile,UK,organic,0
U01453,2025-05-27 12:08:41,add_to_cart,mobile,UK,organic,0
U01454,2025-03-20 23:00:00,view,tablet,US,organic,0
U01454,2025-03-20 23:08:33,add_to_cart,tablet,US,organic,0
U01455,2025-03-24 06:00:00,view,mobile,Brazil,cpc,0
U01455,2025-03-24 06:37:29,add_to_cart,mobile,Brazil,cpc,0
U01455,2025-03-24 07:15:34,checkout,mobile,Brazil,cpc,0
U01455,2025-03-24 07:34:07,purchase,mobile,Brazil,cpc,64.67
U01456,2025-05-01 05:00:00,view,mobile,Canada,organic,0
U01456,2025-05-01 06:02:32,add_to_cart,mobile,Canada,organic,0
U01456,2025-05-01 06:34:53,checkout,mobile,Canada,organic,0
U01456,2025-05-01 07:06:28,purchase,mobile,Canada,organic,102.58
U01457,2025-04-03 22:00:00,view,mobile,Brazil,none,0
U01458,2025-03-17 02:00:00,view,desktop,India,none,0
U01459,2025-01-12 14:00:00,view,desktop,US,cpc,0
U01460,2025-05-13 17:00:00,view,desktop,UK,cpc,0
U01461,2025-05-24 22:00:00,view,desktop,Canada,cpc,0
U01461,2025-05-24 22:08:18,add_to_cart,desktop,Canada,cpc,0
U01461,2025-05-24 22:38:09,checkout,desktop,Canada,cpc,0
U01462,2025-06-23 14:00:00,view,desktop,UK,cpc,0
U01463,2025-06-25 23:00:00,view,mobile,India,cpc,0
U01464,2025-03-15 22:00:00,view,desktop,US,referral,0
U01465,2025-04-16 10:00:00,view,mobile,US,cpc,0
U01466,2025-03-01 16:00:00,view,desktop,Canada,organic,0
U01467,2025-06-06 11:00:00,view,desktop,India,organic,0
U01467,2025-06-06 11:24:25,add_to_cart,desktop,India,organic,0
U01468,2025-05-26 22:00:00,view,desktop,US,referral,0
U01468,2025-05-26 22:12:50,add_to_cart,desktop,US,referral,0
U01468,2025-05-26 22:33:06,checkout,desktop,US,referral,0
U01468,2025-05-26 23:14:33,purchase,desktop,US,referral,92.14
U01469,2025-03-20 15:00:00,view,desktop,US,referral,0
U01469,2025-03-20 15:11:55,add_to_cart,desktop,US,referral,0
U01469,2025-03-20 15:40:51,checkout,desktop,US,referral,0
U01469,2025-03-20 16:43:42,purchase,desktop,US,referral,88.31
U01470,2025-06-29 17:00:00,view,mobile,US,referral,0
U01470,2025-06-29 17:16:19,add_to_cart,mobile,US,referral,0
U01470,2025-06-29 17:27:36,checkout,mobile,US,referral,0
U01470,2025-06-29 18:16:21,purchase,mobile,US,referral,113.34
U01471,2025-06-07 09:00:00,view,mobile,Brazil,cpc,0
U01471,2025-06-07 09:31:42,add_to_cart,mobile,Brazil,cpc,0
U01471,2025-06-07 10:11:09,checkout,mobile,Brazil,cpc,0
U01472,2025-02-08 05:00:00,view,desktop,US,organic,0
U01472,2025-02-08 05:05:29,add_to_cart,desktop,US,organic,0
U01472,2025-02-08 05:16:54,checkout,desktop,US,organic,0
U01473,2025-03-08 14:00:00,view,desktop,Canada,none,0
U01473,2025-03-08 14:13:08,add_to_cart,desktop,Canada,none,0
U01473,2025-03-08 14:44:31,checkout,desktop,Canada,none,0
U01473,2025-03-08 15:25:24,purchase,desktop,Canada,none,96.88
U01474,2025-06-08 18:00:00,view,tablet,Brazil,cpc,0
U01475,2025-01-25 06:00:00,view,desktop,US,organic,0
U01475,2025-01-25 06:12:48,add_to_cart,desktop,US,organic,0
U01475,2025-01-25 06:21:35,checkout,desktop,US,organic,0
U01475,2025-01-25 06:59:59,purchase,desktop,US,organic,118.88
U01476,2025-02-01 10:00:00,view,desktop,US,cpc,0
U01476,2025-02-01 10:28:23,add_to_cart,desktop,US,cpc,0
U01476,2025-02-01 10:34:50,checkout,desktop,US,cpc,0
U01477,2025-03-17 22:00:00,view,mobile,UK,cpc,0
U01477,2025-03-17 22:40:36,add_to_cart,mobile,UK,cpc,0
U01478,2025-02-04 02:00:00,view,mobile,UK,referral,0
U01478,2025-02-04 02:12:33,add_to_cart,mobile,UK,referral,0
U01478,2025-02-04 02:43:03,checkout,mobile,UK,referral,0
U01479,2025-05-01 21:00:00,view,tablet,UK,cpc,0
U01479,2025-05-01 21:18:42,add_to_cart,tablet,UK,cpc,0
U01479,2025-05-01 22:45:04,checkout,tablet,UK,cpc,0
U01480,2025-02-10 19:00:00,view,desktop,US,cpc,0
U01481,2025-01-16 23:00:00,view,desktop,US,none,0
U01481,2025-01-16 23:07:17,add_to_cart,desktop,US,none,0
U01481,2025-01-16 23:26:19,checkout,desktop,US,none,0
U01482,2025-06-01 00:00:00,view,mobile,US,cpc,0
U01482,2025-06-01 00:06:34,add_to_cart,mobile,US,cpc,0
U01483,2025-06-08 02:00:00,view,desktop,India,cpc,0
U01484,2025-05-31 00:00:00,view,desktop,Canada,referral,0
U01484,2025-05-31 00:09:39,add_to_cart,desktop,Canada,referral,0
U01485,2025-04-30 21:00:00,view,desktop,Brazil,organic,0
U01486,2025-04-15 21:00:00,view,tablet,India,cpc,0
U01486,2025-04-15 21:04:34,add_to_cart,tablet,India,cpc,0
U01487,2025-02-24 18:00:00,view,mobile,Canada,none,0
U01487,2025-02-24 18:36:23,add_to_cart,mobile,Canada,none,0
U01488,2025-04-16 14:00:00,view,desktop,Canada,referral,0
U01488,2025-04-16 14:07:29,add_to_cart,desktop,Canada,referral,0
U01488,2025-04-16 14:34:26,checkout,desktop,Canada,referral,0
U01488,2025-04-16 16:32:34,purchase,desktop,Canada,referral,98.3
U01489,2025-02-28 07:00:00,view,tablet,US,referral,0
U01490,2025-04-17 02:00:00,view,mobile,UK,organic,0
U01490,2025-04-17 02:18:09,add_to_cart,mobile,UK,organic,0
U01490,2025-04-17 02:56:16,checkout,mobile,UK,organic,0
U01490,2025-04-17 03:50:04,purchase,mobile,UK,organic,118.87
U01491,2025-02-16 16:00:00,view,desktop,UK,cpc,0
U01491,2025-02-16 16:04:27,add_to_cart,desktop,UK,cpc,0
U01491,2025-02-16 16:28:47,checkout,desktop,UK,cpc,0
U01492,2025-01-01 05:00:00,view,desktop,US,organic,0
U01492,2025-01-01 05:09:36,add_to_cart,desktop,US,organic,0
U01492,2025-01-01 05:35:49,checkout,desktop,US,organic,0
U01492,2025-01-01 06:32:21,purchase,desktop,US,organic,121.13
U01493,2025-02-15 05:00:00,view,mobile,Canada,referral,0
U01493,2025-02-15 05:43:38,add_to_cart,mobile,Canada,referral,0
U01493,2025-02-15 06:00:59,checkout,mobile,Canada,referral,0
U01493,2025-02-15 06:08:48,purchase,mobile,Canada,referral,114.61
U01494,2025-01-11 06:00:00,view,tablet,Canada,cpc,0
U01495,2025-03-29 00:00:00,view,mobile,US,referral,0
U01496,2025-04-16 03:00:00,view,mobile,Canada,referral,0
U01497,2025-05-04 15:00:00,view,desktop,UK,organic,0
U01497,2025-05-04 15:12:24,add_to_cart,desktop,UK,organic,0
U01497,2025-05-04 15:28:40,checkout,desktop,UK,organic,0
U01497,2025-05-04 16:05:51,purchase,desktop,UK,organic,116.69
U01498,2025-02-04 00:00:00,view,mobile,Canada,referral,0
U01498,2025-02-04 00:27:59,add_to_cart,mobile,Canada,referral,0
U01498,2025-02-04 00:48:07,checkout,mobile,Canada,referral,0
U01498,2025-02-04 01:15:53,purchase,mobile,Canada,referral,98.87
U01499,2025-05-03 16:00:00,view,mobile,US,referral,0
U01499,2025-05-03 16:13:16,add_to_cart,mobile,US,referral,0
U01500,2025-01-11 21:00:00,view,mobile,UK,organic,0
U01500,2025-01-11 21:06:36,add_to_cart,mobile,UK,organic,0
U01501,2025-05-09 12:00:00,view,mobile,India,referral,0
U01501,2025-05-09 12:21:37,add_to_cart,mobile,India,referral,0
U01501,2025-05-09 12:36:20,checkout,mobile,India,referral,0
U01501,2025-05-09 13:15:16,purchase,mobile,India,referral,78.59
U01502,2025-04-28 21:00:00,view,mobile,UK,organic,0
U01503,2025-04-02 04:00:00,view,desktop,US,organic,0
U01503,2025-04-02 04:11:25,add_to_cart,desktop,US,organic,0
U01503,2025-04-02 05:16:15,checkout,desktop,US,organic,0
U01503,2025-04-02 05:34:17,purchase,desktop,US,organic,100.54
U01504,2025-01-09 19:00:00,view,desktop,US,referral,0
U01505,2025-03-11 21:00:00,view,mobile,India,none,0
U01505,2025-03-11 21:02:52,add_to_cart,mobile,India,none,0
U01506,2025-03-04 14:00:00,view,mobile,US,organic,0
U01506,2025-03-04 14:07:02,add_to_cart,mobile,US,organic,0
U01506,2025-03-04 14:39:11,checkout,mobile,US,organic,0
U01506,2025-03-04 15:41:05,purchase,mobile,US,organic,92.68
U01507,2025-04-19 01:00:00,view,mobile,India,organic,0
U01507,2025-04-19 01:35:19,add_to_cart,mobile,India,organic,0
U01507,2025-04-19 01:58:00,checkout,mobile,India,organic,0
U01507,2025-04-19 03:11:03,purchase,mobile,India,organic,128.02
U01508,2025-06-17 21:00:00,view,desktop,US,organic,0
U01509,2025-02-07 16:00:00,view,desktop,India,organic,0
U01510,2025-03-29 21:00:00,view,desktop,Canada,organic,0
U01510,2025-03-29 21:13:14,add_to_cart,desktop,Canada,organic,0
U01510,2025-03-29 21:29:40,checkout,desktop,Canada,organic,0
U01510,2025-03-29 21:39:24,purchase,desktop,Canada,organic,116.38
U01511,2025-04-21 04:00:00,view,desktop,UK,referral,0
U01512,2025-04-04 12:00:00,view,mobile,India,organic,0
U01513,2025-04-30 02:00:00,view,mobile,US,referral,0
U01513,2025-04-30 02:11:44,add_to_cart,mobile,US,referral,0
U01513,2025-04-30 02:40:56,checkout,mobile,US,referral,0
U01513,2025-04-30 03:02:14,purchase,mobile,US,referral,97.69
U01514,2025-06-19 19:00:00,view,mobile,India,referral,0
U01514,2025-06-19 19:22:46,add_to_cart,mobile,India,referral,0
U01514,2025-06-19 19:46:33,checkout,mobile,India,referral,0
U01514,2025-06-19 21:01:49,purchase,mobile,India,referral,32.02
U01515,2025-01-23 04:00:00,view,tablet,India,none,0
U01516,2025-03-06 22:00:00,view,tablet,US,referral,0
U01517,2025-05-04 08:00:00,view,mobile,UK,organic,0
U01517,2025-05-04 08:16:42,add_to_cart,mobile,UK,organic,0
U01517,2025-05-04 08:23:56,checkout,mobile,UK,organic,0
U01517,2025-05-04 08:51:17,purchase,mobile,UK,organic,94.96
U01518,2025-04-11 20:00:00,view,desktop,UK,referral,0
U01518,2025-04-11 20:02:46,add_to_cart,desktop,UK,referral,0
U01518,2025-04-11 20:12:30,checkout,desktop,UK,referral,0
U01518,2025-04-11 20:22:42,purchase,desktop,UK,referral,105.0
U01519,2025-06-09 08:00:00,view,tablet,Canada,organic,0
U01519,2025-06-09 08:30:57,add_to_cart,tablet,Canada,organic,0
U01520,2025-02-15 07:00:00,view,desktop,US,organic,0
U01521,2025-04-24 09:00:00,view,desktop,US,cpc,0
U01522,2025-04-12 08:00:00,view,mobile,US,organic,0
U01522,2025-04-12 08:26:27,add_to_cart,mobile,US,organic,0
U01522,2025-04-12 09:20:47,checkout,mobile,US,organic,0
U01522,2025-04-12 09:43:13,purchase,mobile,US,organic,117.24
U01523,2025-03-28 14:00:00,view,tablet,US,organic,0
U01523,2025-03-28 14:08:26,add_to_cart,tablet,US,organic,0
U01523,2025-03-28 14:28:38,checkout,tablet,US,organic,0
U01524,2025-05-04 16:00:00,view,mobile,India,organic,0
U01525,2025-01-11 15:00:00,view,mobile,India,none,0
U01526,2025-03-30 19:00:00,view,mobile,US,organic,0
U01526,2025-03-30 19:16:15,add_to_cart,mobile,US,organic,0
U01527,2025-04-03 11:00:00,view,desktop,UK,organic,0
U01528,2025-01-04 17:00:00,view,mobile,India,referral,0
U01529,2025-02-13 03:00:00,view,mobile,Brazil,organic,0
U01529,2025-02-13 03:22:02,add_to_cart,mobile,Brazil,organic,0
U01529,2025-02-13 03:32:13,checkout,mobile,Brazil,organic,0
U01529,2025-02-13 04:23:12,purchase,mobile,Brazil,organic,101.06
U01530,2025-03-10 04:00:00,view,mobile,US,organic,0
U01530,2025-03-10 04:23:51,add_to_cart,mobile,US,organic,0
U01530,2025-03-10 04:49:18,checkout,mobile,US,organic,0
U01530,2025-03-10 05:28:41,purchase,mobile,US,organic,93.08
U01531,2025-05-03 15:00:00,view,mobile,US,organic,0
U01532,2025-06-07 06:00:00,view,desktop,India,organic,0
U01532,2025-06-07 06:14:38,add_to_cart,desktop,India,organic,0
U01532,2025-06-07 06:53:48,checkout,desktop,India,organic,0
U01533,2025-01-08 21:00:00,view,mobile,US,cpc,0
U01533,2025-01-08 21:09:21,add_to_cart,mobile,US,cpc,0
U01533,2025-01-08 21:14:49,checkout,mobile,US,cpc,0
U01534,2025-03-22 06:00:00,view,desktop,US,organic,0
U01534,2025-03-22 06:33:12,add_to_cart,desktop,US,organic,0
U01534,2025-03-22 06:49:53,checkout,desktop,US,organic,0
U01534,2025-03-22 08:02:45,purchase,desktop,US,organic,95.14
U01535,2025-06-01 19:00:00,view,mobile,US,referral,0
U01536,2025-01-15 13:00:00,view,mobile,US,cpc,0
U01537,2025-05-17 18:00:00,view,tablet,US,cpc,0
U01537,2025-05-17 18:52:06,add_to_cart,tablet,US,cpc,0
U01538,2025-05-10 15:00:00,view,desktop,India,organic,0
U01539,2025-03-06 15:00:00,view,desktop,Brazil,organic,0
U01539,2025-03-06 15:07:33,add_to_cart,desktop,Brazil,organic,0
U01539,2025-03-06 15:29:33,checkout,desktop,Brazil,organic,0
U01539,2025-03-06 16:01:57,purchase,desktop,Brazil,organic,96.76
U01540,2025-03-17 23:00:00,view,mobile,US,organic,0
U01540,2025-03-17 23:38:46,add_to_cart,mobile,US,organic,0
U01540,2025-03-18 00:04:24,checkout,mobile,US,organic,0
U01540,2025-03-18 00:08:57,purchase,mobile,US,organic,117.63
U01541,2025-03-01 00:00:00,view,desktop,India,cpc,0
U01542,2025-03-30 07:00:00,view,tablet,US,cpc,0
U01542,2025-03-30 07:25:03,add_to_cart,tablet,US,cpc,0
U01542,2025-03-30 07:45:09,checkout,tablet,US,cpc,0
U01542,2025-03-30 10:04:03,purchase,tablet,US,cpc,94.02
U01543,2025-04-09 07:00:00,view,desktop,US,cpc,0
U01543,2025-04-09 07:05:01,add_to_cart,desktop,US,cpc,0
U01543,2025-04-09 07:27:19,checkout,desktop,US,cpc,0
U01544,2025-06-07 00:00:00,view,desktop,US,cpc,0
U01544,2025-06-07 00:02:00,add_to_cart,desktop,US,cpc,0
U01544,2025-06-07 01:05:39,checkout,desktop,US,cpc,0
U01545,2025-03-01 06:00:00,view,desktop,US,organic,0
U01545,2025-03-01 06:11:24,add_to_cart,desktop,US,organic,0
U01545,2025-03-01 06:35:13,checkout,desktop,US,organic,0
U01545,2025-03-01 07:03:38,purchase,desktop,US,organic,71.57
U01546,2025-05-25 18:00:00,view,mobile,US,organic,0
U01546,2025-05-25 18:03:09,add_to_cart,mobile,US,organic,0
U01546,2025-05-25 19:15:22,checkout,mobile,US,organic,0
U01546,2025-05-25 20:08:03,purchase,mobile,US,organic,86.15
U01547,2025-06-12 12:00:00,view,mobile,Canada,organic,0
U01547,2025-06-12 12:21:31,add_to_cart,mobile,Canada,organic,0
U01547,2025-06-12 13:07:21,checkout,mobile,Canada,organic,0
U01547,2025-06-12 13:38:00,purchase,mobile,Canada,organic,77.05
U01548,2025-05-01 02:00:00,view,desktop,Brazil,organic,0
U01549,2025-01-21 18:00:00,view,mobile,Brazil,none,0
U01549,2025-01-21 18:20:15,add_to_cart,mobile,Brazil,none,0
U01549,2025-01-21 18:38:04,checkout,mobile,Brazil,none,0
U01550,2025-01-07 16:00:00,view,desktop,US,organic,0
U01551,2025-02-11 09:00:00,view,mobile,Canada,none,0
U01552,2025-04-25 11:00:00,view,mobile,Canada,none,0
U01552,2025-04-25 11:28:21,add_to_cart,mobile,Canada,none,0
U01553,2025-01-18 18:00:00,view,mobile,Canada,referral,0
U01554,2025-01-29 03:00:00,view,desktop,Brazil,organic,0
U01554,2025-01-29 03:29:05,add_to_cart,desktop,Brazil,organic,0
U01554,2025-01-29 03:52:08,checkout,desktop,Brazil,organic,0
U01554,2025-01-29 04:46:42,purchase,desktop,Brazil,organic,88.7
U01555,2025-05-28 09:00:00,view,tablet,US,referral,0
U01555,2025-05-28 09:05:46,add_to_cart,tablet,US,referral,0
U01556,2025-06-27 22:00:00,view,desktop,UK,organic,0
U01556,2025-06-27 22:15:31,add_to_cart,desktop,UK,organic,0
U01557,2025-03-24 19:00:00,view,mobile,Canada,referral,0
U01558,2025-06-12 08:00:00,view,desktop,US,organic,0
U01558,2025-06-12 08:06:50,add_to_cart,desktop,US,organic,0
U01558,2025-06-12 08:19:08,checkout,desktop,US,organic,0
U01558,2025-06-12 09:04:08,purchase,desktop,US,organic,90.57
U01559,2025-06-16 17:00:00,view,desktop,India,organic,0
U01559,2025-06-16 17:25:25,add_to_cart,desktop,India,organic,0
U01559,2025-06-16 17:49:50,checkout,desktop,India,organic,0
U01559,2025-06-16 18:17:37,purchase,desktop,India,organic,65.54
U01560,2025-06-20 04:00:00,view,tablet,Canada,cpc,0
U01560,2025-06-20 04:11:42,add_to_cart,tablet,Canada,cpc,0
U01561,2025-06-22 18:00:00,view,tablet,US,referral,0
U01561,2025-06-22 18:09:06,add_to_cart,tablet,US,referral,0
U01561,2025-06-22 19:18:09,checkout,tablet,US,referral,0
U01561,2025-06-22 19:50:42,purchase,tablet,US,referral,90.45
U01562,2025-05-18 23:00:00,view,mobile,US,organic,0
U01563,2025-06-20 04:00:00,view,desktop,India,referral,0
U01563,2025-06-20 04:03:23,add_to_cart,desktop,India,referral,0
U01563,2025-06-20 04:33:56,checkout,desktop,India,referral,0
U01564,2025-02-11 14:00:00,view,desktop,UK,organic,0
U01564,2025-02-11 14:43:42,add_to_cart,desktop,UK,organic,0
U01564,2025-02-11 14:50:05,checkout,desktop,UK,organic,0
U01564,2025-02-11 15:10:07,purchase,desktop,UK,organic,84.27
U01565,2025-01-22 03:00:00,view,desktop,Canada,organic,0
U01565,2025-01-22 03:10:51,add_to_cart,desktop,Canada,organic,0
U01565,2025-01-22 03:51:20,checkout,desktop,Canada,organic,0
U01565,2025-01-22 04:12:04,purchase,desktop,Canada,organic,104.56
U01566,2025-05-08 19:00:00,view,mobile,US,organic,0
U01567,2025-05-15 03:00:00,view,tablet,US,none,0
U01568,2025-04-18 04:00:00,view,desktop,US,organic,0
U01569,2025-05-13 11:00:00,view,mobile,UK,none,0
U01570,2025-04-17 14:00:00,view,desktop,US,referral,0
U01570,2025-04-17 14:08:39,add_to_cart,desktop,US,referral,0
U01571,2025-01-21 09:00:00,view,desktop,Canada,referral,0
U01571,2025-01-21 09:02:00,add_to_cart,desktop,Canada,referral,0
U01572,2025-05-12 06:00:00,view,mobile,US,cpc,0
U01572,2025-05-12 06:16:47,add_to_cart,mobile,US,cpc,0
U01572,2025-05-12 06:34:05,checkout,mobile,US,cpc,0
U01572,2025-05-12 07:19:01,purchase,mobile,US,cpc,90.46
U01573,2025-04-24 05:00:00,view,mobile,Brazil,referral,0
U01574,2025-06-21 21:00:00,view,desktop,India,referral,0
U01574,2025-06-21 21:24:26,add_to_cart,desktop,India,referral,0
U01575,2025-04-05 06:00:00,view,desktop,US,organic,0
U01575,2025-04-05 06:02:47,add_to_cart,desktop,US,organic,0
U01575,2025-04-05 06:19:15,checkout,desktop,US,organic,0
U01575,2025-04-05 06:23:51,purchase,desktop,US,organic,119.78
U01576,2025-05-12 05:00:00,view,desktop,Canada,cpc,0
U01576,2025-05-12 05:11:57,add_to_cart,desktop,Canada,cpc,0
U01576,2025-05-12 05:57:47,checkout,desktop,Canada,cpc,0
U01576,2025-05-12 06:42:50,purchase,desktop,Canada,cpc,73.92
U01577,2025-05-30 15:00:00,view,tablet,India,referral,0
U01578,2025-01-15 02:00:00,view,desktop,UK,referral,0
U01578,2025-01-15 02:02:00,add_to_cart,desktop,UK,referral,0
U01578,2025-01-15 02:10:08,checkout,desktop,UK,referral,0
U01578,2025-01-15 02:32:01,purchase,desktop,UK,referral,122.1
U01579,2025-06-02 04:00:00,view,tablet,US,none,0
U01580,2025-03-10 23:00:00,view,mobile,UK,referral,0
U01580,2025-03-10 23:05:56,add_to_cart,mobile,UK,referral,0
U01580,2025-03-10 23:23:07,checkout,mobile,UK,referral,0
U01581,2025-03-01 05:00:00,view,desktop,Canada,organic,0
U01582,2025-05-12 09:00:00,view,desktop,US,organic,0
U01582,2025-05-12 09:16:22,add_to_cart,desktop,US,organic,0
U01583,2025-02-27 15:00:00,view,desktop,Brazil,organic,0
U01583,2025-02-27 15:14:31,add_to_cart,desktop,Brazil,organic,0
U01583,2025-02-27 15:22:26,checkout,desktop,Brazil,organic,0
U01583,2025-02-27 15:26:25,purchase,desktop,Brazil,organic,98.17
U01584,2025-02-21 07:00:00,view,desktop,UK,none,0
U01584,2025-02-21 07:07:58,add_to_cart,desktop,UK,none,0
U01585,2025-04-26 02:00:00,view,desktop,US,organic,0
U01585,2025-04-26 02:02:21,add_to_cart,desktop,US,organic,0
U01586,2025-03-08 15:00:00,view,mobile,Canada,none,0
U01587,2025-05-10 15:00:00,view,mobile,UK,none,0
U01588,2025-04-14 03:00:00,view,mobile,US,referral,0
U01588,2025-04-14 03:13:21,add_to_cart,mobile,US,referral,0
U01588,2025-04-14 03:30:09,checkout,mobile,US,referral,0
U01588,2025-04-14 04:26:29,purchase,mobile,US,referral,113.2
U01589,2025-05-15 05:00:00,view,mobile,UK,cpc,0
U01589,2025-05-15 05:05:31,add_to_cart,mobile,UK,cpc,0
U01589,2025-05-15 05:24:31,checkout,mobile,UK,cpc,0
U01589,2025-05-15 05:33:50,purchase,mobile,UK,cpc,109.2
U01590,2025-03-23 20:00:00,view,mobile,US,organic,0
U01591,2025-06-03 00:00:00,view,mobile,UK,referral,0
U01591,2025-06-03 00:16:07,add_to_cart,mobile,UK,referral,0
U01591,2025-06-03 02:05:07,checkout,mobile,UK,referral,0
U01591,2025-06-03 02:23:07,purchase,mobile,UK,referral,68.59
U01592,2025-01-13 12:00:00,view,tablet,US,organic,0
U01593,2025-05-09 05:00:00,view,tablet,Canada,none,0
U01593,2025-05-09 05:08:50,add_to_cart,tablet,Canada,none,0
U01594,2025-04-20 22:00:00,view,tablet,Canada,organic,0
U01595,2025-02-01 12:00:00,view,mobile,US,organic,0
U01595,2025-02-01 12:02:00,add_to_cart,mobile,US,organic,0
U01596,2025-05-06 21:00:00,view,desktop,Brazil,cpc,0
U01596,2025-05-06 21:11:07,add_to_cart,desktop,Brazil,cpc,0
U01597,2025-06-12 02:00:00,view,mobile,UK,referral,0
U01597,2025-06-12 02:18:53,add_to_cart,mobile,UK,referral,0
U01597,2025-06-12 03:33:48,checkout,mobile,UK,referral,0
U01597,2025-06-12 04:15:28,purchase,mobile,UK,referral,96.78
U01598,2025-04-19 22:00:00,view,desktop,US,cpc,0
U01598,2025-04-19 22:13:30,add_to_cart,desktop,US,cpc,0
U01598,2025-04-19 22:31:07,checkout,desktop,US,cpc,0
U01598,2025-04-19 23:06:24,purchase,desktop,US,cpc,101.92
U01599,2025-02-09 07:00:00,view,desktop,UK,organic,0
U01599,2025-02-09 07:14:57,add_to_cart,desktop,UK,organic,0
U01599,2025-02-09 07:22:16,checkout,desktop,UK,organic,0
U01599,2025-02-09 07:26:57,purchase,desktop,UK,organic,142.67
U01600,2025-06-18 12:00:00,view,mobile,UK,organic,0
U01600,2025-06-18 12:19:44,add_to_cart,mobile,UK,organic,0
U01601,2025-06-05 13:00:00,view,desktop,UK,cpc,0
U01601,2025-06-05 14:09:05,add_to_cart,desktop,UK,cpc,0
U01601,2025-06-05 14:44:46,checkout,desktop,UK,cpc,0
U01601,2025-06-05 15:06:13,purchase,desktop,UK,cpc,96.59
U01602,2025-06-17 07:00:00,view,desktop,India,organic,0
U01602,2025-06-17 07:29:02,add_to_cart,desktop,India,organic,0
U01602,2025-06-17 07:50:04,checkout,desktop,India,organic,0
U01602,2025-06-17 08:43:16,purchase,desktop,India,organic,74.67
U01603,2025-06-11 08:00:00,view,desktop,US,cpc,0
U01604,2025-04-14 02:00:00,view,desktop,US,cpc,0
U01604,2025-04-14 02:18:04,add_to_cart,desktop,US,cpc,0
U01604,2025-04-14 03:10:09,checkout,desktop,US,cpc,0
U01604,2025-04-14 03:35:08,purchase,desktop,US,cpc,60.33
U01605,2025-04-27 20:00:00,view,mobile,UK,referral,0
U01605,2025-04-27 20:19:33,add_to_cart,mobile,UK,referral,0
U01605,2025-04-27 21:00:55,checkout,mobile,UK,referral,0
U01605,2025-04-27 22:46:00,purchase,mobile,UK,referral,128.06
U01606,2025-04-02 18:00:00,view,desktop,UK,organic,0
U01606,2025-04-02 18:20:22,add_to_cart,desktop,UK,organic,0
U01607,2025-01-15 22:00:00,view,tablet,Brazil,organic,0
U01607,2025-01-15 22:21:11,add_to_cart,tablet,Brazil,organic,0
U01607,2025-01-15 22:32:07,checkout,tablet,Brazil,organic,0
U01608,2025-01-04 01:00:00,view,desktop,Canada,none,0
U01608,2025-01-04 01:21:17,add_to_cart,desktop,Canada,none,0
U01609,2025-01-27 15:00:00,view,desktop,US,cpc,0
U01610,2025-05-03 03:00:00,view,tablet,Canada,cpc,0
U01611,2025-04-28 19:00:00,view,mobile,UK,organic,0
U01611,2025-04-28 19:05:37,add_to_cart,mobile,UK,organic,0
U01611,2025-04-28 19:19:56,checkout,mobile,UK,organic,0
U01611,2025-04-28 20:21:38,purchase,mobile,UK,organic,80.11
U01612,2025-01-26 08:00:00,view,mobile,US,cpc,0
U01613,2025-04-27 06:00:00,view,mobile,Canada,organic,0
U01613,2025-04-27 06:17:35,add_to_cart,mobile,Canada,organic,0
U01613,2025-04-27 06:28:49,checkout,mobile,Canada,organic,0
U01613,2025-04-27 09:06:22,purchase,mobile,Canada,organic,40.83
U01614,2025-01-12 23:00:00,view,mobile,US,organic,0
U01614,2025-01-12 23:28:21,add_to_cart,mobile,US,organic,0
U01614,2025-01-12 23:40:29,checkout,mobile,US,organic,0
U01614,2025-01-13 00:58:39,purchase,mobile,US,organic,116.44
U01615,2025-01-02 18:00:00,view,tablet,UK,organic,0
U01616,2025-03-06 23:00:00,view,desktop,UK,organic,0
U01617,2025-04-30 04:00:00,view,mobile,India,organic,0
U01618,2025-04-27 06:00:00,view,mobile,UK,referral,0
U01619,2025-06-08 17:00:00,view,mobile,US,cpc,0
U01619,2025-06-08 17:19:02,add_to_cart,mobile,US,cpc,0
U01619,2025-06-08 18:47:33,checkout,mobile,US,cpc,0
U01620,2025-02-27 01:00:00,view,mobile,Canada,organic,0
U01621,2025-05-14 22:00:00,view,desktop,Brazil,none,0
U01621,2025-05-14 22:12:21,add_to_cart,desktop,Brazil,none,0
U01621,2025-05-14 22:26:49,checkout,desktop,Brazil,none,0
U01621,2025-05-14 22:43:45,purchase,desktop,Brazil,none,56.52
U01622,2025-06-20 17:00:00,view,mobile,India,organic,0
U01623,2025-06-27 15:00:00,view,mobile,US,organic,0
U01624,2025-05-18 22:00:00,view,desktop,Brazil,organic,0
U01624,2025-05-18 22:05:08,add_to_cart,desktop,Brazil,organic,0
U01624,2025-05-18 22:11:40,checkout,desktop,Brazil,organic,0
U01624,2025-05-18 22:35:41,purchase,desktop,Brazil,organic,94.12
U01625,2025-06-10 13:00:00,view,desktop,US,organic,0
U01625,2025-06-10 13:18:33,add_to_cart,desktop,US,organic,0
U01625,2025-06-10 13:26:13,checkout,desktop,US,organic,0
U01625,2025-06-10 14:24:49,purchase,desktop,US,organic,130.73
U01626,2025-02-12 10:00:00,view,tablet,Brazil,cpc,0
U01627,2025-02-22 03:00:00,view,mobile,India,cpc,0
U01628,2025-01-27 04:00:00,view,desktop,US,organic,0
U01628,2025-01-27 04:09:12,add_to_cart,desktop,US,organic,0
U01628,2025-01-27 04:43:16,checkout,desktop,US,organic,0
U01628,2025-01-27 05:07:11,purchase,desktop,US,organic,84.02
U01629,2025-02-03 22:00:00,view,desktop,US,referral,0
U01629,2025-02-03 22:15:47,add_to_cart,desktop,US,referral,0
U01629,2025-02-03 22:33:40,checkout,desktop,US,referral,0
U01629,2025-02-03 23:06:37,purchase,desktop,US,referral,84.99
U01630,2025-06-07 12:00:00,view,mobile,Canada,cpc,0
U01631,2025-03-30 13:00:00,view,mobile,UK,referral,0
U01631,2025-03-30 13:13:27,add_to_cart,mobile,UK,referral,0
U01631,2025-03-30 13:38:00,checkout,mobile,UK,referral,0
U01632,2025-01-02 05:00:00,view,tablet,Canada,referral,0
U01632,2025-01-02 05:15:42,add_to_cart,tablet,Canada,referral,0
U01632,2025-01-02 05:54:13,checkout,tablet,Canada,referral,0
U01633,2025-02-10 02:00:00,view,mobile,Brazil,referral,0
U01633,2025-02-10 02:14:00,add_to_cart,mobile,Brazil,referral,0
U01633,2025-02-10 02:31:56,checkout,mobile,Brazil,referral,0
U01633,2025-02-10 04:26:29,purchase,mobile,Brazil,referral,34.62
U01634,2025-03-09 01:00:00,view,mobile,US,referral,0
U01634,2025-03-09 01:08:33,add_to_cart,mobile,US,referral,0
U01635,2025-02-12 03:00:00,view,mobile,Brazil,cpc,0
U01635,2025-02-12 03:21:30,add_to_cart,mobile,Brazil,cpc,0
U01635,2025-02-12 03:55:44,checkout,mobile,Brazil,cpc,0
U01636,2025-03-17 05:00:00,view,mobile,Brazil,referral,0
U01636,2025-03-17 05:11:00,add_to_cart,mobile,Brazil,referral,0
U01636,2025-03-17 05:35:48,checkout,mobile,Brazil,referral,0
U01637,2025-06-26 20:00:00,view,tablet,India,organic,0
U01637,2025-06-26 20:15:16,add_to_cart,tablet,India,organic,0
U01637,2025-06-26 20:46:37,checkout,tablet,India,organic,0
U01638,2025-05-16 04:00:00,view,desktop,Brazil,referral,0
U01638,2025-05-16 04:13:24,add_to_cart,desktop,Brazil,referral,0
U01638,2025-05-16 04:54:39,checkout,desktop,Brazil,referral,0
U01638,2025-05-16 06:13:45,purchase,desktop,Brazil,referral,99.07
U01639,2025-02-16 17:00:00,view,tablet,India,organic,0
U01640,2025-06-12 07:00:00,view,mobile,Canada,cpc,0
U01641,2025-05-21 22:00:00,view,desktop,India,organic,0
U01641,2025-05-21 22:15:34,add_to_cart,desktop,India,organic,0
U01641,2025-05-21 22:21:41,checkout,desktop,India,organic,0
U01641,2025-05-21 22:26:03,purchase,desktop,India,organic,114.4
U01642,2025-04-14 06:00:00,view,tablet,Brazil,none,0
U01642,2025-04-14 06:06:00,add_to_cart,tablet,Brazil,none,0
U01643,2025-05-13 08:00:00,view,mobile,US,none,0
U01644,2025-02-28 05:00:00,view,desktop,US,none,0
U01644,2025-02-28 05:07:44,add_to_cart,desktop,US,none,0
U01644,2025-02-28 05:52:22,checkout,desktop,US,none,0
U01644,2025-02-28 07:35:38,purchase,desktop,US,none,90.86
U01645,2025-06-21 20:00:00,view,tablet,US,organic,0
U01646,2025-05-09 12:00:00,view,mobile,UK,cpc,0
U01646,2025-05-09 12:17:35,add_to_cart,mobile,UK,cpc,0
U01646,2025-05-09 12:41:21,checkout,mobile,UK,cpc,0
U01647,2025-03-09 21:00:00,view,mobile,US,referral,0
U01647,2025-03-09 21:23:09,add_to_cart,mobile,US,referral,0
U01647,2025-03-09 21:47:44,checkout,mobile,US,referral,0
U01647,2025-03-09 22:31:33,purchase,mobile,US,referral,104.74
U01648,2025-03-16 01:00:00,view,mobile,India,organic,0
U01649,2025-04-10 08:00:00,view,mobile,US,organic,0
U01649,2025-04-10 08:14:54,add_to_cart,mobile,US,organic,0
U01649,2025-04-10 08:30:07,checkout,mobile,US,organic,0
U01649,2025-04-10 08:39:25,purchase,mobile,US,organic,102.72
U01650,2025-05-10 14:00:00,view,tablet,Canada,organic,0
U01650,2025-05-10 14:22:29,add_to_cart,tablet,Canada,organic,0
U01651,2025-04-05 04:00:00,view,mobile,US,none,0
U01652,2025-02-01 21:00:00,view,tablet,UK,referral,0
U01653,2025-01-12 02:00:00,view,desktop,India,none,0
U01654,2025-03-22 02:00:00,view,desktop,US,cpc,0
U01655,2025-02-17 10:00:00,view,desktop,Canada,organic,0
U01655,2025-02-17 10:17:36,add_to_cart,desktop,Canada,organic,0
U01655,2025-02-17 10:53:45,checkout,desktop,Canada,organic,0
U01655,2025-02-17 11:04:41,purchase,desktop,Canada,organic,91.92
U01656,2025-03-06 07:00:00,view,tablet,Brazil,organic,0
U01657,2025-02-28 03:00:00,view,desktop,India,organic,0
U01657,2025-02-28 03:03:01,add_to_cart,desktop,India,organic,0
U01658,2025-02-09 19:00:00,view,mobile,UK,referral,0
U01659,2025-03-30 04:00:00,view,desktop,India,referral,0
U01660,2025-05-24 12:00:00,view,desktop,Canada,organic,0
U01660,2025-05-24 12:20:03,add_to_cart,desktop,Canada,organic,0
U01660,2025-05-24 13:09:39,checkout,desktop,Canada,organic,0
U01660,2025-05-24 13:51:55,purchase,desktop,Canada,organic,138.64
U01661,2025-03-15 13:00:00,view,desktop,US,none,0
U01662,2025-01-14 13:00:00,view,desktop,Brazil,cpc,0
U01662,2025-01-14 13:12:50,add_to_cart,desktop,Brazil,cpc,0
U01662,2025-01-14 13:25:45,checkout,desktop,Brazil,cpc,0
U01662,2025-01-14 15:07:04,purchase,desktop,Brazil,cpc,105.7
U01663,2025-04-06 13:00:00,view,mobile,Canada,referral,0
U01663,2025-04-06 13:26:19,add_to_cart,mobile,Canada,referral,0
U01663,2025-04-06 13:32:12,checkout,mobile,Canada,referral,0
U01663,2025-04-06 13:53:43,purchase,mobile,Canada,referral,82.71
U01664,2025-01-20 05:00:00,view,mobile,US,cpc,0
U01664,2025-01-20 05:08:56,add_to_cart,mobile,US,cpc,0
U01664,2025-01-20 05:32:31,checkout,mobile,US,cpc,0
U01664,2025-01-20 07:07:27,purchase,mobile,US,cpc,72.19
U01665,2025-05-11 19:00:00,view,desktop,India,cpc,0
U01666,2025-03-15 18:00:00,view,desktop,US,cpc,0
U01666,2025-03-15 18:28:27,add_to_cart,desktop,US,cpc,0
U01666,2025-03-15 18:47:03,checkout,desktop,US,cpc,0
U01666,2025-03-15 19:01:43,purchase,desktop,US,cpc,62.34
U01667,2025-05-24 05:00:00,view,desktop,US,none,0
U01668,2025-02-18 07:00:00,view,mobile,US,cpc,0
U01669,2025-03-10 08:00:00,view,desktop,UK,cpc,0
U01669,2025-03-10 08:04:08,add_to_cart,desktop,UK,cpc,0
U01669,2025-03-10 09:01:06,checkout,desktop,UK,cpc,0
U01670,2025-06-11 07:00:00,view,mobile,India,referral,0
U01670,2025-06-11 07:16:25,add_to_cart,mobile,India,referral,0
U01670,2025-06-11 07:38:14,checkout,mobile,India,referral,0
U01670,2025-06-11 08:17:42,purchase,mobile,India,referral,110.46
U01671,2025-05-14 01:00:00,view,desktop,Canada,organic,0
U01672,2025-04-16 18:00:00,view,mobile,US,cpc,0
U01673,2025-03-21 08:00:00,view,mobile,Canada,organic,0
U01674,2025-03-22 18:00:00,view,tablet,Brazil,referral,0
U01674,2025-03-22 18:04:29,add_to_cart,tablet,Brazil,referral,0
U01674,2025-03-22 18:18:51,checkout,tablet,Brazil,referral,0
U01674,2025-03-22 18:38:14,purchase,tablet,Brazil,referral,62.04
U01675,2025-01-13 12:00:00,view,mobile,US,organic,0
U01675,2025-01-13 12:24:18,add_to_cart,mobile,US,organic,0
U01675,2025-01-13 13:00:29,checkout,mobile,US,organic,0
U01675,2025-01-13 13:33:00,purchase,mobile,US,organic,106.48
U01676,2025-01-22 20:00:00,view,desktop,UK,cpc,0
U01676,2025-01-22 20:08:40,add_to_cart,desktop,UK,cpc,0
U01676,2025-01-22 20:33:25,checkout,desktop,UK,cpc,0
U01676,2025-01-22 21:04:55,purchase,desktop,UK,cpc,75.15
U01677,2025-04-16 05:00:00,view,mobile,US,organic,0
U01677,2025-04-16 05:12:01,add_to_cart,mobile,US,organic,0
U01678,2025-02-10 12:00:00,view,mobile,India,organic,0
U01678,2025-02-10 12:23:04,add_to_cart,mobile,India,organic,0
U01678,2025-02-10 13:16:08,checkout,mobile,India,organic,0
U01678,2025-02-10 15:37:35,purchase,mobile,India,organic,86.94
U01679,2025-05-04 17:00:00,view,mobile,Canada,referral,0
U01679,2025-05-04 17:30:18,add_to_cart,mobile,Canada,referral,0
U01679,2025-05-04 19:06:15,checkout,mobile,Canada,referral,0
U01679,2025-05-04 19:15:22,purchase,mobile,Canada,referral,90.26
U01680,2025-03-16 02:00:00,view,mobile,US,organic,0
U01680,2025-03-16 02:11:16,add_to_cart,mobile,US,organic,0
U01680,2025-03-16 02:32:29,checkout,mobile,US,organic,0
U01680,2025-03-16 03:49:52,purchase,mobile,US,organic,135.3
U01681,2025-04-19 11:00:00,view,desktop,US,cpc,0
U01681,2025-04-19 11:07:15,add_to_cart,desktop,US,cpc,0
U01681,2025-04-19 11:38:25,checkout,desktop,US,cpc,0
U01681,2025-04-19 11:57:12,purchase,desktop,US,cpc,122.06
U01682,2025-04-08 16:00:00,view,mobile,US,cpc,0
U01682,2025-04-08 16:10:01,add_to_cart,mobile,US,cpc,0
U01683,2025-03-23 04:00:00,view,desktop,Brazil,organic,0
U01683,2025-03-23 04:14:17,add_to_cart,desktop,Brazil,organic,0
U01683,2025-03-23 05:38:49,checkout,desktop,Brazil,organic,0
U01683,2025-03-23 06:07:41,purchase,desktop,Brazil,organic,53.85
U01684,2025-06-17 13:00:00,view,tablet,US,organic,0
U01685,2025-04-03 08:00:00,view,mobile,India,none,0
U01686,2025-04-08 12:00:00,view,tablet,India,cpc,0
U01687,2025-03-06 14:00:00,view,desktop,UK,referral,0
U01688,2025-01-28 03:00:00,view,desktop,Brazil,referral,0
U01689,2025-01-04 07:00:00,view,desktop,US,organic,0
U01689,2025-01-04 07:03:16,add_to_cart,desktop,US,organic,0
U01689,2025-01-04 07:19:30,checkout,desktop,US,organic,0
U01690,2025-01-27 19:00:00,view,mobile,Brazil,organic,0
U01690,2025-01-27 19:08:54,add_to_cart,mobile,Brazil,organic,0
U01690,2025-01-27 19:12:04,checkout,mobile,Brazil,organic,0
U01690,2025-01-27 19:54:27,purchase,mobile,Brazil,organic,109.8
U01691,2025-03-11 17:00:00,view,mobile,Canada,referral,0
U01691,2025-03-11 17:18:17,add_to_cart,mobile,Canada,referral,0
U01691,2025-03-11 17:38:54,checkout,mobile,Canada,referral,0
U01691,2025-03-11 18:23:27,purchase,mobile,Canada,referral,94.85
U01692,2025-01-27 13:00:00,view,desktop,Brazil,organic,0
U01692,2025-01-27 13:06:19,add_to_cart,desktop,Brazil,organic,0
U01692,2025-01-27 13:51:24,checkout,desktop,Brazil,organic,0
U01692,2025-01-27 14:07:42,purchase,desktop,Brazil,organic,79.44
U01693,2025-05-10 01:00:00,view,desktop,India,none,0
U01693,2025-05-10 01:17:36,add_to_cart,desktop,India,none,0
U01693,2025-05-10 01:29:02,checkout,desktop,India,none,0
U01693,2025-05-10 03:14:04,purchase,desktop,India,none,68.15
U01694,2025-02-15 20:00:00,view,desktop,Brazil,cpc,0
U01695,2025-03-03 21:00:00,view,desktop,US,organic,0
U01695,2025-03-03 21:19:05,add_to_cart,desktop,US,organic,0
U01696,2025-01-23 02:00:00,view,mobile,US,cpc,0
U01697,2025-06-19 12:00:00,view,mobile,Canada,none,0
U01697,2025-06-19 12:22:55,add_to_cart,mobile,Canada,none,0
U01698,2025-04-14 05:00:00,view,mobile,Canada,organic,0
U01698,2025-04-14 05:18:28,add_to_cart,mobile,Canada,organic,0
U01698,2025-04-14 06:05:55,checkout,mobile,Canada,organic,0
U01698,2025-04-14 06:31:54,purchase,mobile,Canada,organic,22.29
U01699,2025-05-19 16:00:00,view,tablet,Brazil,organic,0
U01699,2025-05-19 16:29:58,add_to_cart,tablet,Brazil,organic,0
U01700,2025-03-07 06:00:00,view,tablet,Brazil,organic,0
U01701,2025-05-01 18:00:00,view,desktop,Brazil,organic,0
U01701,2025-05-01 18:06:31,add_to_cart,desktop,Brazil,organic,0
U01701,2025-05-01 19:05:07,checkout,desktop,Brazil,organic,0
U01701,2025-05-01 20:12:40,purchase,desktop,Brazil,organic,126.41
U01702,2025-02-20 04:00:00,view,mobile,US,referral,0
U01702,2025-02-20 04:15:49,add_to_cart,mobile,US,referral,0
U01702,2025-02-20 05:17:33,checkout,mobile,US,referral,0
U01702,2025-02-20 05:28:48,purchase,mobile,US,referral,76.38
U01703,2025-05-27 11:00:00,view,mobile,US,cpc,0
U01703,2025-05-27 11:47:55,add_to_cart,mobile,US,cpc,0
U01704,2025-01-17 23:00:00,view,desktop,US,referral,0
U01704,2025-01-17 23:38:59,add_to_cart,desktop,US,referral,0
U01704,2025-01-17 23:52:17,checkout,desktop,US,referral,0
U01704,2025-01-18 00:40:49,purchase,desktop,US,referral,153.98
U01705,2025-03-28 18:00:00,view,mobile,UK,cpc,0
U01705,2025-03-28 18:17:08,add_to_cart,mobile,UK,cpc,0
U01705,2025-03-28 18:43:15,checkout,mobile,UK,cpc,0
U01706,2025-02-06 08:00:00,view,tablet,US,referral,0
U01706,2025-02-06 08:26:09,add_to_cart,tablet,US,referral,0
U01707,2025-02-23 19:00:00,view,desktop,US,organic,0
U01707,2025-02-23 19:13:47,add_to_cart,desktop,US,organic,0
U01707,2025-02-23 19:26:00,checkout,desktop,US,organic,0
U01707,2025-02-23 19:36:01,purchase,desktop,US,organic,122.5
U01708,2025-05-15 14:00:00,view,mobile,US,cpc,0
U01709,2025-03-09 13:00:00,view,tablet,India,cpc,0
U01709,2025-03-09 13:06:07,add_to_cart,tablet,India,cpc,0
U01710,2025-03-19 09:00:00,view,desktop,Brazil,none,0
U01710,2025-03-19 09:28:03,add_to_cart,desktop,Brazil,none,0
U01711,2025-01-05 20:00:00,view,tablet,Canada,organic,0
U01711,2025-01-05 20:10:16,add_to_cart,tablet,Canada,organic,0
U01712,2025-05-30 12:00:00,view,desktop,Brazil,cpc,0
U01713,2025-04-25 01:00:00,view,desktop,US,referral,0
U01713,2025-04-25 01:12:50,add_to_cart,desktop,US,referral,0
U01713,2025-04-25 01:17:37,checkout,desktop,US,referral,0
U01713,2025-04-25 01:38:53,purchase,desktop,US,referral,157.11
U01714,2025-06-19 07:00:00,view,mobile,US,referral,0
U01714,2025-06-19 07:15:20,add_to_cart,mobile,US,referral,0
U01714,2025-06-19 08:08:52,checkout,mobile,US,referral,0
U01715,2025-03-03 03:00:00,view,mobile,Canada,none,0
U01715,2025-03-03 03:11:57,add_to_cart,mobile,Canada,none,0
U01715,2025-03-03 03:24:57,checkout,mobile,Canada,none,0
U01715,2025-03-03 03:31:36,purchase,mobile,Canada,none,58.68
U01716,2025-04-15 16:00:00,view,mobile,Canada,organic,0
U01716,2025-04-15 16:33:46,add_to_cart,mobile,Canada,organic,0
U01716,2025-04-15 17:11:34,checkout,mobile,Canada,organic,0
U01716,2025-04-15 19:04:01,purchase,mobile,Canada,organic,63.63
U01717,2025-02-05 00:00:00,view,desktop,US,organic,0
U01717,2025-02-05 00:16:35,add_to_cart,desktop,US,organic,0
U01717,2025-02-05 00:27:21,checkout,desktop,US,organic,0
U01717,2025-02-05 01:04:19,purchase,desktop,US,organic,134.61
U01718,2025-01-06 10:00:00,view,desktop,Brazil,referral,0
U01718,2025-01-06 10:20:04,add_to_cart,desktop,Brazil,referral,0
U01718,2025-01-06 10:43:48,checkout,desktop,Brazil,referral,0
U01718,2025-01-06 10:51:13,purchase,desktop,Brazil,referral,73.62
U01719,2025-04-10 21:00:00,view,desktop,US,organic,0
U01719,2025-04-10 21:03:31,add_to_cart,desktop,US,organic,0
U01719,2025-04-10 21:38:09,checkout,desktop,US,organic,0
U01720,2025-02-06 19:00:00,view,desktop,UK,referral,0
U01720,2025-02-06 19:09:50,add_to_cart,desktop,UK,referral,0
U01720,2025-02-06 19:13:37,checkout,desktop,UK,referral,0
U01720,2025-02-06 19:22:28,purchase,desktop,UK,referral,112.07
U01721,2025-06-29 20:00:00,view,mobile,UK,referral,0
U01722,2025-03-01 16:00:00,view,mobile,UK,referral,0
U01722,2025-03-01 16:19:56,add_to_cart,mobile,UK,referral,0
U01722,2025-03-01 17:17:20,checkout,mobile,UK,referral,0
U01723,2025-02-27 16:00:00,view,tablet,US,cpc,0
U01723,2025-02-27 16:02:00,add_to_cart,tablet,US,cpc,0
U01723,2025-02-27 16:39:57,checkout,tablet,US,cpc,0
U01723,2025-02-27 17:19:53,purchase,tablet,US,cpc,90.99
U01724,2025-02-16 12:00:00,view,desktop,India,none,0
U01724,2025-02-16 12:06:51,add_to_cart,desktop,India,none,0
U01725,2025-05-13 01:00:00,view,mobile,US,none,0
U01726,2025-06-04 20:00:00,view,desktop,India,cpc,0
U01726,2025-06-04 20:12:33,add_to_cart,desktop,India,cpc,0
U01727,2025-02-19 16:00:00,view,mobile,US,organic,0
U01728,2025-06-26 15:00:00,view,mobile,US,cpc,0
U01728,2025-06-26 15:02:05,add_to_cart,mobile,US,cpc,0
U01728,2025-06-26 15:04:19,checkout,mobile,US,cpc,0
U01729,2025-05-15 05:00:00,view,mobile,UK,none,0
U01729,2025-05-15 05:13:08,add_to_cart,mobile,UK,none,0
U01729,2025-05-15 05:53:14,checkout,mobile,UK,none,0
U01730,2025-01-24 21:00:00,view,tablet,India,referral,0
U01730,2025-01-24 21:08:59,add_to_cart,tablet,India,referral,0
U01730,2025-01-24 22:46:45,checkout,tablet,India,referral,0
U01730,2025-01-24 22:49:36,purchase,tablet,India,referral,79.82
U01731,2025-05-08 15:00:00,view,desktop,US,cpc,0
U01731,2025-05-08 15:25:45,add_to_cart,desktop,US,cpc,0
U01731,2025-05-08 16:52:04,checkout,desktop,US,cpc,0
U01731,2025-05-08 17:23:43,purchase,desktop,US,cpc,58.24
U01732,2025-06-16 14:00:00,view,mobile,Brazil,referral,0
U01733,2025-05-02 04:00:00,view,mobile,US,cpc,0
U01734,2025-05-14 12:00:00,view,mobile,Canada,none,0
U01734,2025-05-14 12:33:21,add_to_cart,mobile,Canada,none,0
U01735,2025-01-25 00:00:00,view,tablet,Canada,organic,0
U01736,2025-06-19 02:00:00,view,desktop,US,referral,0
U01736,2025-06-19 02:21:17,add_to_cart,desktop,US,referral,0
U01736,2025-06-19 03:03:22,checkout,desktop,US,referral,0
U01736,2025-06-19 03:07:57,purchase,desktop,US,referral,128.02
U01737,2025-02-19 20:00:00,view,mobile,UK,organic,0
U01737,2025-02-19 20:13:57,add_to_cart,mobile,UK,organic,0
U01737,2025-02-19 20:43:33,checkout,mobile,UK,organic,0
U01738,2025-03-01 04:00:00,view,tablet,Canada,cpc,0
U01738,2025-03-01 04:09:36,add_to_cart,tablet,Canada,cpc,0
U01738,2025-03-01 04:31:58,checkout,tablet,Canada,cpc,0
U01738,2025-03-01 05:30:43,purchase,tablet,Canada,cpc,102.73
U01739,2025-02-04 10:00:00,view,tablet,UK,referral,0
U01739,2025-02-04 10:18:25,add_to_cart,tablet,UK,referral,0
U01739,2025-02-04 11:07:35,checkout,tablet,UK,referral,0
U01739,2025-02-04 11:56:40,purchase,tablet,UK,referral,76.04
U01740,2025-02-26 06:00:00,view,desktop,US,cpc,0
U01740,2025-02-26 06:20:00,add_to_cart,desktop,US,cpc,0
U01740,2025-02-26 06:31:35,checkout,desktop,US,cpc,0
U01740,2025-02-26 06:58:34,purchase,desktop,US,cpc,93.2
U01741,2025-03-05 22:00:00,view,tablet,US,none,0
U01741,2025-03-05 22:17:03,add_to_cart,tablet,US,none,0
U01741,2025-03-05 23:10:42,checkout,tablet,US,none,0
U01741,2025-03-06 00:59:24,purchase,tablet,US,none,55.64
U01742,2025-01-31 06:00:00,view,desktop,Brazil,referral,0
U01743,2025-03-20 16:00:00,view,desktop,UK,organic,0
U01743,2025-03-20 16:27:56,add_to_cart,desktop,UK,organic,0
U01743,2025-03-20 16:56:20,checkout,desktop,UK,organic,0
U01743,2025-03-20 17:05:34,purchase,desktop,UK,organic,90.91
U01744,2025-03-20 01:00:00,view,mobile,US,referral,0
U01744,2025-03-20 01:02:00,add_to_cart,mobile,US,referral,0
U01744,2025-03-20 01:15:27,checkout,mobile,US,referral,0
U01744,2025-03-20 01:41:10,purchase,mobile,US,referral,129.04
U01745,2025-02-23 16:00:00,view,desktop,US,organic,0
U01745,2025-02-23 16:06:11,add_to_cart,desktop,US,organic,0
U01745,2025-02-23 16:14:28,checkout,desktop,US,organic,0
U01745,2025-02-23 17:07:18,purchase,desktop,US,organic,151.71
U01746,2025-06-07 16:00:00,view,desktop,Canada,organic,0
U01746,2025-06-07 16:03:25,add_to_cart,desktop,Canada,organic,0
U01746,2025-06-07 16:59:55,checkout,desktop,Canada,organic,0
U01746,2025-06-07 17:33:26,purchase,desktop,Canada,organic,117.32
U01747,2025-03-11 08:00:00,view,tablet,India,referral,0
U01748,2025-06-17 12:00:00,view,mobile,UK,cpc,0
U01748,2025-06-17 12:20:56,add_to_cart,mobile,UK,cpc,0
U01749,2025-01-11 21:00:00,view,desktop,US,referral,0
U01749,2025-01-11 21:04:29,add_to_cart,desktop,US,referral,0
U01749,2025-01-11 21:38:42,checkout,desktop,US,referral,0
U01749,2025-01-11 23:10:12,purchase,desktop,US,referral,91.06
U01750,2025-01-08 18:00:00,view,desktop,Canada,organic,0
U01751,2025-02-17 04:00:00,view,desktop,Canada,organic,0
U01752,2025-06-10 08:00:00,view,desktop,US,organic,0
U01752,2025-06-10 08:22:09,add_to_cart,desktop,US,organic,0
U01752,2025-06-10 08:46:58,checkout,desktop,US,organic,0
U01752,2025-06-10 10:06:50,purchase,desktop,US,organic,82.71
U01753,2025-06-14 08:00:00,view,tablet,US,referral,0
U01753,2025-06-14 08:29:55,add_to_cart,tablet,US,referral,0
U01753,2025-06-14 08:34:51,checkout,tablet,US,referral,0
U01753,2025-06-14 09:25:10,purchase,tablet,US,referral,86.09
U01754,2025-01-17 14:00:00,view,desktop,India,cpc,0
U01754,2025-01-17 14:10:49,add_to_cart,desktop,India,cpc,0
U01754,2025-01-17 14:23:08,checkout,desktop,India,cpc,0
U01754,2025-01-17 14:54:58,purchase,desktop,India,cpc,68.3
U01755,2025-01-26 13:00:00,view,desktop,US,none,0
U01756,2025-06-21 04:00:00,view,mobile,US,referral,0
U01756,2025-06-21 04:13:13,add_to_cart,mobile,US,referral,0
U01756,2025-06-21 04:20:58,checkout,mobile,US,referral,0
U01756,2025-06-21 05:55:19,purchase,mobile,US,referral,118.88
U01757,2025-02-25 00:00:00,view,desktop,US,none,0
U01757,2025-02-25 00:22:10,add_to_cart,desktop,US,none,0
U01757,2025-02-25 00:41:07,checkout,desktop,US,none,0
U01758,2025-06-14 04:00:00,view,mobile,US,organic,0
U01758,2025-06-14 04:07:29,add_to_cart,mobile,US,organic,0
U01758,2025-06-14 04:20:43,checkout,mobile,US,organic,0
U01758,2025-06-14 05:25:57,purchase,mobile,US,organic,137.25
U01759,2025-02-19 14:00:00,view,mobile,UK,referral,0
U01759,2025-02-19 14:14:24,add_to_cart,mobile,UK,referral,0
U01759,2025-02-19 14:31:07,checkout,mobile,UK,referral,0
U01759,2025-02-19 14:54:26,purchase,mobile,UK,referral,89.49
U01760,2025-01-08 08:00:00,view,desktop,US,cpc,0
U01760,2025-01-08 08:04:49,add_to_cart,desktop,US,cpc,0
U01760,2025-01-08 08:18:30,checkout,desktop,US,cpc,0
U01760,2025-01-08 08:53:13,purchase,desktop,US,cpc,112.88
U01761,2025-06-11 18:00:00,view,mobile,US,none,0
U01761,2025-06-11 18:08:10,add_to_cart,mobile,US,none,0
U01762,2025-06-26 08:00:00,view,desktop,Brazil,referral,0
U01763,2025-03-23 09:00:00,view,mobile,US,organic,0
U01764,2025-05-16 06:00:00,view,mobile,UK,none,0
U01764,2025-05-16 06:20:50,add_to_cart,mobile,UK,none,0
U01764,2025-05-16 06:56:39,checkout,mobile,UK,none,0
U01764,2025-05-16 08:46:29,purchase,mobile,UK,none,52.72
U01765,2025-03-04 13:00:00,view,desktop,Canada,referral,0
U01765,2025-03-04 13:24:07,add_to_cart,desktop,Canada,referral,0
U01765,2025-03-04 13:40:44,checkout,desktop,Canada,referral,0
U01765,2025-03-04 15:23:02,purchase,desktop,Canada,referral,85.02
U01766,2025-01-01 20:00:00,view,tablet,US,none,0
U01766,2025-01-01 20:32:10,add_to_cart,tablet,US,none,0
U01766,2025-01-01 21:18:35,checkout,tablet,US,none,0
U01766,2025-01-01 22:08:43,purchase,tablet,US,none,71.8
U01767,2025-04-27 21:00:00,view,tablet,India,referral,0
U01767,2025-04-27 21:23:07,add_to_cart,tablet,India,referral,0
U01767,2025-04-27 22:07:48,checkout,tablet,India,referral,0
U01767,2025-04-27 22:48:22,purchase,tablet,India,referral,49.83
U01768,2025-02-11 13:00:00,view,desktop,India,referral,0
U01768,2025-02-11 13:03:58,add_to_cart,desktop,India,referral,0
U01768,2025-02-11 13:27:28,checkout,desktop,India,referral,0
U01769,2025-05-14 22:00:00,view,tablet,UK,referral,0
U01769,2025-05-14 22:06:10,add_to_cart,tablet,UK,referral,0
U01770,2025-04-14 10:00:00,view,mobile,Brazil,organic,0
U01770,2025-04-14 10:13:07,add_to_cart,mobile,Brazil,organic,0
U01770,2025-04-14 11:13:49,checkout,mobile,Brazil,organic,0
U01770,2025-04-14 11:44:24,purchase,mobile,Brazil,organic,103.67
U01771,2025-02-12 14:00:00,view,mobile,US,cpc,0
U01772,2025-04-08 15:00:00,view,desktop,Brazil,referral,0
U01772,2025-04-08 15:11:23,add_to_cart,desktop,Brazil,referral,0
U01772,2025-04-08 15:24:13,checkout,desktop,Brazil,referral,0
U01772,2025-04-08 15:49:23,purchase,desktop,Brazil,referral,80.29
U01773,2025-03-21 14:00:00,view,mobile,US,referral,0
U01773,2025-03-21 14:11:25,add_to_cart,mobile,US,referral,0
U01774,2025-03-31 12:00:00,view,mobile,US,cpc,0
U01775,2025-02-14 21:00:00,view,tablet,US,none,0
U01776,2025-02-18 16:00:00,view,mobile,US,referral,0
U01776,2025-02-18 16:21:49,add_to_cart,mobile,US,referral,0
U01776,2025-02-18 16:46:09,checkout,mobile,US,referral,0
U01776,2025-02-18 17:42:50,purchase,mobile,US,referral,101.02
U01777,2025-06-17 16:00:00,view,mobile,US,organic,0
U01777,2025-06-17 16:17:53,add_to_cart,mobile,US,organic,0
U01777,2025-06-17 17:42:49,checkout,mobile,US,organic,0
U01778,2025-05-31 16:00:00,view,desktop,US,cpc,0
U01779,2025-03-02 00:00:00,view,mobile,US,cpc,0
U01779,2025-03-02 00:12:23,add_to_cart,mobile,US,cpc,0
U01779,2025-03-02 01:08:00,checkout,mobile,US,cpc,0
U01779,2025-03-02 02:45:51,purchase,mobile,US,cpc,76.9
U01780,2025-05-21 08:00:00,view,tablet,Brazil,cpc,0
U01780,2025-05-21 08:29:26,add_to_cart,tablet,Brazil,cpc,0
U01781,2025-02-15 10:00:00,view,tablet,US,referral,0
U01781,2025-02-15 10:04:49,add_to_cart,tablet,US,referral,0
U01781,2025-02-15 10:39:12,checkout,tablet,US,referral,0
U01781,2025-02-15 11:00:58,purchase,tablet,US,referral,74.57
U01782,2025-05-10 12:00:00,view,desktop,India,organic,0
U01782,2025-05-10 12:03:29,add_to_cart,desktop,India,organic,0
U01783,2025-06-07 02:00:00,view,mobile,US,referral,0
U01784,2025-01-13 01:00:00,view,desktop,UK,referral,0
U01784,2025-01-13 01:08:29,add_to_cart,desktop,UK,referral,0
U01785,2025-05-10 18:00:00,view,mobile,UK,referral,0
U01785,2025-05-10 18:06:14,add_to_cart,mobile,UK,referral,0
U01785,2025-05-10 19:13:51,checkout,mobile,UK,referral,0
U01785,2025-05-10 19:18:20,purchase,mobile,UK,referral,92.7
U01786,2025-06-22 17:00:00,view,desktop,India,none,0
U01787,2025-02-14 16:00:00,view,mobile,UK,organic,0
U01787,2025-02-14 16:26:40,add_to_cart,mobile,UK,organic,0
U01788,2025-06-10 16:00:00,view,mobile,US,organic,0
U01788,2025-06-10 16:14:27,add_to_cart,mobile,US,organic,0
U01789,2025-06-11 22:00:00,view,mobile,Canada,organic,0
U01789,2025-06-11 22:06:17,add_to_cart,mobile,Canada,organic,0
U01789,2025-06-11 22:32:01,checkout,mobile,Canada,organic,0
U01789,2025-06-11 22:39:11,purchase,mobile,Canada,organic,101.9
U01790,2025-04-15 08:00:00,view,mobile,US,none,0
U01791,2025-02-11 17:00:00,view,mobile,US,referral,0
U01792,2025-05-16 12:00:00,view,tablet,US,referral,0
U01793,2025-04-03 04:00:00,view,tablet,US,referral,0
U01794,2025-03-26 17:00:00,view,mobile,US,organic,0
U01795,2025-06-25 13:00:00,view,mobile,UK,organic,0
U01795,2025-06-25 13:20:00,add_to_cart,mobile,UK,organic,0
U01796,2025-02-11 18:00:00,view,desktop,US,none,0
U01797,2025-06-01 18:00:00,view,mobile,India,cpc,0
U01797,2025-06-01 18:13:54,add_to_cart,mobile,India,cpc,0
U01798,2025-03-23 01:00:00,view,mobile,US,cpc,0
U01799,2025-06-18 18:00:00,view,mobile,US,organic,0
U01799,2025-06-18 18:12:08,add_to_cart,mobile,US,organic,0
U01799,2025-06-18 18:18:14,checkout,mobile,US,organic,0
U01799,2025-06-18 18:32:54,purchase,mobile,US,organic,63.66
U01800,2025-03-13 14:00:00,view,desktop,Canada,organic,0
U01800,2025-03-13 14:04:00,add_to_cart,desktop,Canada,organic,0
U01800,2025-03-13 14:51:10,checkout,desktop,Canada,organic,0
U01800,2025-03-13 15:30:21,purchase,desktop,Canada,organic,109.93
U01801,2025-06-05 05:00:00,view,mobile,India,organic,0
U01801,2025-06-05 05:45:21,add_to_cart,mobile,India,organic,0
U01802,2025-04-17 11:00:00,view,desktop,Brazil,organic,0
U01802,2025-04-17 11:20:40,add_to_cart,desktop,Brazil,organic,0
U01802,2025-04-17 11:36:25,checkout,desktop,Brazil,organic,0
U01802,2025-04-17 12:16:03,purchase,desktop,Brazil,organic,67.98
U01803,2025-04-23 03:00:00,view,desktop,Brazil,referral,0
U01803,2025-04-23 03:07:36,add_to_cart,desktop,Brazil,referral,0
U01803,2025-04-23 03:22:10,checkout,desktop,Brazil,referral,0
U01803,2025-04-23 04:02:20,purchase,desktop,Brazil,referral,109.35
U01804,2025-03-08 19:00:00,view,mobile,Canada,organic,0
U01804,2025-03-08 19:12:29,add_to_cart,mobile,Canada,organic,0
U01805,2025-01-08 17:00:00,view,desktop,US,cpc,0
U01805,2025-01-08 17:22:39,add_to_cart,desktop,US,cpc,0
U01805,2025-01-08 18:27:31,checkout,desktop,US,cpc,0
U01805,2025-01-08 19:26:29,purchase,desktop,US,cpc,87.55
U01806,2025-03-26 11:00:00,view,desktop,US,organic,0
U01807,2025-06-21 18:00:00,view,mobile,US,none,0
U01807,2025-06-21 18:48:49,add_to_cart,mobile,US,none,0
U01808,2025-04-23 22:00:00,view,mobile,UK,none,0
U01809,2025-01-31 12:00:00,view,mobile,Canada,none,0
U01809,2025-01-31 12:05:23,add_to_cart,mobile,Canada,none,0
U01809,2025-01-31 12:28:46,checkout,mobile,Canada,none,0
U01810,2025-01-05 20:00:00,view,desktop,India,organic,0
U01810,2025-01-05 20:03:26,add_to_cart,desktop,India,organic,0
U01810,2025-01-05 20:26:46,checkout,desktop,India,organic,0
U01810,2025-01-05 21:48:26,purchase,desktop,India,organic,111.51
U01811,2025-06-08 07:00:00,view,desktop,UK,organic,0
U01811,2025-06-08 07:19:31,add_to_cart,desktop,UK,organic,0
U01811,2025-06-08 07:34:46,checkout,desktop,UK,organic,0
U01811,2025-06-08 07:51:56,purchase,desktop,UK,organic,118.84
U01812,2025-05-07 04:00:00,view,desktop,US,organic,0
U01812,2025-05-07 04:17:53,add_to_cart,desktop,US,organic,0
U01812,2025-05-07 04:45:55,checkout,desktop,US,organic,0
U01812,2025-05-07 05:06:12,purchase,desktop,US,organic,75.78
U01813,2025-05-18 18:00:00,view,tablet,Canada,referral,0
U01813,2025-05-18 18:48:02,add_to_cart,tablet,Canada,referral,0
U01813,2025-05-18 19:00:04,checkout,tablet,Canada,referral,0
U01813,2025-05-18 20:12:20,purchase,tablet,Canada,referral,79.24
U01814,2025-03-15 09:00:00,view,desktop,India,referral,0
U01814,2025-03-15 09:04:49,add_to_cart,desktop,India,referral,0
U01814,2025-03-15 09:14:26,checkout,desktop,India,referral,0
U01814,2025-03-15 11:11:21,purchase,desktop,India,referral,67.09
U01815,2025-06-07 21:00:00,view,mobile,India,cpc,0
U01816,2025-06-08 15:00:00,view,desktop,US,referral,0
U01816,2025-06-08 15:04:02,add_to_cart,desktop,US,referral,0
U01816,2025-06-08 16:22:35,checkout,desktop,US,referral,0
U01816,2025-06-08 16:44:07,purchase,desktop,US,referral,135.29
U01817,2025-05-12 09:00:00,view,desktop,India,organic,0
U01817,2025-05-12 09:11:34,add_to_cart,desktop,India,organic,0
U01817,2025-05-12 09:42:06,checkout,desktop,India,organic,0
U01817,2025-05-12 10:03:47,purchase,desktop,India,organic,80.21
U01818,2025-06-11 01:00:00,view,desktop,US,organic,0
U01818,2025-06-11 01:10:50,add_to_cart,desktop,US,organic,0
U01818,2025-06-11 01:39:53,checkout,desktop,US,organic,0
U01818,2025-06-11 02:02:05,purchase,desktop,US,organic,92.61
U01819,2025-06-12 09:00:00,view,desktop,Canada,none,0
U01819,2025-06-12 09:10:26,add_to_cart,desktop,Canada,none,0
U01820,2025-06-26 00:00:00,view,desktop,India,organic,0
U01820,2025-06-26 00:15:02,add_to_cart,desktop,India,organic,0
U01821,2025-02-11 16:00:00,view,desktop,Canada,cpc,0
U01822,2025-02-07 02:00:00,view,desktop,India,referral,0
U01822,2025-02-07 02:24:16,add_to_cart,desktop,India,referral,0
U01822,2025-02-07 02:44:30,checkout,desktop,India,referral,0
U01822,2025-02-07 03:06:08,purchase,desktop,India,referral,109.35
U01823,2025-02-27 01:00:00,view,tablet,US,none,0
U01824,2025-01-04 21:00:00,view,mobile,Brazil,none,0
U01825,2025-03-12 05:00:00,view,desktop,US,organic,0
U01825,2025-03-12 05:06:56,add_to_cart,desktop,US,organic,0
U01825,2025-03-12 05:22:05,checkout,desktop,US,organic,0
U01825,2025-03-12 06:09:07,purchase,desktop,US,organic,117.85
U01826,2025-04-03 07:00:00,view,mobile,UK,cpc,0
U01827,2025-03-25 02:00:00,view,mobile,US,none,0
U01827,2025-03-25 02:19:04,add_to_cart,mobile,US,none,0
U01827,2025-03-25 02:40:55,checkout,mobile,US,none,0
U01828,2025-04-14 11:00:00,view,desktop,US,none,0
U01829,2025-01-22 03:00:00,view,mobile,Brazil,organic,0
U01830,2025-02-12 23:00:00,view,desktop,US,organic,0
U01830,2025-02-12 23:11:10,add_to_cart,desktop,US,organic,0
U01831,2025-01-02 04:00:00,view,desktop,India,referral,0
U01831,2025-01-02 04:19:12,add_to_cart,desktop,India,referral,0
U01831,2025-01-02 04:33:13,checkout,desktop,India,referral,0
U01831,2025-01-02 05:09:22,purchase,desktop,India,referral,68.72
U01832,2025-03-20 23:00:00,view,desktop,India,referral,0
U01832,2025-03-20 23:16:19,add_to_cart,desktop,India,referral,0
U01833,2025-04-24 05:00:00,view,mobile,Brazil,organic,0
U01833,2025-04-24 05:12:17,add_to_cart,mobile,Brazil,organic,0
U01833,2025-04-24 05:19:40,checkout,mobile,Brazil,organic,0
U01834,2025-03-14 22:00:00,view,desktop,UK,referral,0
U01834,2025-03-14 22:08:50,add_to_cart,desktop,UK,referral,0
U01834,2025-03-14 22:16:57,checkout,desktop,UK,referral,0
U01834,2025-03-14 22:43:28,purchase,desktop,UK,referral,150.84
U01835,2025-01-05 20:00:00,view,desktop,India,cpc,0
U01836,2025-01-31 19:00:00,view,desktop,UK,organic,0
U01837,2025-04-28 15:00:00,view,tablet,Canada,cpc,0
U01837,2025-04-28 15:50:42,add_to_cart,tablet,Canada,cpc,0
U01837,2025-04-28 15:59:42,checkout,tablet,Canada,cpc,0
U01837,2025-04-28 16:24:49,purchase,tablet,Canada,cpc,47.12
U01838,2025-01-23 07:00:00,view,mobile,Canada,referral,0
U01839,2025-02-26 23:00:00,view,desktop,India,none,0
U01839,2025-02-26 23:26:03,add_to_cart,desktop,India,none,0
U01839,2025-02-26 23:32:33,checkout,desktop,India,none,0
U01839,2025-02-26 23:56:26,purchase,desktop,India,none,31.3
U01840,2025-01-11 16:00:00,view,desktop,Brazil,organic,0
U01840,2025-01-11 16:15:08,add_to_cart,desktop,Brazil,organic,0
U01840,2025-01-11 16:37:15,checkout,desktop,Brazil,organic,0
U01840,2025-01-11 17:23:12,purchase,desktop,Brazil,organic,94.26
U01841,2025-05-09 18:00:00,view,mobile,Brazil,organic,0
U01841,2025-05-09 18:08:16,add_to_cart,mobile,Brazil,organic,0
U01841,2025-05-09 18:27:35,checkout,mobile,Brazil,organic,0
U01841,2025-05-09 19:38:32,purchase,mobile,Brazil,organic,85.93
U01842,2025-03-18 23:00:00,view,mobile,Brazil,cpc,0
U01843,2025-03-06 11:00:00,view,mobile,Brazil,organic,0
U01843,2025-03-06 11:31:38,add_to_cart,mobile,Brazil,organic,0
U01844,2025-02-05 23:00:00,view,desktop,India,organic,0
U01844,2025-02-05 23:29:36,add_to_cart,desktop,India,organic,0
U01844,2025-02-05 23:37:55,checkout,desktop,India,organic,0
U01844,2025-02-06 01:12:41,purchase,desktop,India,organic,81.59
U01845,2025-05-17 20:00:00,view,desktop,India,none,0
U01846,2025-03-08 18:00:00,view,desktop,US,organic,0
U01846,2025-03-08 18:02:11,add_to_cart,desktop,US,organic,0
U01846,2025-03-08 18:38:32,checkout,desktop,US,organic,0
U01846,2025-03-08 19:34:03,purchase,desktop,US,organic,62.41
U01847,2025-06-28 18:00:00,view,mobile,US,referral,0
U01847,2025-06-28 18:15:51,add_to_cart,mobile,US,referral,0
U01847,2025-06-28 18:35:00,checkout,mobile,US,referral,0
U01847,2025-06-28 19:48:43,purchase,mobile,US,referral,121.0
U01848,2025-04-19 22:00:00,view,mobile,US,organic,0
U01848,2025-04-19 22:12:04,add_to_cart,mobile,US,organic,0
U01848,2025-04-19 23:00:18,checkout,mobile,US,organic,0
U01849,2025-01-20 02:00:00,view,desktop,US,organic,0
U01849,2025-01-20 02:23:58,add_to_cart,desktop,US,organic,0
U01849,2025-01-20 02:35:08,checkout,desktop,US,organic,0
U01849,2025-01-20 03:43:48,purchase,desktop,US,organic,123.51
U01850,2025-03-06 23:00:00,view,mobile,India,organic,0
U01850,2025-03-06 23:09:47,add_to_cart,mobile,India,organic,0
U01850,2025-03-06 23:43:02,checkout,mobile,India,organic,0
U01850,2025-03-07 00:12:44,purchase,mobile,India,organic,127.28
U01851,2025-06-23 15:00:00,view,desktop,UK,referral,0
U01851,2025-06-23 15:10:10,add_to_cart,desktop,UK,referral,0
U01851,2025-06-23 15:21:24,checkout,desktop,UK,referral,0
U01851,2025-06-23 15:23:43,purchase,desktop,UK,referral,130.76
U01852,2025-02-05 05:00:00,view,desktop,UK,cpc,0
U01852,2025-02-05 05:23:25,add_to_cart,desktop,UK,cpc,0
U01853,2025-03-13 07:00:00,view,desktop,US,organic,0
U01853,2025-03-13 07:22:24,add_to_cart,desktop,US,organic,0
U01853,2025-03-13 07:33:14,checkout,desktop,US,organic,0
U01853,2025-03-13 07:44:47,purchase,desktop,US,organic,67.36
U01854,2025-01-29 03:00:00,view,desktop,US,cpc,0
U01854,2025-01-29 03:12:52,add_to_cart,desktop,US,cpc,0
U01854,2025-01-29 03:57:42,checkout,desktop,US,cpc,0
U01854,2025-01-29 04:43:58,purchase,desktop,US,cpc,72.41
U01855,2025-04-22 07:00:00,view,mobile,US,cpc,0
U01855,2025-04-22 07:20:57,add_to_cart,mobile,US,cpc,0
U01856,2025-03-19 16:00:00,view,tablet,UK,organic,0
U01857,2025-02-25 06:00:00,view,mobile,Canada,organic,0
U01858,2025-03-14 13:00:00,view,mobile,Canada,organic,0
U01858,2025-03-14 13:17:33,add_to_cart,mobile,Canada,organic,0
U01858,2025-03-14 14:01:02,checkout,mobile,Canada,organic,0
U01858,2025-03-14 14:51:21,purchase,mobile,Canada,organic,65.23
U01859,2025-04-25 18:00:00,view,desktop,US,cpc,0
U01859,2025-04-25 18:24:38,add_to_cart,desktop,US,cpc,0
U01860,2025-05-10 01:00:00,view,mobile,Brazil,organic,0
U01861,2025-01-02 09:00:00,view,tablet,US,organic,0
U01861,2025-01-02 09:15:30,add_to_cart,tablet,US,organic,0
U01862,2025-05-23 23:00:00,view,mobile,Brazil,referral,0
U01862,2025-05-23 23:12:57,add_to_cart,mobile,Brazil,referral,0
U01862,2025-05-23 23:51:17,checkout,mobile,Brazil,referral,0
U01862,2025-05-24 00:51:28,purchase,mobile,Brazil,referral,58.04
U01863,2025-01-16 04:00:00,view,mobile,India,organic,0
U01863,2025-01-16 04:02:53,add_to_cart,mobile,India,organic,0
U01863,2025-01-16 04:22:11,checkout,mobile,India,organic,0
U01863,2025-01-16 04:41:46,purchase,mobile,India,organic,65.05
U01864,2025-03-03 18:00:00,view,mobile,India,referral,0
U01864,2025-03-03 18:36:41,add_to_cart,mobile,India,referral,0
U01864,2025-03-03 19:18:37,checkout,mobile,India,referral,0
U01864,2025-03-03 20:00:57,purchase,mobile,India,referral,102.64
U01865,2025-01-12 11:00:00,view,desktop,UK,none,0
U01866,2025-02-17 07:00:00,view,tablet,India,organic,0
U01867,2025-02-21 06:00:00,view,mobile,US,referral,0
U01868,2025-01-03 13:00:00,view,desktop,UK,cpc,0
U01868,2025-01-03 13:22:15,add_to_cart,desktop,UK,cpc,0
U01868,2025-01-03 13:48:09,checkout,desktop,UK,cpc,0
U01868,2025-01-03 14:33:59,purchase,desktop,UK,cpc,100.52
U01869,2025-04-26 05:00:00,view,mobile,Canada,organic,0
U01869,2025-04-26 05:12:07,add_to_cart,mobile,Canada,organic,0
U01869,2025-04-26 05:27:31,checkout,mobile,Canada,organic,0
U01869,2025-04-26 06:28:33,purchase,mobile,Canada,organic,125.4
U01870,2025-02-13 09:00:00,view,mobile,UK,none,0
U01871,2025-03-24 13:00:00,view,tablet,India,organic,0
U01872,2025-03-27 13:00:00,view,desktop,UK,cpc,0
U01872,2025-03-27 13:16:21,add_to_cart,desktop,UK,cpc,0
U01872,2025-03-27 13:30:50,checkout,desktop,UK,cpc,0
U01872,2025-03-27 14:04:16,purchase,desktop,UK,cpc,119.94
U01873,2025-03-22 15:00:00,view,desktop,UK,cpc,0
U01873,2025-03-22 15:30:21,add_to_cart,desktop,UK,cpc,0
U01873,2025-03-22 15:45:38,checkout,desktop,UK,cpc,0
U01873,2025-03-22 15:59:40,purchase,desktop,UK,cpc,64.57
U01874,2025-01-16 07:00:00,view,mobile,US,referral,0
U01875,2025-05-31 13:00:00,view,desktop,US,cpc,0
U01875,2025-05-31 13:05:51,add_to_cart,desktop,US,cpc,0
U01875,2025-05-31 13:34:28,checkout,desktop,US,cpc,0
U01875,2025-05-31 13:55:08,purchase,desktop,US,cpc,65.45
U01876,2025-06-26 17:00:00,view,desktop,US,none,0
U01876,2025-06-26 17:19:56,add_to_cart,desktop,US,none,0
U01876,2025-06-26 17:38:54,checkout,desktop,US,none,0
U01876,2025-06-26 17:55:56,purchase,desktop,US,none,112.71
U01877,2025-01-06 18:00:00,view,mobile,US,cpc,0
U01878,2025-03-20 21:00:00,view,mobile,India,organic,0
U01878,2025-03-20 21:10:48,add_to_cart,mobile,India,organic,0
U01878,2025-03-20 21:53:25,checkout,mobile,India,organic,0
U01878,2025-03-20 22:31:46,purchase,mobile,India,organic,106.12
U01879,2025-03-12 22:00:00,view,tablet,India,organic,0
U01879,2025-03-12 22:21:06,add_to_cart,tablet,India,organic,0
U01879,2025-03-12 22:23:25,checkout,tablet,India,organic,0
U01880,2025-03-28 00:00:00,view,tablet,UK,referral,0
U01880,2025-03-28 00:42:55,add_to_cart,tablet,UK,referral,0
U01880,2025-03-28 00:55:08,checkout,tablet,UK,referral,0
U01881,2025-04-18 16:00:00,view,mobile,Canada,referral,0
U01881,2025-04-18 16:11:58,add_to_cart,mobile,Canada,referral,0
U01881,2025-04-18 16:41:51,checkout,mobile,Canada,referral,0
U01881,2025-04-18 17:37:25,purchase,mobile,Canada,referral,138.27
U01882,2025-01-29 19:00:00,view,desktop,US,organic,0
U01882,2025-01-29 19:12:28,add_to_cart,desktop,US,organic,0
U01882,2025-01-29 19:18:17,checkout,desktop,US,organic,0
U01882,2025-01-29 19:51:11,purchase,desktop,US,organic,122.15
U01883,2025-04-05 11:00:00,view,mobile,Canada,referral,0
U01884,2025-03-10 14:00:00,view,mobile,US,referral,0
U01884,2025-03-10 14:30:24,add_to_cart,mobile,US,referral,0
U01885,2025-01-22 12:00:00,view,mobile,US,none,0
U01886,2025-06-25 08:00:00,view,mobile,India,none,0
U01886,2025-06-25 08:35:40,add_to_cart,mobile,India,none,0
U01887,2025-03-31 21:00:00,view,desktop,UK,cpc,0
U01887,2025-03-31 21:16:07,add_to_cart,desktop,UK,cpc,0
U01888,2025-01-10 19:00:00,view,desktop,India,none,0
U01888,2025-01-10 19:21:16,add_to_cart,desktop,India,none,0
U01888,2025-01-10 19:33:18,checkout,desktop,India,none,0
U01888,2025-01-10 19:36:35,purchase,desktop,India,none,79.15
U01889,2025-02-08 10:00:00,view,mobile,UK,organic,0
U01889,2025-02-08 10:05:58,add_to_cart,mobile,UK,organic,0
U01889,2025-02-08 10:42:57,checkout,mobile,UK,organic,0
U01889,2025-02-08 12:35:57,purchase,mobile,UK,organic,77.98
U01890,2025-06-04 09:00:00,view,desktop,India,organic,0
U01890,2025-06-04 09:42:30,add_to_cart,desktop,India,organic,0
U01890,2025-06-04 09:57:30,checkout,desktop,India,organic,0
U01890,2025-06-04 10:35:25,purchase,desktop,India,organic,66.3
U01891,2025-01-26 16:00:00,view,tablet,US,referral,0
U01891,2025-01-26 16:24:11,add_to_cart,tablet,US,referral,0
U01891,2025-01-26 16:47:38,checkout,tablet,US,referral,0
U01891,2025-01-26 17:33:50,purchase,tablet,US,referral,51.08
U01892,2025-02-15 05:00:00,view,tablet,UK,none,0
U01892,2025-02-15 05:16:37,add_to_cart,tablet,UK,none,0
U01892,2025-02-15 05:31:22,checkout,tablet,UK,none,0
U01893,2025-01-22 07:00:00,view,desktop,Canada,organic,0
U01893,2025-01-22 07:05:38,add_to_cart,desktop,Canada,organic,0
U01893,2025-01-22 07:16:32,checkout,desktop,Canada,organic,0
U01893,2025-01-22 08:16:08,purchase,desktop,Canada,organic,104.49
U01894,2025-04-11 15:00:00,view,desktop,India,organic,0
U01895,2025-02-28 06:00:00,view,mobile,UK,referral,0
U01895,2025-02-28 06:16:58,add_to_cart,mobile,UK,referral,0
U01896,2025-03-04 05:00:00,view,mobile,US,none,0
U01897,2025-03-13 06:00:00,view,mobile,US,referral,0
U01898,2025-01-17 09:00:00,view,mobile,US,referral,0
U01898,2025-01-17 09:06:04,add_to_cart,mobile,US,referral,0
U01898,2025-01-17 09:26:34,checkout,mobile,US,referral,0
U01898,2025-01-17 09:58:36,purchase,mobile,US,referral,91.05
U01899,2025-04-17 14:00:00,view,mobile,US,cpc,0
U01899,2025-04-17 14:17:35,add_to_cart,mobile,US,cpc,0
U01899,2025-04-17 14:29:30,checkout,mobile,US,cpc,0
U01899,2025-04-17 14:49:27,purchase,mobile,US,cpc,104.12
U01900,2025-01-27 18:00:00,view,desktop,India,organic,0
U01901,2025-01-20 11:00:00,view,mobile,US,none,0
U01901,2025-01-20 11:24:19,add_to_cart,mobile,US,none,0
U01901,2025-01-20 11:41:48,checkout,mobile,US,none,0
U01902,2025-06-27 15:00:00,view,mobile,US,organic,0
U01902,2025-06-27 15:15:05,add_to_cart,mobile,US,organic,0
U01902,2025-06-27 15:47:04,checkout,mobile,US,organic,0
U01903,2025-02-01 10:00:00,view,desktop,UK,cpc,0
U01904,2025-06-24 03:00:00,view,tablet,US,none,0
U01905,2025-02-03 21:00:00,view,mobile,Brazil,referral,0
U01905,2025-02-03 21:26:31,add_to_cart,mobile,Brazil,referral,0
U01905,2025-02-03 21:45:36,checkout,mobile,Brazil,referral,0
U01906,2025-06-16 02:00:00,view,tablet,US,referral,0
U01907,2025-05-20 17:00:00,view,mobile,Brazil,organic,0
U01908,2025-06-25 11:00:00,view,tablet,US,none,0
U01908,2025-06-25 11:11:34,add_to_cart,tablet,US,none,0
U01909,2025-04-07 07:00:00,view,mobile,India,organic,0
U01909,2025-04-07 07:10:30,add_to_cart,mobile,India,organic,0
U01909,2025-04-07 07:59:37,checkout,mobile,India,organic,0
U01910,2025-05-21 01:00:00,view,mobile,US,referral,0
U01910,2025-05-21 01:24:03,add_to_cart,mobile,US,referral,0
U01911,2025-02-17 14:00:00,view,desktop,UK,organic,0
U01911,2025-02-17 14:02:56,add_to_cart,desktop,UK,organic,0
U01911,2025-02-17 14:24:05,checkout,desktop,UK,organic,0
U01911,2025-02-17 14:33:32,purchase,desktop,UK,organic,98.08
U01912,2025-04-24 22:00:00,view,mobile,Brazil,organic,0
U01912,2025-04-24 22:52:02,add_to_cart,mobile,Brazil,organic,0
U01912,2025-04-24 23:49:22,checkout,mobile,Brazil,organic,0
U01912,2025-04-25 00:10:48,purchase,mobile,Brazil,organic,79.02
U01913,2025-03-17 19:00:00,view,desktop,US,organic,0
U01914,2025-02-24 14:00:00,view,mobile,US,referral,0
U01914,2025-02-24 14:05:05,add_to_cart,mobile,US,referral,0
U01914,2025-02-24 14:21:18,checkout,mobile,US,referral,0
U01914,2025-02-24 14:55:26,purchase,mobile,US,referral,134.63
U01915,2025-02-13 08:00:00,view,mobile,US,cpc,0
U01915,2025-02-13 08:16:46,add_to_cart,mobile,US,cpc,0
U01916,2025-02-17 09:00:00,view,desktop,US,cpc,0
U01916,2025-02-17 09:03:22,add_to_cart,desktop,US,cpc,0
U01917,2025-01-13 09:00:00,view,mobile,Canada,none,0
U01917,2025-01-13 09:33:40,add_to_cart,mobile,Canada,none,0
U01917,2025-01-13 09:35:40,checkout,mobile,Canada,none,0
U01917,2025-01-13 10:30:49,purchase,mobile,Canada,none,47.35
U01918,2025-02-17 03:00:00,view,mobile,US,cpc,0
U01918,2025-02-17 03:56:47,add_to_cart,mobile,US,cpc,0
U01918,2025-02-17 04:24:15,checkout,mobile,US,cpc,0
U01919,2025-04-10 16:00:00,view,tablet,US,organic,0
U01919,2025-04-10 16:18:56,add_to_cart,tablet,US,organic,0
U01920,2025-05-28 03:00:00,view,tablet,India,none,0
U01920,2025-05-28 03:19:19,add_to_cart,tablet,India,none,0
U01921,2025-01-09 20:00:00,view,mobile,UK,referral,0
U01921,2025-01-09 20:05:17,add_to_cart,mobile,UK,referral,0
U01921,2025-01-09 20:40:05,checkout,mobile,UK,referral,0
U01921,2025-01-09 21:51:28,purchase,mobile,UK,referral,76.06
U01922,2025-03-21 06:00:00,view,mobile,Canada,cpc,0
U01922,2025-03-21 06:23:25,add_to_cart,mobile,Canada,cpc,0
U01923,2025-03-21 19:00:00,view,mobile,US,referral,0
U01923,2025-03-21 19:27:30,add_to_cart,mobile,US,referral,0
U01923,2025-03-21 19:48:30,checkout,mobile,US,referral,0
U01923,2025-03-21 21:14:28,purchase,mobile,US,referral,104.8
U01924,2025-01-13 12:00:00,view,tablet,Canada,organic,0
U01925,2025-04-17 08:00:00,view,mobile,UK,organic,0
U01926,2025-01-17 02:00:00,view,mobile,US,organic,0
U01926,2025-01-17 02:35:51,add_to_cart,mobile,US,organic,0
U01926,2025-01-17 03:13:04,checkout,mobile,US,organic,0
U01926,2025-01-17 04:32:14,purchase,mobile,US,organic,77.48
U01927,2025-06-06 21:00:00,view,tablet,US,none,0
U01927,2025-06-06 21:12:03,add_to_cart,tablet,US,none,0
U01927,2025-06-06 21:24:51,checkout,tablet,US,none,0
U01928,2025-01-27 22:00:00,view,mobile,UK,organic,0
U01928,2025-01-27 22:12:29,add_to_cart,mobile,UK,organic,0
U01928,2025-01-27 23:53:24,checkout,mobile,UK,organic,0
U01929,2025-01-25 15:00:00,view,desktop,Canada,organic,0
U01930,2025-01-30 18:00:00,view,mobile,US,organic,0
U01930,2025-01-30 18:39:57,add_to_cart,mobile,US,organic,0
U01931,2025-03-24 04:00:00,view,mobile,US,organic,0
U01932,2025-04-28 09:00:00,view,mobile,US,cpc,0
U01932,2025-04-28 09:55:56,add_to_cart,mobile,US,cpc,0
U01932,2025-04-28 10:00:53,checkout,mobile,US,cpc,0
U01932,2025-04-28 12:02:25,purchase,mobile,US,cpc,63.28
U01933,2025-03-17 00:00:00,view,mobile,UK,referral,0
U01934,2025-01-28 19:00:00,view,desktop,US,referral,0
U01934,2025-01-28 19:30:10,add_to_cart,desktop,US,referral,0
U01934,2025-01-28 19:37:55,checkout,desktop,US,referral,0
U01934,2025-01-28 20:35:54,purchase,desktop,US,referral,90.53
U01935,2025-01-11 21:00:00,view,mobile,US,cpc,0
U01936,2025-05-20 13:00:00,view,mobile,US,none,0
U01936,2025-05-20 13:36:11,add_to_cart,mobile,US,none,0
U01937,2025-03-31 13:00:00,view,desktop,US,organic,0
U01938,2025-04-09 16:00:00,view,desktop,India,organic,0
U01938,2025-04-09 16:24:24,add_to_cart,desktop,India,organic,0
U01939,2025-01-14 19:00:00,view,mobile,UK,none,0
U01940,2025-06-15 21:00:00,view,mobile,Brazil,organic,0
U01940,2025-06-15 21:03:52,add_to_cart,mobile,Brazil,organic,0
U01940,2025-06-15 21:21:28,checkout,mobile,Brazil,organic,0
U01940,2025-06-15 22:21:02,purchase,mobile,Brazil,organic,113.28
U01941,2025-04-20 09:00:00,view,mobile,Canada,none,0
U01941,2025-04-20 09:17:54,add_to_cart,mobile,Canada,none,0
U01941,2025-04-20 09:38:21,checkout,mobile,Canada,none,0
U01941,2025-04-20 10:15:46,purchase,mobile,Canada,none,48.17
U01942,2025-04-10 10:00:00,view,desktop,Brazil,none,0
U01943,2025-01-04 13:00:00,view,mobile,India,organic,0
U01943,2025-01-04 13:17:06,add_to_cart,mobile,India,organic,0
U01943,2025-01-04 13:19:42,checkout,mobile,India,organic,0
U01944,2025-04-06 20:00:00,view,desktop,UK,referral,0
U01944,2025-04-06 20:04:32,add_to_cart,desktop,UK,referral,0
U01944,2025-04-06 20:06:57,checkout,desktop,UK,referral,0
U01944,2025-04-06 21:05:47,purchase,desktop,UK,referral,61.24
U01945,2025-02-11 04:00:00,view,mobile,India,organic,0
U01945,2025-02-11 04:32:32,add_to_cart,mobile,India,organic,0
U01946,2025-01-18 06:00:00,view,mobile,UK,referral,0
U01947,2025-01-17 00:00:00,view,mobile,US,referral,0
U01948,2025-01-29 10:00:00,view,desktop,India,organic,0
U01949,2025-06-07 11:00:00,view,desktop,US,organic,0
U01950,2025-01-25 08:00:00,view,mobile,Canada,referral,0
U01950,2025-01-25 08:09:03,add_to_cart,mobile,Canada,referral,0
U01950,2025-01-25 08:14:02,checkout,mobile,Canada,referral,0
U01950,2025-01-25 08:21:10,purchase,mobile,Canada,referral,60.56
U01951,2025-04-11 05:00:00,view,mobile,Canada,referral,0
U01951,2025-04-11 05:17:29,add_to_cart,mobile,Canada,referral,0
U01951,2025-04-11 06:08:54,checkout,mobile,Canada,referral,0
U01951,2025-04-11 07:17:23,purchase,mobile,Canada,referral,80.17
U01952,2025-02-28 23:00:00,view,mobile,Brazil,referral,0
U01952,2025-02-28 23:13:38,add_to_cart,mobile,Brazil,referral,0
U01953,2025-03-23 08:00:00,view,mobile,UK,cpc,0
U01953,2025-03-23 08:25:10,add_to_cart,mobile,UK,cpc,0
U01953,2025-03-23 09:17:41,checkout,mobile,UK,cpc,0
U01953,2025-03-23 10:02:16,purchase,mobile,UK,cpc,62.96
U01954,2025-01-15 03:00:00,view,desktop,US,organic,0
U01954,2025-01-15 03:02:58,add_to_cart,desktop,US,organic,0
U01954,2025-01-15 03:13:58,checkout,desktop,US,organic,0
U01954,2025-01-15 03:23:38,purchase,desktop,US,organic,142.2
U01955,2025-03-26 11:00:00,view,tablet,UK,referral,0
U01956,2025-04-24 18:00:00,view,mobile,Canada,organic,0
U01957,2025-04-27 02:00:00,view,tablet,India,cpc,0
U01958,2025-04-04 07:00:00,view,mobile,Canada,cpc,0
U01959,2025-01-11 21:00:00,view,mobile,India,cpc,0
U01960,2025-01-30 11:00:00,view,tablet,Brazil,referral,0
U01960,2025-01-30 11:25:30,add_to_cart,tablet,Brazil,referral,0
U01960,2025-01-30 11:38:44,checkout,tablet,Brazil,referral,0
U01960,2025-01-30 12:16:04,purchase,tablet,Brazil,referral,93.63
U01961,2025-06-07 23:00:00,view,desktop,India,none,0
U01961,2025-06-07 23:02:25,add_to_cart,desktop,India,none,0
U01961,2025-06-07 23:11:03,checkout,desktop,India,none,0
U01961,2025-06-07 23:52:23,purchase,desktop,India,none,104.15
U01962,2025-03-08 03:00:00,view,mobile,US,organic,0
U01962,2025-03-08 04:21:21,add_to_cart,mobile,US,organic,0
U01962,2025-03-08 05:10:07,checkout,mobile,US,organic,0
U01962,2025-03-08 06:26:30,purchase,mobile,US,organic,98.7
U01963,2025-03-27 04:00:00,view,desktop,US,none,0
U01963,2025-03-27 04:08:03,add_to_cart,desktop,US,none,0
U01963,2025-03-27 04:33:20,checkout,desktop,US,none,0
U01963,2025-03-27 05:00:24,purchase,desktop,US,none,95.84
U01964,2025-06-29 19:00:00,view,mobile,US,organic,0
U01964,2025-06-29 19:21:20,add_to_cart,mobile,US,organic,0
U01964,2025-06-29 19:57:38,checkout,mobile,US,organic,0
U01964,2025-06-29 20:36:29,purchase,mobile,US,organic,69.17
U01965,2025-05-11 10:00:00,view,mobile,US,organic,0
U01965,2025-05-11 10:23:28,add_to_cart,mobile,US,organic,0
U01965,2025-05-11 11:27:07,checkout,mobile,US,organic,0
U01965,2025-05-11 12:43:46,purchase,mobile,US,organic,65.34
U01966,2025-06-24 18:00:00,view,mobile,India,organic,0
U01966,2025-06-24 18:13:11,add_to_cart,mobile,India,organic,0
U01967,2025-01-11 15:00:00,view,desktop,India,none,0
U01968,2025-06-08 17:00:00,view,desktop,US,organic,0
U01968,2025-06-08 17:08:05,add_to_cart,desktop,US,organic,0
U01969,2025-06-04 15:00:00,view,mobile,US,organic,0
U01969,2025-06-04 15:11:42,add_to_cart,mobile,US,organic,0
U01970,2025-01-19 15:00:00,view,mobile,US,none,0
U01970,2025-01-19 15:07:57,add_to_cart,mobile,US,none,0
U01970,2025-01-19 15:38:50,checkout,mobile,US,none,0
U01970,2025-01-19 16:08:53,purchase,mobile,US,none,75.63
U01971,2025-01-25 12:00:00,view,desktop,India,organic,0
U01971,2025-01-25 12:18:07,add_to_cart,desktop,India,organic,0
U01972,2025-06-27 18:00:00,view,desktop,US,organic,0
U01972,2025-06-27 18:09:01,add_to_cart,desktop,US,organic,0
U01972,2025-06-27 18:24:04,checkout,desktop,US,organic,0
U01972,2025-06-27 18:40:25,purchase,desktop,US,organic,100.9
U01973,2025-02-10 04:00:00,view,mobile,US,cpc,0
U01974,2025-06-04 11:00:00,view,desktop,India,none,0
U01975,2025-04-17 12:00:00,view,mobile,UK,organic,0
U01975,2025-04-17 12:26:38,add_to_cart,mobile,UK,organic,0
U01975,2025-04-17 13:15:26,checkout,mobile,UK,organic,0
U01976,2025-01-14 16:00:00,view,tablet,Brazil,organic,0
U01976,2025-01-14 16:13:14,add_to_cart,tablet,Brazil,organic,0
U01976,2025-01-14 16:29:09,checkout,tablet,Brazil,organic,0
U01977,2025-04-04 19:00:00,view,desktop,Canada,referral,0
U01978,2025-03-06 09:00:00,view,desktop,UK,referral,0
U01978,2025-03-06 09:05:46,add_to_cart,desktop,UK,referral,0
U01978,2025-03-06 09:16:28,checkout,desktop,UK,referral,0
U01978,2025-03-06 10:20:39,purchase,desktop,UK,referral,81.82
U01979,2025-01-22 06:00:00,view,mobile,UK,organic,0
U01979,2025-01-22 06:25:02,add_to_cart,mobile,UK,organic,0
U01979,2025-01-22 06:43:56,checkout,mobile,UK,organic,0
U01979,2025-01-22 07:22:31,purchase,mobile,UK,organic,123.93
U01980,2025-06-04 05:00:00,view,tablet,Canada,organic,0
U01981,2025-04-26 16:00:00,view,mobile,US,none,0
U01982,2025-06-23 17:00:00,view,tablet,US,organic,0
U01982,2025-06-23 17:13:10,add_to_cart,tablet,US,organic,0
U01982,2025-06-23 17:36:32,checkout,tablet,US,organic,0
U01982,2025-06-23 17:49:32,purchase,tablet,US,organic,61.26
U01983,2025-04-22 20:00:00,view,mobile,Canada,organic,0
U01983,2025-04-22 20:12:06,add_to_cart,mobile,Canada,organic,0
U01983,2025-04-22 20:36:23,checkout,mobile,Canada,organic,0
U01983,2025-04-22 20:41:04,purchase,mobile,Canada,organic,83.69
U01984,2025-06-10 02:00:00,view,desktop,UK,referral,0
U01984,2025-06-10 02:07:36,add_to_cart,desktop,UK,referral,0
U01984,2025-06-10 02:31:55,checkout,desktop,UK,referral,0
U01984,2025-06-10 03:37:16,purchase,desktop,UK,referral,114.06
U01985,2025-03-29 15:00:00,view,desktop,US,organic,0
U01985,2025-03-29 15:56:57,add_to_cart,desktop,US,organic,0
U01985,2025-03-29 16:12:43,checkout,desktop,US,organic,0
U01985,2025-03-29 16:50:02,purchase,desktop,US,organic,140.09
U01986,2025-04-02 19:00:00,view,mobile,Canada,cpc,0
U01986,2025-04-02 19:22:47,add_to_cart,mobile,Canada,cpc,0
U01987,2025-05-18 02:00:00,view,desktop,UK,cpc,0
U01987,2025-05-18 02:03:07,add_to_cart,desktop,UK,cpc,0
U01987,2025-05-18 02:12:45,checkout,desktop,UK,cpc,0
U01987,2025-05-18 02:22:38,purchase,desktop,UK,cpc,84.03
U01988,2025-05-08 14:00:00,view,desktop,US,organic,0
U01988,2025-05-08 14:51:54,add_to_cart,desktop,US,organic,0
U01988,2025-05-08 15:23:33,checkout,desktop,US,organic,0
U01989,2025-04-28 08:00:00,view,mobile,India,referral,0
U01989,2025-04-28 08:23:10,add_to_cart,mobile,India,referral,0
U01989,2025-04-28 09:08:03,checkout,mobile,India,referral,0
U01990,2025-02-14 06:00:00,view,desktop,UK,organic,0
U01990,2025-02-14 06:19:00,add_to_cart,desktop,UK,organic,0
U01990,2025-02-14 06:58:08,checkout,desktop,UK,organic,0
U01990,2025-02-14 07:13:20,purchase,desktop,UK,organic,125.83
U01991,2025-02-14 17:00:00,view,mobile,US,none,0
U01992,2025-01-22 11:00:00,view,mobile,US,referral,0
U01992,2025-01-22 11:11:28,add_to_cart,mobile,US,referral,0
U01992,2025-01-22 11:27:30,checkout,mobile,US,referral,0
U01992,2025-01-22 12:26:27,purchase,mobile,US,referral,91.05
U01993,2025-04-17 19:00:00,view,mobile,US,organic,0
U01994,2025-02-23 09:00:00,view,mobile,Brazil,referral,0
U01995,2025-06-26 21:00:00,view,desktop,Canada,organic,0
U01995,2025-06-26 21:02:53,add_to_cart,desktop,Canada,organic,0
U01995,2025-06-26 21:23:34,checkout,desktop,Canada,organic,0
U01995,2025-06-26 22:36:54,purchase,desktop,Canada,organic,81.17
U01996,2025-03-24 11:00:00,view,tablet,UK,referral,0
U01996,2025-03-24 11:02:00,add_to_cart,tablet,UK,referral,0
U01996,2025-03-24 11:17:51,checkout,tablet,UK,referral,0
U01996,2025-03-24 11:43:33,purchase,tablet,UK,referral,68.48
U01997,2025-05-30 18:00:00,view,tablet,UK,referral,0
U01997,2025-05-30 18:33:29,add_to_cart,tablet,UK,referral,0
U01997,2025-05-30 19:09:00,checkout,tablet,UK,referral,0
U01997,2025-05-30 19:44:45,purchase,tablet,UK,referral,60.06
U01998,2025-05-01 08:00:00,view,desktop,US,cpc,0
U01999,2025-02-11 17:00:00,view,mobile,India,cpc,0
U01999,2025-02-11 17:15:28,add_to_cart,mobile,India,cpc,0
U01999,2025-02-11 17:37:10,checkout,mobile,India,cpc,0
U01999,2025-02-11 20:29:39,purchase,mobile,India,cpc,61.1
U02000,2025-03-08 02:00:00,view,desktop,India,organic,0
U02001,2025-03-08 00:00:00,view,desktop,Brazil,referral,0
U02002,2025-05-24 06:00:00,view,desktop,US,organic,0
U02002,2025-05-24 06:02:19,add_to_cart,desktop,US,organic,0
U02003,2025-05-22 06:00:00,view,desktop,US,organic,0
U02003,2025-05-22 06:07:52,add_to_cart,desktop,US,organic,0
U02004,2025-06-06 04:00:00,view,mobile,US,organic,0
U02004,2025-06-06 04:24:21,add_to_cart,mobile,US,organic,0
U02004,2025-06-06 05:28:12,checkout,mobile,US,organic,0
U02004,2025-06-06 06:31:39,purchase,mobile,US,organic,91.31
U02005,2025-04-27 21:00:00,view,mobile,UK,referral,0
U02005,2025-04-27 21:17:42,add_to_cart,mobile,UK,referral,0
U02005,2025-04-27 22:22:29,checkout,mobile,UK,referral,0
U02005,2025-04-27 22:31:57,purchase,mobile,UK,referral,57.9
U02006,2025-01-07 23:00:00,view,desktop,UK,cpc,0
U02007,2025-06-18 15:00:00,view,desktop,Brazil,organic,0
U02008,2025-06-15 00:00:00,view,mobile,India,referral,0
U02008,2025-06-15 00:12:13,add_to_cart,mobile,India,referral,0
U02008,2025-06-15 00:40:33,checkout,mobile,India,referral,0
U02008,2025-06-15 01:23:24,purchase,mobile,India,referral,86.95
U02009,2025-03-02 09:00:00,view,desktop,US,referral,0
U02009,2025-03-02 09:14:51,add_to_cart,desktop,US,referral,0
U02009,2025-03-02 09:36:55,checkout,desktop,US,referral,0
U02009,2025-03-02 09:52:12,purchase,desktop,US,referral,121.58
U02010,2025-02-02 19:00:00,view,mobile,US,cpc,0
U02011,2025-04-13 10:00:00,view,desktop,Brazil,referral,0
U02011,2025-04-13 10:11:56,add_to_cart,desktop,Brazil,referral,0
U02011,2025-04-13 10:20:27,checkout,desktop,Brazil,referral,0
U02011,2025-04-13 10:55:49,purchase,desktop,Brazil,referral,30.94
U02012,2025-05-03 21:00:00,view,mobile,Brazil,cpc,0
U02012,2025-05-03 21:04:56,add_to_cart,mobile,Brazil,cpc,0
U02013,2025-06-20 07:00:00,view,tablet,UK,cpc,0
U02013,2025-06-20 07:11:31,add_to_cart,tablet,UK,cpc,0
U02014,2025-03-20 07:00:00,view,mobile,Brazil,cpc,0
U02014,2025-03-20 07:23:36,add_to_cart,mobile,Brazil,cpc,0
U02014,2025-03-20 07:39:38,checkout,mobile,Brazil,cpc,0
U02015,2025-01-20 12:00:00,view,desktop,Canada,referral,0
U02016,2025-05-31 10:00:00,view,mobile,US,cpc,0
U02017,2025-03-21 12:00:00,view,tablet,Brazil,organic,0
U02018,2025-05-28 13:00:00,view,mobile,UK,cpc,0
U02018,2025-05-28 13:18:51,add_to_cart,mobile,UK,cpc,0
U02018,2025-05-28 14:47:37,checkout,mobile,UK,cpc,0
U02019,2025-03-20 01:00:00,view,desktop,US,referral,0
U02019,2025-03-20 01:15:56,add_to_cart,desktop,US,referral,0
U02019,2025-03-20 01:23:57,checkout,desktop,US,referral,0
U02019,2025-03-20 01:58:16,purchase,desktop,US,referral,100.26
U02020,2025-01-08 15:00:00,view,mobile,US,organic,0
U02020,2025-01-08 15:20:43,add_to_cart,mobile,US,organic,0
U02021,2025-05-19 10:00:00,view,mobile,UK,referral,0
U02021,2025-05-19 10:35:16,add_to_cart,mobile,UK,referral,0
U02021,2025-05-19 12:38:48,checkout,mobile,UK,referral,0
U02021,2025-05-19 13:00:26,purchase,mobile,UK,referral,72.6
U02022,2025-06-21 23:00:00,view,mobile,US,cpc,0
U02023,2025-02-07 06:00:00,view,mobile,India,referral,0
U02023,2025-02-07 06:14:41,add_to_cart,mobile,India,referral,0
U02023,2025-02-07 06:25:39,checkout,mobile,India,referral,0
U02023,2025-02-07 07:11:04,purchase,mobile,India,referral,38.63
U02024,2025-04-11 12:00:00,view,mobile,Canada,referral,0
U02025,2025-02-19 08:00:00,view,desktop,Canada,organic,0
U02025,2025-02-19 08:05:41,add_to_cart,desktop,Canada,organic,0
U02025,2025-02-19 08:29:14,checkout,desktop,Canada,organic,0
U02025,2025-02-19 09:00:06,purchase,desktop,Canada,organic,93.6
U02026,2025-05-11 01:00:00,view,desktop,Canada,referral,0
U02026,2025-05-11 01:19:47,add_to_cart,desktop,Canada,referral,0
U02026,2025-05-11 01:48:04,checkout,desktop,Canada,referral,0
U02026,2025-05-11 02:24:08,purchase,desktop,Canada,referral,108.8
U02027,2025-03-24 11:00:00,view,desktop,US,cpc,0
U02027,2025-03-24 11:15:24,add_to_cart,desktop,US,cpc,0
U02027,2025-03-24 11:32:01,checkout,desktop,US,cpc,0
U02027,2025-03-24 12:40:19,purchase,desktop,US,cpc,91.35
U02028,2025-02-09 19:00:00,view,mobile,US,referral,0
U02028,2025-02-09 19:17:19,add_to_cart,mobile,US,referral,0
U02028,2025-02-09 19:54:40,checkout,mobile,US,referral,0
U02028,2025-02-09 20:20:34,purchase,mobile,US,referral,93.81
U02029,2025-03-29 16:00:00,view,tablet,UK,referral,0
U02030,2025-03-20 11:00:00,view,mobile,Brazil,none,0
U02031,2025-05-18 20:00:00,view,desktop,US,cpc,0
U02031,2025-05-18 20:18:52,add_to_cart,desktop,US,cpc,0
U02031,2025-05-18 20:29:13,checkout,desktop,US,cpc,0
U02031,2025-05-18 20:57:47,purchase,desktop,US,cpc,32.43
U02032,2025-03-08 14:00:00,view,mobile,India,referral,0
U02032,2025-03-08 14:06:33,add_to_cart,mobile,India,referral,0
U02032,2025-03-08 15:00:54,checkout,mobile,India,referral,0
U02032,2025-03-08 15:42:40,purchase,mobile,India,referral,60.81
U02033,2025-03-27 02:00:00,view,mobile,UK,cpc,0
U02033,2025-03-27 02:09:37,add_to_cart,mobile,UK,cpc,0
U02033,2025-03-27 03:18:47,checkout,mobile,UK,cpc,0
U02033,2025-03-27 04:02:43,purchase,mobile,UK,cpc,78.0
U02034,2025-06-09 01:00:00,view,mobile,India,referral,0
U02034,2025-06-09 01:55:41,add_to_cart,mobile,India,referral,0
U02034,2025-06-09 02:22:48,checkout,mobile,India,referral,0
U02034,2025-06-09 02:33:35,purchase,mobile,India,referral,59.24
U02035,2025-03-05 19:00:00,view,desktop,UK,referral,0
U02035,2025-03-05 19:03:56,add_to_cart,desktop,UK,referral,0
U02035,2025-03-05 19:58:04,checkout,desktop,UK,referral,0
U02035,2025-03-05 21:07:09,purchase,desktop,UK,referral,55.9
U02036,2025-04-29 12:00:00,view,desktop,US,cpc,0
U02036,2025-04-29 12:16:40,add_to_cart,desktop,US,cpc,0
U02036,2025-04-29 12:54:05,checkout,desktop,US,cpc,0
U02036,2025-04-29 13:30:58,purchase,desktop,US,cpc,84.05
U02037,2025-02-20 13:00:00,view,tablet,UK,organic,0
U02038,2025-06-22 06:00:00,view,mobile,UK,organic,0
U02038,2025-06-22 06:09:39,add_to_cart,mobile,UK,organic,0
U02038,2025-06-22 06:34:50,checkout,mobile,UK,organic,0
U02038,2025-06-22 07:33:34,purchase,mobile,UK,organic,99.38
U02039,2025-04-03 20:00:00,view,mobile,India,organic,0
U02040,2025-02-02 07:00:00,view,desktop,India,cpc,0
U02040,2025-02-02 07:27:48,add_to_cart,desktop,India,cpc,0
U02040,2025-02-02 07:45:56,checkout,desktop,India,cpc,0
U02041,2025-05-25 17:00:00,view,desktop,India,organic,0
U02042,2025-03-17 15:00:00,view,desktop,India,organic,0
U02042,2025-03-17 15:19:40,add_to_cart,desktop,India,organic,0
U02043,2025-05-28 10:00:00,view,desktop,Canada,none,0
U02043,2025-05-28 10:24:21,add_to_cart,desktop,Canada,none,0
U02044,2025-06-10 02:00:00,view,mobile,US,referral,0
U02045,2025-05-15 17:00:00,view,desktop,US,cpc,0
U02045,2025-05-15 17:15:07,add_to_cart,desktop,US,cpc,0
U02045,2025-05-15 17:24:22,checkout,desktop,US,cpc,0
U02045,2025-05-15 17:48:57,purchase,desktop,US,cpc,99.99
U02046,2025-01-12 22:00:00,view,mobile,Canada,none,0
U02046,2025-01-12 22:02:04,add_to_cart,mobile,Canada,none,0
U02047,2025-05-10 16:00:00,view,tablet,Canada,referral,0
U02048,2025-02-26 02:00:00,view,desktop,Canada,referral,0
U02049,2025-06-05 17:00:00,view,desktop,Canada,organic,0
U02049,2025-06-05 17:13:30,add_to_cart,desktop,Canada,organic,0
U02049,2025-06-05 17:32:48,checkout,desktop,Canada,organic,0
U02049,2025-06-05 17:55:14,purchase,desktop,Canada,organic,85.0
U02050,2025-05-19 02:00:00,view,mobile,US,cpc,0
U02051,2025-02-25 19:00:00,view,mobile,India,none,0
U02051,2025-02-25 19:30:30,add_to_cart,mobile,India,none,0
U02052,2025-04-16 07:00:00,view,mobile,India,cpc,0
U02052,2025-04-16 07:32:03,add_to_cart,mobile,India,cpc,0
U02052,2025-04-16 08:31:08,checkout,mobile,India,cpc,0
U02052,2025-04-16 09:38:08,purchase,mobile,India,cpc,55.94
U02053,2025-01-20 03:00:00,view,mobile,Canada,referral,0
U02053,2025-01-20 03:39:51,add_to_cart,mobile,Canada,referral,0
U02053,2025-01-20 03:51:18,checkout,mobile,Canada,referral,0
U02053,2025-01-20 04:24:45,purchase,mobile,Canada,referral,81.08
U02054,2025-05-08 14:00:00,view,desktop,UK,organic,0
U02054,2025-05-08 14:11:14,add_to_cart,desktop,UK,organic,0
U02054,2025-05-08 14:57:40,checkout,desktop,UK,organic,0
U02054,2025-05-08 15:52:30,purchase,desktop,UK,organic,96.83
U02055,2025-02-07 03:00:00,view,desktop,India,organic,0
U02055,2025-02-07 03:03:10,add_to_cart,desktop,India,organic,0
U02055,2025-02-07 03:07:45,checkout,desktop,India,organic,0
U02056,2025-02-28 10:00:00,view,desktop,UK,referral,0
U02056,2025-02-28 10:08:41,add_to_cart,desktop,UK,referral,0
U02057,2025-03-03 10:00:00,view,desktop,Canada,none,0
U02058,2025-05-08 22:00:00,view,mobile,UK,organic,0
U02059,2025-04-18 10:00:00,view,mobile,US,referral,0
U02060,2025-06-15 16:00:00,view,tablet,US,cpc,0
U02060,2025-06-15 16:19:23,add_to_cart,tablet,US,cpc,0
U02060,2025-06-15 17:05:55,checkout,tablet,US,cpc,0
U02060,2025-06-15 17:25:28,purchase,tablet,US,cpc,48.85
U02061,2025-02-15 10:00:00,view,mobile,US,cpc,0
U02062,2025-03-11 18:00:00,view,tablet,India,cpc,0
U02062,2025-03-11 18:05:33,add_to_cart,tablet,India,cpc,0
U02062,2025-03-11 18:53:13,checkout,tablet,India,cpc,0
U02062,2025-03-11 19:33:54,purchase,tablet,India,cpc,52.02
U02063,2025-03-12 17:00:00,view,mobile,UK,organic,0
U02063,2025-03-12 17:57:01,add_to_cart,mobile,UK,organic,0
U02063,2025-03-12 18:17:55,checkout,mobile,UK,organic,0
U02063,2025-03-12 19:29:22,purchase,mobile,UK,organic,75.14
U02064,2025-03-09 07:00:00,view,desktop,India,referral,0
U02065,2025-02-21 10:00:00,view,desktop,Brazil,organic,0
U02065,2025-02-21 10:17:32,add_to_cart,desktop,Brazil,organic,0
U02065,2025-02-21 11:06:26,checkout,desktop,Brazil,organic,0
U02065,2025-02-21 11:59:47,purchase,desktop,Brazil,organic,80.65
U02066,2025-01-25 02:00:00,view,desktop,US,referral,0
U02066,2025-01-25 02:02:37,add_to_cart,desktop,US,referral,0
U02066,2025-01-25 02:58:50,checkout,desktop,US,referral,0
U02067,2025-06-16 08:00:00,view,desktop,US,referral,0
U02067,2025-06-16 08:02:24,add_to_cart,desktop,US,referral,0
U02067,2025-06-16 08:12:16,checkout,desktop,US,referral,0
U02068,2025-03-22 12:00:00,view,mobile,India,organic,0
U02068,2025-03-22 12:07:50,add_to_cart,mobile,India,organic,0
U02069,2025-04-18 21:00:00,view,mobile,US,referral,0
U02070,2025-02-12 20:00:00,view,tablet,India,organic,0
U02070,2025-02-12 20:02:46,add_to_cart,tablet,India,organic,0
U02071,2025-05-16 17:00:00,view,mobile,UK,cpc,0
U02071,2025-05-16 17:09:42,add_to_cart,mobile,UK,cpc,0
U02072,2025-06-03 20:00:00,view,desktop,India,none,0
U02073,2025-05-29 17:00:00,view,desktop,India,cpc,0
U02074,2025-01-06 15:00:00,view,mobile,UK,referral,0
U02075,2025-06-20 04:00:00,view,tablet,Brazil,referral,0
U02075,2025-06-20 04:18:53,add_to_cart,tablet,Brazil,referral,0
U02075,2025-06-20 04:33:36,checkout,tablet,Brazil,referral,0
U02075,2025-06-20 05:13:56,purchase,tablet,Brazil,referral,81.26
U02076,2025-01-06 14:00:00,view,tablet,Brazil,referral,0
U02076,2025-01-06 14:12:13,add_to_cart,tablet,Brazil,referral,0
U02076,2025-01-06 14:21:42,checkout,tablet,Brazil,referral,0
U02076,2025-01-06 15:44:19,purchase,tablet,Brazil,referral,65.27
U02077,2025-06-11 22:00:00,view,desktop,US,cpc,0
U02077,2025-06-11 22:11:53,add_to_cart,desktop,US,cpc,0
U02077,2025-06-11 22:45:13,checkout,desktop,US,cpc,0
U02077,2025-06-11 22:48:06,purchase,desktop,US,cpc,112.1
U02078,2025-05-14 17:00:00,view,mobile,UK,organic,0
U02079,2025-02-08 18:00:00,view,mobile,US,referral,0
U02079,2025-02-08 18:32:25,add_to_cart,mobile,US,referral,0
U02080,2025-04-06 01:00:00,view,tablet,US,cpc,0
U02080,2025-04-06 01:28:59,add_to_cart,tablet,US,cpc,0
U02080,2025-04-06 01:54:45,checkout,tablet,US,cpc,0
U02080,2025-04-06 02:33:47,purchase,tablet,US,cpc,94.4
U02081,2025-01-26 22:00:00,view,desktop,Brazil,organic,0
U02081,2025-01-26 22:13:40,add_to_cart,desktop,Brazil,organic,0
U02081,2025-01-26 22:39:44,checkout,desktop,Brazil,organic,0
U02081,2025-01-26 23:11:37,purchase,desktop,Brazil,organic,114.62
U02082,2025-04-24 06:00:00,view,mobile,India,referral,0
U02082,2025-04-24 06:22:34,add_to_cart,mobile,India,referral,0
U02083,2025-04-06 13:00:00,view,desktop,UK,organic,0
U02084,2025-06-13 23:00:00,view,desktop,India,cpc,0
U02084,2025-06-13 23:10:38,add_to_cart,desktop,India,cpc,0
U02084,2025-06-13 23:19:28,checkout,desktop,India,cpc,0
U02084,2025-06-13 23:47:45,purchase,desktop,India,cpc,104.85
U02085,2025-05-09 04:00:00,view,desktop,US,none,0
U02086,2025-04-10 21:00:00,view,desktop,US,referral,0
U02086,2025-04-10 21:14:10,add_to_cart,desktop,US,referral,0
U02086,2025-04-10 21:26:42,checkout,desktop,US,referral,0
U02087,2025-01-05 05:00:00,view,desktop,India,referral,0
U02087,2025-01-05 05:07:20,add_to_cart,desktop,India,referral,0
U02087,2025-01-05 05:38:45,checkout,desktop,India,referral,0
U02087,2025-01-05 06:22:48,purchase,desktop,India,referral,71.88
U02088,2025-05-15 18:00:00,view,desktop,Brazil,cpc,0
U02088,2025-05-15 18:28:16,add_to_cart,desktop,Brazil,cpc,0
U02088,2025-05-15 18:49:04,checkout,desktop,Brazil,cpc,0
U02088,2025-05-15 19:13:06,purchase,desktop,Brazil,cpc,75.7
U02089,2025-04-10 01:00:00,view,mobile,Canada,organic,0
U02089,2025-04-10 01:08:22,add_to_cart,mobile,Canada,organic,0
U02089,2025-04-10 02:07:11,checkout,mobile,Canada,organic,0
U02089,2025-04-10 02:21:16,purchase,mobile,Canada,organic,80.06
U02090,2025-06-04 05:00:00,view,mobile,US,cpc,0
U02090,2025-06-04 05:13:58,add_to_cart,mobile,US,cpc,0
U02090,2025-06-04 05:22:15,checkout,mobile,US,cpc,0
U02090,2025-06-04 05:47:33,purchase,mobile,US,cpc,91.12
U02091,2025-05-03 13:00:00,view,mobile,US,cpc,0
U02092,2025-06-08 17:00:00,view,desktop,Canada,organic,0
U02092,2025-06-08 17:31:17,add_to_cart,desktop,Canada,organic,0
U02092,2025-06-08 18:16:09,checkout,desktop,Canada,organic,0
U02092,2025-06-08 18:55:48,purchase,desktop,Canada,organic,92.79
U02093,2025-03-22 07:00:00,view,mobile,Canada,referral,0
U02093,2025-03-22 07:21:47,add_to_cart,mobile,Canada,referral,0
U02093,2025-03-22 09:58:42,checkout,mobile,Canada,referral,0
U02094,2025-05-01 04:00:00,view,tablet,UK,organic,0
U02094,2025-05-01 04:14:39,add_to_cart,tablet,UK,organic,0
U02094,2025-05-01 04:31:56,checkout,tablet,UK,organic,0
U02094,2025-05-01 04:58:27,purchase,tablet,UK,organic,76.3
U02095,2025-05-04 22:00:00,view,mobile,US,referral,0
U02095,2025-05-04 22:37:01,add_to_cart,mobile,US,referral,0
U02095,2025-05-04 22:45:25,checkout,mobile,US,referral,0
U02095,2025-05-04 23:01:36,purchase,mobile,US,referral,106.87
U02096,2025-05-18 10:00:00,view,tablet,India,cpc,0
U02097,2025-01-01 06:00:00,view,mobile,US,cpc,0
U02098,2025-02-07 02:00:00,view,desktop,US,referral,0
U02099,2025-02-21 12:00:00,view,mobile,UK,organic,0
U02099,2025-02-21 12:13:11,add_to_cart,mobile,UK,organic,0
U02099,2025-02-21 12:33:42,checkout,mobile,UK,organic,0
U02099,2025-02-21 13:26:51,purchase,mobile,UK,organic,46.04
U02100,2025-03-18 19:00:00,view,mobile,Brazil,none,0
U02100,2025-03-18 19:30:01,add_to_cart,mobile,Brazil,none,0
U02101,2025-03-28 21:00:00,view,mobile,US,organic,0
U02101,2025-03-28 21:13:16,add_to_cart,mobile,US,organic,0
U02101,2025-03-28 21:54:36,checkout,mobile,US,organic,0
U02101,2025-03-28 23:13:06,purchase,mobile,US,organic,93.83
U02102,2025-01-20 20:00:00,view,mobile,UK,cpc,0
U02102,2025-01-20 20:38:29,add_to_cart,mobile,UK,cpc,0
U02103,2025-03-17 03:00:00,view,mobile,India,cpc,0
U02103,2025-03-17 03:14:12,add_to_cart,mobile,India,cpc,0
U02103,2025-03-17 04:04:23,checkout,mobile,India,cpc,0
U02104,2025-05-18 11:00:00,view,desktop,US,organic,0
U02104,2025-05-18 11:15:30,add_to_cart,desktop,US,organic,0
U02104,2025-05-18 11:18:52,checkout,desktop,US,organic,0
U02104,2025-05-18 12:30:35,purchase,desktop,US,organic,181.87
U02105,2025-04-05 13:00:00,view,mobile,US,referral,0
U02106,2025-01-02 19:00:00,view,mobile,UK,none,0
U02107,2025-01-24 02:00:00,view,mobile,UK,organic,0
U02107,2025-01-24 02:02:51,add_to_cart,mobile,UK,organic,0
U02107,2025-01-24 02:08:46,checkout,mobile,UK,organic,0
U02107,2025-01-24 02:59:24,purchase,mobile,UK,organic,92.45
U02108,2025-02-19 14:00:00,view,mobile,US,cpc,0
U02108,2025-02-19 14:15:52,add_to_cart,mobile,US,cpc,0
U02108,2025-02-19 14:26:23,checkout,mobile,US,cpc,0
U02108,2025-02-19 15:42:19,purchase,mobile,US,cpc,41.11
U02109,2025-02-05 09:00:00,view,mobile,US,referral,0
U02109,2025-02-05 09:02:45,add_to_cart,mobile,US,referral,0
U02109,2025-02-05 09:34:48,checkout,mobile,US,referral,0
U02109,2025-02-05 10:06:12,purchase,mobile,US,referral,66.0
U02110,2025-05-02 02:00:00,view,desktop,US,organic,0
U02110,2025-05-02 02:19:45,add_to_cart,desktop,US,organic,0
U02110,2025-05-02 02:31:39,checkout,desktop,US,organic,0
U02110,2025-05-02 02:42:03,purchase,desktop,US,organic,97.41
U02111,2025-02-12 10:00:00,view,tablet,US,referral,0
U02112,2025-06-24 23:00:00,view,mobile,US,cpc,0
U02113,2025-02-09 20:00:00,view,desktop,UK,referral,0
U02113,2025-02-09 20:27:47,add_to_cart,desktop,UK,referral,0
U02113,2025-02-09 20:59:44,checkout,desktop,UK,referral,0
U02113,2025-02-09 21:19:22,purchase,desktop,UK,referral,107.26
U02114,2025-05-04 19:00:00,view,mobile,Canada,none,0
U02114,2025-05-04 19:03:15,add_to_cart,mobile,Canada,none,0
U02115,2025-04-01 11:00:00,view,mobile,Canada,referral,0
U02115,2025-04-01 11:15:00,add_to_cart,mobile,Canada,referral,0
U02115,2025-04-01 11:50:53,checkout,mobile,Canada,referral,0
U02115,2025-04-01 12:09:12,purchase,mobile,Canada,referral,91.99
U02116,2025-01-06 11:00:00,view,desktop,Canada,cpc,0
U02116,2025-01-06 11:16:04,add_to_cart,desktop,Canada,cpc,0
U02117,2025-03-24 20:00:00,view,desktop,UK,referral,0
U02118,2025-01-20 21:00:00,view,desktop,US,referral,0
U02118,2025-01-20 21:04:13,add_to_cart,desktop,US,referral,0
U02118,2025-01-20 21:27:52,checkout,desktop,US,referral,0
U02118,2025-01-20 23:01:03,purchase,desktop,US,referral,95.59
U02119,2025-06-13 17:00:00,view,desktop,UK,none,0
U02120,2025-05-12 12:00:00,view,mobile,US,cpc,0
U02120,2025-05-12 12:13:48,add_to_cart,mobile,US,cpc,0
U02121,2025-02-22 12:00:00,view,tablet,US,none,0
U02121,2025-02-22 12:28:44,add_to_cart,tablet,US,none,0
U02121,2025-02-22 12:48:06,checkout,tablet,US,none,0
U02121,2025-02-22 13:39:33,purchase,tablet,US,none,80.97
U02122,2025-03-09 20:00:00,view,mobile,Canada,referral,0
U02122,2025-03-09 20:34:14,add_to_cart,mobile,Canada,referral,0
U02122,2025-03-09 21:55:35,checkout,mobile,Canada,referral,0
U02122,2025-03-09 22:42:19,purchase,mobile,Canada,referral,63.99
U02123,2025-01-25 02:00:00,view,tablet,US,organic,0
U02123,2025-01-25 02:09:13,add_to_cart,tablet,US,organic,0
U02124,2025-01-02 02:00:00,view,desktop,Brazil,none,0
U02125,2025-05-10 16:00:00,view,mobile,Brazil,referral,0
U02125,2025-05-10 16:37:24,add_to_cart,mobile,Brazil,referral,0
U02126,2025-06-08 04:00:00,view,mobile,Brazil,organic,0
U02127,2025-05-05 09:00:00,view,desktop,UK,cpc,0
U02127,2025-05-05 09:03:19,add_to_cart,desktop,UK,cpc,0
U02127,2025-05-05 09:16:22,checkout,desktop,UK,cpc,0
U02128,2025-03-01 12:00:00,view,tablet,Canada,organic,0
U02128,2025-03-01 12:10:54,add_to_cart,tablet,Canada,organic,0
U02128,2025-03-01 12:24:37,checkout,tablet,Canada,organic,0
U02128,2025-03-01 13:42:52,purchase,tablet,Canada,organic,80.27
U02129,2025-06-14 03:00:00,view,mobile,UK,organic,0
U02130,2025-05-24 16:00:00,view,mobile,UK,organic,0
U02130,2025-05-24 16:42:00,add_to_cart,mobile,UK,organic,0
U02130,2025-05-24 17:08:55,checkout,mobile,UK,organic,0
U02130,2025-05-24 17:50:42,purchase,mobile,UK,organic,89.84
U02131,2025-03-18 17:00:00,view,desktop,US,organic,0
U02131,2025-03-18 17:04:17,add_to_cart,desktop,US,organic,0
U02131,2025-03-18 17:28:21,checkout,desktop,US,organic,0
U02131,2025-03-18 17:35:15,purchase,desktop,US,organic,95.45
U02132,2025-02-01 11:00:00,view,mobile,India,referral,0
U02132,2025-02-01 11:18:17,add_to_cart,mobile,India,referral,0
U02132,2025-02-01 11:36:38,checkout,mobile,India,referral,0
U02132,2025-02-01 12:46:36,purchase,mobile,India,referral,80.41
U02133,2025-01-16 22:00:00,view,desktop,India,cpc,0
U02134,2025-01-25 18:00:00,view,desktop,India,none,0
U02134,2025-01-25 18:06:47,add_to_cart,desktop,India,none,0
U02134,2025-01-25 18:52:03,checkout,desktop,India,none,0
U02134,2025-01-25 19:22:42,purchase,desktop,India,none,34.65
U02135,2025-03-18 07:00:00,view,desktop,India,cpc,0
U02136,2025-03-04 12:00:00,view,desktop,Brazil,referral,0
U02136,2025-03-04 12:13:56,add_to_cart,desktop,Brazil,referral,0
U02136,2025-03-04 12:36:05,checkout,desktop,Brazil,referral,0
U02136,2025-03-04 13:06:10,purchase,desktop,Brazil,referral,55.9
U02137,2025-04-21 05:00:00,view,mobile,India,referral,0
U02138,2025-06-23 05:00:00,view,desktop,India,none,0
U02138,2025-06-23 05:28:53,add_to_cart,desktop,India,none,0
U02139,2025-05-13 00:00:00,view,mobile,Canada,referral,0
U02140,2025-02-25 16:00:00,view,desktop,UK,cpc,0
U02140,2025-02-25 17:03:12,add_to_cart,desktop,UK,cpc,0
U02140,2025-02-25 17:29:30,checkout,desktop,UK,cpc,0
U02140,2025-02-25 17:45:11,purchase,desktop,UK,cpc,117.58
U02141,2025-02-05 20:00:00,view,desktop,India,organic,0
U02141,2025-02-05 20:20:57,add_to_cart,desktop,India,organic,0
U02142,2025-01-02 22:00:00,view,tablet,India,referral,0
U02142,2025-01-02 22:23:08,add_to_cart,tablet,India,referral,0
U02142,2025-01-02 22:31:49,checkout,tablet,India,referral,0
U02143,2025-01-01 01:00:00,view,desktop,India,cpc,0
U02144,2025-05-13 05:00:00,view,desktop,US,cpc,0
U02144,2025-05-13 05:06:03,add_to_cart,desktop,US,cpc,0
U02145,2025-04-07 22:00:00,view,desktop,US,organic,0
U02145,2025-04-07 22:07:46,add_to_cart,desktop,US,organic,0
U02145,2025-04-07 22:39:12,checkout,desktop,US,organic,0
U02145,2025-04-08 00:08:46,purchase,desktop,US,organic,123.58
U02146,2025-05-10 02:00:00,view,desktop,US,organic,0
U02146,2025-05-10 02:26:16,add_to_cart,desktop,US,organic,0
U02146,2025-05-10 02:40:41,checkout,desktop,US,organic,0
U02146,2025-05-10 03:24:24,purchase,desktop,US,organic,119.14
U02147,2025-02-04 12:00:00,view,desktop,UK,organic,0
U02147,2025-02-04 12:06:50,add_to_cart,desktop,UK,organic,0
U02147,2025-02-04 12:13:19,checkout,desktop,UK,organic,0
U02147,2025-02-04 12:50:35,purchase,desktop,UK,organic,109.7
U02148,2025-01-05 21:00:00,view,desktop,US,organic,0
U02148,2025-01-05 21:05:05,add_to_cart,desktop,US,organic,0
U02148,2025-01-05 21:41:21,checkout,desktop,US,organic,0
U02148,2025-01-05 21:56:42,purchase,desktop,US,organic,100.22
U02149,2025-06-22 15:00:00,view,desktop,Brazil,organic,0
U02149,2025-06-22 15:11:29,add_to_cart,desktop,Brazil,organic,0
U02150,2025-01-29 11:00:00,view,tablet,US,organic,0
U02151,2025-01-14 00:00:00,view,desktop,US,referral,0
U02151,2025-01-14 00:04:15,add_to_cart,desktop,US,referral,0
U02151,2025-01-14 00:15:46,checkout,desktop,US,referral,0
U02151,2025-01-14 00:31:44,purchase,desktop,US,referral,137.57
U02152,2025-01-11 10:00:00,view,desktop,Canada,none,0
U02152,2025-01-11 10:27:22,add_to_cart,desktop,Canada,none,0
U02152,2025-01-11 10:42:55,checkout,desktop,Canada,none,0
U02152,2025-01-11 10:54:05,purchase,desktop,Canada,none,38.76
U02153,2025-03-30 20:00:00,view,mobile,Canada,organic,0
U02153,2025-03-30 20:23:25,add_to_cart,mobile,Canada,organic,0
U02153,2025-03-30 20:56:34,checkout,mobile,Canada,organic,0
U02154,2025-06-24 15:00:00,view,desktop,US,referral,0
U02154,2025-06-24 15:19:31,add_to_cart,desktop,US,referral,0
U02154,2025-06-24 15:31:25,checkout,desktop,US,referral,0
U02154,2025-06-24 16:16:10,purchase,desktop,US,referral,146.66
U02155,2025-06-26 18:00:00,view,tablet,US,referral,0
U02156,2025-05-16 07:00:00,view,mobile,India,cpc,0
U02156,2025-05-16 07:39:41,add_to_cart,mobile,India,cpc,0
U02157,2025-05-22 07:00:00,view,tablet,US,organic,0
U02157,2025-05-22 07:06:45,add_to_cart,tablet,US,organic,0
U02157,2025-05-22 07:13:15,checkout,tablet,US,organic,0
U02158,2025-03-09 11:00:00,view,mobile,Canada,organic,0
U02159,2025-04-23 05:00:00,view,mobile,US,referral,0
U02159,2025-04-23 05:30:16,add_to_cart,mobile,US,referral,0
U02159,2025-04-23 05:46:39,checkout,mobile,US,referral,0
U02159,2025-04-23 06:22:26,purchase,mobile,US,referral,86.68
U02160,2025-06-23 17:00:00,view,mobile,India,none,0
U02160,2025-06-23 17:38:29,add_to_cart,mobile,India,none,0
U02160,2025-06-23 18:36:27,checkout,mobile,India,none,0
U02161,2025-03-25 07:00:00,view,mobile,UK,organic,0
U02161,2025-03-25 07:26:11,add_to_cart,mobile,UK,organic,0
U02161,2025-03-25 07:37:40,checkout,mobile,UK,organic,0
U02162,2025-02-06 12:00:00,view,mobile,India,organic,0
U02162,2025-02-06 12:22:17,add_to_cart,mobile,India,organic,0
U02162,2025-02-06 12:53:31,checkout,mobile,India,organic,0
U02162,2025-02-06 13:58:31,purchase,mobile,India,organic,41.26
U02163,2025-01-18 07:00:00,view,desktop,UK,cpc,0
U02163,2025-01-18 07:07:06,add_to_cart,desktop,UK,cpc,0
U02164,2025-03-26 11:00:00,view,desktop,Canada,none,0
U02165,2025-05-21 09:00:00,view,tablet,Canada,referral,0
U02165,2025-05-21 09:05:19,add_to_cart,tablet,Canada,referral,0
U02165,2025-05-21 09:29:16,checkout,tablet,Canada,referral,0
U02165,2025-05-21 10:07:07,purchase,tablet,Canada,referral,97.3
U02166,2025-02-28 09:00:00,view,mobile,Brazil,organic,0
U02166,2025-02-28 09:15:03,add_to_cart,mobile,Brazil,organic,0
U02166,2025-02-28 09:52:26,checkout,mobile,Brazil,organic,0
U02166,2025-02-28 09:56:08,purchase,mobile,Brazil,organic,31.47
U02167,2025-01-01 17:00:00,view,mobile,US,organic,0
U02167,2025-01-01 17:05:34,add_to_cart,mobile,US,organic,0
U02167,2025-01-01 17:20:06,checkout,mobile,US,organic,0
U02167,2025-01-01 18:37:55,purchase,mobile,US,organic,139.94
U02168,2025-04-03 14:00:00,view,mobile,India,organic,0
U02168,2025-04-03 14:03:23,add_to_cart,mobile,India,organic,0
U02168,2025-04-03 14:58:13,checkout,mobile,India,organic,0
U02169,2025-06-08 08:00:00,view,mobile,US,referral,0
U02169,2025-06-08 08:08:55,add_to_cart,mobile,US,referral,0
U02169,2025-06-08 08:23:28,checkout,mobile,US,referral,0
U02169,2025-06-08 09:08:07,purchase,mobile,US,referral,93.23
U02170,2025-06-09 09:00:00,view,desktop,UK,referral,0
U02170,2025-06-09 09:10:55,add_to_cart,desktop,UK,referral,0
U02170,2025-06-09 09:25:16,checkout,desktop,UK,referral,0
U02170,2025-06-09 10:26:33,purchase,desktop,UK,referral,93.5
U02171,2025-02-27 06:00:00,view,desktop,Canada,referral,0
U02171,2025-02-27 06:22:16,add_to_cart,desktop,Canada,referral,0
U02171,2025-02-27 06:42:45,checkout,desktop,Canada,referral,0
U02171,2025-02-27 06:58:19,purchase,desktop,Canada,referral,101.45
U02172,2025-05-14 02:00:00,view,tablet,US,organic,0
U02172,2025-05-14 02:12:08,add_to_cart,tablet,US,organic,0
U02172,2025-05-14 02:21:42,checkout,tablet,US,organic,0
U02172,2025-05-14 03:07:25,purchase,tablet,US,organic,93.16
U02173,2025-03-21 04:00:00,view,mobile,US,referral,0
U02173,2025-03-21 04:13:53,add_to_cart,mobile,US,referral,0
U02173,2025-03-21 04:43:38,checkout,mobile,US,referral,0
U02173,2025-03-21 05:50:42,purchase,mobile,US,referral,110.56
U02174,2025-01-11 09:00:00,view,desktop,US,organic,0
U02174,2025-01-11 09:17:24,add_to_cart,desktop,US,organic,0
U02174,2025-01-11 09:37:31,checkout,desktop,US,organic,0
U02174,2025-01-11 10:17:18,purchase,desktop,US,organic,93.0
U02175,2025-04-28 08:00:00,view,mobile,US,organic,0
U02176,2025-04-21 15:00:00,view,desktop,India,referral,0
U02176,2025-04-21 15:25:06,add_to_cart,desktop,India,referral,0
U02176,2025-04-21 15:36:29,checkout,desktop,India,referral,0
U02176,2025-04-21 17:15:31,purchase,desktop,India,referral,117.1
U02177,2025-04-07 12:00:00,view,desktop,UK,none,0
U02178,2025-01-30 14:00:00,view,tablet,UK,referral,0
U02178,2025-01-30 14:14:24,add_to_cart,tablet,UK,referral,0
U02178,2025-01-30 14:25:45,checkout,tablet,UK,referral,0
U02178,2025-01-30 14:48:24,purchase,tablet,UK,referral,82.42
U02179,2025-02-17 12:00:00,view,mobile,UK,referral,0
U02180,2025-06-18 02:00:00,view,mobile,US,cpc,0
U02181,2025-03-24 01:00:00,view,desktop,UK,referral,0
U02181,2025-03-24 01:09:26,add_to_cart,desktop,UK,referral,0
U02181,2025-03-24 01:32:22,checkout,desktop,UK,referral,0
U02182,2025-04-12 00:00:00,view,mobile,India,cpc,0
U02183,2025-01-10 17:00:00,view,mobile,Canada,organic,0
U02184,2025-04-28 06:00:00,view,tablet,Brazil,organic,0
U02184,2025-04-28 06:13:36,add_to_cart,tablet,Brazil,organic,0
U02185,2025-02-27 00:00:00,view,desktop,US,organic,0
U02185,2025-02-27 00:16:20,add_to_cart,desktop,US,organic,0
U02185,2025-02-27 01:22:59,checkout,desktop,US,organic,0
U02185,2025-02-27 02:35:54,purchase,desktop,US,organic,106.89
U02186,2025-02-03 06:00:00,view,mobile,US,organic,0
U02186,2025-02-03 06:33:23,add_to_cart,mobile,US,organic,0
U02186,2025-02-03 06:52:05,checkout,mobile,US,organic,0
U02186,2025-02-03 09:27:29,purchase,mobile,US,organic,65.28
U02187,2025-01-12 14:00:00,view,tablet,US,referral,0
U02188,2025-04-15 09:00:00,view,desktop,Brazil,organic,0
U02188,2025-04-15 09:12:17,add_to_cart,desktop,Brazil,organic,0
U02188,2025-04-15 09:37:09,checkout,desktop,Brazil,organic,0
U02188,2025-04-15 10:04:49,purchase,desktop,Brazil,organic,59.5
U02189,2025-05-23 09:00:00,view,mobile,US,cpc,0
U02189,2025-05-23 09:33:05,add_to_cart,mobile,US,cpc,0
U02189,2025-05-23 09:59:20,checkout,mobile,US,cpc,0
U02189,2025-05-23 10:33:03,purchase,mobile,US,cpc,81.73
U02190,2025-05-30 10:00:00,view,mobile,Canada,organic,0
U02191,2025-03-09 20:00:00,view,mobile,UK,none,0
U02192,2025-03-16 02:00:00,view,mobile,Canada,none,0
U02193,2025-01-06 01:00:00,view,tablet,US,organic,0
U02194,2025-03-02 03:00:00,view,tablet,India,organic,0
U02195,2025-05-28 08:00:00,view,mobile,US,organic,0
U02195,2025-05-28 08:14:38,add_to_cart,mobile,US,organic,0
U02195,2025-05-28 08:52:53,checkout,mobile,US,organic,0
U02195,2025-05-28 09:34:30,purchase,mobile,US,organic,106.69
U02196,2025-02-05 00:00:00,view,desktop,US,referral,0
U02196,2025-02-05 00:16:51,add_to_cart,desktop,US,referral,0
U02196,2025-02-05 01:25:09,checkout,desktop,US,referral,0
U02196,2025-02-05 01:43:58,purchase,desktop,US,referral,164.11
U02197,2025-04-03 17:00:00,view,mobile,Canada,organic,0
U02197,2025-04-03 17:16:26,add_to_cart,mobile,Canada,organic,0
U02198,2025-02-13 21:00:00,view,desktop,UK,organic,0
U02199,2025-05-01 02:00:00,view,desktop,US,organic,0
U02199,2025-05-01 02:02:00,add_to_cart,desktop,US,organic,0
U02199,2025-05-01 02:17:21,checkout,desktop,US,organic,0
U02199,2025-05-01 03:13:13,purchase,desktop,US,organic,100.9
U02200,2025-03-08 13:00:00,view,desktop,India,referral,0
U02200,2025-03-08 13:19:35,add_to_cart,desktop,India,referral,0
U02200,2025-03-08 13:32:23,checkout,desktop,India,referral,0
U02200,2025-03-08 13:37:18,purchase,desktop,India,referral,77.74
U02201,2025-02-12 16:00:00,view,desktop,Brazil,organic,0
U02202,2025-05-15 06:00:00,view,desktop,US,cpc,0
U02202,2025-05-15 06:14:47,add_to_cart,desktop,US,cpc,0
U02203,2025-04-25 08:00:00,view,mobile,India,referral,0
U02203,2025-04-25 08:24:04,add_to_cart,mobile,India,referral,0
U02204,2025-05-08 12:00:00,view,tablet,UK,organic,0
U02204,2025-05-08 12:06:36,add_to_cart,tablet,UK,organic,0
U02204,2025-05-08 13:24:48,checkout,tablet,UK,organic,0
U02204,2025-05-08 13:57:57,purchase,tablet,UK,organic,71.77
U02205,2025-04-04 03:00:00,view,tablet,US,organic,0
U02205,2025-04-04 03:08:44,add_to_cart,tablet,US,organic,0
U02205,2025-04-04 03:12:08,checkout,tablet,US,organic,0
U02206,2025-01-15 19:00:00,view,desktop,India,cpc,0
U02206,2025-01-15 19:04:12,add_to_cart,desktop,India,cpc,0
U02207,2025-01-28 16:00:00,view,mobile,US,cpc,0
U02207,2025-01-28 16:17:39,add_to_cart,mobile,US,cpc,0
U02207,2025-01-28 16:29:42,checkout,mobile,US,cpc,0
U02207,2025-01-28 17:18:43,purchase,mobile,US,cpc,92.56
U02208,2025-04-01 09:00:00,view,desktop,US,organic,0
U02208,2025-04-01 09:18:50,add_to_cart,desktop,US,organic,0
U02208,2025-04-01 10:21:59,checkout,desktop,US,organic,0
U02208,2025-04-01 11:26:56,purchase,desktop,US,organic,138.59
U02209,2025-06-25 18:00:00,view,mobile,UK,referral,0
U02209,2025-06-25 18:29:19,add_to_cart,mobile,UK,referral,0
U02210,2025-04-07 06:00:00,view,mobile,US,referral,0
U02210,2025-04-07 06:22:54,add_to_cart,mobile,US,referral,0
U02211,2025-02-16 22:00:00,view,desktop,US,organic,0
U02211,2025-02-16 22:28:48,add_to_cart,desktop,US,organic,0
U02211,2025-02-16 23:14:21,checkout,desktop,US,organic,0
U02211,2025-02-17 00:02:50,purchase,desktop,US,organic,93.55
U02212,2025-03-25 16:00:00,view,mobile,Canada,none,0
U02212,2025-03-25 16:12:06,add_to_cart,mobile,Canada,none,0
U02213,2025-04-02 00:00:00,view,desktop,US,organic,0
U02213,2025-04-02 00:22:00,add_to_cart,desktop,US,organic,0
U02213,2025-04-02 00:26:08,checkout,desktop,US,organic,0
U02213,2025-04-02 01:53:50,purchase,desktop,US,organic,98.27
U02214,2025-06-11 18:00:00,view,desktop,US,organic,0
U02215,2025-06-02 16:00:00,view,desktop,Canada,organic,0
U02215,2025-06-02 16:02:00,add_to_cart,desktop,Canada,organic,0
U02215,2025-06-02 16:08:02,checkout,desktop,Canada,organic,0
U02215,2025-06-02 16:56:12,purchase,desktop,Canada,organic,60.32
U02216,2025-04-06 08:00:00,view,desktop,US,cpc,0
U02217,2025-06-02 18:00:00,view,mobile,India,referral,0
U02217,2025-06-02 18:05:31,add_to_cart,mobile,India,referral,0
U02217,2025-06-02 18:13:15,checkout,mobile,India,referral,0
U02217,2025-06-02 19:05:35,purchase,mobile,India,referral,124.36
U02218,2025-05-25 17:00:00,view,tablet,US,none,0
U02219,2025-01-22 12:00:00,view,desktop,US,referral,0
U02220,2025-02-06 11:00:00,view,mobile,US,organic,0
U02220,2025-02-06 11:20:32,add_to_cart,mobile,US,organic,0
U02220,2025-02-06 12:37:44,checkout,mobile,US,organic,0
U02220,2025-02-06 13:37:15,purchase,mobile,US,organic,82.21
U02221,2025-04-19 09:00:00,view,desktop,India,organic,0
U02222,2025-06-14 08:00:00,view,desktop,US,referral,0
U02222,2025-06-14 08:03:47,add_to_cart,desktop,US,referral,0
U02222,2025-06-14 08:59:02,checkout,desktop,US,referral,0
U02222,2025-06-14 10:09:43,purchase,desktop,US,referral,146.78
U02223,2025-03-27 00:00:00,view,desktop,India,referral,0
U02224,2025-03-14 15:00:00,view,tablet,India,referral,0
U02225,2025-03-03 12:00:00,view,mobile,US,organic,0
U02225,2025-03-03 12:11:59,add_to_cart,mobile,US,organic,0
U02225,2025-03-03 12:42:26,checkout,mobile,US,organic,0
U02225,2025-03-03 13:31:14,purchase,mobile,US,organic,71.5
U02226,2025-04-13 04:00:00,view,mobile,US,cpc,0
U02227,2025-03-19 10:00:00,view,desktop,US,cpc,0
U02227,2025-03-19 10:02:08,add_to_cart,desktop,US,cpc,0
U02227,2025-03-19 10:29:34,checkout,desktop,US,cpc,0
U02227,2025-03-19 11:09:32,purchase,desktop,US,cpc,103.52
U02228,2025-06-04 18:00:00,view,desktop,UK,none,0
U02229,2025-05-25 11:00:00,view,mobile,Canada,cpc,0
U02230,2025-04-08 14:00:00,view,mobile,US,organic,0
U02230,2025-04-08 14:20:41,add_to_cart,mobile,US,organic,0
U02230,2025-04-08 14:36:03,checkout,mobile,US,organic,0
U02230,2025-04-08 15:08:42,purchase,mobile,US,organic,106.42
U02231,2025-05-17 14:00:00,view,desktop,US,referral,0
U02231,2025-05-17 14:13:14,add_to_cart,desktop,US,referral,0
U02231,2025-05-17 14:29:31,checkout,desktop,US,referral,0
U02231,2025-05-17 15:13:27,purchase,desktop,US,referral,79.84
U02232,2025-05-08 12:00:00,view,desktop,India,organic,0
U02232,2025-05-08 12:04:58,add_to_cart,desktop,India,organic,0
U02232,2025-05-08 12:34:16,checkout,desktop,India,organic,0
U02232,2025-05-08 13:00:29,purchase,desktop,India,organic,39.0
U02233,2025-02-23 01:00:00,view,tablet,US,organic,0
U02234,2025-05-20 04:00:00,view,desktop,US,organic,0
U02234,2025-05-20 04:09:58,add_to_cart,desktop,US,organic,0
U02234,2025-05-20 04:26:34,checkout,desktop,US,organic,0
U02234,2025-05-20 04:39:17,purchase,desktop,US,organic,132.22
U02235,2025-01-09 00:00:00,view,tablet,India,none,0
U02236,2025-05-07 00:00:00,view,desktop,Canada,organic,0
U02236,2025-05-07 00:20:35,add_to_cart,desktop,Canada,organic,0
U02236,2025-05-07 01:12:43,checkout,desktop,Canada,organic,0
U02236,2025-05-07 02:05:40,purchase,desktop,Canada,organic,76.98
U02237,2025-02-15 10:00:00,view,tablet,Brazil,organic,0
U02237,2025-02-15 10:11:36,add_to_cart,tablet,Brazil,organic,0
U02237,2025-02-15 10:49:36,checkout,tablet,Brazil,organic,0
U02237,2025-02-15 11:28:48,purchase,tablet,Brazil,organic,55.15
U02238,2025-03-17 08:00:00,view,tablet,US,none,0
U02238,2025-03-17 08:22:57,add_to_cart,tablet,US,none,0
U02239,2025-05-16 21:00:00,view,desktop,India,referral,0
U02239,2025-05-16 21:33:20,add_to_cart,desktop,India,referral,0
U02239,2025-05-16 21:43:12,checkout,desktop,India,referral,0
U02239,2025-05-16 22:38:49,purchase,desktop,India,referral,114.68
U02240,2025-03-28 20:00:00,view,mobile,US,cpc,0
U02240,2025-03-28 20:13:14,add_to_cart,mobile,US,cpc,0
U02240,2025-03-28 20:36:29,checkout,mobile,US,cpc,0
U02240,2025-03-28 21:38:19,purchase,mobile,US,cpc,103.83
U02241,2025-06-05 17:00:00,view,tablet,Brazil,referral,0
U02241,2025-06-05 17:19:46,add_to_cart,tablet,Brazil,referral,0
U02242,2025-06-26 20:00:00,view,desktop,UK,referral,0
U02242,2025-06-26 20:18:27,add_to_cart,desktop,UK,referral,0
U02242,2025-06-26 20:25:36,checkout,desktop,UK,referral,0
U02242,2025-06-26 20:36:15,purchase,desktop,UK,referral,83.3
U02243,2025-06-18 06:00:00,view,mobile,US,organic,0
U02244,2025-06-10 08:00:00,view,mobile,UK,referral,0
U02245,2025-03-16 20:00:00,view,mobile,UK,cpc,0
U02245,2025-03-16 20:36:14,add_to_cart,mobile,UK,cpc,0
U02245,2025-03-16 21:08:34,checkout,mobile,UK,cpc,0
U02245,2025-03-16 21:46:32,purchase,mobile,UK,cpc,88.05
U02246,2025-05-06 06:00:00,view,mobile,US,organic,0
U02247,2025-01-01 22:00:00,view,desktop,US,cpc,0
U02247,2025-01-01 22:13:12,add_to_cart,desktop,US,cpc,0
U02247,2025-01-01 22:33:48,checkout,desktop,US,cpc,0
U02247,2025-01-01 22:52:48,purchase,desktop,US,cpc,98.36
U02248,2025-06-13 12:00:00,view,desktop,UK,referral,0
U02248,2025-06-13 12:15:31,add_to_cart,desktop,UK,referral,0
U02248,2025-06-13 12:28:03,checkout,desktop,UK,referral,0
U02248,2025-06-13 12:50:21,purchase,desktop,UK,referral,119.86
U02249,2025-06-12 12:00:00,view,tablet,US,referral,0
U02249,2025-06-12 12:09:16,add_to_cart,tablet,US,referral,0
U02249,2025-06-12 13:30:44,checkout,tablet,US,referral,0
U02249,2025-06-12 15:09:55,purchase,tablet,US,referral,67.83
U02250,2025-02-14 11:00:00,view,mobile,US,referral,0
U02250,2025-02-14 11:26:29,add_to_cart,mobile,US,referral,0
U02250,2025-02-14 11:45:08,checkout,mobile,US,referral,0
U02250,2025-02-14 12:08:13,purchase,mobile,US,referral,102.07
U02251,2025-05-18 06:00:00,view,desktop,UK,none,0
U02251,2025-05-18 06:09:59,add_to_cart,desktop,UK,none,0
U02251,2025-05-18 06:43:04,checkout,desktop,UK,none,0
U02252,2025-02-22 23:00:00,view,mobile,US,organic,0
U02252,2025-02-22 23:10:30,add_to_cart,mobile,US,organic,0
U02252,2025-02-22 23:35:06,checkout,mobile,US,organic,0
U02252,2025-02-23 00:03:38,purchase,mobile,US,organic,79.7
U02253,2025-04-17 08:00:00,view,desktop,US,cpc,0
U02253,2025-04-17 08:21:50,add_to_cart,desktop,US,cpc,0
U02253,2025-04-17 08:53:24,checkout,desktop,US,cpc,0
U02253,2025-04-17 08:56:11,purchase,desktop,US,cpc,89.82
U02254,2025-04-21 22:00:00,view,desktop,US,none,0
U02254,2025-04-21 22:11:02,add_to_cart,desktop,US,none,0
U02254,2025-04-21 22:20:32,checkout,desktop,US,none,0
U02254,2025-04-21 22:47:00,purchase,desktop,US,none,54.56
U02255,2025-02-25 00:00:00,view,mobile,US,referral,0
U02255,2025-02-25 00:30:39,add_to_cart,mobile,US,referral,0
U02255,2025-02-25 00:57:06,checkout,mobile,US,referral,0
U02255,2025-02-25 01:14:19,purchase,mobile,US,referral,133.96
U02256,2025-05-27 08:00:00,view,mobile,US,referral,0
U02256,2025-05-27 08:07:08,add_to_cart,mobile,US,referral,0
U02257,2025-02-18 13:00:00,view,mobile,Canada,organic,0
U02257,2025-02-18 13:18:36,add_to_cart,mobile,Canada,organic,0
U02257,2025-02-18 13:55:52,checkout,mobile,Canada,organic,0
U02257,2025-02-18 14:16:27,purchase,mobile,Canada,organic,117.74
U02258,2025-04-26 18:00:00,view,tablet,Canada,none,0
U02258,2025-04-26 18:24:53,add_to_cart,tablet,Canada,none,0
U02259,2025-03-04 09:00:00,view,mobile,Brazil,organic,0
U02259,2025-03-04 09:57:19,add_to_cart,mobile,Brazil,organic,0
U02260,2025-04-22 15:00:00,view,mobile,US,organic,0
U02261,2025-04-20 13:00:00,view,mobile,UK,none,0
U02261,2025-04-20 13:16:44,add_to_cart,mobile,UK,none,0
U02261,2025-04-20 13:28:25,checkout,mobile,UK,none,0
U02262,2025-06-09 22:00:00,view,mobile,India,referral,0
U02262,2025-06-09 22:44:16,add_to_cart,mobile,India,referral,0
U02262,2025-06-09 23:13:24,checkout,mobile,India,referral,0
U02262,2025-06-09 23:23:45,purchase,mobile,India,referral,85.71
U02263,2025-01-19 04:00:00,view,tablet,Canada,referral,0
U02263,2025-01-19 04:17:48,add_to_cart,tablet,Canada,referral,0
U02263,2025-01-19 04:36:19,checkout,tablet,Canada,referral,0
U02263,2025-01-19 06:15:21,purchase,tablet,Canada,referral,115.51
U02264,2025-04-05 10:00:00,view,desktop,Brazil,referral,0
U02264,2025-04-05 10:13:08,add_to_cart,desktop,Brazil,referral,0
U02264,2025-04-05 10:35:22,checkout,desktop,Brazil,referral,0
U02264,2025-04-05 11:00:07,purchase,desktop,Brazil,referral,117.3
U02265,2025-05-16 16:00:00,view,mobile,Canada,cpc,0
U02265,2025-05-16 16:28:35,add_to_cart,mobile,Canada,cpc,0
U02265,2025-05-16 16:41:46,checkout,mobile,Canada,cpc,0
U02266,2025-02-24 19:00:00,view,desktop,UK,organic,0
U02266,2025-02-24 19:47:02,add_to_cart,desktop,UK,organic,0
U02267,2025-05-22 23:00:00,view,desktop,US,cpc,0
U02267,2025-05-22 23:20:39,add_to_cart,desktop,US,cpc,0
U02268,2025-05-14 12:00:00,view,desktop,US,none,0
U02269,2025-01-19 10:00:00,view,desktop,US,referral,0
U02270,2025-04-18 07:00:00,view,desktop,Brazil,organic,0
U02270,2025-04-18 07:12:56,add_to_cart,desktop,Brazil,organic,0
U02270,2025-04-18 07:26:23,checkout,desktop,Brazil,organic,0
U02270,2025-04-18 08:03:58,purchase,desktop,Brazil,organic,89.02
U02271,2025-05-19 07:00:00,view,desktop,US,cpc,0
U02272,2025-01-14 18:00:00,view,mobile,Brazil,none,0
U02272,2025-01-14 18:28:27,add_to_cart,mobile,Brazil,none,0
U02272,2025-01-14 19:22:29,checkout,mobile,Brazil,none,0
U02272,2025-01-14 21:31:25,purchase,mobile,Brazil,none,60.13
U02273,2025-03-27 22:00:00,view,tablet,Canada,organic,0
U02274,2025-03-24 02:00:00,view,tablet,US,cpc,0
U02275,2025-04-05 03:00:00,view,desktop,US,cpc,0
U02275,2025-04-05 03:19:07,add_to_cart,desktop,US,cpc,0
U02275,2025-04-05 03:37:49,checkout,desktop,US,cpc,0
U02275,2025-04-05 04:21:48,purchase,desktop,US,cpc,96.82
U02276,2025-06-20 06:00:00,view,desktop,UK,cpc,0
U02277,2025-01-16 22:00:00,view,desktop,US,none,0
U02277,2025-01-16 22:08:11,add_to_cart,desktop,US,none,0
U02277,2025-01-16 22:27:32,checkout,desktop,US,none,0
U02277,2025-01-16 22:53:36,purchase,desktop,US,none,107.85
U02278,2025-06-17 04:00:00,view,desktop,US,none,0
U02279,2025-04-20 09:00:00,view,desktop,Canada,referral,0
U02279,2025-04-20 09:12:24,add_to_cart,desktop,Canada,referral,0
U02279,2025-04-20 09:35:42,checkout,desktop,Canada,referral,0
U02279,2025-04-20 09:53:46,purchase,desktop,Canada,referral,63.4
U02280,2025-01-08 19:00:00,view,mobile,US,organic,0
U02281,2025-03-25 09:00:00,view,desktop,US,organic,0
U02281,2025-03-25 09:03:08,add_to_cart,desktop,US,organic,0
U02281,2025-03-25 09:24:06,checkout,desktop,US,organic,0
U02281,2025-03-25 09:53:01,purchase,desktop,US,organic,128.69
U02282,2025-01-31 02:00:00,view,mobile,Brazil,organic,0
U02282,2025-01-31 02:11:29,add_to_cart,mobile,Brazil,organic,0
U02283,2025-01-25 02:00:00,view,mobile,US,cpc,0
U02284,2025-01-14 20:00:00,view,mobile,US,organic,0
U02284,2025-01-14 20:32:08,add_to_cart,mobile,US,organic,0
U02285,2025-06-21 22:00:00,view,tablet,India,cpc,0
U02286,2025-04-05 19:00:00,view,desktop,US,organic,0
U02286,2025-04-05 19:09:05,add_to_cart,desktop,US,organic,0
U02286,2025-04-05 19:52:02,checkout,desktop,US,organic,0
U02286,2025-04-05 20:42:42,purchase,desktop,US,organic,91.31
U02287,2025-05-05 21:00:00,view,desktop,Brazil,cpc,0
U02287,2025-05-05 21:03:38,add_to_cart,desktop,Brazil,cpc,0
U02287,2025-05-05 21:23:51,checkout,desktop,Brazil,cpc,0
U02287,2025-05-05 21:31:10,purchase,desktop,Brazil,cpc,93.4
U02288,2025-03-19 16:00:00,view,mobile,US,cpc,0
U02288,2025-03-19 16:25:11,add_to_cart,mobile,US,cpc,0
U02288,2025-03-19 16:52:39,checkout,mobile,US,cpc,0
U02288,2025-03-19 17:13:10,purchase,mobile,US,cpc,77.91
U02289,2025-06-19 21:00:00,view,mobile,UK,cpc,0
U02290,2025-06-27 11:00:00,view,desktop,UK,cpc,0
U02290,2025-06-27 11:08:36,add_to_cart,desktop,UK,cpc,0
U02291,2025-02-24 20:00:00,view,tablet,UK,referral,0
U02292,2025-02-10 06:00:00,view,desktop,UK,organic,0
U02292,2025-02-10 06:02:30,add_to_cart,desktop,UK,organic,0
U02293,2025-04-14 21:00:00,view,mobile,US,organic,0
U02294,2025-06-04 22:00:00,view,tablet,US,organic,0
U02295,2025-02-24 06:00:00,view,mobile,Brazil,referral,0
U02295,2025-02-24 06:32:45,add_to_cart,mobile,Brazil,referral,0
U02295,2025-02-24 07:41:32,checkout,mobile,Brazil,referral,0
U02295,2025-02-24 07:57:39,purchase,mobile,Brazil,referral,81.49
U02296,2025-03-23 16:00:00,view,desktop,Brazil,organic,0
U02297,2025-03-06 18:00:00,view,mobile,US,cpc,0
U02297,2025-03-06 18:23:23,add_to_cart,mobile,US,cpc,0
U02297,2025-03-06 18:34:14,checkout,mobile,US,cpc,0
U02297,2025-03-06 19:04:11,purchase,mobile,US,cpc,60.71
U02298,2025-01-31 14:00:00,view,desktop,US,referral,0
U02298,2025-01-31 14:41:32,add_to_cart,desktop,US,referral,0
U02299,2025-01-12 01:00:00,view,mobile,UK,referral,0
U02300,2025-05-24 10:00:00,view,desktop,US,none,0
U02301,2025-03-05 23:00:00,view,tablet,US,referral,0
U02302,2025-06-13 14:00:00,view,desktop,US,none,0
U02302,2025-06-13 14:23:00,add_to_cart,desktop,US,none,0
U02302,2025-06-13 14:44:01,checkout,desktop,US,none,0
U02302,2025-06-13 16:04:56,purchase,desktop,US,none,93.28
U02303,2025-05-17 23:00:00,view,mobile,Brazil,cpc,0
U02304,2025-05-16 08:00:00,view,mobile,UK,organic,0
U02305,2025-01-04 03:00:00,view,desktop,US,referral,0
U02305,2025-01-04 03:18:02,add_to_cart,desktop,US,referral,0
U02306,2025-01-15 23:00:00,view,mobile,UK,referral,0
U02307,2025-01-10 16:00:00,view,mobile,India,cpc,0
U02308,2025-01-03 08:00:00,view,mobile,US,organic,0
U02308,2025-01-03 08:11:30,add_to_cart,mobile,US,organic,0
U02308,2025-01-03 08:36:41,checkout,mobile,US,organic,0
U02308,2025-01-03 09:44:28,purchase,mobile,US,organic,69.85
U02309,2025-01-11 19:00:00,view,tablet,US,cpc,0
U02310,2025-03-05 16:00:00,view,desktop,US,organic,0
U02310,2025-03-05 16:17:32,add_to_cart,desktop,US,organic,0
U02311,2025-03-13 02:00:00,view,tablet,UK,cpc,0
U02311,2025-03-13 02:15:17,add_to_cart,tablet,UK,cpc,0
U02311,2025-03-13 02:32:24,checkout,tablet,UK,cpc,0
U02312,2025-03-26 21:00:00,view,mobile,US,referral,0
U02312,2025-03-26 21:02:00,add_to_cart,mobile,US,referral,0
U02313,2025-06-12 08:00:00,view,tablet,US,none,0
U02313,2025-06-12 08:10:56,add_to_cart,tablet,US,none,0
U02314,2025-05-10 01:00:00,view,tablet,Canada,cpc,0
U02314,2025-05-10 01:11:55,add_to_cart,tablet,Canada,cpc,0
U02314,2025-05-10 02:14:48,checkout,tablet,Canada,cpc,0
U02314,2025-05-10 02:44:51,purchase,tablet,Canada,cpc,38.66
U02315,2025-05-30 08:00:00,view,desktop,Canada,organic,0
U02315,2025-05-30 08:18:44,add_to_cart,desktop,Canada,organic,0
U02316,2025-01-24 15:00:00,view,desktop,US,none,0
U02316,2025-01-24 15:27:18,add_to_cart,desktop,US,none,0
U02317,2025-06-22 09:00:00,view,desktop,US,cpc,0
U02318,2025-06-15 09:00:00,view,mobile,India,cpc,0
U02318,2025-06-15 09:11:42,add_to_cart,mobile,India,cpc,0
U02318,2025-06-15 09:27:07,checkout,mobile,India,cpc,0
U02319,2025-05-28 15:00:00,view,mobile,US,cpc,0
U02320,2025-05-08 12:00:00,view,desktop,Brazil,organic,0
U02320,2025-05-08 12:21:37,add_to_cart,desktop,Brazil,organic,0
U02320,2025-05-08 12:30:13,checkout,desktop,Brazil,organic,0
U02320,2025-05-08 12:44:33,purchase,desktop,Brazil,organic,63.52
U02321,2025-02-27 08:00:00,view,tablet,US,organic,0
U02321,2025-02-27 08:39:32,add_to_cart,tablet,US,organic,0
U02321,2025-02-27 09:46:16,checkout,tablet,US,organic,0
U02321,2025-02-27 10:43:52,purchase,tablet,US,organic,75.76
U02322,2025-04-28 03:00:00,view,mobile,UK,referral,0
U02323,2025-02-17 17:00:00,view,mobile,India,referral,0
U02323,2025-02-17 17:12:01,add_to_cart,mobile,India,referral,0
U02323,2025-02-17 17:27:23,checkout,mobile,India,referral,0
U02323,2025-02-17 18:08:38,purchase,mobile,India,referral,43.93
U02324,2025-03-23 14:00:00,view,desktop,US,cpc,0
U02324,2025-03-23 14:15:43,add_to_cart,desktop,US,cpc,0
U02325,2025-01-14 18:00:00,view,mobile,US,cpc,0
U02325,2025-01-14 18:19:08,add_to_cart,mobile,US,cpc,0
U02326,2025-03-12 00:00:00,view,desktop,Brazil,organic,0
U02326,2025-03-12 00:12:57,add_to_cart,desktop,Brazil,organic,0
U02326,2025-03-12 00:42:51,checkout,desktop,Brazil,organic,0
U02326,2025-03-12 01:12:46,purchase,desktop,Brazil,organic,91.65
U02327,2025-01-07 10:00:00,view,mobile,India,organic,0
U02328,2025-03-06 11:00:00,view,mobile,India,organic,0
U02329,2025-02-07 05:00:00,view,tablet,Canada,organic,0
U02329,2025-02-07 05:15:24,add_to_cart,tablet,Canada,organic,0
U02329,2025-02-07 06:15:06,checkout,tablet,Canada,organic,0
U02329,2025-02-07 06:42:14,purchase,tablet,Canada,organic,93.92
U02330,2025-05-21 02:00:00,view,mobile,Brazil,organic,0
U02330,2025-05-21 02:24:34,add_to_cart,mobile,Brazil,organic,0
U02330,2025-05-21 03:00:50,checkout,mobile,Brazil,organic,0
U02330,2025-05-21 03:34:40,purchase,mobile,Brazil,organic,68.29
U02331,2025-04-10 05:00:00,view,tablet,Canada,cpc,0
U02332,2025-05-27 23:00:00,view,desktop,India,cpc,0
U02332,2025-05-27 23:13:21,add_to_cart,desktop,India,cpc,0
U02332,2025-05-27 23:46:48,checkout,desktop,India,cpc,0
U02332,2025-05-27 23:54:01,purchase,desktop,India,cpc,66.49
U02333,2025-01-20 17:00:00,view,mobile,India,organic,0
U02333,2025-01-20 17:11:20,add_to_cart,mobile,India,organic,0
U02333,2025-01-20 17:30:25,checkout,mobile,India,organic,0
U02333,2025-01-20 19:17:48,purchase,mobile,India,organic,89.67
U02334,2025-05-21 15:00:00,view,mobile,US,organic,0
U02334,2025-05-21 15:14:17,add_to_cart,mobile,US,organic,0
U02334,2025-05-21 15:45:57,checkout,mobile,US,organic,0
U02334,2025-05-21 15:54:22,purchase,mobile,US,organic,69.01
U02335,2025-02-24 20:00:00,view,mobile,Brazil,organic,0
U02336,2025-04-24 01:00:00,view,tablet,UK,none,0
U02337,2025-01-27 07:00:00,view,mobile,US,organic,0
U02337,2025-01-27 07:22:31,add_to_cart,mobile,US,organic,0
U02337,2025-01-27 07:47:14,checkout,mobile,US,organic,0
U02337,2025-01-27 08:56:12,purchase,mobile,US,organic,122.09
U02338,2025-02-18 06:00:00,view,desktop,US,referral,0
U02338,2025-02-18 06:41:05,add_to_cart,desktop,US,referral,0
U02339,2025-01-07 19:00:00,view,desktop,US,cpc,0
U02339,2025-01-07 19:08:35,add_to_cart,desktop,US,cpc,0
U02339,2025-01-07 19:18:39,checkout,desktop,US,cpc,0
U02339,2025-01-07 19:45:45,purchase,desktop,US,cpc,124.3
U02340,2025-04-08 07:00:00,view,desktop,US,referral,0
U02340,2025-04-08 07:24:04,add_to_cart,desktop,US,referral,0
U02340,2025-04-08 07:34:01,checkout,desktop,US,referral,0
U02340,2025-04-08 07:52:31,purchase,desktop,US,referral,119.96
U02341,2025-04-18 10:00:00,view,desktop,Canada,referral,0
U02341,2025-04-18 10:31:16,add_to_cart,desktop,Canada,referral,0
U02341,2025-04-18 10:38:44,checkout,desktop,Canada,referral,0
U02341,2025-04-18 11:05:39,purchase,desktop,Canada,referral,82.03
U02342,2025-01-10 05:00:00,view,mobile,Canada,organic,0
U02342,2025-01-10 05:53:25,add_to_cart,mobile,Canada,organic,0
U02342,2025-01-10 06:28:19,checkout,mobile,Canada,organic,0
U02343,2025-01-03 17:00:00,view,mobile,US,organic,0
U02343,2025-01-03 17:06:18,add_to_cart,mobile,US,organic,0
U02343,2025-01-03 17:16:42,checkout,mobile,US,organic,0
U02343,2025-01-03 17:24:27,purchase,mobile,US,organic,144.71
U02344,2025-02-13 09:00:00,view,desktop,UK,cpc,0
U02344,2025-02-13 09:07:09,add_to_cart,desktop,UK,cpc,0
U02344,2025-02-13 09:17:09,checkout,desktop,UK,cpc,0
U02344,2025-02-13 10:19:04,purchase,desktop,UK,cpc,102.83
U02345,2025-01-01 01:00:00,view,mobile,US,none,0
U02345,2025-01-01 01:09:25,add_to_cart,mobile,US,none,0
U02345,2025-01-01 02:07:26,checkout,mobile,US,none,0
U02345,2025-01-01 03:06:54,purchase,mobile,US,none,83.62
U02346,2025-06-03 12:00:00,view,mobile,UK,referral,0
U02346,2025-06-03 12:05:55,add_to_cart,mobile,UK,referral,0
U02347,2025-04-12 15:00:00,view,mobile,India,organic,0
U02347,2025-04-12 15:59:41,add_to_cart,mobile,India,organic,0
U02347,2025-04-12 16:18:00,checkout,mobile,India,organic,0
U02347,2025-04-12 16:37:12,purchase,mobile,India,organic,71.64
U02348,2025-01-26 00:00:00,view,desktop,US,referral,0
U02348,2025-01-26 00:02:00,add_to_cart,desktop,US,referral,0
U02349,2025-02-28 12:00:00,view,mobile,Canada,organic,0
U02350,2025-03-20 13:00:00,view,mobile,UK,cpc,0
U02351,2025-04-28 00:00:00,view,mobile,Canada,organic,0
U02351,2025-04-28 00:38:49,add_to_cart,mobile,Canada,organic,0
U02351,2025-04-28 01:09:29,checkout,mobile,Canada,organic,0
U02351,2025-04-28 02:21:05,purchase,mobile,Canada,organic,84.41
U02352,2025-06-18 15:00:00,view,desktop,US,organic,0
U02352,2025-06-18 15:02:04,add_to_cart,desktop,US,organic,0
U02352,2025-06-18 15:26:34,checkout,desktop,US,organic,0
U02352,2025-06-18 16:28:05,purchase,desktop,US,organic,106.04
U02353,2025-01-24 12:00:00,view,mobile,UK,cpc,0
U02353,2025-01-24 12:08:42,add_to_cart,mobile,UK,cpc,0
U02353,2025-01-24 12:22:24,checkout,mobile,UK,cpc,0
U02354,2025-05-14 19:00:00,view,desktop,India,none,0
U02355,2025-05-07 23:00:00,view,tablet,US,organic,0
U02355,2025-05-07 23:40:31,add_to_cart,tablet,US,organic,0
U02356,2025-06-08 03:00:00,view,mobile,US,none,0
U02356,2025-06-08 03:16:34,add_to_cart,mobile,US,none,0
U02356,2025-06-08 04:04:31,checkout,mobile,US,none,0
U02356,2025-06-08 04:31:18,purchase,mobile,US,none,93.7
U02357,2025-01-16 08:00:00,view,desktop,US,organic,0
U02358,2025-03-28 19:00:00,view,desktop,Canada,cpc,0
U02358,2025-03-28 19:09:00,add_to_cart,desktop,Canada,cpc,0
U02359,2025-05-01 08:00:00,view,mobile,US,cpc,0
U02359,2025-05-01 08:27:00,add_to_cart,mobile,US,cpc,0
U02359,2025-05-01 08:52:06,checkout,mobile,US,cpc,0
U02359,2025-05-01 10:07:03,purchase,mobile,US,cpc,75.16
U02360,2025-02-26 18:00:00,view,desktop,US,none,0
U02360,2025-02-26 18:09:30,add_to_cart,desktop,US,none,0
U02360,2025-02-26 18:16:09,checkout,desktop,US,none,0
U02360,2025-02-26 18:34:01,purchase,desktop,US,none,129.13
U02361,2025-04-28 03:00:00,view,mobile,US,cpc,0
U02361,2025-04-28 03:28:51,add_to_cart,mobile,US,cpc,0
U02362,2025-02-21 21:00:00,view,desktop,US,referral,0
U02362,2025-02-21 21:12:10,add_to_cart,desktop,US,referral,0
U02362,2025-02-21 21:46:55,checkout,desktop,US,referral,0
U02362,2025-02-21 22:33:38,purchase,desktop,US,referral,150.9
U02363,2025-06-02 01:00:00,view,mobile,US,cpc,0
U02363,2025-06-02 01:14:36,add_to_cart,mobile,US,cpc,0
U02363,2025-06-02 02:08:46,checkout,mobile,US,cpc,0
U02363,2025-06-02 03:51:28,purchase,mobile,US,cpc,76.77
U02364,2025-05-12 10:00:00,view,tablet,India,referral,0
U02365,2025-05-10 11:00:00,view,mobile,US,organic,0
U02365,2025-05-10 11:18:34,add_to_cart,mobile,US,organic,0
U02365,2025-05-10 11:27:42,checkout,mobile,US,organic,0
U02366,2025-01-30 11:00:00,view,mobile,US,cpc,0
U02367,2025-03-22 06:00:00,view,desktop,Brazil,organic,0
U02367,2025-03-22 06:35:32,add_to_cart,desktop,Brazil,organic,0
U02367,2025-03-22 06:46:21,checkout,desktop,Brazil,organic,0
U02367,2025-03-22 07:59:33,purchase,desktop,Brazil,organic,54.55
U02368,2025-04-12 15:00:00,view,desktop,US,organic,0
U02368,2025-04-12 15:04:51,add_to_cart,desktop,US,organic,0
U02368,2025-04-12 15:42:18,checkout,desktop,US,organic,0
U02368,2025-04-12 16:07:11,purchase,desktop,US,organic,115.03
U02369,2025-01-28 15:00:00,view,desktop,Canada,none,0
U02369,2025-01-28 15:10:10,add_to_cart,desktop,Canada,none,0
U02370,2025-02-15 18:00:00,view,mobile,US,cpc,0
U02371,2025-02-15 04:00:00,view,mobile,Brazil,organic,0
U02371,2025-02-15 04:12:57,add_to_cart,mobile,Brazil,organic,0
U02371,2025-02-15 04:23:55,checkout,mobile,Brazil,organic,0
U02372,2025-01-04 20:00:00,view,mobile,UK,referral,0
U02372,2025-01-04 20:36:25,add_to_cart,mobile,UK,referral,0
U02373,2025-05-10 02:00:00,view,desktop,US,cpc,0
U02373,2025-05-10 02:14:54,add_to_cart,desktop,US,cpc,0
U02373,2025-05-10 02:47:13,checkout,desktop,US,cpc,0
U02374,2025-01-18 12:00:00,view,desktop,US,organic,0
U02375,2025-04-14 01:00:00,view,tablet,US,referral,0
U02375,2025-04-14 01:11:19,add_to_cart,tablet,US,referral,0
U02376,2025-01-09 20:00:00,view,mobile,US,cpc,0
U02376,2025-01-09 20:38:00,add_to_cart,mobile,US,cpc,0
U02376,2025-01-09 20:46:33,checkout,mobile,US,cpc,0
U02376,2025-01-09 20:48:47,purchase,mobile,US,cpc,56.25
U02377,2025-01-04 04:00:00,view,desktop,UK,referral,0
U02377,2025-01-04 04:15:09,add_to_cart,desktop,UK,referral,0
U02377,2025-01-04 04:24:21,checkout,desktop,UK,referral,0
U02377,2025-01-04 04:44:19,purchase,desktop,UK,referral,140.89
U02378,2025-04-19 01:00:00,view,mobile,UK,organic,0
U02379,2025-04-16 22:00:00,view,desktop,Brazil,none,0
U02380,2025-06-04 17:00:00,view,mobile,India,organic,0
U02380,2025-06-04 17:30:49,add_to_cart,mobile,India,organic,0
U02380,2025-06-04 17:54:35,checkout,mobile,India,organic,0
U02380,2025-06-04 18:42:08,purchase,mobile,India,organic,39.13
U02381,2025-02-22 05:00:00,view,tablet,US,referral,0
U02381,2025-02-22 05:03:39,add_to_cart,tablet,US,referral,0
U02381,2025-02-22 05:24:09,checkout,tablet,US,referral,0
U02381,2025-02-22 06:25:42,purchase,tablet,US,referral,65.85
U02382,2025-04-25 15:00:00,view,desktop,US,none,0
U02382,2025-04-25 15:10:42,add_to_cart,desktop,US,none,0
U02382,2025-04-25 15:25:06,checkout,desktop,US,none,0
U02383,2025-01-15 17:00:00,view,mobile,Canada,organic,0
U02384,2025-01-03 05:00:00,view,desktop,US,referral,0
U02385,2025-04-05 11:00:00,view,desktop,US,organic,0
U02385,2025-04-05 11:04:03,add_to_cart,desktop,US,organic,0
U02385,2025-04-05 11:50:07,checkout,desktop,US,organic,0
U02385,2025-04-05 11:56:46,purchase,desktop,US,organic,67.98
U02386,2025-05-09 07:00:00,view,tablet,India,organic,0
U02386,2025-05-09 07:23:10,add_to_cart,tablet,India,organic,0
U02386,2025-05-09 07:30:40,checkout,tablet,India,organic,0
U02387,2025-02-07 13:00:00,view,tablet,Brazil,referral,0
U02387,2025-02-07 13:20:24,add_to_cart,tablet,Brazil,referral,0
U02388,2025-03-30 10:00:00,view,tablet,Brazil,organic,0
U02389,2025-06-01 20:00:00,view,mobile,India,organic,0
U02390,2025-05-28 05:00:00,view,tablet,UK,organic,0
U02390,2025-05-28 05:58:05,add_to_cart,tablet,UK,organic,0
U02390,2025-05-28 06:08:54,checkout,tablet,UK,organic,0
U02391,2025-04-22 08:00:00,view,mobile,India,referral,0
U02392,2025-06-19 15:00:00,view,mobile,Canada,cpc,0
U02393,2025-01-28 03:00:00,view,mobile,UK,organic,0
U02394,2025-05-12 17:00:00,view,mobile,UK,organic,0
U02394,2025-05-12 17:59:28,add_to_cart,mobile,UK,organic,0
U02394,2025-05-12 18:33:38,checkout,mobile,UK,organic,0
U02394,2025-05-12 19:01:12,purchase,mobile,UK,organic,97.52
U02395,2025-06-12 04:00:00,view,desktop,US,cpc,0
U02396,2025-04-19 17:00:00,view,tablet,Canada,cpc,0
U02396,2025-04-19 17:05:26,add_to_cart,tablet,Canada,cpc,0
U02396,2025-04-19 17:47:52,checkout,tablet,Canada,cpc,0
U02396,2025-04-19 18:24:27,purchase,tablet,Canada,cpc,76.12
U02397,2025-05-13 04:00:00,view,mobile,Canada,referral,0
U02397,2025-05-13 04:02:00,add_to_cart,mobile,Canada,referral,0
U02397,2025-05-13 04:36:18,checkout,mobile,Canada,referral,0
U02397,2025-05-13 05:44:50,purchase,mobile,Canada,referral,85.44
U02398,2025-04-14 08:00:00,view,mobile,UK,cpc,0
U02398,2025-04-14 08:23:10,add_to_cart,mobile,UK,cpc,0
U02399,2025-06-08 13:00:00,view,desktop,US,cpc,0
U02399,2025-06-08 13:06:27,add_to_cart,desktop,US,cpc,0
U02399,2025-06-08 13:32:12,checkout,desktop,US,cpc,0
U02399,2025-06-08 14:10:25,purchase,desktop,US,cpc,101.86
U02400,2025-06-11 04:00:00,view,desktop,US,organic,0
U02400,2025-06-11 04:48:41,add_to_cart,desktop,US,organic,0
U02400,2025-06-11 05:16:15,checkout,desktop,US,organic,0
U02400,2025-06-11 05:42:28,purchase,desktop,US,organic,79.92
U02401,2025-05-14 16:00:00,view,mobile,UK,organic,0
U02401,2025-05-14 16:15:12,add_to_cart,mobile,UK,organic,0
U02401,2025-05-14 16:45:32,checkout,mobile,UK,organic,0
U02401,2025-05-14 18:02:48,purchase,mobile,UK,organic,88.76
U02402,2025-03-11 00:00:00,view,mobile,US,referral,0
U02402,2025-03-11 00:12:06,add_to_cart,mobile,US,referral,0
U02402,2025-03-11 00:16:23,checkout,mobile,US,referral,0
U02402,2025-03-11 02:32:12,purchase,mobile,US,referral,120.09
U02403,2025-04-07 18:00:00,view,desktop,US,referral,0
U02403,2025-04-07 18:09:18,add_to_cart,desktop,US,referral,0
U02403,2025-04-07 18:31:03,checkout,desktop,US,referral,0
U02403,2025-04-07 19:10:15,purchase,desktop,US,referral,100.62
U02404,2025-03-17 21:00:00,view,mobile,Canada,referral,0
U02404,2025-03-17 21:28:37,add_to_cart,mobile,Canada,referral,0
U02404,2025-03-17 21:52:19,checkout,mobile,Canada,referral,0
U02404,2025-03-17 23:18:30,purchase,mobile,Canada,referral,82.93
U02405,2025-06-29 18:00:00,view,mobile,India,organic,0
U02406,2025-04-13 14:00:00,view,tablet,UK,organic,0
U02406,2025-04-13 14:30:53,add_to_cart,tablet,UK,organic,0
U02407,2025-05-30 10:00:00,view,mobile,India,organic,0
U02407,2025-05-30 10:20:55,add_to_cart,mobile,India,organic,0
U02407,2025-05-30 11:15:13,checkout,mobile,India,organic,0
U02407,2025-05-30 12:10:52,purchase,mobile,India,organic,69.12
U02408,2025-06-06 05:00:00,view,mobile,UK,referral,0
U02408,2025-06-06 05:13:25,add_to_cart,mobile,UK,referral,0
U02408,2025-06-06 05:36:51,checkout,mobile,UK,referral,0
U02408,2025-06-06 07:02:37,purchase,mobile,UK,referral,91.78
U02409,2025-05-09 02:00:00,view,tablet,Canada,organic,0
U02410,2025-02-22 02:00:00,view,mobile,Brazil,referral,0
U02410,2025-02-22 02:17:16,add_to_cart,mobile,Brazil,referral,0
U02410,2025-02-22 02:38:45,checkout,mobile,Brazil,referral,0
U02410,2025-02-22 03:13:51,purchase,mobile,Brazil,referral,103.97
U02411,2025-03-25 01:00:00,view,mobile,India,none,0
U02412,2025-04-12 03:00:00,view,mobile,UK,organic,0
U02413,2025-04-06 06:00:00,view,tablet,US,none,0
U02414,2025-03-29 03:00:00,view,tablet,Canada,cpc,0
U02415,2025-03-30 04:00:00,view,desktop,Brazil,referral,0
U02415,2025-03-30 04:30:47,add_to_cart,desktop,Brazil,referral,0
U02415,2025-03-30 04:46:29,checkout,desktop,Brazil,referral,0
U02415,2025-03-30 05:18:56,purchase,desktop,Brazil,referral,90.58
U02416,2025-01-30 04:00:00,view,mobile,US,referral,0
U02416,2025-01-30 04:42:04,add_to_cart,mobile,US,referral,0
U02416,2025-01-30 05:19:10,checkout,mobile,US,referral,0
U02416,2025-01-30 07:55:53,purchase,mobile,US,referral,99.75
U02417,2025-01-22 20:00:00,view,desktop,India,organic,0
U02418,2025-01-22 23:00:00,view,mobile,US,organic,0
U02418,2025-01-22 23:43:52,add_to_cart,mobile,US,organic,0
U02418,2025-01-22 23:56:18,checkout,mobile,US,organic,0
U02419,2025-05-29 14:00:00,view,desktop,US,organic,0
U02419,2025-05-29 14:07:04,add_to_cart,desktop,US,organic,0
U02420,2025-04-09 20:00:00,view,mobile,India,organic,0
U02420,2025-04-09 20:35:53,add_to_cart,mobile,India,organic,0
U02421,2025-02-26 16:00:00,view,tablet,India,organic,0
U02421,2025-02-26 16:11:12,add_to_cart,tablet,India,organic,0
U02421,2025-02-26 16:17:50,checkout,tablet,India,organic,0
U02421,2025-02-26 16:53:59,purchase,tablet,India,organic,43.57
U02422,2025-02-07 17:00:00,view,tablet,UK,cpc,0
U02422,2025-02-07 17:02:00,add_to_cart,tablet,UK,cpc,0
U02422,2025-02-07 17:24:19,checkout,tablet,UK,cpc,0
U02423,2025-02-13 16:00:00,view,mobile,US,referral,0
U02424,2025-03-13 05:00:00,view,desktop,Canada,organic,0
U02424,2025-03-13 05:07:54,add_to_cart,desktop,Canada,organic,0
U02425,2025-02-06 05:00:00,view,mobile,Brazil,none,0
U02425,2025-02-06 05:24:30,add_to_cart,mobile,Brazil,none,0
U02425,2025-02-06 05:55:20,checkout,mobile,Brazil,none,0
U02425,2025-02-06 08:56:16,purchase,mobile,Brazil,none,39.68
U02426,2025-04-01 00:00:00,view,mobile,US,referral,0
U02426,2025-04-01 00:17:03,add_to_cart,mobile,US,referral,0
U02427,2025-04-01 00:00:00,view,mobile,India,referral,0
U02427,2025-04-01 00:20:47,add_to_cart,mobile,India,referral,0
U02427,2025-04-01 00:32:04,checkout,mobile,India,referral,0
U02428,2025-01-07 16:00:00,view,mobile,UK,referral,0
U02429,2025-06-11 08:00:00,view,desktop,Canada,referral,0
U02430,2025-03-22 21:00:00,view,tablet,UK,referral,0
U02430,2025-03-22 21:14:14,add_to_cart,tablet,UK,referral,0
U02430,2025-03-22 22:11:09,checkout,tablet,UK,referral,0
U02430,2025-03-22 22:22:29,purchase,tablet,UK,referral,94.38
U02431,2025-02-22 04:00:00,view,desktop,India,cpc,0
U02431,2025-02-22 04:10:00,add_to_cart,desktop,India,cpc,0
U02431,2025-02-22 04:40:39,checkout,desktop,India,cpc,0
U02431,2025-02-22 04:57:28,purchase,desktop,India,cpc,53.23
U02432,2025-06-01 16:00:00,view,mobile,UK,none,0
U02432,2025-06-01 16:09:26,add_to_cart,mobile,UK,none,0
U02432,2025-06-01 16:44:33,checkout,mobile,UK,none,0
U02433,2025-06-16 07:00:00,view,mobile,US,organic,0
U02433,2025-06-16 07:55:43,add_to_cart,mobile,US,organic,0
U02433,2025-06-16 08:58:25,checkout,mobile,US,organic,0
U02433,2025-06-16 09:28:44,purchase,mobile,US,organic,85.14
U02434,2025-05-02 02:00:00,view,mobile,UK,organic,0
U02434,2025-05-02 02:27:35,add_to_cart,mobile,UK,organic,0
U02435,2025-04-12 22:00:00,view,desktop,UK,referral,0
U02435,2025-04-12 22:10:40,add_to_cart,desktop,UK,referral,0
U02435,2025-04-12 22:40:31,checkout,desktop,UK,referral,0
U02435,2025-04-12 23:12:07,purchase,desktop,UK,referral,119.46
U02436,2025-04-02 03:00:00,view,desktop,US,referral,0
U02436,2025-04-02 03:08:27,add_to_cart,desktop,US,referral,0
U02436,2025-04-02 04:01:14,checkout,desktop,US,referral,0
U02436,2025-04-02 04:19:28,purchase,desktop,US,referral,123.08
U02437,2025-03-27 20:00:00,view,desktop,US,cpc,0
U02438,2025-02-27 03:00:00,view,desktop,Canada,organic,0
U02438,2025-02-27 03:43:08,add_to_cart,desktop,Canada,organic,0
U02438,2025-02-27 05:17:20,checkout,desktop,Canada,organic,0
U02438,2025-02-27 05:30:15,purchase,desktop,Canada,organic,70.08
U02439,2025-05-10 00:00:00,view,tablet,US,cpc,0
U02439,2025-05-10 00:06:15,add_to_cart,tablet,US,cpc,0
U02440,2025-05-15 12:00:00,view,mobile,Canada,cpc,0
U02441,2025-06-17 05:00:00,view,desktop,US,none,0
U02442,2025-02-26 08:00:00,view,tablet,Canada,cpc,0
U02443,2025-01-13 10:00:00,view,mobile,Canada,referral,0
U02443,2025-01-13 10:17:24,add_to_cart,mobile,Canada,referral,0
U02443,2025-01-13 11:12:17,checkout,mobile,Canada,referral,0
U02443,2025-01-13 11:33:07,purchase,mobile,Canada,referral,90.44
U02444,2025-03-22 05:00:00,view,mobile,Canada,cpc,0
U02444,2025-03-22 05:16:13,add_to_cart,mobile,Canada,cpc,0
U02444,2025-03-22 05:41:11,checkout,mobile,Canada,cpc,0
U02444,2025-03-22 06:49:58,purchase,mobile,Canada,cpc,75.78
U02445,2025-02-14 09:00:00,view,desktop,US,referral,0
U02445,2025-02-14 09:27:12,add_to_cart,desktop,US,referral,0
U02445,2025-02-14 09:54:01,checkout,desktop,US,referral,0
U02445,2025-02-14 11:24:06,purchase,desktop,US,referral,153.45
U02446,2025-05-07 17:00:00,view,desktop,US,referral,0
U02446,2025-05-07 17:21:19,add_to_cart,desktop,US,referral,0
U02446,2025-05-07 17:28:02,checkout,desktop,US,referral,0
U02446,2025-05-07 17:57:58,purchase,desktop,US,referral,134.48
U02447,2025-05-18 04:00:00,view,desktop,US,organic,0
U02447,2025-05-18 04:10:39,add_to_cart,desktop,US,organic,0
U02447,2025-05-18 04:25:32,checkout,desktop,US,organic,0
U02447,2025-05-18 05:03:20,purchase,desktop,US,organic,112.23
U02448,2025-04-04 20:00:00,view,mobile,UK,referral,0
U02449,2025-06-02 08:00:00,view,tablet,Canada,organic,0
U02450,2025-01-02 04:00:00,view,desktop,India,organic,0
U02451,2025-06-17 15:00:00,view,mobile,Brazil,organic,0
U02452,2025-03-07 13:00:00,view,mobile,Canada,referral,0
U02452,2025-03-07 13:04:27,add_to_cart,mobile,Canada,referral,0
U02452,2025-03-07 13:29:11,checkout,mobile,Canada,referral,0
U02452,2025-03-07 16:06:32,purchase,mobile,Canada,referral,94.83
U02453,2025-05-09 22:00:00,view,desktop,India,none,0
U02453,2025-05-09 22:08:18,add_to_cart,desktop,India,none,0
U02454,2025-02-26 11:00:00,view,desktop,US,cpc,0
U02455,2025-01-03 14:00:00,view,mobile,Canada,none,0
U02456,2025-03-04 07:00:00,view,tablet,UK,cpc,0
U02456,2025-03-04 07:14:41,add_to_cart,tablet,UK,cpc,0
U02457,2025-02-26 03:00:00,view,desktop,US,organic,0
U02457,2025-02-26 03:14:08,add_to_cart,desktop,US,organic,0
U02458,2025-01-21 09:00:00,view,desktop,Brazil,organic,0
U02458,2025-01-21 09:08:15,add_to_cart,desktop,Brazil,organic,0
U02458,2025-01-21 09:22:29,checkout,desktop,Brazil,organic,0
U02459,2025-05-04 18:00:00,view,mobile,UK,referral,0
U02459,2025-05-04 18:23:16,add_to_cart,mobile,UK,referral,0
U02459,2025-05-04 18:36:01,checkout,mobile,UK,referral,0
U02459,2025-05-04 18:47:35,purchase,mobile,UK,referral,105.89
U02460,2025-04-24 00:00:00,view,mobile,India,organic,0
U02461,2025-06-29 14:00:00,view,desktop,Canada,none,0
U02461,2025-06-29 14:11:54,add_to_cart,desktop,Canada,none,0
U02461,2025-06-29 14:47:45,checkout,desktop,Canada,none,0
U02461,2025-06-29 16:10:34,purchase,desktop,Canada,none,147.62
U02462,2025-01-08 12:00:00,view,mobile,US,referral,0
U02462,2025-01-08 12:09:38,add_to_cart,mobile,US,referral,0
U02462,2025-01-08 12:37:42,checkout,mobile,US,referral,0
U02463,2025-04-02 15:00:00,view,desktop,India,organic,0
U02463,2025-04-02 15:14:47,add_to_cart,desktop,India,organic,0
U02463,2025-04-02 15:25:07,checkout,desktop,India,organic,0
U02463,2025-04-02 16:12:47,purchase,desktop,India,organic,97.41
U02464,2025-01-18 15:00:00,view,mobile,UK,referral,0
U02465,2025-02-25 17:00:00,view,mobile,US,organic,0
U02466,2025-01-12 00:00:00,view,mobile,US,cpc,0
U02466,2025-01-12 00:19:15,add_to_cart,mobile,US,cpc,0
U02467,2025-01-13 03:00:00,view,mobile,US,organic,0
U02467,2025-01-13 03:08:15,add_to_cart,mobile,US,organic,0
U02467,2025-01-13 04:43:38,checkout,mobile,US,organic,0
U02467,2025-01-13 05:06:44,purchase,mobile,US,organic,77.52
U02468,2025-06-16 12:00:00,view,mobile,India,organic,0
U02468,2025-06-16 12:08:06,add_to_cart,mobile,India,organic,0
U02468,2025-06-16 12:14:15,checkout,mobile,India,organic,0
U02468,2025-06-16 13:54:54,purchase,mobile,India,organic,109.06
U02469,2025-05-26 04:00:00,view,desktop,India,organic,0
U02469,2025-05-26 04:04:45,add_to_cart,desktop,India,organic,0
U02469,2025-05-26 06:10:57,checkout,desktop,India,organic,0
U02469,2025-05-26 07:39:33,purchase,desktop,India,organic,49.49
U02470,2025-04-04 20:00:00,view,mobile,UK,cpc,0
U02470,2025-04-04 20:18:01,add_to_cart,mobile,UK,cpc,0
U02470,2025-04-04 20:33:41,checkout,mobile,UK,cpc,0
U02471,2025-05-05 04:00:00,view,mobile,US,organic,0
U02471,2025-05-05 04:10:23,add_to_cart,mobile,US,organic,0
U02472,2025-05-17 19:00:00,view,desktop,Canada,cpc,0
U02472,2025-05-17 19:08:59,add_to_cart,desktop,Canada,cpc,0
U02472,2025-05-17 19:16:01,checkout,desktop,Canada,cpc,0
U02473,2025-03-13 10:00:00,view,desktop,India,none,0
U02473,2025-03-13 10:06:33,add_to_cart,desktop,India,none,0
U02473,2025-03-13 10:22:47,checkout,desktop,India,none,0
U02474,2025-04-05 19:00:00,view,desktop,Canada,cpc,0
U02474,2025-04-05 19:25:03,add_to_cart,desktop,Canada,cpc,0
U02475,2025-03-24 04:00:00,view,mobile,UK,organic,0
U02475,2025-03-24 04:13:14,add_to_cart,mobile,UK,organic,0
U02475,2025-03-24 04:22:00,checkout,mobile,UK,organic,0
U02476,2025-02-04 11:00:00,view,desktop,India,cpc,0
U02476,2025-02-04 11:28:18,add_to_cart,desktop,India,cpc,0
U02476,2025-02-04 12:10:52,checkout,desktop,India,cpc,0
U02477,2025-02-13 16:00:00,view,desktop,US,organic,0
U02477,2025-02-13 16:19:05,add_to_cart,desktop,US,organic,0
U02477,2025-02-13 16:53:31,checkout,desktop,US,organic,0
U02477,2025-02-13 19:02:47,purchase,desktop,US,organic,104.51
U02478,2025-04-01 11:00:00,view,mobile,India,organic,0
U02478,2025-04-01 11:15:03,add_to_cart,mobile,India,organic,0
U02479,2025-03-07 00:00:00,view,tablet,US,organic,0
U02479,2025-03-07 00:05:49,add_to_cart,tablet,US,organic,0
U02480,2025-04-10 16:00:00,view,tablet,India,organic,0
U02480,2025-04-10 16:04:54,add_to_cart,tablet,India,organic,0
U02481,2025-03-19 16:00:00,view,desktop,Canada,organic,0
U02482,2025-01-24 11:00:00,view,mobile,US,cpc,0
U02483,2025-02-16 23:00:00,view,desktop,India,referral,0
U02484,2025-04-07 01:00:00,view,desktop,Brazil,referral,0
U02484,2025-04-07 01:08:37,add_to_cart,desktop,Brazil,referral,0
U02484,2025-04-07 01:22:56,checkout,desktop,Brazil,referral,0
U02484,2025-04-07 01:32:34,purchase,desktop,Brazil,referral,69.22
U02485,2025-04-05 21:00:00,view,mobile,US,none,0
U02485,2025-04-05 21:08:28,add_to_cart,mobile,US,none,0
U02485,2025-04-05 21:27:15,checkout,mobile,US,none,0
U02485,2025-04-05 23:44:06,purchase,mobile,US,none,77.78
U02486,2025-03-09 17:00:00,view,mobile,Brazil,cpc,0
U02487,2025-02-17 12:00:00,view,desktop,US,none,0
U02488,2025-01-09 19:00:00,view,tablet,Canada,referral,0
U02488,2025-01-09 19:47:41,add_to_cart,tablet,Canada,referral,0
U02489,2025-04-06 01:00:00,view,desktop,Brazil,cpc,0
U02489,2025-04-06 01:18:48,add_to_cart,desktop,Brazil,cpc,0
U02489,2025-04-06 01:36:24,checkout,desktop,Brazil,cpc,0
U02490,2025-01-29 02:00:00,view,desktop,Brazil,referral,0
U02490,2025-01-29 02:14:51,add_to_cart,desktop,Brazil,referral,0
U02490,2025-01-29 02:28:55,checkout,desktop,Brazil,referral,0
U02490,2025-01-29 03:01:06,purchase,desktop,Brazil,referral,110.7
U02491,2025-03-29 12:00:00,view,desktop,Brazil,organic,0
U02491,2025-03-29 12:05:31,add_to_cart,desktop,Brazil,organic,0
U02491,2025-03-29 12:27:06,checkout,desktop,Brazil,organic,0
U02491,2025-03-29 13:11:59,purchase,desktop,Brazil,organic,78.15
U02492,2025-01-02 07:00:00,view,desktop,Canada,organic,0
U02493,2025-03-06 14:00:00,view,tablet,Canada,none,0
U02493,2025-03-06 14:15:21,add_to_cart,tablet,Canada,none,0
U02494,2025-03-30 03:00:00,view,mobile,India,referral,0
U02494,2025-03-30 03:23:19,add_to_cart,mobile,India,referral,0
U02494,2025-03-30 04:44:20,checkout,mobile,India,referral,0
U02494,2025-03-30 05:08:01,purchase,mobile,India,referral,96.01
U02495,2025-04-05 02:00:00,view,mobile,Canada,referral,0
U02495,2025-04-05 02:49:28,add_to_cart,mobile,Canada,referral,0
U02495,2025-04-05 03:49:58,checkout,mobile,Canada,referral,0
U02495,2025-04-05 04:21:17,purchase,mobile,Canada,referral,96.22
U02496,2025-03-22 20:00:00,view,desktop,UK,referral,0
U02496,2025-03-22 20:06:24,add_to_cart,desktop,UK,referral,0
U02496,2025-03-22 20:29:55,checkout,desktop,UK,referral,0
U02496,2025-03-22 21:08:29,purchase,desktop,UK,referral,138.27
U02497,2025-05-21 09:00:00,view,mobile,Brazil,referral,0
U02497,2025-05-21 09:22:21,add_to_cart,mobile,Brazil,referral,0
U02497,2025-05-21 09:41:12,checkout,mobile,Brazil,referral,0
U02497,2025-05-21 10:51:21,purchase,mobile,Brazil,referral,56.37
U02498,2025-05-30 19:00:00,view,desktop,US,referral,0
U02498,2025-05-30 19:03:44,add_to_cart,desktop,US,referral,0
U02498,2025-05-30 19:23:13,checkout,desktop,US,referral,0
U02498,2025-05-30 20:31:58,purchase,desktop,US,referral,97.01
U02499,2025-04-13 03:00:00,view,mobile,UK,organic,0
U02500,2025-03-09 10:00:00,view,tablet,US,organic,0
U02501,2025-01-01 23:00:00,view,tablet,Brazil,cpc,0
U02501,2025-01-01 23:23:13,add_to_cart,tablet,Brazil,cpc,0
U02501,2025-01-01 23:57:28,checkout,tablet,Brazil,cpc,0
U02501,2025-01-02 00:49:51,purchase,tablet,Brazil,cpc,53.33
U02502,2025-03-22 21:00:00,view,desktop,US,referral,0
U02502,2025-03-22 21:34:10,add_to_cart,desktop,US,referral,0
U02503,2025-04-13 04:00:00,view,mobile,US,referral,0
U02503,2025-04-13 04:08:42,add_to_cart,mobile,US,referral,0
U02503,2025-04-13 04:46:20,checkout,mobile,US,referral,0
U02503,2025-04-13 06:41:34,purchase,mobile,US,referral,92.21
U02504,2025-06-20 18:00:00,view,desktop,Canada,none,0
U02504,2025-06-20 18:06:28,add_to_cart,desktop,Canada,none,0
U02505,2025-06-05 21:00:00,view,mobile,UK,cpc,0
U02505,2025-06-05 21:15:01,add_to_cart,mobile,UK,cpc,0
U02505,2025-06-05 21:44:51,checkout,mobile,UK,cpc,0
U02505,2025-06-05 22:16:09,purchase,mobile,UK,cpc,30.64
U02506,2025-05-21 05:00:00,view,tablet,India,none,0
U02507,2025-06-12 09:00:00,view,desktop,US,organic,0
U02507,2025-06-12 09:12:30,add_to_cart,desktop,US,organic,0
U02507,2025-06-12 09:20:23,checkout,desktop,US,organic,0
U02507,2025-06-12 09:28:44,purchase,desktop,US,organic,95.95
U02508,2025-04-21 02:00:00,view,mobile,India,organic,0
U02508,2025-04-21 02:07:17,add_to_cart,mobile,India,organic,0
U02508,2025-04-21 02:22:13,checkout,mobile,India,organic,0
U02508,2025-04-21 02:57:56,purchase,mobile,India,organic,98.62
U02509,2025-06-01 18:00:00,view,mobile,US,organic,0
U02509,2025-06-01 18:09:44,add_to_cart,mobile,US,organic,0
U02509,2025-06-01 18:56:46,checkout,mobile,US,organic,0
U02509,2025-06-01 20:26:34,purchase,mobile,US,organic,91.29
U02510,2025-04-30 02:00:00,view,mobile,Canada,cpc,0
U02511,2025-05-16 17:00:00,view,desktop,US,organic,0
U02511,2025-05-16 17:05:07,add_to_cart,desktop,US,organic,0
U02511,2025-05-16 17:12:18,checkout,desktop,US,organic,0
U02511,2025-05-16 17:49:45,purchase,desktop,US,organic,133.8
U02512,2025-04-24 17:00:00,view,mobile,US,referral,0
U02513,2025-04-13 08:00:00,view,desktop,Canada,referral,0
U02513,2025-04-13 08:12:25,add_to_cart,desktop,Canada,referral,0
U02513,2025-04-13 08:24:06,checkout,desktop,Canada,referral,0
U02513,2025-04-13 08:54:24,purchase,desktop,Canada,referral,143.51
U02514,2025-03-24 22:00:00,view,tablet,US,none,0
U02515,2025-02-24 12:00:00,view,tablet,India,referral,0
U02516,2025-06-22 09:00:00,view,desktop,Brazil,cpc,0
U02516,2025-06-22 09:10:49,add_to_cart,desktop,Brazil,cpc,0
U02516,2025-06-22 09:47:51,checkout,desktop,Brazil,cpc,0
U02516,2025-06-22 10:19:58,purchase,desktop,Brazil,cpc,100.41
U02517,2025-05-10 12:00:00,view,mobile,US,organic,0
U02517,2025-05-10 12:18:57,add_to_cart,mobile,US,organic,0
U02518,2025-03-25 00:00:00,view,desktop,Canada,organic,0
U02518,2025-03-25 00:06:07,add_to_cart,desktop,Canada,organic,0
U02518,2025-03-25 00:12:21,checkout,desktop,Canada,organic,0
U02518,2025-03-25 00:30:13,purchase,desktop,Canada,organic,126.73
U02519,2025-05-09 09:00:00,view,mobile,Canada,none,0
U02520,2025-01-13 15:00:00,view,desktop,UK,organic,0
U02521,2025-02-21 04:00:00,view,mobile,India,cpc,0
U02521,2025-02-21 04:02:12,add_to_cart,mobile,India,cpc,0
U02521,2025-02-21 04:22:13,checkout,mobile,India,cpc,0
U02521,2025-02-21 04:51:24,purchase,mobile,India,cpc,35.99
U02522,2025-02-02 16:00:00,view,desktop,US,referral,0
U02523,2025-03-24 04:00:00,view,desktop,India,cpc,0
U02523,2025-03-24 04:22:07,add_to_cart,desktop,India,cpc,0
U02523,2025-03-24 04:36:39,checkout,desktop,India,cpc,0
U02523,2025-03-24 06:01:19,purchase,desktop,India,cpc,71.58
U02524,2025-06-08 12:00:00,view,desktop,US,referral,0
U02524,2025-06-08 12:02:00,add_to_cart,desktop,US,referral,0
U02524,2025-06-08 12:30:44,checkout,desktop,US,referral,0
U02524,2025-06-08 12:38:45,purchase,desktop,US,referral,81.63
U02525,2025-02-19 00:00:00,view,desktop,Brazil,organic,0
U02525,2025-02-19 00:05:30,add_to_cart,desktop,Brazil,organic,0
U02526,2025-03-06 22:00:00,view,tablet,US,cpc,0
U02526,2025-03-06 22:15:34,add_to_cart,tablet,US,cpc,0
U02527,2025-06-10 08:00:00,view,tablet,US,organic,0
U02528,2025-03-09 19:00:00,view,mobile,Brazil,cpc,0
U02528,2025-03-09 19:11:53,add_to_cart,mobile,Brazil,cpc,0
U02528,2025-03-09 20:41:56,checkout,mobile,Brazil,cpc,0
U02529,2025-05-21 13:00:00,view,desktop,Canada,organic,0
U02530,2025-04-25 09:00:00,view,desktop,UK,referral,0
U02530,2025-04-25 09:02:29,add_to_cart,desktop,UK,referral,0
U02530,2025-04-25 09:28:14,checkout,desktop,UK,referral,0
U02530,2025-04-25 09:58:21,purchase,desktop,UK,referral,98.98
U02531,2025-02-14 06:00:00,view,desktop,Canada,none,0
U02531,2025-02-14 06:21:00,add_to_cart,desktop,Canada,none,0
U02532,2025-02-26 17:00:00,view,tablet,US,none,0
U02533,2025-05-11 07:00:00,view,desktop,India,cpc,0
U02533,2025-05-11 07:10:23,add_to_cart,desktop,India,cpc,0
U02534,2025-05-15 04:00:00,view,mobile,US,referral,0
U02534,2025-05-15 04:23:44,add_to_cart,mobile,US,referral,0
U02534,2025-05-15 06:13:06,checkout,mobile,US,referral,0
U02534,2025-05-15 06:48:44,purchase,mobile,US,referral,83.24
U02535,2025-05-13 18:00:00,view,desktop,UK,referral,0
U02535,2025-05-13 18:13:50,add_to_cart,desktop,UK,referral,0
U02535,2025-05-13 18:47:13,checkout,desktop,UK,referral,0
U02536,2025-01-23 01:00:00,view,mobile,India,referral,0
U02537,2025-04-11 07:00:00,view,mobile,US,referral,0
U02537,2025-04-11 07:14:36,add_to_cart,mobile,US,referral,0
U02537,2025-04-11 08:28:58,checkout,mobile,US,referral,0
U02537,2025-04-11 09:05:34,purchase,mobile,US,referral,97.83
U02538,2025-06-28 19:00:00,view,desktop,US,organic,0
U02538,2025-06-28 19:47:49,add_to_cart,desktop,US,organic,0
U02538,2025-06-28 20:28:00,checkout,desktop,US,organic,0
U02538,2025-06-28 21:24:10,purchase,desktop,US,organic,124.86
U02539,2025-04-11 22:00:00,view,mobile,US,cpc,0
U02540,2025-03-08 06:00:00,view,desktop,India,organic,0
U02540,2025-03-08 06:10:14,add_to_cart,desktop,India,organic,0
U02540,2025-03-08 06:32:14,checkout,desktop,India,organic,0
U02540,2025-03-08 07:12:57,purchase,desktop,India,organic,47.71
U02541,2025-04-09 15:00:00,view,desktop,UK,organic,0
U02541,2025-04-09 15:12:00,add_to_cart,desktop,UK,organic,0
U02541,2025-04-09 15:17:53,checkout,desktop,UK,organic,0
U02541,2025-04-09 16:07:12,purchase,desktop,UK,organic,102.21
U02542,2025-06-03 05:00:00,view,desktop,India,organic,0
U02542,2025-06-03 05:11:07,add_to_cart,desktop,India,organic,0
U02543,2025-02-12 19:00:00,view,mobile,Brazil,referral,0
U02543,2025-02-12 19:50:59,add_to_cart,mobile,Brazil,referral,0
U02543,2025-02-12 20:10:41,checkout,mobile,Brazil,referral,0
U02543,2025-02-12 20:33:30,purchase,mobile,Brazil,referral,59.26
U02544,2025-01-11 15:00:00,view,mobile,Brazil,organic,0
U02544,2025-01-11 15:08:24,add_to_cart,mobile,Brazil,organic,0
U02545,2025-04-27 09:00:00,view,desktop,Canada,none,0
U02545,2025-04-27 09:10:33,add_to_cart,desktop,Canada,none,0
U02545,2025-04-27 09:57:57,checkout,desktop,Canada,none,0
U02545,2025-04-27 10:04:33,purchase,desktop,Canada,none,114.61
U02546,2025-06-08 14:00:00,view,mobile,Brazil,cpc,0
U02546,2025-06-08 14:45:24,add_to_cart,mobile,Brazil,cpc,0
U02547,2025-01-24 21:00:00,view,desktop,Brazil,cpc,0
U02547,2025-01-24 21:29:44,add_to_cart,desktop,Brazil,cpc,0
U02547,2025-01-24 21:44:05,checkout,desktop,Brazil,cpc,0
U02547,2025-01-24 22:40:11,purchase,desktop,Brazil,cpc,81.39
U02548,2025-02-20 11:00:00,view,tablet,Brazil,organic,0
U02549,2025-03-29 01:00:00,view,tablet,US,cpc,0
U02550,2025-04-16 04:00:00,view,tablet,US,referral,0
U02551,2025-04-27 11:00:00,view,desktop,Canada,cpc,0
U02552,2025-04-21 22:00:00,view,mobile,UK,organic,0
U02553,2025-01-03 20:00:00,view,desktop,India,organic,0
U02554,2025-05-24 03:00:00,view,tablet,US,none,0
U02555,2025-06-15 10:00:00,view,mobile,US,cpc,0
U02556,2025-02-15 06:00:00,view,tablet,UK,referral,0
U02556,2025-02-15 06:22:31,add_to_cart,tablet,UK,referral,0
U02557,2025-04-21 01:00:00,view,tablet,UK,organic,0
U02557,2025-04-21 01:06:09,add_to_cart,tablet,UK,organic,0
U02557,2025-04-21 01:17:13,checkout,tablet,UK,organic,0
U02557,2025-04-21 01:47:56,purchase,tablet,UK,organic,105.97
U02558,2025-05-30 22:00:00,view,desktop,US,none,0
U02558,2025-05-30 22:08:05,add_to_cart,desktop,US,none,0
U02558,2025-05-30 22:52:46,checkout,desktop,US,none,0
U02558,2025-05-31 00:05:23,purchase,desktop,US,none,61.96
U02559,2025-06-24 19:00:00,view,desktop,US,cpc,0
U02559,2025-06-24 19:21:04,add_to_cart,desktop,US,cpc,0
U02560,2025-01-04 05:00:00,view,mobile,Brazil,none,0
U02561,2025-06-05 08:00:00,view,desktop,UK,none,0
U02561,2025-06-05 08:02:05,add_to_cart,desktop,UK,none,0
U02562,2025-01-09 07:00:00,view,desktop,Canada,cpc,0
U02562,2025-01-09 07:07:47,add_to_cart,desktop,Canada,cpc,0
U02563,2025-01-09 03:00:00,view,desktop,Brazil,referral,0
U02564,2025-06-29 01:00:00,view,desktop,UK,cpc,0
U02565,2025-06-05 23:00:00,view,desktop,US,cpc,0
U02566,2025-02-04 02:00:00,view,mobile,Brazil,organic,0
U02566,2025-02-04 02:07:48,add_to_cart,mobile,Brazil,organic,0
U02566,2025-02-04 03:01:36,checkout,mobile,Brazil,organic,0
U02566,2025-02-04 04:47:31,purchase,mobile,Brazil,organic,81.14
U02567,2025-01-08 02:00:00,view,desktop,Canada,referral,0
U02567,2025-01-08 02:30:40,add_to_cart,desktop,Canada,referral,0
U02567,2025-01-08 02:33:14,checkout,desktop,Canada,referral,0
U02567,2025-01-08 03:03:10,purchase,desktop,Canada,referral,62.02
U02568,2025-05-31 02:00:00,view,mobile,US,referral,0
U02568,2025-05-31 02:12:21,add_to_cart,mobile,US,referral,0
U02568,2025-05-31 02:42:38,checkout,mobile,US,referral,0
U02568,2025-05-31 03:18:30,purchase,mobile,US,referral,120.55
U02569,2025-04-22 04:00:00,view,mobile,US,cpc,0
U02570,2025-01-04 16:00:00,view,mobile,US,organic,0
U02571,2025-02-20 22:00:00,view,desktop,US,referral,0
U02572,2025-03-24 17:00:00,view,desktop,India,cpc,0
U02572,2025-03-24 17:16:14,add_to_cart,desktop,India,cpc,0
U02573,2025-05-29 07:00:00,view,mobile,US,organic,0
U02574,2025-05-08 17:00:00,view,mobile,UK,cpc,0
U02575,2025-05-08 17:00:00,view,mobile,US,cpc,0
U02576,2025-01-27 17:00:00,view,mobile,India,organic,0
U02577,2025-02-13 23:00:00,view,desktop,Canada,referral,0
U02577,2025-02-13 23:54:06,add_to_cart,desktop,Canada,referral,0
U02577,2025-02-14 00:45:54,checkout,desktop,Canada,referral,0
U02577,2025-02-14 00:53:06,purchase,desktop,Canada,referral,88.91
U02578,2025-06-12 11:00:00,view,desktop,Brazil,organic,0
U02578,2025-06-12 11:09:43,add_to_cart,desktop,Brazil,organic,0
U02579,2025-01-09 08:00:00,view,desktop,UK,organic,0
U02579,2025-01-09 08:08:38,add_to_cart,desktop,UK,organic,0
U02579,2025-01-09 08:37:18,checkout,desktop,UK,organic,0
U02580,2025-06-21 01:00:00,view,mobile,US,cpc,0
U02580,2025-06-21 01:16:09,add_to_cart,mobile,US,cpc,0
U02580,2025-06-21 02:11:41,checkout,mobile,US,cpc,0
U02581,2025-05-22 04:00:00,view,mobile,US,none,0
U02581,2025-05-22 04:37:44,add_to_cart,mobile,US,none,0
U02582,2025-05-04 11:00:00,view,mobile,India,organic,0
U02582,2025-05-04 11:41:53,add_to_cart,mobile,India,organic,0
U02582,2025-05-04 12:31:46,checkout,mobile,India,organic,0
U02583,2025-01-30 02:00:00,view,mobile,Canada,referral,0
U02584,2025-05-21 11:00:00,view,mobile,US,organic,0
U02585,2025-01-16 08:00:00,view,desktop,Canada,organic,0
U02586,2025-06-02 06:00:00,view,desktop,India,cpc,0
U02586,2025-06-02 06:08:17,add_to_cart,desktop,India,cpc,0
U02587,2025-01-27 02:00:00,view,mobile,Brazil,organic,0
U02587,2025-01-27 02:03:27,add_to_cart,mobile,Brazil,organic,0
U02587,2025-01-27 02:23:28,checkout,mobile,Brazil,organic,0
U02588,2025-05-01 06:00:00,view,mobile,US,referral,0
U02589,2025-06-29 05:00:00,view,tablet,UK,organic,0
U02590,2025-02-03 04:00:00,view,mobile,Canada,cpc,0
U02590,2025-02-03 04:31:53,add_to_cart,mobile,Canada,cpc,0
U02590,2025-02-03 04:56:22,checkout,mobile,Canada,cpc,0
U02591,2025-01-29 07:00:00,view,desktop,Brazil,referral,0
U02591,2025-01-29 07:14:57,add_to_cart,desktop,Brazil,referral,0
U02591,2025-01-29 07:30:02,checkout,desktop,Brazil,referral,0
U02591,2025-01-29 07:55:04,purchase,desktop,Brazil,referral,86.51
U02592,2025-01-03 00:00:00,view,mobile,US,organic,0
U02592,2025-01-03 00:08:54,add_to_cart,mobile,US,organic,0
U02592,2025-01-03 00:41:52,checkout,mobile,US,organic,0
U02592,2025-01-03 01:06:37,purchase,mobile,US,organic,107.43
U02593,2025-04-10 22:00:00,view,mobile,Canada,none,0
U02594,2025-03-16 02:00:00,view,desktop,US,cpc,0
U02594,2025-03-16 02:02:00,add_to_cart,desktop,US,cpc,0
U02594,2025-03-16 02:24:53,checkout,desktop,US,cpc,0
U02595,2025-01-12 06:00:00,view,mobile,UK,organic,0
U02596,2025-01-30 21:00:00,view,mobile,India,organic,0
U02596,2025-01-30 21:11:09,add_to_cart,mobile,India,organic,0
U02597,2025-05-04 23:00:00,view,mobile,UK,referral,0
U02598,2025-05-24 21:00:00,view,mobile,US,organic,0
U02598,2025-05-24 21:29:19,add_to_cart,mobile,US,organic,0
U02598,2025-05-24 21:37:56,checkout,mobile,US,organic,0
U02598,2025-05-24 22:47:23,purchase,mobile,US,organic,135.54
U02599,2025-03-03 07:00:00,view,desktop,UK,cpc,0
U02600,2025-04-21 17:00:00,view,tablet,US,referral,0
U02600,2025-04-21 17:13:07,add_to_cart,tablet,US,referral,0
U02600,2025-04-21 17:31:03,checkout,tablet,US,referral,0
U02600,2025-04-21 17:40:16,purchase,tablet,US,referral,66.24
U02601,2025-02-07 03:00:00,view,desktop,US,none,0
U02601,2025-02-07 03:04:47,add_to_cart,desktop,US,none,0
U02602,2025-06-09 18:00:00,view,tablet,US,none,0
U02603,2025-06-23 17:00:00,view,mobile,Canada,organic,0
U02604,2025-06-23 23:00:00,view,mobile,US,cpc,0
U02605,2025-05-24 04:00:00,view,mobile,India,referral,0
U02605,2025-05-24 04:23:03,add_to_cart,mobile,India,referral,0
U02605,2025-05-24 04:25:36,checkout,mobile,India,referral,0
U02605,2025-05-24 05:47:38,purchase,mobile,India,referral,52.38
U02606,2025-05-31 01:00:00,view,mobile,US,organic,0
U02606,2025-05-31 01:29:08,add_to_cart,mobile,US,organic,0
U02606,2025-05-31 02:07:03,checkout,mobile,US,organic,0
U02606,2025-05-31 02:35:22,purchase,mobile,US,organic,88.99
U02607,2025-05-31 18:00:00,view,mobile,UK,cpc,0
U02608,2025-01-11 17:00:00,view,desktop,US,referral,0
U02608,2025-01-11 17:25:23,add_to_cart,desktop,US,referral,0
U02608,2025-01-11 17:34:02,checkout,desktop,US,referral,0
U02608,2025-01-11 18:14:05,purchase,desktop,US,referral,82.92
U02609,2025-02-17 09:00:00,view,tablet,UK,cpc,0
U02610,2025-05-18 01:00:00,view,tablet,India,organic,0
U02611,2025-01-03 21:00:00,view,mobile,US,organic,0
U02612,2025-02-21 07:00:00,view,desktop,US,referral,0
U02612,2025-02-21 07:46:16,add_to_cart,desktop,US,referral,0
U02612,2025-02-21 07:56:20,checkout,desktop,US,referral,0
U02612,2025-02-21 08:47:28,purchase,desktop,US,referral,142.62
U02613,2025-04-02 11:00:00,view,mobile,US,referral,0
U02613,2025-04-02 11:20:27,add_to_cart,mobile,US,referral,0
U02613,2025-04-02 12:34:31,checkout,mobile,US,referral,0
U02613,2025-04-02 13:25:26,purchase,mobile,US,referral,124.37
U02614,2025-05-31 03:00:00,view,desktop,US,none,0
U02614,2025-05-31 03:02:17,add_to_cart,desktop,US,none,0
U02615,2025-04-13 19:00:00,view,desktop,US,organic,0
U02615,2025-04-13 19:27:29,add_to_cart,desktop,US,organic,0
U02616,2025-04-22 17:00:00,view,desktop,Brazil,none,0
U02617,2025-01-25 04:00:00,view,tablet,US,referral,0
U02617,2025-01-25 04:11:59,add_to_cart,tablet,US,referral,0
U02617,2025-01-25 05:30:08,checkout,tablet,US,referral,0
U02617,2025-01-25 06:11:47,purchase,tablet,US,referral,86.97
U02618,2025-04-11 04:00:00,view,mobile,India,none,0
U02619,2025-06-25 07:00:00,view,tablet,India,cpc,0
U02619,2025-06-25 07:11:06,add_to_cart,tablet,India,cpc,0
U02620,2025-03-28 21:00:00,view,mobile,Brazil,referral,0
U02621,2025-03-06 07:00:00,view,mobile,US,organic,0
U02621,2025-03-06 07:05:37,add_to_cart,mobile,US,organic,0
U02622,2025-05-02 10:00:00,view,mobile,US,none,0
U02623,2025-04-03 18:00:00,view,mobile,Brazil,referral,0
U02623,2025-04-03 18:35:21,add_to_cart,mobile,Brazil,referral,0
U02624,2025-03-13 12:00:00,view,desktop,UK,organic,0
U02624,2025-03-13 12:02:00,add_to_cart,desktop,UK,organic,0
U02624,2025-03-13 12:41:45,checkout,desktop,UK,organic,0
U02624,2025-03-13 13:32:02,purchase,desktop,UK,organic,123.1
U02625,2025-03-21 21:00:00,view,mobile,US,cpc,0
U02625,2025-03-21 21:14:32,add_to_cart,mobile,US,cpc,0
U02625,2025-03-21 22:34:41,checkout,mobile,US,cpc,0
U02625,2025-03-21 23:49:12,purchase,mobile,US,cpc,59.43
U02626,2025-02-08 06:00:00,view,mobile,US,organic,0
U02626,2025-02-08 06:04:33,add_to_cart,mobile,US,organic,0
U02626,2025-02-08 06:46:04,checkout,mobile,US,organic,0
U02626,2025-02-08 08:53:51,purchase,mobile,US,organic,118.56
U02627,2025-01-11 01:00:00,view,desktop,UK,organic,0
U02628,2025-02-02 09:00:00,view,mobile,US,cpc,0
U02628,2025-02-02 09:23:48,add_to_cart,mobile,US,cpc,0
U02628,2025-02-02 10:27:26,checkout,mobile,US,cpc,0
U02628,2025-02-02 10:49:33,purchase,mobile,US,cpc,86.96
U02629,2025-02-02 02:00:00,view,mobile,US,organic,0
U02629,2025-02-02 02:05:13,add_to_cart,mobile,US,organic,0
U02629,2025-02-02 02:44:09,checkout,mobile,US,organic,0
U02629,2025-02-02 03:02:52,purchase,mobile,US,organic,122.11
U02630,2025-01-14 16:00:00,view,mobile,US,organic,0
U02630,2025-01-14 16:46:51,add_to_cart,mobile,US,organic,0
U02630,2025-01-14 17:02:23,checkout,mobile,US,organic,0
U02630,2025-01-14 17:52:35,purchase,mobile,US,organic,63.79
U02631,2025-03-25 19:00:00,view,mobile,US,organic,0
U02632,2025-03-05 00:00:00,view,tablet,US,organic,0
U02632,2025-03-05 00:20:48,add_to_cart,tablet,US,organic,0
U02633,2025-05-14 02:00:00,view,mobile,US,cpc,0
U02634,2025-02-02 21:00:00,view,desktop,US,cpc,0
U02635,2025-04-09 02:00:00,view,tablet,US,cpc,0
U02636,2025-05-16 12:00:00,view,mobile,US,cpc,0
U02636,2025-05-16 12:23:35,add_to_cart,mobile,US,cpc,0
U02637,2025-05-02 00:00:00,view,mobile,US,cpc,0
U02638,2025-01-30 02:00:00,view,tablet,Canada,referral,0
U02638,2025-01-30 02:13:50,add_to_cart,tablet,Canada,referral,0
U02639,2025-01-19 23:00:00,view,mobile,UK,referral,0
U02640,2025-06-27 22:00:00,view,tablet,UK,organic,0
U02640,2025-06-27 22:30:44,add_to_cart,tablet,UK,organic,0
U02640,2025-06-27 22:46:52,checkout,tablet,UK,organic,0
U02640,2025-06-27 22:54:33,purchase,tablet,UK,organic,50.65
U02641,2025-01-10 23:00:00,view,desktop,Brazil,cpc,0
U02642,2025-06-15 08:00:00,view,desktop,India,organic,0
U02642,2025-06-15 08:21:15,add_to_cart,desktop,India,organic,0
U02643,2025-01-31 01:00:00,view,desktop,Brazil,organic,0
U02643,2025-01-31 01:03:45,add_to_cart,desktop,Brazil,organic,0
U02643,2025-01-31 01:20:15,checkout,desktop,Brazil,organic,0
U02643,2025-01-31 01:26:50,purchase,desktop,Brazil,organic,51.86
U02644,2025-01-21 16:00:00,view,mobile,US,cpc,0
U02644,2025-01-21 17:00:53,add_to_cart,mobile,US,cpc,0
U02644,2025-01-21 17:02:55,checkout,mobile,US,cpc,0
U02644,2025-01-21 18:29:52,purchase,mobile,US,cpc,85.84
U02645,2025-03-08 08:00:00,view,mobile,Canada,referral,0
U02645,2025-03-08 08:16:33,add_to_cart,mobile,Canada,referral,0
U02645,2025-03-08 08:57:15,checkout,mobile,Canada,referral,0
U02645,2025-03-08 09:37:40,purchase,mobile,Canada,referral,106.52
U02646,2025-04-10 06:00:00,view,mobile,US,organic,0
U02646,2025-04-10 06:27:48,add_to_cart,mobile,US,organic,0
U02647,2025-03-29 19:00:00,view,mobile,Canada,organic,0
U02647,2025-03-29 19:06:59,add_to_cart,mobile,Canada,organic,0
U02647,2025-03-29 20:50:22,checkout,mobile,Canada,organic,0
U02647,2025-03-29 21:30:07,purchase,mobile,Canada,organic,69.76
U02648,2025-05-02 20:00:00,view,desktop,US,organic,0
U02648,2025-05-02 20:05:12,add_to_cart,desktop,US,organic,0
U02648,2025-05-02 20:17:53,checkout,desktop,US,organic,0
U02648,2025-05-02 20:44:59,purchase,desktop,US,organic,135.78
U02649,2025-01-07 17:00:00,view,tablet,India,organic,0
U02650,2025-05-12 07:00:00,view,mobile,Canada,organic,0
U02651,2025-04-19 08:00:00,view,desktop,US,referral,0
U02651,2025-04-19 08:14:45,add_to_cart,desktop,US,referral,0
U02651,2025-04-19 08:28:17,checkout,desktop,US,referral,0
U02651,2025-04-19 08:40:20,purchase,desktop,US,referral,124.84
U02652,2025-05-17 16:00:00,view,mobile,Canada,organic,0
U02652,2025-05-17 16:12:40,add_to_cart,mobile,Canada,organic,0
U02652,2025-05-17 18:05:16,checkout,mobile,Canada,organic,0
U02652,2025-05-17 18:47:09,purchase,mobile,Canada,organic,65.1
U02653,2025-01-20 08:00:00,view,tablet,India,organic,0
U02654,2025-02-16 07:00:00,view,mobile,Canada,none,0
U02654,2025-02-16 07:38:14,add_to_cart,mobile,Canada,none,0
U02655,2025-05-11 09:00:00,view,mobile,Canada,organic,0
U02656,2025-02-08 09:00:00,view,desktop,Canada,none,0
U02656,2025-02-08 09:28:46,add_to_cart,desktop,Canada,none,0
U02656,2025-02-08 10:29:11,checkout,desktop,Canada,none,0
U02656,2025-02-08 10:45:27,purchase,desktop,Canada,none,111.2
U02657,2025-03-20 00:00:00,view,desktop,US,organic,0
U02657,2025-03-20 00:24:14,add_to_cart,desktop,US,organic,0
U02658,2025-04-08 01:00:00,view,tablet,Brazil,referral,0
U02658,2025-04-08 01:04:53,add_to_cart,tablet,Brazil,referral,0
U02659,2025-01-23 18:00:00,view,tablet,Canada,none,0
U02659,2025-01-23 18:34:14,add_to_cart,tablet,Canada,none,0
U02660,2025-02-17 12:00:00,view,desktop,UK,referral,0
U02660,2025-02-17 12:20:20,add_to_cart,desktop,UK,referral,0
U02660,2025-02-17 12:29:04,checkout,desktop,UK,referral,0
U02660,2025-02-17 12:46:54,purchase,desktop,UK,referral,99.87
U02661,2025-04-20 16:00:00,view,desktop,UK,none,0
U02661,2025-04-20 16:20:55,add_to_cart,desktop,UK,none,0
U02661,2025-04-20 16:49:36,checkout,desktop,UK,none,0
U02662,2025-06-19 22:00:00,view,tablet,US,organic,0
U02662,2025-06-19 22:03:14,add_to_cart,tablet,US,organic,0
U02663,2025-02-28 20:00:00,view,tablet,India,organic,0
U02663,2025-02-28 20:16:03,add_to_cart,tablet,India,organic,0
U02663,2025-02-28 20:26:31,checkout,tablet,India,organic,0
U02663,2025-02-28 20:47:47,purchase,tablet,India,organic,101.44
U02664,2025-02-04 00:00:00,view,mobile,UK,organic,0
U02664,2025-02-04 00:45:53,add_to_cart,mobile,UK,organic,0
U02664,2025-02-04 01:02:05,checkout,mobile,UK,organic,0
U02664,2025-02-04 01:29:10,purchase,mobile,UK,organic,93.07
U02665,2025-04-06 00:00:00,view,desktop,Brazil,referral,0
U02665,2025-04-06 00:06:54,add_to_cart,desktop,Brazil,referral,0
U02665,2025-04-06 00:30:16,checkout,desktop,Brazil,referral,0
U02665,2025-04-06 00:53:02,purchase,desktop,Brazil,referral,135.28
U02666,2025-06-24 00:00:00,view,mobile,UK,organic,0
U02666,2025-06-24 00:36:37,add_to_cart,mobile,UK,organic,0
U02666,2025-06-24 01:11:16,checkout,mobile,UK,organic,0
U02666,2025-06-24 01:54:02,purchase,mobile,UK,organic,114.9
U02667,2025-03-19 00:00:00,view,mobile,UK,referral,0
U02667,2025-03-19 00:35:42,add_to_cart,mobile,UK,referral,0
U02667,2025-03-19 01:23:01,checkout,mobile,UK,referral,0
U02667,2025-03-19 03:41:51,purchase,mobile,UK,referral,116.51
U02668,2025-06-23 13:00:00,view,mobile,US,none,0
U02669,2025-05-14 02:00:00,view,desktop,India,referral,0
U02669,2025-05-14 02:11:37,add_to_cart,desktop,India,referral,0
U02669,2025-05-14 02:29:13,checkout,desktop,India,referral,0
U02669,2025-05-14 03:00:18,purchase,desktop,India,referral,90.59
U02670,2025-02-27 20:00:00,view,desktop,India,organic,0
U02670,2025-02-27 20:06:06,add_to_cart,desktop,India,organic,0
U02670,2025-02-27 21:42:32,checkout,desktop,India,organic,0
U02671,2025-06-26 09:00:00,view,desktop,US,organic,0
U02671,2025-06-26 09:17:02,add_to_cart,desktop,US,organic,0
U02671,2025-06-26 10:00:06,checkout,desktop,US,organic,0
U02671,2025-06-26 10:17:54,purchase,desktop,US,organic,136.9
U02672,2025-03-26 06:00:00,view,tablet,Canada,referral,0
U02673,2025-05-29 09:00:00,view,desktop,Brazil,cpc,0
U02673,2025-05-29 09:21:33,add_to_cart,desktop,Brazil,cpc,0
U02673,2025-05-29 09:38:58,checkout,desktop,Brazil,cpc,0
U02674,2025-02-17 19:00:00,view,mobile,Brazil,organic,0
U02675,2025-02-22 20:00:00,view,tablet,Canada,organic,0
U02675,2025-02-22 20:04:09,add_to_cart,tablet,Canada,organic,0
U02675,2025-02-22 20:16:21,checkout,tablet,Canada,organic,0
U02675,2025-02-22 20:44:16,purchase,tablet,Canada,organic,27.25
U02676,2025-04-22 16:00:00,view,mobile,US,referral,0
U02676,2025-04-22 16:17:59,add_to_cart,mobile,US,referral,0
U02677,2025-06-08 15:00:00,view,mobile,US,cpc,0
U02678,2025-06-06 08:00:00,view,mobile,UK,cpc,0
U02678,2025-06-06 08:48:09,add_to_cart,mobile,UK,cpc,0
U02678,2025-06-06 09:15:28,checkout,mobile,UK,cpc,0
U02678,2025-06-06 10:58:38,purchase,mobile,UK,cpc,81.45
U02679,2025-02-18 21:00:00,view,mobile,India,cpc,0
U02680,2025-06-22 15:00:00,view,mobile,US,referral,0
U02680,2025-06-22 15:04:00,add_to_cart,mobile,US,referral,0
U02681,2025-04-20 16:00:00,view,desktop,US,none,0
U02681,2025-04-20 16:19:02,add_to_cart,desktop,US,none,0
U02682,2025-01-12 13:00:00,view,desktop,US,organic,0
U02682,2025-01-12 13:08:00,add_to_cart,desktop,US,organic,0
U02682,2025-01-12 13:29:58,checkout,desktop,US,organic,0
U02682,2025-01-12 14:04:53,purchase,desktop,US,organic,110.47
U02683,2025-02-28 23:00:00,view,mobile,US,organic,0
U02683,2025-02-28 23:11:10,add_to_cart,mobile,US,organic,0
U02683,2025-03-01 00:58:14,checkout,mobile,US,organic,0
U02684,2025-03-26 23:00:00,view,mobile,UK,none,0
U02685,2025-02-20 13:00:00,view,desktop,US,referral,0
U02685,2025-02-20 13:26:31,add_to_cart,desktop,US,referral,0
U02685,2025-02-20 13:43:20,checkout,desktop,US,referral,0
U02685,2025-02-20 13:50:50,purchase,desktop,US,referral,136.26
U02686,2025-03-03 06:00:00,view,tablet,India,cpc,0
U02686,2025-03-03 06:26:10,add_to_cart,tablet,India,cpc,0
U02686,2025-03-03 06:52:34,checkout,tablet,India,cpc,0
U02687,2025-03-04 10:00:00,view,mobile,Canada,organic,0
U02688,2025-05-31 21:00:00,view,tablet,UK,none,0
U02688,2025-05-31 21:12:15,add_to_cart,tablet,UK,none,0
U02688,2025-05-31 21:20:40,checkout,tablet,UK,none,0
U02689,2025-05-06 03:00:00,view,desktop,India,organic,0
U02689,2025-05-06 03:23:31,add_to_cart,desktop,India,organic,0
U02689,2025-05-06 03:41:57,checkout,desktop,India,organic,0
U02690,2025-02-28 12:00:00,view,desktop,Canada,referral,0
U02690,2025-02-28 12:11:35,add_to_cart,desktop,Canada,referral,0
U02690,2025-02-28 12:35:40,checkout,desktop,Canada,referral,0
U02690,2025-02-28 13:10:52,purchase,desktop,Canada,referral,72.7
U02691,2025-05-29 01:00:00,view,desktop,US,organic,0
U02691,2025-05-29 01:09:48,add_to_cart,desktop,US,organic,0
U02691,2025-05-29 02:04:26,checkout,desktop,US,organic,0
U02691,2025-05-29 02:42:08,purchase,desktop,US,organic,101.86
U02692,2025-04-13 13:00:00,view,desktop,Canada,cpc,0
U02692,2025-04-13 13:19:31,add_to_cart,desktop,Canada,cpc,0
U02692,2025-04-13 13:36:14,checkout,desktop,Canada,cpc,0
U02692,2025-04-13 13:55:15,purchase,desktop,Canada,cpc,77.96
U02693,2025-01-14 16:00:00,view,desktop,UK,cpc,0
U02693,2025-01-14 16:15:53,add_to_cart,desktop,UK,cpc,0
U02694,2025-01-04 08:00:00,view,mobile,Brazil,organic,0
U02694,2025-01-04 08:24:16,add_to_cart,mobile,Brazil,organic,0
U02694,2025-01-04 08:47:40,checkout,mobile,Brazil,organic,0
U02695,2025-03-30 04:00:00,view,tablet,Canada,cpc,0
U02696,2025-06-24 22:00:00,view,desktop,Brazil,cpc,0
U02696,2025-06-24 22:33:26,add_to_cart,desktop,Brazil,cpc,0
U02696,2025-06-24 22:36:48,checkout,desktop,Brazil,cpc,0
U02696,2025-06-24 23:21:44,purchase,desktop,Brazil,cpc,62.35
U02697,2025-05-05 08:00:00,view,desktop,US,organic,0
U02697,2025-05-05 08:07:40,add_to_cart,desktop,US,organic,0
U02698,2025-04-25 01:00:00,view,desktop,US,none,0
U02699,2025-01-27 00:00:00,view,tablet,US,organic,0
U02699,2025-01-27 00:14:26,add_to_cart,tablet,US,organic,0
U02699,2025-01-27 01:40:09,checkout,tablet,US,organic,0
U02699,2025-01-27 01:47:29,purchase,tablet,US,organic,99.77
U02700,2025-05-10 23:00:00,view,tablet,UK,none,0
U02701,2025-05-02 06:00:00,view,mobile,Brazil,none,0
U02701,2025-05-02 06:10:02,add_to_cart,mobile,Brazil,none,0
U02701,2025-05-02 07:04:42,checkout,mobile,Brazil,none,0
U02701,2025-05-02 07:27:10,purchase,mobile,Brazil,none,19.85
U02702,2025-01-05 06:00:00,view,desktop,India,none,0
U02703,2025-03-06 15:00:00,view,desktop,US,referral,0
U02703,2025-03-06 15:19:11,add_to_cart,desktop,US,referral,0
U02703,2025-03-06 15:59:39,checkout,desktop,US,referral,0
U02703,2025-03-06 16:36:35,purchase,desktop,US,referral,104.85
U02704,2025-04-27 20:00:00,view,mobile,US,none,0
U02705,2025-06-08 23:00:00,view,tablet,US,organic,0
U02705,2025-06-08 23:08:31,add_to_cart,tablet,US,organic,0
U02705,2025-06-08 23:14:25,checkout,tablet,US,organic,0
U02706,2025-02-03 09:00:00,view,mobile,Brazil,cpc,0
U02707,2025-02-06 19:00:00,view,mobile,Canada,referral,0
U02707,2025-02-06 19:05:07,add_to_cart,mobile,Canada,referral,0
U02707,2025-02-06 19:51:20,checkout,mobile,Canada,referral,0
U02707,2025-02-06 21:51:23,purchase,mobile,Canada,referral,57.74
U02708,2025-04-12 23:00:00,view,desktop,UK,cpc,0
U02708,2025-04-12 23:13:17,add_to_cart,desktop,UK,cpc,0
U02708,2025-04-13 00:00:08,checkout,desktop,UK,cpc,0
U02709,2025-05-06 13:00:00,view,desktop,UK,organic,0
U02709,2025-05-06 13:10:07,add_to_cart,desktop,UK,organic,0
U02710,2025-05-04 22:00:00,view,tablet,India,organic,0
U02710,2025-05-04 22:18:14,add_to_cart,tablet,India,organic,0
U02710,2025-05-04 22:31:07,checkout,tablet,India,organic,0
U02710,2025-05-04 23:01:37,purchase,tablet,India,organic,86.78
U02711,2025-01-28 05:00:00,view,mobile,US,referral,0
U02712,2025-05-14 07:00:00,view,mobile,US,organic,0
U02712,2025-05-14 07:15:23,add_to_cart,mobile,US,organic,0
U02712,2025-05-14 07:40:38,checkout,mobile,US,organic,0
U02712,2025-05-14 08:00:43,purchase,mobile,US,organic,118.23
U02713,2025-02-16 18:00:00,view,desktop,UK,cpc,0
U02713,2025-02-16 18:02:00,add_to_cart,desktop,UK,cpc,0
U02713,2025-02-16 18:20:50,checkout,desktop,UK,cpc,0
U02713,2025-02-16 19:20:47,purchase,desktop,UK,cpc,92.57
U02714,2025-06-16 08:00:00,view,mobile,UK,none,0
U02715,2025-04-18 16:00:00,view,tablet,US,cpc,0
U02716,2025-01-18 05:00:00,view,tablet,UK,none,0
U02716,2025-01-18 05:22:58,add_to_cart,tablet,UK,none,0
U02716,2025-01-18 05:42:01,checkout,tablet,UK,none,0
U02717,2025-01-06 05:00:00,view,mobile,UK,none,0
U02718,2025-03-15 02:00:00,view,tablet,Brazil,organic,0
U02719,2025-01-12 23:00:00,view,tablet,India,cpc,0
U02719,2025-01-12 23:11:00,add_to_cart,tablet,India,cpc,0
U02720,2025-03-11 04:00:00,view,mobile,India,none,0
U02720,2025-03-11 04:28:49,add_to_cart,mobile,India,none,0
U02721,2025-04-01 01:00:00,view,desktop,UK,none,0
U02722,2025-03-19 23:00:00,view,mobile,US,organic,0
U02722,2025-03-19 23:15:17,add_to_cart,mobile,US,organic,0
U02722,2025-03-19 23:26:22,checkout,mobile,US,organic,0
U02722,2025-03-19 23:45:45,purchase,mobile,US,organic,68.58
U02723,2025-04-01 00:00:00,view,desktop,US,referral,0
U02723,2025-04-01 00:36:35,add_to_cart,desktop,US,referral,0
U02723,2025-04-01 01:03:19,checkout,desktop,US,referral,0
U02723,2025-04-01 01:18:46,purchase,desktop,US,referral,108.37
U02724,2025-05-24 00:00:00,view,desktop,UK,cpc,0
U02725,2025-06-10 12:00:00,view,desktop,UK,cpc,0
U02725,2025-06-10 12:38:19,add_to_cart,desktop,UK,cpc,0
U02725,2025-06-10 12:57:54,checkout,desktop,UK,cpc,0
U02725,2025-06-10 13:33:00,purchase,desktop,UK,cpc,72.03
U02726,2025-05-23 08:00:00,view,desktop,US,organic,0
U02726,2025-05-23 08:17:32,add_to_cart,desktop,US,organic,0
U02726,2025-05-23 08:41:19,checkout,desktop,US,organic,0
U02726,2025-05-23 09:26:17,purchase,desktop,US,organic,134.07
U02727,2025-02-14 10:00:00,view,desktop,US,organic,0
U02728,2025-03-27 11:00:00,view,desktop,US,organic,0
U02728,2025-03-27 11:04:31,add_to_cart,desktop,US,organic,0
U02728,2025-03-27 11:42:23,checkout,desktop,US,organic,0
U02728,2025-03-27 12:11:47,purchase,desktop,US,organic,110.29
U02729,2025-03-11 15:00:00,view,desktop,Canada,organic,0
U02729,2025-03-11 15:04:56,add_to_cart,desktop,Canada,organic,0
U02729,2025-03-11 15:30:01,checkout,desktop,Canada,organic,0
U02729,2025-03-11 16:24:42,purchase,desktop,Canada,organic,56.95
U02730,2025-04-06 12:00:00,view,desktop,US,referral,0
U02730,2025-04-06 12:33:36,add_to_cart,desktop,US,referral,0
U02731,2025-04-21 14:00:00,view,desktop,UK,referral,0
U02731,2025-04-21 14:11:13,add_to_cart,desktop,UK,referral,0
U02731,2025-04-21 14:29:41,checkout,desktop,UK,referral,0
U02731,2025-04-21 14:35:04,purchase,desktop,UK,referral,100.14
U02732,2025-04-18 19:00:00,view,desktop,US,organic,0
U02733,2025-03-22 20:00:00,view,mobile,UK,referral,0
U02733,2025-03-22 20:28:52,add_to_cart,mobile,UK,referral,0
U02733,2025-03-22 20:38:48,checkout,mobile,UK,referral,0
U02733,2025-03-22 22:20:08,purchase,mobile,UK,referral,119.14
U02734,2025-04-08 12:00:00,view,tablet,US,referral,0
U02735,2025-02-11 06:00:00,view,mobile,Canada,organic,0
U02736,2025-05-22 15:00:00,view,tablet,Brazil,none,0
U02736,2025-05-22 15:28:07,add_to_cart,tablet,Brazil,none,0
U02736,2025-05-22 16:16:54,checkout,tablet,Brazil,none,0
U02736,2025-05-22 17:19:23,purchase,tablet,Brazil,none,65.45
U02737,2025-01-19 21:00:00,view,tablet,US,organic,0
U02737,2025-01-19 21:17:18,add_to_cart,tablet,US,organic,0
U02737,2025-01-19 22:10:37,checkout,tablet,US,organic,0
U02737,2025-01-19 22:50:19,purchase,tablet,US,organic,98.92
U02738,2025-05-15 19:00:00,view,tablet,UK,organic,0
U02738,2025-05-15 19:33:07,add_to_cart,tablet,UK,organic,0
U02738,2025-05-15 20:00:49,checkout,tablet,UK,organic,0
U02739,2025-05-13 07:00:00,view,desktop,UK,cpc,0
U02739,2025-05-13 07:06:27,add_to_cart,desktop,UK,cpc,0
U02739,2025-05-13 08:11:49,checkout,desktop,UK,cpc,0
U02740,2025-02-21 23:00:00,view,desktop,US,organic,0
U02740,2025-02-21 23:29:55,add_to_cart,desktop,US,organic,0
U02740,2025-02-21 23:33:04,checkout,desktop,US,organic,0
U02740,2025-02-21 23:37:07,purchase,desktop,US,organic,127.03
U02741,2025-06-19 05:00:00,view,desktop,US,organic,0
U02742,2025-03-13 13:00:00,view,desktop,US,none,0
U02743,2025-01-12 14:00:00,view,desktop,UK,cpc,0
U02744,2025-03-02 01:00:00,view,mobile,Canada,none,0
U02745,2025-04-04 03:00:00,view,mobile,UK,organic,0
U02746,2025-02-02 10:00:00,view,tablet,UK,organic,0
U02746,2025-02-02 10:05:56,add_to_cart,tablet,UK,organic,0
U02746,2025-02-02 10:37:15,checkout,tablet,UK,organic,0
U02746,2025-02-02 13:01:17,purchase,tablet,UK,organic,115.57
U02747,2025-04-10 22:00:00,view,mobile,UK,organic,0
U02748,2025-01-12 19:00:00,view,mobile,India,organic,0
U02748,2025-01-12 19:10:06,add_to_cart,mobile,India,organic,0
U02748,2025-01-12 19:47:27,checkout,mobile,India,organic,0
U02748,2025-01-12 20:14:50,purchase,mobile,India,organic,113.76
U02749,2025-06-16 15:00:00,view,mobile,UK,referral,0
U02749,2025-06-16 15:24:31,add_to_cart,mobile,UK,referral,0
U02750,2025-05-05 16:00:00,view,mobile,US,cpc,0
U02750,2025-05-05 16:16:34,add_to_cart,mobile,US,cpc,0
U02751,2025-05-14 18:00:00,view,tablet,UK,none,0
U02752,2025-04-10 11:00:00,view,mobile,US,referral,0
U02753,2025-03-20 08:00:00,view,mobile,India,cpc,0
U02754,2025-06-01 23:00:00,view,desktop,US,organic,0
U02754,2025-06-01 23:27:59,add_to_cart,desktop,US,organic,0
U02754,2025-06-01 23:57:38,checkout,desktop,US,organic,0
U02754,2025-06-02 00:18:24,purchase,desktop,US,organic,74.76
U02755,2025-05-17 00:00:00,view,desktop,US,organic,0
U02756,2025-02-26 06:00:00,view,mobile,India,none,0
U02757,2025-05-18 23:00:00,view,tablet,Canada,referral,0
U02757,2025-05-18 23:33:03,add_to_cart,tablet,Canada,referral,0
U02757,2025-05-19 00:08:06,checkout,tablet,Canada,referral,0
U02757,2025-05-19 00:29:02,purchase,tablet,Canada,referral,157.22
U02758,2025-03-17 08:00:00,view,desktop,Canada,none,0
U02758,2025-03-17 08:29:21,add_to_cart,desktop,Canada,none,0
U02758,2025-03-17 09:12:31,checkout,desktop,Canada,none,0
U02759,2025-06-26 17:00:00,view,desktop,US,cpc,0
U02759,2025-06-26 17:14:57,add_to_cart,desktop,US,cpc,0
U02759,2025-06-26 17:20:29,checkout,desktop,US,cpc,0
U02759,2025-06-26 17:32:31,purchase,desktop,US,cpc,120.98
U02760,2025-02-21 01:00:00,view,mobile,Brazil,organic,0
U02760,2025-02-21 01:13:58,add_to_cart,mobile,Brazil,organic,0
U02760,2025-02-21 01:40:03,checkout,mobile,Brazil,organic,0
U02761,2025-03-23 02:00:00,view,mobile,US,cpc,0
U02761,2025-03-23 02:21:33,add_to_cart,mobile,US,cpc,0
U02761,2025-03-23 02:45:52,checkout,mobile,US,cpc,0
U02761,2025-03-23 03:30:05,purchase,mobile,US,cpc,97.82
U02762,2025-02-24 03:00:00,view,mobile,US,organic,0
U02763,2025-04-07 16:00:00,view,mobile,Canada,organic,0
U02763,2025-04-07 16:42:57,add_to_cart,mobile,Canada,organic,0
U02763,2025-04-07 17:10:30,checkout,mobile,Canada,organic,0
U02763,2025-04-07 17:38:34,purchase,mobile,Canada,organic,66.6
U02764,2025-06-14 16:00:00,view,desktop,Canada,referral,0
U02765,2025-04-23 14:00:00,view,desktop,Brazil,organic,0
U02765,2025-04-23 14:12:08,add_to_cart,desktop,Brazil,organic,0
U02765,2025-04-23 14:34:03,checkout,desktop,Brazil,organic,0
U02765,2025-04-23 14:58:57,purchase,desktop,Brazil,organic,107.7
U02766,2025-01-09 03:00:00,view,mobile,Canada,organic,0
U02766,2025-01-09 03:04:38,add_to_cart,mobile,Canada,organic,0
U02766,2025-01-09 03:31:56,checkout,mobile,Canada,organic,0
U02766,2025-01-09 04:01:05,purchase,mobile,Canada,organic,96.28
U02767,2025-06-13 07:00:00,view,desktop,UK,organic,0
U02767,2025-06-13 07:07:31,add_to_cart,desktop,UK,organic,0
U02767,2025-06-13 08:13:34,checkout,desktop,UK,organic,0
U02767,2025-06-13 08:29:14,purchase,desktop,UK,organic,99.01
U02768,2025-01-03 13:00:00,view,desktop,US,organic,0
U02768,2025-01-03 13:14:00,add_to_cart,desktop,US,organic,0
U02768,2025-01-03 13:23:22,checkout,desktop,US,organic,0
U02768,2025-01-03 14:15:57,purchase,desktop,US,organic,104.46
U02769,2025-05-08 00:00:00,view,desktop,US,cpc,0
U02769,2025-05-08 00:17:08,add_to_cart,desktop,US,cpc,0
U02769,2025-05-08 01:23:01,checkout,desktop,US,cpc,0
U02769,2025-05-08 02:17:16,purchase,desktop,US,cpc,106.32
U02770,2025-03-06 13:00:00,view,mobile,Brazil,none,0
U02770,2025-03-06 13:26:16,add_to_cart,mobile,Brazil,none,0
U02770,2025-03-06 14:27:04,checkout,mobile,Brazil,none,0
U02770,2025-03-06 15:15:24,purchase,mobile,Brazil,none,53.77
U02771,2025-02-09 20:00:00,view,desktop,Brazil,referral,0
U02771,2025-02-09 20:09:48,add_to_cart,desktop,Brazil,referral,0
U02772,2025-04-26 20:00:00,view,desktop,Brazil,referral,0
U02772,2025-04-26 20:11:41,add_to_cart,desktop,Brazil,referral,0
U02772,2025-04-26 20:23:07,checkout,desktop,Brazil,referral,0
U02772,2025-04-26 21:29:49,purchase,desktop,Brazil,referral,58.54
U02773,2025-06-16 21:00:00,view,mobile,US,referral,0
U02774,2025-01-02 04:00:00,view,desktop,UK,organic,0
U02774,2025-01-02 04:04:44,add_to_cart,desktop,UK,organic,0
U02774,2025-01-02 04:23:52,checkout,desktop,UK,organic,0
U02774,2025-01-02 05:43:01,purchase,desktop,UK,organic,85.49
U02775,2025-05-30 23:00:00,view,desktop,UK,organic,0
U02775,2025-05-30 23:03:44,add_to_cart,desktop,UK,organic,0
U02775,2025-05-30 23:17:51,checkout,desktop,UK,organic,0
U02775,2025-05-31 00:13:16,purchase,desktop,UK,organic,85.89
U02776,2025-06-23 12:00:00,view,desktop,US,cpc,0
U02777,2025-05-19 20:00:00,view,desktop,India,cpc,0
U02778,2025-02-17 05:00:00,view,desktop,India,referral,0
U02778,2025-02-17 05:16:39,add_to_cart,desktop,India,referral,0
U02778,2025-02-17 05:28:41,checkout,desktop,India,referral,0
U02778,2025-02-17 06:01:43,purchase,desktop,India,referral,99.58
U02779,2025-03-12 22:00:00,view,mobile,Brazil,referral,0
U02779,2025-03-12 22:05:33,add_to_cart,mobile,Brazil,referral,0
U02780,2025-02-14 00:00:00,view,desktop,US,none,0
U02780,2025-02-14 00:05:36,add_to_cart,desktop,US,none,0
U02781,2025-02-25 18:00:00,view,tablet,US,referral,0
U02781,2025-02-25 18:16:42,add_to_cart,tablet,US,referral,0
U02781,2025-02-25 18:46:30,checkout,tablet,US,referral,0
U02782,2025-03-03 13:00:00,view,mobile,India,cpc,0
U02782,2025-03-03 13:24:48,add_to_cart,mobile,India,cpc,0
U02782,2025-03-03 15:26:52,checkout,mobile,India,cpc,0
U02783,2025-06-11 03:00:00,view,desktop,US,organic,0
U02783,2025-06-11 03:32:47,add_to_cart,desktop,US,organic,0
U02783,2025-06-11 04:14:31,checkout,desktop,US,organic,0
U02784,2025-05-19 06:00:00,view,desktop,Canada,organic,0
U02785,2025-06-03 09:00:00,view,desktop,US,organic,0
U02785,2025-06-03 09:04:50,add_to_cart,desktop,US,organic,0
U02785,2025-06-03 09:45:03,checkout,desktop,US,organic,0
U02785,2025-06-03 10:10:41,purchase,desktop,US,organic,131.36
U02786,2025-04-15 17:00:00,view,tablet,US,referral,0
U02786,2025-04-15 17:05:01,add_to_cart,tablet,US,referral,0
U02787,2025-03-10 19:00:00,view,desktop,US,referral,0
U02787,2025-03-10 19:23:44,add_to_cart,desktop,US,referral,0
U02787,2025-03-10 19:56:18,checkout,desktop,US,referral,0
U02787,2025-03-10 20:29:32,purchase,desktop,US,referral,124.24
U02788,2025-02-17 00:00:00,view,mobile,US,referral,0
U02788,2025-02-17 00:15:54,add_to_cart,mobile,US,referral,0
U02789,2025-04-12 07:00:00,view,mobile,Canada,none,0
U02789,2025-04-12 07:07:22,add_to_cart,mobile,Canada,none,0
U02790,2025-02-20 18:00:00,view,mobile,US,referral,0
U02790,2025-02-20 18:26:55,add_to_cart,mobile,US,referral,0
U02790,2025-02-20 19:04:49,checkout,mobile,US,referral,0
U02790,2025-02-20 19:30:22,purchase,mobile,US,referral,65.13
U02791,2025-04-12 06:00:00,view,mobile,Canada,referral,0
U02791,2025-04-12 06:26:33,add_to_cart,mobile,Canada,referral,0
U02791,2025-04-12 07:04:13,checkout,mobile,Canada,referral,0
U02791,2025-04-12 07:31:08,purchase,mobile,Canada,referral,119.2
U02792,2025-06-21 19:00:00,view,mobile,India,cpc,0
U02792,2025-06-21 19:10:06,add_to_cart,mobile,India,cpc,0
U02792,2025-06-21 19:18:59,checkout,mobile,India,cpc,0
U02792,2025-06-21 19:24:12,purchase,mobile,India,cpc,88.86
U02793,2025-06-29 03:00:00,view,desktop,Canada,cpc,0
U02793,2025-06-29 03:05:37,add_to_cart,desktop,Canada,cpc,0
U02793,2025-06-29 03:18:34,checkout,desktop,Canada,cpc,0
U02794,2025-04-16 17:00:00,view,desktop,US,organic,0
U02794,2025-04-16 17:36:38,add_to_cart,desktop,US,organic,0
U02794,2025-04-16 18:42:51,checkout,desktop,US,organic,0
U02794,2025-04-16 18:45:47,purchase,desktop,US,organic,100.93
U02795,2025-04-02 22:00:00,view,desktop,Brazil,organic,0
U02796,2025-06-01 15:00:00,view,desktop,UK,none,0
U02796,2025-06-01 15:07:52,add_to_cart,desktop,UK,none,0
U02796,2025-06-01 15:32:25,checkout,desktop,UK,none,0
U02796,2025-06-01 16:29:38,purchase,desktop,UK,none,109.23
U02797,2025-04-02 19:00:00,view,desktop,Canada,organic,0
U02797,2025-04-02 19:20:17,add_to_cart,desktop,Canada,organic,0
U02797,2025-04-02 19:40:17,checkout,desktop,Canada,organic,0
U02797,2025-04-02 20:03:28,purchase,desktop,Canada,organic,98.46
U02798,2025-05-23 12:00:00,view,desktop,Canada,organic,0
U02798,2025-05-23 12:16:16,add_to_cart,desktop,Canada,organic,0
U02798,2025-05-23 12:48:53,checkout,desktop,Canada,organic,0
U02798,2025-05-23 13:10:09,purchase,desktop,Canada,organic,114.13
U02799,2025-03-21 11:00:00,view,mobile,US,organic,0
U02799,2025-03-21 11:36:26,add_to_cart,mobile,US,organic,0
U02799,2025-03-21 12:06:51,checkout,mobile,US,organic,0
U02799,2025-03-21 12:33:26,purchase,mobile,US,organic,108.38
U02800,2025-01-15 14:00:00,view,tablet,US,cpc,0
U02800,2025-01-15 14:09:31,add_to_cart,tablet,US,cpc,0
U02800,2025-01-15 14:47:40,checkout,tablet,US,cpc,0
U02800,2025-01-15 16:20:08,purchase,tablet,US,cpc,84.37
U02801,2025-04-12 12:00:00,view,mobile,US,none,0
U02801,2025-04-12 12:16:12,add_to_cart,mobile,US,none,0
U02802,2025-01-28 23:00:00,view,desktop,UK,none,0
U02802,2025-01-28 23:04:36,add_to_cart,desktop,UK,none,0
U02803,2025-06-02 20:00:00,view,mobile,India,organic,0
U02803,2025-06-02 20:09:45,add_to_cart,mobile,India,organic,0
U02803,2025-06-02 20:20:06,checkout,mobile,India,organic,0
U02804,2025-03-31 01:00:00,view,mobile,Canada,organic,0
U02804,2025-03-31 01:13:03,add_to_cart,mobile,Canada,organic,0
U02805,2025-05-25 16:00:00,view,desktop,US,organic,0
U02805,2025-05-25 16:15:35,add_to_cart,desktop,US,organic,0
U02805,2025-05-25 16:27:07,checkout,desktop,US,organic,0
U02805,2025-05-25 16:45:52,purchase,desktop,US,organic,118.09
U02806,2025-06-29 12:00:00,view,mobile,India,cpc,0
U02807,2025-03-29 18:00:00,view,mobile,Canada,cpc,0
U02807,2025-03-29 18:19:38,add_to_cart,mobile,Canada,cpc,0
U02808,2025-05-30 02:00:00,view,desktop,India,cpc,0
U02809,2025-06-10 09:00:00,view,desktop,India,organic,0
U02809,2025-06-10 09:16:34,add_to_cart,desktop,India,organic,0
U02809,2025-06-10 09:41:24,checkout,desktop,India,organic,0
U02809,2025-06-10 10:33:33,purchase,desktop,India,organic,67.08
U02810,2025-04-12 00:00:00,view,tablet,Brazil,organic,0
U02811,2025-02-03 16:00:00,view,desktop,India,referral,0
U02812,2025-03-04 07:00:00,view,desktop,UK,cpc,0
U02813,2025-03-01 04:00:00,view,desktop,US,referral,0
U02813,2025-03-01 04:24:20,add_to_cart,desktop,US,referral,0
U02813,2025-03-01 04:54:15,checkout,desktop,US,referral,0
U02813,2025-03-01 05:09:24,purchase,desktop,US,referral,121.29
U02814,2025-04-02 01:00:00,view,tablet,US,none,0
U02814,2025-04-02 01:18:10,add_to_cart,tablet,US,none,0
U02814,2025-04-02 01:47:53,checkout,tablet,US,none,0
U02815,2025-02-14 08:00:00,view,desktop,India,referral,0
U02815,2025-02-14 08:07:53,add_to_cart,desktop,India,referral,0
U02815,2025-02-14 08:19:08,checkout,desktop,India,referral,0
U02815,2025-02-14 09:00:09,purchase,desktop,India,referral,79.95
U02816,2025-04-28 07:00:00,view,desktop,India,organic,0
U02817,2025-05-06 07:00:00,view,mobile,Brazil,referral,0
U02817,2025-05-06 07:07:32,add_to_cart,mobile,Brazil,referral,0
U02818,2025-06-05 11:00:00,view,mobile,Brazil,referral,0
U02818,2025-06-05 11:22:09,add_to_cart,mobile,Brazil,referral,0
U02818,2025-06-05 11:38:45,checkout,mobile,Brazil,referral,0
U02818,2025-06-05 11:54:56,purchase,mobile,Brazil,referral,85.17
U02819,2025-02-14 15:00:00,view,desktop,US,none,0
U02819,2025-02-14 15:06:04,add_to_cart,desktop,US,none,0
U02820,2025-01-22 01:00:00,view,tablet,Canada,organic,0
U02821,2025-02-17 11:00:00,view,desktop,Canada,organic,0
U02821,2025-02-17 11:20:50,add_to_cart,desktop,Canada,organic,0
U02821,2025-02-17 11:26:37,checkout,desktop,Canada,organic,0
U02821,2025-02-17 12:44:24,purchase,desktop,Canada,organic,113.01
U02822,2025-04-10 00:00:00,view,desktop,US,referral,0
U02823,2025-06-26 05:00:00,view,desktop,US,cpc,0
U02823,2025-06-26 05:19:31,add_to_cart,desktop,US,cpc,0
U02823,2025-06-26 05:48:04,checkout,desktop,US,cpc,0
U02823,2025-06-26 06:07:40,purchase,desktop,US,cpc,133.75
U02824,2025-03-25 19:00:00,view,desktop,Brazil,referral,0
U02825,2025-03-02 15:00:00,view,tablet,Canada,referral,0
U02825,2025-03-02 15:25:28,add_to_cart,tablet,Canada,referral,0
U02825,2025-03-02 15:46:45,checkout,tablet,Canada,referral,0
U02825,2025-03-02 16:24:45,purchase,tablet,Canada,referral,106.5
U02826,2025-02-14 22:00:00,view,desktop,India,none,0
U02827,2025-01-03 10:00:00,view,mobile,US,referral,0
U02828,2025-06-18 22:00:00,view,tablet,US,organic,0
U02829,2025-02-13 13:00:00,view,desktop,Brazil,cpc,0
U02829,2025-02-13 13:12:23,add_to_cart,desktop,Brazil,cpc,0
U02829,2025-02-13 13:35:49,checkout,desktop,Brazil,cpc,0
U02829,2025-02-13 14:05:22,purchase,desktop,Brazil,cpc,81.04
U02830,2025-06-12 10:00:00,view,mobile,Brazil,none,0
U02830,2025-06-12 10:21:57,add_to_cart,mobile,Brazil,none,0
U02831,2025-06-21 16:00:00,view,mobile,UK,organic,0
U02831,2025-06-21 16:54:28,add_to_cart,mobile,UK,organic,0
U02831,2025-06-21 17:22:14,checkout,mobile,UK,organic,0
U02832,2025-03-04 01:00:00,view,mobile,US,none,0
U02832,2025-03-04 01:23:35,add_to_cart,mobile,US,none,0
U02833,2025-04-07 22:00:00,view,mobile,India,organic,0
U02833,2025-04-07 22:33:10,add_to_cart,mobile,India,organic,0
U02834,2025-02-22 20:00:00,view,mobile,Brazil,referral,0
U02834,2025-02-22 20:49:42,add_to_cart,mobile,Brazil,referral,0
U02834,2025-02-22 21:37:14,checkout,mobile,Brazil,referral,0
U02834,2025-02-22 23:19:17,purchase,mobile,Brazil,referral,63.15
U02835,2025-03-26 13:00:00,view,desktop,US,organic,0
U02835,2025-03-26 13:10:15,add_to_cart,desktop,US,organic,0
U02836,2025-02-18 07:00:00,view,desktop,UK,referral,0
U02836,2025-02-18 07:02:54,add_to_cart,desktop,UK,referral,0
U02836,2025-02-18 07:16:00,checkout,desktop,UK,referral,0
U02836,2025-02-18 08:00:37,purchase,desktop,UK,referral,123.09
U02837,2025-02-20 12:00:00,view,desktop,US,referral,0
U02837,2025-02-20 12:29:27,add_to_cart,desktop,US,referral,0
U02837,2025-02-20 12:47:10,checkout,desktop,US,referral,0
U02837,2025-02-20 13:37:02,purchase,desktop,US,referral,96.83
U02838,2025-03-16 23:00:00,view,mobile,US,organic,0
U02839,2025-03-07 12:00:00,view,desktop,Brazil,cpc,0
U02839,2025-03-07 12:16:32,add_to_cart,desktop,Brazil,cpc,0
U02839,2025-03-07 12:29:14,checkout,desktop,Brazil,cpc,0
U02839,2025-03-07 12:49:18,purchase,desktop,Brazil,cpc,71.99
U02840,2025-01-31 23:00:00,view,mobile,US,organic,0
U02840,2025-01-31 23:15:40,add_to_cart,mobile,US,organic,0
U02840,2025-01-31 23:29:43,checkout,mobile,US,organic,0
U02840,2025-02-01 00:14:21,purchase,mobile,US,organic,120.78
U02841,2025-02-18 23:00:00,view,desktop,US,none,0
U02842,2025-06-29 21:00:00,view,desktop,India,referral,0
U02842,2025-06-29 21:35:14,add_to_cart,desktop,India,referral,0
U02842,2025-06-29 22:11:02,checkout,desktop,India,referral,0
U02842,2025-06-29 22:31:53,purchase,desktop,India,referral,101.8
U02843,2025-04-13 19:00:00,view,desktop,US,referral,0
U02843,2025-04-13 19:07:44,add_to_cart,desktop,US,referral,0
U02843,2025-04-13 19:30:01,checkout,desktop,US,referral,0
U02843,2025-04-13 20:16:59,purchase,desktop,US,referral,112.93
U02844,2025-01-16 07:00:00,view,tablet,Canada,referral,0
U02845,2025-06-29 22:00:00,view,desktop,US,cpc,0
U02846,2025-02-26 08:00:00,view,mobile,US,organic,0
U02846,2025-02-26 08:07:55,add_to_cart,mobile,US,organic,0
U02846,2025-02-26 08:36:48,checkout,mobile,US,organic,0
U02846,2025-02-26 10:02:15,purchase,mobile,US,organic,48.82
U02847,2025-01-08 16:00:00,view,desktop,India,organic,0
U02847,2025-01-08 16:05:48,add_to_cart,desktop,India,organic,0
U02848,2025-01-16 05:00:00,view,mobile,India,organic,0
U02848,2025-01-16 05:06:09,add_to_cart,mobile,India,organic,0
U02849,2025-03-19 20:00:00,view,mobile,Brazil,none,0
U02850,2025-04-09 03:00:00,view,desktop,US,referral,0
U02851,2025-03-01 09:00:00,view,mobile,US,cpc,0
U02852,2025-06-24 09:00:00,view,mobile,US,organic,0
U02852,2025-06-24 09:16:33,add_to_cart,mobile,US,organic,0
U02853,2025-06-15 04:00:00,view,mobile,US,organic,0
U02854,2025-01-30 02:00:00,view,mobile,Brazil,referral,0
U02854,2025-01-30 02:14:44,add_to_cart,mobile,Brazil,referral,0
U02855,2025-02-16 00:00:00,view,desktop,US,organic,0
U02855,2025-02-16 00:09:22,add_to_cart,desktop,US,organic,0
U02855,2025-02-16 00:59:03,checkout,desktop,US,organic,0
U02855,2025-02-16 01:10:58,purchase,desktop,US,organic,77.95
U02856,2025-04-27 14:00:00,view,mobile,US,organic,0
U02856,2025-04-27 14:11:45,add_to_cart,mobile,US,organic,0
U02857,2025-01-23 18:00:00,view,mobile,Canada,organic,0
U02857,2025-01-23 18:41:05,add_to_cart,mobile,Canada,organic,0
U02857,2025-01-23 19:10:55,checkout,mobile,Canada,organic,0
U02857,2025-01-23 19:47:40,purchase,mobile,Canada,organic,102.01
U02858,2025-06-09 14:00:00,view,mobile,UK,referral,0
U02859,2025-01-24 19:00:00,view,tablet,UK,organic,0
U02860,2025-01-01 22:00:00,view,mobile,US,none,0
U02861,2025-06-27 23:00:00,view,mobile,India,cpc,0
U02861,2025-06-27 23:22:40,add_to_cart,mobile,India,cpc,0
U02861,2025-06-27 23:59:32,checkout,mobile,India,cpc,0
U02862,2025-06-27 20:00:00,view,tablet,US,organic,0
U02862,2025-06-27 20:21:43,add_to_cart,tablet,US,organic,0
U02863,2025-06-17 09:00:00,view,mobile,India,none,0
U02863,2025-06-17 09:50:22,add_to_cart,mobile,India,none,0
U02863,2025-06-17 10:14:41,checkout,mobile,India,none,0
U02864,2025-06-22 10:00:00,view,mobile,US,cpc,0
U02865,2025-04-10 15:00:00,view,desktop,Canada,referral,0
U02865,2025-04-10 15:06:31,add_to_cart,desktop,Canada,referral,0
U02865,2025-04-10 15:31:33,checkout,desktop,Canada,referral,0
U02865,2025-04-10 16:16:08,purchase,desktop,Canada,referral,83.74
U02866,2025-03-24 21:00:00,view,mobile,US,referral,0
U02866,2025-03-24 21:53:04,add_to_cart,mobile,US,referral,0
U02866,2025-03-24 22:28:34,checkout,mobile,US,referral,0
U02866,2025-03-24 22:51:50,purchase,mobile,US,referral,95.37
U02867,2025-06-09 11:00:00,view,mobile,Brazil,cpc,0
U02867,2025-06-09 11:02:00,add_to_cart,mobile,Brazil,cpc,0
U02867,2025-06-09 11:08:51,checkout,mobile,Brazil,cpc,0
U02867,2025-06-09 11:33:16,purchase,mobile,Brazil,cpc,46.9
U02868,2025-06-26 22:00:00,view,desktop,Brazil,referral,0
U02868,2025-06-26 22:03:40,add_to_cart,desktop,Brazil,referral,0
U02868,2025-06-26 22:37:35,checkout,desktop,Brazil,referral,0
U02868,2025-06-26 23:25:49,purchase,desktop,Brazil,referral,60.53
U02869,2025-03-06 22:00:00,view,mobile,Brazil,organic,0
U02870,2025-04-10 04:00:00,view,mobile,India,none,0
U02870,2025-04-10 04:34:33,add_to_cart,mobile,India,none,0
U02871,2025-06-23 01:00:00,view,mobile,UK,referral,0
U02871,2025-06-23 01:47:24,add_to_cart,mobile,UK,referral,0
U02871,2025-06-23 02:02:32,checkout,mobile,UK,referral,0
U02871,2025-06-23 03:36:05,purchase,mobile,UK,referral,88.48
U02872,2025-05-22 01:00:00,view,desktop,US,none,0
U02872,2025-05-22 01:22:57,add_to_cart,desktop,US,none,0
U02872,2025-05-22 02:57:01,checkout,desktop,US,none,0
U02872,2025-05-22 03:32:21,purchase,desktop,US,none,93.09
U02873,2025-06-07 14:00:00,view,mobile,US,none,0
U02873,2025-06-07 14:24:09,add_to_cart,mobile,US,none,0
U02873,2025-06-07 14:55:30,checkout,mobile,US,none,0
U02873,2025-06-07 15:18:58,purchase,mobile,US,none,123.55
U02874,2025-02-12 16:00:00,view,desktop,UK,organic,0
U02874,2025-02-12 16:13:59,add_to_cart,desktop,UK,organic,0
U02875,2025-04-06 21:00:00,view,mobile,India,referral,0
U02876,2025-03-27 19:00:00,view,mobile,US,organic,0
U02877,2025-02-01 16:00:00,view,desktop,US,cpc,0
U02878,2025-06-13 08:00:00,view,mobile,India,referral,0
U02879,2025-01-12 16:00:00,view,desktop,UK,referral,0
U02879,2025-01-12 16:07:25,add_to_cart,desktop,UK,referral,0
U02879,2025-01-12 16:14:11,checkout,desktop,UK,referral,0
U02880,2025-05-11 19:00:00,view,tablet,Canada,referral,0
U02880,2025-05-11 19:25:54,add_to_cart,tablet,Canada,referral,0
U02881,2025-03-26 04:00:00,view,mobile,India,organic,0
U02881,2025-03-26 04:22:39,add_to_cart,mobile,India,organic,0
U02881,2025-03-26 04:54:06,checkout,mobile,India,organic,0
U02881,2025-03-26 06:23:47,purchase,mobile,India,organic,73.0
U02882,2025-03-16 22:00:00,view,desktop,UK,referral,0
U02882,2025-03-16 22:15:34,add_to_cart,desktop,UK,referral,0
U02882,2025-03-16 22:45:06,checkout,desktop,UK,referral,0
U02882,2025-03-16 23:28:36,purchase,desktop,UK,referral,118.24
U02883,2025-03-08 12:00:00,view,mobile,India,organic,0
U02883,2025-03-08 12:21:35,add_to_cart,mobile,India,organic,0
U02883,2025-03-08 13:14:11,checkout,mobile,India,organic,0
U02883,2025-03-08 13:49:09,purchase,mobile,India,organic,56.32
U02884,2025-06-03 20:00:00,view,desktop,US,none,0
U02885,2025-06-22 18:00:00,view,desktop,UK,cpc,0
U02886,2025-04-10 23:00:00,view,desktop,India,none,0
U02887,2025-01-04 23:00:00,view,mobile,India,organic,0
U02887,2025-01-04 23:33:40,add_to_cart,mobile,India,organic,0
U02887,2025-01-05 00:18:32,checkout,mobile,India,organic,0
U02887,2025-01-05 00:38:08,purchase,mobile,India,organic,83.9
U02888,2025-05-22 23:00:00,view,desktop,US,organic,0
U02888,2025-05-22 23:17:35,add_to_cart,desktop,US,organic,0
U02888,2025-05-23 00:02:56,checkout,desktop,US,organic,0
U02888,2025-05-23 01:08:43,purchase,desktop,US,organic,95.49
U02889,2025-01-02 22:00:00,view,desktop,Canada,organic,0
U02889,2025-01-02 22:04:44,add_to_cart,desktop,Canada,organic,0
U02889,2025-01-02 22:44:27,checkout,desktop,Canada,organic,0
U02889,2025-01-02 23:08:59,purchase,desktop,Canada,organic,133.89
U02890,2025-06-02 18:00:00,view,tablet,US,organic,0
U02890,2025-06-02 18:29:20,add_to_cart,tablet,US,organic,0
U02891,2025-04-16 05:00:00,view,mobile,US,cpc,0
U02892,2025-03-12 08:00:00,view,mobile,UK,organic,0
U02892,2025-03-12 08:27:13,add_to_cart,mobile,UK,organic,0
U02892,2025-03-12 09:14:57,checkout,mobile,UK,organic,0
U02892,2025-03-12 10:02:30,purchase,mobile,UK,organic,67.61
U02893,2025-03-18 03:00:00,view,mobile,UK,cpc,0
U02894,2025-06-23 01:00:00,view,tablet,US,cpc,0
U02895,2025-04-01 06:00:00,view,mobile,India,referral,0
U02895,2025-04-01 06:25:50,add_to_cart,mobile,India,referral,0
U02895,2025-04-01 06:44:21,checkout,mobile,India,referral,0
U02895,2025-04-01 07:24:03,purchase,mobile,India,referral,60.26
U02896,2025-04-25 11:00:00,view,desktop,US,referral,0
U02896,2025-04-25 11:09:37,add_to_cart,desktop,US,referral,0
U02896,2025-04-25 12:35:03,checkout,desktop,US,referral,0
U02896,2025-04-25 13:00:18,purchase,desktop,US,referral,107.21
U02897,2025-02-15 03:00:00,view,mobile,Canada,organic,0
U02898,2025-05-17 00:00:00,view,tablet,Canada,referral,0
U02899,2025-03-01 11:00:00,view,mobile,Canada,organic,0
U02899,2025-03-01 11:18:04,add_to_cart,mobile,Canada,organic,0
U02899,2025-03-01 11:48:29,checkout,mobile,Canada,organic,0
U02899,2025-03-01 12:04:09,purchase,mobile,Canada,organic,94.9
U02900,2025-02-24 03:00:00,view,desktop,UK,cpc,0
U02901,2025-04-13 18:00:00,view,desktop,UK,none,0
U02902,2025-02-22 06:00:00,view,mobile,UK,none,0
U02902,2025-02-22 06:20:42,add_to_cart,mobile,UK,none,0
U02902,2025-02-22 06:41:29,checkout,mobile,UK,none,0
U02902,2025-02-22 07:13:04,purchase,mobile,UK,none,49.35
U02903,2025-02-02 06:00:00,view,desktop,US,organic,0
U02903,2025-02-02 06:20:35,add_to_cart,desktop,US,organic,0
U02903,2025-02-02 06:49:57,checkout,desktop,US,organic,0
U02903,2025-02-02 07:31:26,purchase,desktop,US,organic,131.06
U02904,2025-01-21 01:00:00,view,desktop,Canada,organic,0
U02905,2025-04-21 00:00:00,view,desktop,Brazil,none,0
U02905,2025-04-21 00:24:32,add_to_cart,desktop,Brazil,none,0
U02905,2025-04-21 00:44:05,checkout,desktop,Brazil,none,0
U02905,2025-04-21 01:07:01,purchase,desktop,Brazil,none,61.91
U02906,2025-02-01 21:00:00,view,desktop,US,referral,0
U02906,2025-02-01 21:27:36,add_to_cart,desktop,US,referral,0
U02906,2025-02-01 21:51:28,checkout,desktop,US,referral,0
U02906,2025-02-01 22:24:56,purchase,desktop,US,referral,113.38
U02907,2025-05-01 20:00:00,view,desktop,US,organic,0
U02907,2025-05-01 20:11:00,add_to_cart,desktop,US,organic,0
U02907,2025-05-01 20:30:53,checkout,desktop,US,organic,0
U02907,2025-05-01 21:32:31,purchase,desktop,US,organic,87.65
U02908,2025-06-19 22:00:00,view,mobile,India,organic,0
U02908,2025-06-19 22:10:40,add_to_cart,mobile,India,organic,0
U02908,2025-06-19 22:17:49,checkout,mobile,India,organic,0
U02908,2025-06-19 23:05:37,purchase,mobile,India,organic,73.28
U02909,2025-03-19 23:00:00,view,desktop,US,none,0
U02910,2025-03-14 10:00:00,view,mobile,India,none,0
U02910,2025-03-14 10:07:40,add_to_cart,mobile,India,none,0
U02910,2025-03-14 11:02:19,checkout,mobile,India,none,0
U02910,2025-03-14 11:05:36,purchase,mobile,India,none,69.6
U02911,2025-03-09 14:00:00,view,mobile,UK,cpc,0
U02912,2025-05-22 12:00:00,view,mobile,US,organic,0
U02913,2025-05-23 07:00:00,view,desktop,UK,referral,0
U02913,2025-05-23 07:04:30,add_to_cart,desktop,UK,referral,0
U02913,2025-05-23 07:33:25,checkout,desktop,UK,referral,0
U02913,2025-05-23 07:47:47,purchase,desktop,UK,referral,149.4
U02914,2025-01-18 11:00:00,view,mobile,Canada,organic,0
U02915,2025-04-16 09:00:00,view,mobile,US,organic,0
U02916,2025-01-19 16:00:00,view,desktop,US,referral,0
U02916,2025-01-19 16:15:40,add_to_cart,desktop,US,referral,0
U02916,2025-01-19 16:45:28,checkout,desktop,US,referral,0
U02916,2025-01-19 18:09:48,purchase,desktop,US,referral,118.72
U02917,2025-05-15 12:00:00,view,desktop,India,cpc,0
U02918,2025-04-17 17:00:00,view,desktop,India,organic,0
U02918,2025-04-17 17:07:27,add_to_cart,desktop,India,organic,0
U02918,2025-04-17 17:24:18,checkout,desktop,India,organic,0
U02919,2025-03-28 01:00:00,view,mobile,UK,organic,0
U02920,2025-01-31 07:00:00,view,desktop,UK,referral,0
U02920,2025-01-31 07:12:06,add_to_cart,desktop,UK,referral,0
U02920,2025-01-31 07:29:30,checkout,desktop,UK,referral,0
U02920,2025-01-31 08:31:12,purchase,desktop,UK,referral,105.91
U02921,2025-06-20 16:00:00,view,mobile,Canada,none,0
U02921,2025-06-20 16:28:09,add_to_cart,mobile,Canada,none,0
U02922,2025-01-07 00:00:00,view,tablet,India,cpc,0
U02923,2025-01-26 00:00:00,view,mobile,UK,organic,0
U02923,2025-01-26 00:29:42,add_to_cart,mobile,UK,organic,0
U02923,2025-01-26 02:07:18,checkout,mobile,UK,organic,0
U02924,2025-05-10 00:00:00,view,mobile,India,organic,0
U02925,2025-03-22 23:00:00,view,desktop,US,cpc,0
U02925,2025-03-22 23:03:40,add_to_cart,desktop,US,cpc,0
U02925,2025-03-22 23:42:44,checkout,desktop,US,cpc,0
U02925,2025-03-23 00:00:54,purchase,desktop,US,cpc,126.35
U02926,2025-04-14 22:00:00,view,desktop,India,referral,0
U02926,2025-04-14 22:18:28,add_to_cart,desktop,India,referral,0
U02926,2025-04-14 22:54:04,checkout,desktop,India,referral,0
U02926,2025-04-14 23:17:24,purchase,desktop,India,referral,78.01
U02927,2025-05-31 10:00:00,view,mobile,US,cpc,0
U02928,2025-04-09 03:00:00,view,mobile,US,cpc,0
U02928,2025-04-09 03:22:44,add_to_cart,mobile,US,cpc,0
U02928,2025-04-09 04:23:25,checkout,mobile,US,cpc,0
U02928,2025-04-09 04:54:37,purchase,mobile,US,cpc,70.92
U02929,2025-04-27 03:00:00,view,mobile,US,cpc,0
U02930,2025-05-14 11:00:00,view,desktop,UK,organic,0
U02931,2025-01-20 10:00:00,view,mobile,Brazil,referral,0
U02931,2025-01-20 10:34:46,add_to_cart,mobile,Brazil,referral,0
U02932,2025-04-23 05:00:00,view,mobile,India,none,0
U02932,2025-04-23 06:05:13,add_to_cart,mobile,India,none,0
U02932,2025-04-23 06:27:29,checkout,mobile,India,none,0
U02933,2025-04-30 11:00:00,view,desktop,Brazil,referral,0
U02933,2025-04-30 11:13:48,add_to_cart,desktop,Brazil,referral,0
U02933,2025-04-30 11:44:06,checkout,desktop,Brazil,referral,0
U02933,2025-04-30 12:07:37,purchase,desktop,Brazil,referral,57.77
U02934,2025-06-12 19:00:00,view,desktop,Brazil,cpc,0
U02934,2025-06-12 19:31:47,add_to_cart,desktop,Brazil,cpc,0
U02934,2025-06-12 20:46:06,checkout,desktop,Brazil,cpc,0
U02934,2025-06-12 21:34:14,purchase,desktop,Brazil,cpc,98.91
U02935,2025-03-21 16:00:00,view,tablet,US,referral,0
U02935,2025-03-21 16:06:00,add_to_cart,tablet,US,referral,0
U02935,2025-03-21 16:47:08,checkout,tablet,US,referral,0
U02935,2025-03-21 18:17:13,purchase,tablet,US,referral,83.14
U02936,2025-05-28 11:00:00,view,desktop,Canada,cpc,0
U02937,2025-04-05 20:00:00,view,desktop,India,organic,0
U02938,2025-05-04 06:00:00,view,desktop,UK,cpc,0
U02939,2025-05-10 20:00:00,view,desktop,US,cpc,0
U02939,2025-05-10 20:30:30,add_to_cart,desktop,US,cpc,0
U02939,2025-05-10 21:09:26,checkout,desktop,US,cpc,0
U02940,2025-01-28 15:00:00,view,mobile,UK,organic,0
U02940,2025-01-28 15:30:58,add_to_cart,mobile,UK,organic,0
U02940,2025-01-28 16:36:53,checkout,mobile,UK,organic,0
U02940,2025-01-28 17:33:08,purchase,mobile,UK,organic,93.04
U02941,2025-04-12 09:00:00,view,mobile,Canada,organic,0
U02942,2025-04-11 20:00:00,view,mobile,Canada,cpc,0
U02942,2025-04-11 20:17:11,add_to_cart,mobile,Canada,cpc,0
U02942,2025-04-11 21:22:02,checkout,mobile,Canada,cpc,0
U02942,2025-04-11 21:42:09,purchase,mobile,Canada,cpc,101.37
U02943,2025-05-20 11:00:00,view,tablet,US,referral,0
U02943,2025-05-20 11:32:35,add_to_cart,tablet,US,referral,0
U02943,2025-05-20 12:29:37,checkout,tablet,US,referral,0
U02943,2025-05-20 14:15:19,purchase,tablet,US,referral,103.16
U02944,2025-03-02 10:00:00,view,mobile,US,referral,0
U02944,2025-03-02 10:05:45,add_to_cart,mobile,US,referral,0
U02944,2025-03-02 11:14:44,checkout,mobile,US,referral,0
U02944,2025-03-02 11:53:57,purchase,mobile,US,referral,109.07
U02945,2025-05-18 03:00:00,view,desktop,Brazil,organic,0
U02945,2025-05-18 03:05:03,add_to_cart,desktop,Brazil,organic,0
U02945,2025-05-18 03:14:05,checkout,desktop,Brazil,organic,0
U02945,2025-05-18 04:00:11,purchase,desktop,Brazil,organic,118.61
U02946,2025-06-27 03:00:00,view,tablet,US,organic,0
U02947,2025-01-16 02:00:00,view,mobile,Brazil,referral,0
U02948,2025-05-21 18:00:00,view,mobile,US,none,0
U02948,2025-05-21 18:05:25,add_to_cart,mobile,US,none,0
U02948,2025-05-21 18:55:11,checkout,mobile,US,none,0
U02949,2025-03-02 06:00:00,view,tablet,US,organic,0
U02949,2025-03-02 06:11:25,add_to_cart,tablet,US,organic,0
U02949,2025-03-02 06:32:00,checkout,tablet,US,organic,0
U02950,2025-04-20 19:00:00,view,desktop,Brazil,organic,0
U02950,2025-04-20 19:09:46,add_to_cart,desktop,Brazil,organic,0
U02950,2025-04-20 19:58:16,checkout,desktop,Brazil,organic,0
U02950,2025-04-20 20:51:18,purchase,desktop,Brazil,organic,78.57
U02951,2025-03-05 07:00:00,view,mobile,US,none,0
U02952,2025-04-25 01:00:00,view,mobile,Brazil,referral,0
U02952,2025-04-25 01:06:27,add_to_cart,mobile,Brazil,referral,0
U02952,2025-04-25 01:28:53,checkout,mobile,Brazil,referral,0
U02952,2025-04-25 02:21:46,purchase,mobile,Brazil,referral,77.98
U02953,2025-01-02 11:00:00,view,tablet,US,referral,0
U02953,2025-01-02 11:04:56,add_to_cart,tablet,US,referral,0
U02953,2025-01-02 11:24:14,checkout,tablet,US,referral,0
U02953,2025-01-02 11:45:12,purchase,tablet,US,referral,83.73
U02954,2025-01-05 07:00:00,view,tablet,India,organic,0
U02954,2025-01-05 07:27:49,add_to_cart,tablet,India,organic,0
U02954,2025-01-05 07:31:23,checkout,tablet,India,organic,0
U02954,2025-01-05 08:27:01,purchase,tablet,India,organic,80.59
U02955,2025-04-20 15:00:00,view,desktop,US,referral,0
U02955,2025-04-20 15:35:47,add_to_cart,desktop,US,referral,0
U02955,2025-04-20 16:05:01,checkout,desktop,US,referral,0
U02955,2025-04-20 17:04:06,purchase,desktop,US,referral,128.38
U02956,2025-04-25 06:00:00,view,mobile,Brazil,cpc,0
U02957,2025-01-26 23:00:00,view,mobile,UK,cpc,0
U02957,2025-01-27 00:31:06,add_to_cart,mobile,UK,cpc,0
U02957,2025-01-27 01:19:46,checkout,mobile,UK,cpc,0
U02957,2025-01-27 03:51:44,purchase,mobile,UK,cpc,66.36
U02958,2025-02-04 20:00:00,view,desktop,Canada,cpc,0
U02958,2025-02-04 20:08:37,add_to_cart,desktop,Canada,cpc,0
U02958,2025-02-04 20:25:26,checkout,desktop,Canada,cpc,0
U02959,2025-06-25 01:00:00,view,mobile,US,none,0
U02960,2025-03-25 23:00:00,view,desktop,UK,cpc,0
U02960,2025-03-25 23:09:23,add_to_cart,desktop,UK,cpc,0
U02960,2025-03-25 23:35:50,checkout,desktop,UK,cpc,0
U02960,2025-03-26 00:04:53,purchase,desktop,UK,cpc,67.9
U02961,2025-02-28 18:00:00,view,desktop,India,cpc,0
U02961,2025-02-28 18:09:16,add_to_cart,desktop,India,cpc,0
U02961,2025-02-28 18:22:48,checkout,desktop,India,cpc,0
U02961,2025-02-28 19:40:33,purchase,desktop,India,cpc,30.43
U02962,2025-02-07 11:00:00,view,tablet,Brazil,referral,0
U02962,2025-02-07 11:23:14,add_to_cart,tablet,Brazil,referral,0
U02963,2025-06-20 00:00:00,view,tablet,Brazil,none,0
U02964,2025-01-30 14:00:00,view,desktop,US,none,0
U02965,2025-05-21 17:00:00,view,tablet,India,none,0
U02966,2025-05-07 15:00:00,view,desktop,Canada,referral,0
U02966,2025-05-07 15:08:49,add_to_cart,desktop,Canada,referral,0
U02966,2025-05-07 15:30:24,checkout,desktop,Canada,referral,0
U02966,2025-05-07 16:02:03,purchase,desktop,Canada,referral,115.13
U02967,2025-03-27 21:00:00,view,desktop,UK,organic,0
U02967,2025-03-27 21:22:54,add_to_cart,desktop,UK,organic,0
U02967,2025-03-27 21:54:41,checkout,desktop,UK,organic,0
U02967,2025-03-27 23:42:27,purchase,desktop,UK,organic,123.46
U02968,2025-02-11 10:00:00,view,desktop,US,cpc,0
U02969,2025-03-06 11:00:00,view,desktop,India,organic,0
U02969,2025-03-06 11:09:01,add_to_cart,desktop,India,organic,0
U02969,2025-03-06 11:21:32,checkout,desktop,India,organic,0
U02969,2025-03-06 12:12:58,purchase,desktop,India,organic,60.26
U02970,2025-05-16 17:00:00,view,desktop,UK,none,0
U02971,2025-01-03 01:00:00,view,desktop,Brazil,none,0
U02971,2025-01-03 01:11:53,add_to_cart,desktop,Brazil,none,0
U02971,2025-01-03 01:18:35,checkout,desktop,Brazil,none,0
U02971,2025-01-03 02:15:54,purchase,desktop,Brazil,none,50.85
U02972,2025-02-27 22:00:00,view,desktop,Canada,organic,0
U02972,2025-02-27 22:10:57,add_to_cart,desktop,Canada,organic,0
U02972,2025-02-27 22:54:43,checkout,desktop,Canada,organic,0
U02972,2025-02-27 23:02:35,purchase,desktop,Canada,organic,113.97
U02973,2025-05-29 05:00:00,view,mobile,US,none,0
U02974,2025-05-01 08:00:00,view,desktop,Canada,none,0
U02975,2025-04-17 03:00:00,view,desktop,US,organic,0
U02975,2025-04-17 03:04:36,add_to_cart,desktop,US,organic,0
U02975,2025-04-17 03:06:36,checkout,desktop,US,organic,0
U02975,2025-04-17 03:41:12,purchase,desktop,US,organic,135.91
U02976,2025-03-24 08:00:00,view,mobile,US,cpc,0
U02976,2025-03-24 08:08:59,add_to_cart,mobile,US,cpc,0
U02976,2025-03-24 08:48:21,checkout,mobile,US,cpc,0
U02976,2025-03-24 09:14:52,purchase,mobile,US,cpc,99.72
U02977,2025-01-04 21:00:00,view,desktop,US,organic,0
U02978,2025-02-07 08:00:00,view,desktop,US,referral,0
U02978,2025-02-07 08:11:35,add_to_cart,desktop,US,referral,0
U02979,2025-01-04 18:00:00,view,desktop,Canada,referral,0
U02979,2025-01-04 18:10:26,add_to_cart,desktop,Canada,referral,0
U02979,2025-01-04 18:25:31,checkout,desktop,Canada,referral,0
U02979,2025-01-04 18:40:52,purchase,desktop,Canada,referral,108.31
U02980,2025-05-15 07:00:00,view,tablet,US,organic,0
U02980,2025-05-15 07:22:15,add_to_cart,tablet,US,organic,0
U02980,2025-05-15 07:30:43,checkout,tablet,US,organic,0
U02980,2025-05-15 08:21:05,purchase,tablet,US,organic,91.4
U02981,2025-04-05 02:00:00,view,mobile,UK,organic,0
U02982,2025-04-18 10:00:00,view,mobile,Brazil,organic,0
U02982,2025-04-18 10:45:54,add_to_cart,mobile,Brazil,organic,0
U02982,2025-04-18 11:43:22,checkout,mobile,Brazil,organic,0
U02982,2025-04-18 11:55:14,purchase,mobile,Brazil,organic,56.63
U02983,2025-04-19 08:00:00,view,tablet,UK,organic,0
U02984,2025-01-27 02:00:00,view,desktop,US,organic,0
U02984,2025-01-27 02:04:16,add_to_cart,desktop,US,organic,0
U02984,2025-01-27 02:17:22,checkout,desktop,US,organic,0
U02984,2025-01-27 03:21:02,purchase,desktop,US,organic,121.63
U02985,2025-06-22 21:00:00,view,desktop,Canada,cpc,0
U02985,2025-06-22 21:24:43,add_to_cart,desktop,Canada,cpc,0
U02985,2025-06-22 22:07:25,checkout,desktop,Canada,cpc,0
U02986,2025-06-29 11:00:00,view,mobile,US,cpc,0
U02986,2025-06-29 11:14:37,add_to_cart,mobile,US,cpc,0
U02987,2025-03-28 07:00:00,view,tablet,Canada,organic,0
U02988,2025-01-13 12:00:00,view,desktop,US,referral,0
U02989,2025-04-05 15:00:00,view,mobile,Brazil,cpc,0
U02990,2025-06-29 14:00:00,view,mobile,India,cpc,0
U02991,2025-03-30 11:00:00,view,desktop,India,organic,0
U02992,2025-02-14 00:00:00,view,mobile,US,none,0
U02992,2025-02-14 00:21:54,add_to_cart,mobile,US,none,0
U02993,2025-05-26 06:00:00,view,tablet,Brazil,organic,0
U02994,2025-04-03 20:00:00,view,mobile,US,organic,0
U02995,2025-01-02 00:00:00,view,mobile,Brazil,referral,0
U02995,2025-01-02 00:19:56,add_to_cart,mobile,Brazil,referral,0
U02995,2025-01-02 00:29:24,checkout,mobile,Brazil,referral,0
U02995,2025-01-02 03:03:07,purchase,mobile,Brazil,referral,100.48
U02996,2025-05-01 03:00:00,view,mobile,US,none,0
U02997,2025-04-21 06:00:00,view,desktop,UK,referral,0
U02997,2025-04-21 06:22:49,add_to_cart,desktop,UK,referral,0
U02997,2025-04-21 07:08:40,checkout,desktop,UK,referral,0
U02997,2025-04-21 07:39:02,purchase,desktop,UK,referral,96.84
U02998,2025-05-26 10:00:00,view,desktop,Brazil,cpc,0
U02999,2025-06-20 02:00:00,view,mobile,Canada,organic,0
U03000,2025-03-28 05:00:00,view,tablet,UK,cpc,0
U03000,2025-03-28 05:18:49,add_to_cart,tablet,UK,cpc,0
U03000,2025-03-28 05:39:05,checkout,tablet,UK,cpc,0
U03000,2025-03-28 06:27:08,purchase,tablet,UK,cpc,89.17
U03001,2025-02-06 20:00:00,view,desktop,US,cpc,0
U03001,2025-02-06 20:23:27,add_to_cart,desktop,US,cpc,0
U03002,2025-01-06 06:00:00,view,mobile,UK,cpc,0
U03002,2025-01-06 06:09:05,add_to_cart,mobile,UK,cpc,0
U03003,2025-04-19 00:00:00,view,mobile,US,referral,0
U03003,2025-04-19 01:20:08,add_to_cart,mobile,US,referral,0
U03003,2025-04-19 01:55:36,checkout,mobile,US,referral,0
U03003,2025-04-19 03:00:20,purchase,mobile,US,referral,109.25
U03004,2025-06-25 06:00:00,view,mobile,US,referral,0
U03004,2025-06-25 06:28:27,add_to_cart,mobile,US,referral,0
U03004,2025-06-25 06:55:59,checkout,mobile,US,referral,0
U03004,2025-06-25 07:57:13,purchase,mobile,US,referral,56.93
U03005,2025-04-04 11:00:00,view,mobile,US,organic,0
U03006,2025-04-19 11:00:00,view,desktop,US,organic,0
U03006,2025-04-19 11:09:58,add_to_cart,desktop,US,organic,0
U03006,2025-04-19 11:47:59,checkout,desktop,US,organic,0
U03006,2025-04-19 12:05:28,purchase,desktop,US,organic,117.92
U03007,2025-05-27 11:00:00,view,tablet,Canada,cpc,0
U03007,2025-05-27 11:48:19,add_to_cart,tablet,Canada,cpc,0
U03008,2025-06-06 23:00:00,view,desktop,UK,organic,0
U03008,2025-06-06 23:53:32,add_to_cart,desktop,UK,organic,0
U03008,2025-06-07 00:38:40,checkout,desktop,UK,organic,0
U03008,2025-06-07 01:05:47,purchase,desktop,UK,organic,83.75
U03009,2025-01-11 06:00:00,view,mobile,UK,organic,0
U03009,2025-01-11 06:08:15,add_to_cart,mobile,UK,organic,0
U03010,2025-01-07 11:00:00,view,mobile,US,cpc,0
U03010,2025-01-07 11:04:44,add_to_cart,mobile,US,cpc,0
U03011,2025-03-24 11:00:00,view,mobile,US,cpc,0
U03012,2025-03-25 17:00:00,view,mobile,India,organic,0
U03012,2025-03-25 17:16:48,add_to_cart,mobile,India,organic,0
U03012,2025-03-25 17:18:48,checkout,mobile,India,organic,0
U03012,2025-03-25 17:54:17,purchase,mobile,India,organic,63.06
U03013,2025-06-11 07:00:00,view,mobile,Canada,organic,0
U03014,2025-05-29 00:00:00,view,mobile,India,cpc,0
U03015,2025-03-20 01:00:00,view,mobile,US,cpc,0
U03016,2025-04-11 09:00:00,view,desktop,Brazil,organic,0
U03016,2025-04-11 09:10:02,add_to_cart,desktop,Brazil,organic,0
U03016,2025-04-11 09:38:04,checkout,desktop,Brazil,organic,0
U03016,2025-04-11 10:19:58,purchase,desktop,Brazil,organic,94.02
U03017,2025-03-18 10:00:00,view,tablet,India,none,0
U03018,2025-03-11 09:00:00,view,desktop,US,cpc,0
U03019,2025-02-11 06:00:00,view,mobile,UK,cpc,0
U03020,2025-02-11 17:00:00,view,desktop,US,organic,0
U03020,2025-02-11 17:07:40,add_to_cart,desktop,US,organic,0
U03021,2025-05-25 17:00:00,view,mobile,US,organic,0
U03022,2025-03-19 18:00:00,view,tablet,US,organic,0
U03023,2025-03-11 12:00:00,view,mobile,Brazil,referral,0
U03023,2025-03-11 12:11:06,add_to_cart,mobile,Brazil,referral,0
U03023,2025-03-11 12:54:49,checkout,mobile,Brazil,referral,0
U03023,2025-03-11 13:35:47,purchase,mobile,Brazil,referral,37.13
U03024,2025-06-11 16:00:00,view,tablet,Canada,referral,0
U03024,2025-06-11 16:25:33,add_to_cart,tablet,Canada,referral,0
U03025,2025-06-20 13:00:00,view,mobile,India,cpc,0
U03025,2025-06-20 13:40:01,add_to_cart,mobile,India,cpc,0
U03026,2025-03-18 15:00:00,view,mobile,US,organic,0
U03027,2025-01-12 19:00:00,view,mobile,US,none,0
U03028,2025-03-09 19:00:00,view,tablet,UK,cpc,0
U03029,2025-06-28 12:00:00,view,mobile,Brazil,none,0
U03030,2025-01-12 11:00:00,view,mobile,US,cpc,0
U03031,2025-05-13 09:00:00,view,desktop,US,organic,0
U03031,2025-05-13 09:17:57,add_to_cart,desktop,US,organic,0
U03031,2025-05-13 09:22:10,checkout,desktop,US,organic,0
U03031,2025-05-13 09:43:51,purchase,desktop,US,organic,130.6
U03032,2025-04-20 23:00:00,view,mobile,US,none,0
U03032,2025-04-20 23:24:48,add_to_cart,mobile,US,none,0
U03032,2025-04-20 23:36:07,checkout,mobile,US,none,0
U03033,2025-06-19 02:00:00,view,mobile,US,cpc,0
U03033,2025-06-19 02:20:03,add_to_cart,mobile,US,cpc,0
U03034,2025-06-01 19:00:00,view,mobile,Brazil,organic,0
U03034,2025-06-01 19:10:43,add_to_cart,mobile,Brazil,organic,0
U03035,2025-04-30 06:00:00,view,mobile,UK,cpc,0
U03035,2025-04-30 06:05:57,add_to_cart,mobile,UK,cpc,0
U03036,2025-04-24 12:00:00,view,mobile,US,none,0
U03036,2025-04-24 12:06:04,add_to_cart,mobile,US,none,0
U03036,2025-04-24 12:53:27,checkout,mobile,US,none,0
U03036,2025-04-24 13:28:28,purchase,mobile,US,none,71.71
U03037,2025-05-10 00:00:00,view,desktop,UK,organic,0
U03037,2025-05-10 00:30:07,add_to_cart,desktop,UK,organic,0
U03037,2025-05-10 00:48:28,checkout,desktop,UK,organic,0
U03037,2025-05-10 01:31:59,purchase,desktop,UK,organic,118.08
U03038,2025-02-26 17:00:00,view,desktop,UK,cpc,0
U03038,2025-02-26 17:27:52,add_to_cart,desktop,UK,cpc,0
U03038,2025-02-26 17:44:13,checkout,desktop,UK,cpc,0
U03038,2025-02-26 18:01:11,purchase,desktop,UK,cpc,63.14
U03039,2025-04-14 03:00:00,view,mobile,Brazil,organic,0
U03040,2025-04-20 14:00:00,view,mobile,Brazil,organic,0
U03041,2025-04-23 01:00:00,view,mobile,US,referral,0
U03041,2025-04-23 01:10:27,add_to_cart,mobile,US,referral,0
U03041,2025-04-23 01:55:05,checkout,mobile,US,referral,0
U03042,2025-05-29 11:00:00,view,mobile,UK,organic,0
U03042,2025-05-29 11:03:44,add_to_cart,mobile,UK,organic,0
U03042,2025-05-29 11:20:57,checkout,mobile,UK,organic,0
U03043,2025-04-06 14:00:00,view,tablet,US,organic,0
U03044,2025-05-20 18:00:00,view,mobile,Canada,cpc,0
U03045,2025-01-26 20:00:00,view,tablet,US,organic,0
U03045,2025-01-26 20:35:28,add_to_cart,tablet,US,organic,0
U03045,2025-01-26 21:03:26,checkout,tablet,US,organic,0
U03045,2025-01-26 21:42:49,purchase,tablet,US,organic,59.41
U03046,2025-03-29 22:00:00,view,desktop,Canada,referral,0
U03046,2025-03-29 22:11:10,add_to_cart,desktop,Canada,referral,0
U03046,2025-03-29 22:44:31,checkout,desktop,Canada,referral,0
U03046,2025-03-29 23:09:11,purchase,desktop,Canada,referral,108.59
U03047,2025-02-06 21:00:00,view,desktop,India,cpc,0
U03047,2025-02-06 21:07:50,add_to_cart,desktop,India,cpc,0
U03047,2025-02-06 22:24:28,checkout,desktop,India,cpc,0
U03047,2025-02-06 23:09:20,purchase,desktop,India,cpc,14.66
U03048,2025-01-22 12:00:00,view,tablet,US,organic,0
U03048,2025-01-22 12:14:35,add_to_cart,tablet,US,organic,0
U03048,2025-01-22 13:07:30,checkout,tablet,US,organic,0
U03049,2025-01-19 09:00:00,view,mobile,India,cpc,0
U03049,2025-01-19 10:12:27,add_to_cart,mobile,India,cpc,0
U03049,2025-01-19 11:21:31,checkout,mobile,India,cpc,0
U03049,2025-01-19 14:04:21,purchase,mobile,India,cpc,72.1
U03050,2025-05-13 15:00:00,view,tablet,US,none,0
U03051,2025-05-28 20:00:00,view,desktop,US,referral,0
U03052,2025-01-13 01:00:00,view,desktop,Canada,cpc,0
U03052,2025-01-13 01:09:39,add_to_cart,desktop,Canada,cpc,0
U03052,2025-01-13 01:35:23,checkout,desktop,Canada,cpc,0
U03052,2025-01-13 01:43:58,purchase,desktop,Canada,cpc,104.17
U03053,2025-06-11 14:00:00,view,desktop,UK,referral,0
U03053,2025-06-11 14:12:20,add_to_cart,desktop,UK,referral,0
U03053,2025-06-11 14:54:03,checkout,desktop,UK,referral,0
U03053,2025-06-11 15:01:19,purchase,desktop,UK,referral,105.06
U03054,2025-04-15 06:00:00,view,desktop,US,organic,0
U03054,2025-04-15 06:29:21,add_to_cart,desktop,US,organic,0
U03054,2025-04-15 06:42:09,checkout,desktop,US,organic,0
U03054,2025-04-15 06:51:12,purchase,desktop,US,organic,109.21
U03055,2025-04-22 04:00:00,view,mobile,US,referral,0
U03055,2025-04-22 04:10:29,add_to_cart,mobile,US,referral,0
U03055,2025-04-22 05:32:59,checkout,mobile,US,referral,0
U03055,2025-04-22 05:41:43,purchase,mobile,US,referral,73.61
U03056,2025-03-13 11:00:00,view,desktop,Canada,referral,0
U03056,2025-03-13 11:07:07,add_to_cart,desktop,Canada,referral,0
U03056,2025-03-13 11:40:37,checkout,desktop,Canada,referral,0
U03057,2025-02-12 08:00:00,view,desktop,India,none,0
U03057,2025-02-12 08:11:10,add_to_cart,desktop,India,none,0
U03057,2025-02-12 08:29:38,checkout,desktop,India,none,0
U03058,2025-01-09 02:00:00,view,desktop,US,none,0
U03059,2025-04-16 01:00:00,view,mobile,US,referral,0
U03060,2025-03-22 02:00:00,view,desktop,Brazil,organic,0
U03061,2025-06-22 02:00:00,view,mobile,US,referral,0
U03061,2025-06-22 02:26:52,add_to_cart,mobile,US,referral,0
U03061,2025-06-22 02:34:48,checkout,mobile,US,referral,0
U03062,2025-04-14 13:00:00,view,desktop,US,none,0
U03063,2025-01-08 12:00:00,view,mobile,UK,organic,0
U03064,2025-04-18 10:00:00,view,mobile,India,organic,0
U03065,2025-04-25 04:00:00,view,mobile,Brazil,organic,0
U03065,2025-04-25 04:35:53,add_to_cart,mobile,Brazil,organic,0
U03066,2025-03-22 15:00:00,view,desktop,Brazil,organic,0
U03066,2025-03-22 15:05:05,add_to_cart,desktop,Brazil,organic,0
U03067,2025-05-16 18:00:00,view,mobile,US,referral,0
U03067,2025-05-16 18:15:56,add_to_cart,mobile,US,referral,0
U03067,2025-05-16 19:01:22,checkout,mobile,US,referral,0
U03067,2025-05-16 19:40:01,purchase,mobile,US,referral,101.66
U03068,2025-02-27 08:00:00,view,mobile,UK,referral,0
U03069,2025-02-27 12:00:00,view,mobile,US,cpc,0
U03070,2025-06-28 07:00:00,view,mobile,India,organic,0
U03070,2025-06-28 07:14:45,add_to_cart,mobile,India,organic,0
U03070,2025-06-28 07:41:16,checkout,mobile,India,organic,0
U03070,2025-06-28 08:20:19,purchase,mobile,India,organic,63.44
U03071,2025-04-24 20:00:00,view,mobile,Canada,organic,0
U03071,2025-04-24 20:30:48,add_to_cart,mobile,Canada,organic,0
U03071,2025-04-24 20:42:29,checkout,mobile,Canada,organic,0
U03071,2025-04-24 21:00:52,purchase,mobile,Canada,organic,98.48
U03072,2025-04-07 20:00:00,view,mobile,US,organic,0
U03072,2025-04-07 20:15:29,add_to_cart,mobile,US,organic,0
U03073,2025-01-09 00:00:00,view,desktop,India,organic,0
U03073,2025-01-09 00:20:12,add_to_cart,desktop,India,organic,0
U03073,2025-01-09 00:40:38,checkout,desktop,India,organic,0
U03073,2025-01-09 01:32:37,purchase,desktop,India,organic,85.46
U03074,2025-01-26 21:00:00,view,tablet,US,referral,0
U03074,2025-01-26 21:33:51,add_to_cart,tablet,US,referral,0
U03074,2025-01-26 22:03:44,checkout,tablet,US,referral,0
U03074,2025-01-26 22:44:35,purchase,tablet,US,referral,79.14
U03075,2025-05-22 01:00:00,view,desktop,Canada,cpc,0
U03075,2025-05-22 01:20:35,add_to_cart,desktop,Canada,cpc,0
U03075,2025-05-22 01:33:29,checkout,desktop,Canada,cpc,0
U03075,2025-05-22 01:40:53,purchase,desktop,Canada,cpc,126.0
U03076,2025-04-30 04:00:00,view,mobile,US,organic,0
U03076,2025-04-30 04:36:46,add_to_cart,mobile,US,organic,0
U03077,2025-06-24 17:00:00,view,desktop,US,organic,0
U03078,2025-01-29 06:00:00,view,desktop,Brazil,referral,0
U03078,2025-01-29 06:04:04,add_to_cart,desktop,Brazil,referral,0
U03078,2025-01-29 06:21:14,checkout,desktop,Brazil,referral,0
U03078,2025-01-29 07:12:49,purchase,desktop,Brazil,referral,111.43
U03079,2025-06-01 21:00:00,view,desktop,US,organic,0
U03080,2025-06-24 16:00:00,view,desktop,Canada,organic,0
U03080,2025-06-24 16:21:28,add_to_cart,desktop,Canada,organic,0
U03080,2025-06-24 16:23:51,checkout,desktop,Canada,organic,0
U03080,2025-06-24 16:54:01,purchase,desktop,Canada,organic,96.74
U03081,2025-03-22 07:00:00,view,desktop,UK,organic,0
U03081,2025-03-22 07:09:57,add_to_cart,desktop,UK,organic,0
U03081,2025-03-22 07:54:21,checkout,desktop,UK,organic,0
U03081,2025-03-22 07:57:14,purchase,desktop,UK,organic,74.81
U03082,2025-06-06 11:00:00,view,mobile,US,organic,0
U03082,2025-06-06 11:28:23,add_to_cart,mobile,US,organic,0
U03082,2025-06-06 12:21:22,checkout,mobile,US,organic,0
U03082,2025-06-06 13:07:03,purchase,mobile,US,organic,113.68
U03083,2025-04-20 04:00:00,view,tablet,Canada,referral,0
U03084,2025-02-11 08:00:00,view,mobile,US,none,0
U03085,2025-04-27 20:00:00,view,mobile,India,cpc,0
U03085,2025-04-27 20:10:42,add_to_cart,mobile,India,cpc,0
U03085,2025-04-27 20:59:23,checkout,mobile,India,cpc,0
U03086,2025-02-14 02:00:00,view,mobile,UK,organic,0
U03087,2025-01-05 23:00:00,view,mobile,US,referral,0
U03088,2025-02-25 23:00:00,view,tablet,India,referral,0
U03088,2025-02-25 23:05:28,add_to_cart,tablet,India,referral,0
U03088,2025-02-25 23:18:32,checkout,tablet,India,referral,0
U03088,2025-02-26 00:35:11,purchase,tablet,India,referral,89.2
U03089,2025-02-27 10:00:00,view,desktop,UK,cpc,0
U03089,2025-02-27 10:11:58,add_to_cart,desktop,UK,cpc,0
U03089,2025-02-27 11:07:20,checkout,desktop,UK,cpc,0
U03089,2025-02-27 11:48:22,purchase,desktop,UK,cpc,31.36
U03090,2025-04-02 21:00:00,view,mobile,India,organic,0
U03090,2025-04-02 21:15:50,add_to_cart,mobile,India,organic,0
U03090,2025-04-02 23:08:44,checkout,mobile,India,organic,0
U03090,2025-04-02 23:32:38,purchase,mobile,India,organic,115.86
U03091,2025-05-28 10:00:00,view,mobile,India,referral,0
U03092,2025-06-09 14:00:00,view,desktop,UK,none,0
U03093,2025-03-26 19:00:00,view,mobile,Canada,none,0
U03093,2025-03-26 19:15:35,add_to_cart,mobile,Canada,none,0
U03093,2025-03-26 20:08:43,checkout,mobile,Canada,none,0
U03093,2025-03-26 20:41:54,purchase,mobile,Canada,none,68.05
U03094,2025-05-31 05:00:00,view,mobile,UK,organic,0
U03094,2025-05-31 05:22:41,add_to_cart,mobile,UK,organic,0
U03094,2025-05-31 05:55:25,checkout,mobile,UK,organic,0
U03094,2025-05-31 06:45:32,purchase,mobile,UK,organic,120.27
U03095,2025-05-07 19:00:00,view,tablet,India,organic,0
U03096,2025-05-04 02:00:00,view,mobile,US,referral,0
U03097,2025-06-20 11:00:00,view,mobile,UK,cpc,0
U03097,2025-06-20 11:18:20,add_to_cart,mobile,UK,cpc,0
U03098,2025-05-20 06:00:00,view,mobile,US,referral,0
U03098,2025-05-20 06:17:39,add_to_cart,mobile,US,referral,0
U03098,2025-05-20 07:26:56,checkout,mobile,US,referral,0
U03098,2025-05-20 07:42:46,purchase,mobile,US,referral,126.15
U03099,2025-01-01 04:00:00,view,desktop,US,referral,0
U03099,2025-01-01 04:24:25,add_to_cart,desktop,US,referral,0
U03099,2025-01-01 05:05:52,checkout,desktop,US,referral,0
U03099,2025-01-01 05:17:01,purchase,desktop,US,referral,117.26
U03100,2025-05-15 22:00:00,view,desktop,India,referral,0
U03100,2025-05-15 22:05:56,add_to_cart,desktop,India,referral,0
U03100,2025-05-15 22:18:49,checkout,desktop,India,referral,0
U03100,2025-05-15 22:22:42,purchase,desktop,India,referral,75.17
U03101,2025-04-01 21:00:00,view,mobile,UK,cpc,0
U03102,2025-05-13 12:00:00,view,desktop,US,organic,0
U03102,2025-05-13 12:10:47,add_to_cart,desktop,US,organic,0
U03102,2025-05-13 12:26:10,checkout,desktop,US,organic,0
U03102,2025-05-13 12:54:16,purchase,desktop,US,organic,107.54
U03103,2025-03-24 14:00:00,view,mobile,India,referral,0
U03103,2025-03-24 14:36:55,add_to_cart,mobile,India,referral,0
U03103,2025-03-24 15:54:09,checkout,mobile,India,referral,0
U03103,2025-03-24 16:23:39,purchase,mobile,India,referral,51.32
U03104,2025-05-24 14:00:00,view,mobile,India,cpc,0
U03105,2025-01-25 13:00:00,view,tablet,US,organic,0
U03105,2025-01-25 13:02:00,add_to_cart,tablet,US,organic,0
U03106,2025-05-28 01:00:00,view,desktop,India,organic,0
U03107,2025-03-02 01:00:00,view,mobile,UK,none,0
U03107,2025-03-02 01:38:28,add_to_cart,mobile,UK,none,0
U03107,2025-03-02 01:44:58,checkout,mobile,UK,none,0
U03107,2025-03-02 02:49:50,purchase,mobile,UK,none,74.22
U03108,2025-01-16 23:00:00,view,mobile,US,referral,0
U03108,2025-01-16 23:21:21,add_to_cart,mobile,US,referral,0
U03108,2025-01-16 23:46:51,checkout,mobile,US,referral,0
U03108,2025-01-17 01:15:48,purchase,mobile,US,referral,125.14
U03109,2025-06-21 10:00:00,view,mobile,UK,organic,0
U03110,2025-02-24 22:00:00,view,mobile,US,referral,0
U03110,2025-02-24 22:11:31,add_to_cart,mobile,US,referral,0
U03110,2025-02-24 23:10:13,checkout,mobile,US,referral,0
U03110,2025-02-24 23:30:23,purchase,mobile,US,referral,78.19
U03111,2025-03-30 01:00:00,view,mobile,UK,organic,0
U03111,2025-03-30 01:15:23,add_to_cart,mobile,UK,organic,0
U03111,2025-03-30 01:47:50,checkout,mobile,UK,organic,0
U03111,2025-03-30 02:16:08,purchase,mobile,UK,organic,54.04
U03112,2025-06-15 17:00:00,view,desktop,US,cpc,0
U03112,2025-06-15 17:16:46,add_to_cart,desktop,US,cpc,0
U03113,2025-03-27 08:00:00,view,desktop,Canada,organic,0
U03114,2025-02-12 18:00:00,view,tablet,US,none,0
U03115,2025-06-13 11:00:00,view,desktop,Canada,organic,0
U03116,2025-03-04 02:00:00,view,desktop,India,organic,0
U03116,2025-03-04 02:22:34,add_to_cart,desktop,India,organic,0
U03116,2025-03-04 02:37:50,checkout,desktop,India,organic,0
U03116,2025-03-04 02:49:00,purchase,desktop,India,organic,94.49
U03117,2025-01-25 08:00:00,view,mobile,US,organic,0
U03117,2025-01-25 08:18:22,add_to_cart,mobile,US,organic,0
U03117,2025-01-25 08:32:38,checkout,mobile,US,organic,0
U03117,2025-01-25 08:40:06,purchase,mobile,US,organic,105.92
U03118,2025-04-16 07:00:00,view,mobile,US,organic,0
U03118,2025-04-16 07:34:31,add_to_cart,mobile,US,organic,0
U03119,2025-02-02 09:00:00,view,mobile,UK,none,0
U03119,2025-02-02 09:19:28,add_to_cart,mobile,UK,none,0
U03120,2025-01-22 11:00:00,view,mobile,Brazil,organic,0
U03120,2025-01-22 11:05:56,add_to_cart,mobile,Brazil,organic,0
U03121,2025-02-21 21:00:00,view,mobile,UK,organic,0
U03121,2025-02-21 21:15:36,add_to_cart,mobile,UK,organic,0
U03121,2025-02-21 21:30:55,checkout,mobile,UK,organic,0
U03121,2025-02-21 22:14:33,purchase,mobile,UK,organic,122.57
U03122,2025-01-01 13:00:00,view,mobile,US,cpc,0
U03122,2025-01-01 13:20:29,add_to_cart,mobile,US,cpc,0
U03123,2025-03-10 21:00:00,view,mobile,Brazil,organic,0
U03123,2025-03-10 21:07:25,add_to_cart,mobile,Brazil,organic,0
U03123,2025-03-10 22:11:15,checkout,mobile,Brazil,organic,0
U03123,2025-03-10 22:56:23,purchase,mobile,Brazil,organic,79.63
U03124,2025-01-14 22:00:00,view,desktop,UK,cpc,0
U03125,2025-02-06 07:00:00,view,desktop,UK,organic,0
U03125,2025-02-06 07:21:30,add_to_cart,desktop,UK,organic,0
U03125,2025-02-06 08:01:22,checkout,desktop,UK,organic,0
U03125,2025-02-06 08:36:52,purchase,desktop,UK,organic,110.21
U03126,2025-05-16 06:00:00,view,tablet,US,none,0
U03126,2025-05-16 06:09:50,add_to_cart,tablet,US,none,0
U03126,2025-05-16 06:51:19,checkout,tablet,US,none,0
U03126,2025-05-16 07:45:48,purchase,tablet,US,none,90.4
U03127,2025-04-27 06:00:00,view,desktop,India,referral,0
U03128,2025-06-14 01:00:00,view,desktop,India,referral,0
U03129,2025-06-08 03:00:00,view,mobile,US,organic,0
U03130,2025-05-27 21:00:00,view,tablet,Brazil,organic,0
U03131,2025-01-19 20:00:00,view,desktop,Brazil,organic,0
U03131,2025-01-19 20:05:44,add_to_cart,desktop,Brazil,organic,0
U03131,2025-01-19 21:43:08,checkout,desktop,Brazil,organic,0
U03131,2025-01-19 21:52:07,purchase,desktop,Brazil,organic,99.51
U03132,2025-03-23 09:00:00,view,mobile,US,cpc,0
U03132,2025-03-23 09:40:56,add_to_cart,mobile,US,cpc,0
U03133,2025-05-01 02:00:00,view,desktop,US,referral,0
U03133,2025-05-01 02:36:47,add_to_cart,desktop,US,referral,0
U03133,2025-05-01 03:55:10,checkout,desktop,US,referral,0
U03133,2025-05-01 04:53:20,purchase,desktop,US,referral,116.8
U03134,2025-05-14 11:00:00,view,desktop,UK,none,0
U03134,2025-05-14 11:09:05,add_to_cart,desktop,UK,none,0
U03134,2025-05-14 11:15:30,checkout,desktop,UK,none,0
U03134,2025-05-14 12:02:13,purchase,desktop,UK,none,55.81
U03135,2025-05-14 23:00:00,view,mobile,India,referral,0
U03135,2025-05-14 23:07:00,add_to_cart,mobile,India,referral,0
U03135,2025-05-14 23:16:23,checkout,mobile,India,referral,0
U03135,2025-05-15 00:22:04,purchase,mobile,India,referral,76.01
U03136,2025-01-05 11:00:00,view,desktop,UK,cpc,0
U03137,2025-04-07 18:00:00,view,mobile,US,referral,0
U03138,2025-02-23 02:00:00,view,desktop,UK,cpc,0
U03138,2025-02-23 02:09:11,add_to_cart,desktop,UK,cpc,0
U03138,2025-02-23 03:11:08,checkout,desktop,UK,cpc,0
U03138,2025-02-23 04:42:50,purchase,desktop,UK,cpc,106.54
U03139,2025-05-08 15:00:00,view,desktop,Canada,none,0
U03140,2025-01-24 17:00:00,view,mobile,Canada,none,0
U03140,2025-01-24 17:34:24,add_to_cart,mobile,Canada,none,0
U03140,2025-01-24 17:55:08,checkout,mobile,Canada,none,0
U03140,2025-01-24 18:57:08,purchase,mobile,Canada,none,86.15
U03141,2025-04-14 18:00:00,view,mobile,US,organic,0
U03142,2025-04-05 15:00:00,view,desktop,US,cpc,0
U03142,2025-04-05 15:18:03,add_to_cart,desktop,US,cpc,0
U03142,2025-04-05 15:24:02,checkout,desktop,US,cpc,0
U03142,2025-04-05 15:35:56,purchase,desktop,US,cpc,84.98
U03143,2025-05-06 08:00:00,view,mobile,US,cpc,0
U03143,2025-05-06 08:15:37,add_to_cart,mobile,US,cpc,0
U03143,2025-05-06 08:32:41,checkout,mobile,US,cpc,0
U03143,2025-05-06 09:03:37,purchase,mobile,US,cpc,77.58
U03144,2025-04-24 02:00:00,view,mobile,Canada,referral,0
U03144,2025-04-24 03:07:59,add_to_cart,mobile,Canada,referral,0
U03144,2025-04-24 03:35:37,checkout,mobile,Canada,referral,0
U03144,2025-04-24 04:05:25,purchase,mobile,Canada,referral,110.79
U03145,2025-02-22 18:00:00,view,desktop,UK,cpc,0
U03146,2025-05-23 13:00:00,view,mobile,US,cpc,0
U03147,2025-01-01 12:00:00,view,desktop,Brazil,organic,0
U03148,2025-02-23 10:00:00,view,tablet,UK,organic,0
U03149,2025-04-02 08:00:00,view,mobile,Brazil,none,0
U03150,2025-03-16 14:00:00,view,tablet,India,organic,0
U03151,2025-02-26 12:00:00,view,desktop,Brazil,organic,0
U03151,2025-02-26 12:05:20,add_to_cart,desktop,Brazil,organic,0
U03151,2025-02-26 12:17:37,checkout,desktop,Brazil,organic,0
U03151,2025-02-26 13:01:56,purchase,desktop,Brazil,organic,119.76
U03152,2025-06-12 21:00:00,view,desktop,US,cpc,0
U03152,2025-06-12 21:05:33,add_to_cart,desktop,US,cpc,0
U03152,2025-06-12 21:30:16,checkout,desktop,US,cpc,0
U03153,2025-01-08 19:00:00,view,mobile,Brazil,organic,0
U03153,2025-01-08 19:13:24,add_to_cart,mobile,Brazil,organic,0
U03153,2025-01-08 19:27:22,checkout,mobile,Brazil,organic,0
U03153,2025-01-08 20:29:00,purchase,mobile,Brazil,organic,61.16
U03154,2025-01-01 11:00:00,view,tablet,Brazil,organic,0
U03155,2025-06-22 10:00:00,view,desktop,US,organic,0
U03155,2025-06-22 10:13:13,add_to_cart,desktop,US,organic,0
U03155,2025-06-22 10:26:32,checkout,desktop,US,organic,0
U03155,2025-06-22 10:43:07,purchase,desktop,US,organic,73.88
U03156,2025-03-05 00:00:00,view,desktop,Canada,referral,0
U03156,2025-03-05 00:12:45,add_to_cart,desktop,Canada,referral,0
U03156,2025-03-05 00:37:23,checkout,desktop,Canada,referral,0
U03156,2025-03-05 00:53:16,purchase,desktop,Canada,referral,91.08
U03157,2025-05-13 17:00:00,view,desktop,UK,organic,0
U03157,2025-05-13 17:09:41,add_to_cart,desktop,UK,organic,0
U03157,2025-05-13 17:19:38,checkout,desktop,UK,organic,0
U03157,2025-05-13 17:39:15,purchase,desktop,UK,organic,108.14
U03158,2025-03-25 13:00:00,view,desktop,Brazil,referral,0
U03159,2025-06-04 11:00:00,view,tablet,US,organic,0
U03159,2025-06-04 11:17:07,add_to_cart,tablet,US,organic,0
U03160,2025-02-24 14:00:00,view,mobile,US,cpc,0
U03161,2025-03-15 22:00:00,view,mobile,Brazil,organic,0
U03161,2025-03-15 22:12:30,add_to_cart,mobile,Brazil,organic,0
U03161,2025-03-15 22:43:17,checkout,mobile,Brazil,organic,0
U03161,2025-03-15 23:12:43,purchase,mobile,Brazil,organic,66.74
U03162,2025-04-22 05:00:00,view,mobile,Canada,cpc,0
U03162,2025-04-22 05:05:50,add_to_cart,mobile,Canada,cpc,0
U03162,2025-04-22 05:42:19,checkout,mobile,Canada,cpc,0
U03162,2025-04-22 06:17:29,purchase,mobile,Canada,cpc,78.26
U03163,2025-04-14 17:00:00,view,desktop,Canada,none,0
U03164,2025-03-27 09:00:00,view,desktop,India,cpc,0
U03165,2025-03-01 16:00:00,view,mobile,Brazil,none,0
U03165,2025-03-01 16:25:33,add_to_cart,mobile,Brazil,none,0
U03165,2025-03-01 16:38:38,checkout,mobile,Brazil,none,0
U03165,2025-03-01 17:18:43,purchase,mobile,Brazil,none,90.52
U03166,2025-04-12 21:00:00,view,mobile,India,organic,0
U03166,2025-04-12 21:21:34,add_to_cart,mobile,India,organic,0
U03166,2025-04-12 21:39:19,checkout,mobile,India,organic,0
U03166,2025-04-12 22:08:45,purchase,mobile,India,organic,42.25
U03167,2025-02-21 10:00:00,view,mobile,Brazil,organic,0
U03167,2025-02-21 10:12:27,add_to_cart,mobile,Brazil,organic,0
U03168,2025-05-13 15:00:00,view,desktop,India,cpc,0
U03169,2025-05-23 12:00:00,view,desktop,India,cpc,0
U03169,2025-05-23 12:03:13,add_to_cart,desktop,India,cpc,0
U03169,2025-05-23 12:46:18,checkout,desktop,India,cpc,0
U03170,2025-06-01 08:00:00,view,mobile,India,organic,0
U03171,2025-06-07 19:00:00,view,tablet,India,referral,0
U03171,2025-06-07 19:47:18,add_to_cart,tablet,India,referral,0
U03171,2025-06-07 20:22:01,checkout,tablet,India,referral,0
U03171,2025-06-07 21:14:46,purchase,tablet,India,referral,72.87
U03172,2025-06-13 14:00:00,view,tablet,India,organic,0
U03172,2025-06-13 14:07:19,add_to_cart,tablet,India,organic,0
U03172,2025-06-13 14:20:34,checkout,tablet,India,organic,0
U03172,2025-06-13 15:15:25,purchase,tablet,India,organic,79.74
U03173,2025-06-24 08:00:00,view,desktop,UK,cpc,0
U03174,2025-03-28 22:00:00,view,mobile,Canada,organic,0
U03175,2025-01-20 21:00:00,view,mobile,US,organic,0
U03176,2025-06-21 23:00:00,view,mobile,Canada,organic,0
U03176,2025-06-21 23:25:50,add_to_cart,mobile,Canada,organic,0
U03176,2025-06-22 00:22:12,checkout,mobile,Canada,organic,0
U03176,2025-06-22 01:36:05,purchase,mobile,Canada,organic,104.9
U03177,2025-02-13 07:00:00,view,mobile,Canada,cpc,0
U03177,2025-02-13 07:14:29,add_to_cart,mobile,Canada,cpc,0
U03177,2025-02-13 08:12:01,checkout,mobile,Canada,cpc,0
U03178,2025-02-17 05:00:00,view,mobile,Canada,none,0
U03179,2025-02-27 19:00:00,view,desktop,US,referral,0
U03179,2025-02-27 19:20:50,add_to_cart,desktop,US,referral,0
U03179,2025-02-27 19:55:38,checkout,desktop,US,referral,0
U03179,2025-02-27 20:21:47,purchase,desktop,US,referral,105.63
U03180,2025-05-01 23:00:00,view,desktop,Canada,referral,0
U03180,2025-05-01 23:24:05,add_to_cart,desktop,Canada,referral,0
U03180,2025-05-02 00:21:36,checkout,desktop,Canada,referral,0
U03180,2025-05-02 00:35:02,purchase,desktop,Canada,referral,156.36
U03181,2025-01-12 16:00:00,view,desktop,US,organic,0
U03181,2025-01-12 16:04:04,add_to_cart,desktop,US,organic,0
U03182,2025-03-14 09:00:00,view,desktop,UK,none,0
U03182,2025-03-14 09:19:07,add_to_cart,desktop,UK,none,0
U03182,2025-03-14 09:44:47,checkout,desktop,UK,none,0
U03183,2025-06-13 03:00:00,view,tablet,US,organic,0
U03184,2025-02-27 12:00:00,view,desktop,US,referral,0
U03184,2025-02-27 12:16:27,add_to_cart,desktop,US,referral,0
U03184,2025-02-27 12:38:15,checkout,desktop,US,referral,0
U03185,2025-04-05 00:00:00,view,desktop,UK,organic,0
U03185,2025-04-05 00:02:39,add_to_cart,desktop,UK,organic,0
U03185,2025-04-05 00:20:34,checkout,desktop,UK,organic,0
U03186,2025-02-07 06:00:00,view,mobile,Canada,referral,0
U03186,2025-02-07 06:02:00,add_to_cart,mobile,Canada,referral,0
U03187,2025-04-23 23:00:00,view,desktop,Canada,referral,0
U03188,2025-01-16 09:00:00,view,desktop,Brazil,referral,0
U03188,2025-01-16 09:12:57,add_to_cart,desktop,Brazil,referral,0
U03188,2025-01-16 09:37:19,checkout,desktop,Brazil,referral,0
U03188,2025-01-16 09:52:07,purchase,desktop,Brazil,referral,95.11
U03189,2025-01-08 19:00:00,view,mobile,US,organic,0
U03189,2025-01-08 19:23:43,add_to_cart,mobile,US,organic,0
U03189,2025-01-08 19:37:37,checkout,mobile,US,organic,0
U03189,2025-01-08 21:58:50,purchase,mobile,US,organic,60.1
U03190,2025-05-25 23:00:00,view,desktop,US,referral,0
U03191,2025-05-18 14:00:00,view,desktop,India,organic,0
U03191,2025-05-18 14:09:21,add_to_cart,desktop,India,organic,0
U03191,2025-05-18 15:18:10,checkout,desktop,India,organic,0
U03191,2025-05-18 15:24:22,purchase,desktop,India,organic,70.93
U03192,2025-05-12 01:00:00,view,mobile,US,organic,0
U03192,2025-05-12 01:33:34,add_to_cart,mobile,US,organic,0
U03193,2025-06-21 14:00:00,view,desktop,US,referral,0
U03193,2025-06-21 14:22:34,add_to_cart,desktop,US,referral,0
U03193,2025-06-21 14:40:32,checkout,desktop,US,referral,0
U03193,2025-06-21 15:19:16,purchase,desktop,US,referral,104.63
U03194,2025-04-10 23:00:00,view,desktop,US,referral,0
U03195,2025-06-21 15:00:00,view,desktop,Canada,cpc,0
U03196,2025-06-17 12:00:00,view,desktop,US,organic,0
U03196,2025-06-17 12:02:00,add_to_cart,desktop,US,organic,0
U03196,2025-06-17 12:11:25,checkout,desktop,US,organic,0
U03196,2025-06-17 12:27:11,purchase,desktop,US,organic,79.39
U03197,2025-02-26 00:00:00,view,mobile,Brazil,referral,0
U03197,2025-02-26 00:24:25,add_to_cart,mobile,Brazil,referral,0
U03197,2025-02-26 01:00:08,checkout,mobile,Brazil,referral,0
U03197,2025-02-26 02:03:30,purchase,mobile,Brazil,referral,82.89
U03198,2025-01-11 22:00:00,view,tablet,UK,referral,0
U03199,2025-03-26 01:00:00,view,desktop,India,cpc,0
U03199,2025-03-26 01:07:32,add_to_cart,desktop,India,cpc,0
U03199,2025-03-26 01:45:32,checkout,desktop,India,cpc,0
U03199,2025-03-26 02:17:43,purchase,desktop,India,cpc,41.23
U03200,2025-03-12 05:00:00,view,tablet,UK,organic,0
U03200,2025-03-12 05:03:23,add_to_cart,tablet,UK,organic,0
U03200,2025-03-12 05:22:16,checkout,tablet,UK,organic,0
U03200,2025-03-12 06:52:14,purchase,tablet,UK,organic,87.91
U03201,2025-03-01 13:00:00,view,tablet,US,referral,0
U03201,2025-03-01 13:11:08,add_to_cart,tablet,US,referral,0
U03201,2025-03-01 14:06:51,checkout,tablet,US,referral,0
U03201,2025-03-01 14:24:26,purchase,tablet,US,referral,83.64
U03202,2025-06-13 22:00:00,view,desktop,US,cpc,0
U03202,2025-06-13 22:17:54,add_to_cart,desktop,US,cpc,0
U03202,2025-06-13 22:24:52,checkout,desktop,US,cpc,0
U03202,2025-06-13 23:27:19,purchase,desktop,US,cpc,85.86
U03203,2025-04-26 13:00:00,view,desktop,UK,organic,0
U03203,2025-04-26 13:13:04,add_to_cart,desktop,UK,organic,0
U03203,2025-04-26 13:33:46,checkout,desktop,UK,organic,0
U03203,2025-04-26 15:16:48,purchase,desktop,UK,organic,127.63
U03204,2025-04-27 19:00:00,view,desktop,India,organic,0
U03204,2025-04-27 19:32:12,add_to_cart,desktop,India,organic,0
U03204,2025-04-27 19:40:55,checkout,desktop,India,organic,0
U03204,2025-04-27 20:08:15,purchase,desktop,India,organic,95.82
U03205,2025-05-06 08:00:00,view,tablet,UK,organic,0
U03205,2025-05-06 08:13:21,add_to_cart,tablet,UK,organic,0
U03205,2025-05-06 08:53:57,checkout,tablet,UK,organic,0
U03205,2025-05-06 10:27:46,purchase,tablet,UK,organic,107.89
U03206,2025-03-23 09:00:00,view,desktop,India,none,0
U03207,2025-02-13 19:00:00,view,desktop,US,none,0
U03208,2025-01-18 01:00:00,view,desktop,US,referral,0
U03208,2025-01-18 01:05:47,add_to_cart,desktop,US,referral,0
U03209,2025-06-03 22:00:00,view,desktop,Canada,referral,0
U03210,2025-03-09 23:00:00,view,mobile,Canada,referral,0
U03210,2025-03-09 23:11:24,add_to_cart,mobile,Canada,referral,0
U03211,2025-03-30 05:00:00,view,tablet,Brazil,cpc,0
U03212,2025-04-30 22:00:00,view,mobile,US,none,0
U03212,2025-04-30 22:02:00,add_to_cart,mobile,US,none,0
U03213,2025-02-17 08:00:00,view,desktop,India,none,0
U03213,2025-02-17 08:10:59,add_to_cart,desktop,India,none,0
U03214,2025-03-25 21:00:00,view,desktop,US,organic,0
U03214,2025-03-25 21:10:05,add_to_cart,desktop,US,organic,0
U03214,2025-03-25 21:32:54,checkout,desktop,US,organic,0
U03215,2025-05-23 12:00:00,view,tablet,Canada,organic,0
U03215,2025-05-23 12:05:34,add_to_cart,tablet,Canada,organic,0
U03215,2025-05-23 12:07:39,checkout,tablet,Canada,organic,0
U03215,2025-05-23 12:25:54,purchase,tablet,Canada,organic,58.54
U03216,2025-04-27 06:00:00,view,mobile,UK,none,0
U03216,2025-04-27 06:29:44,add_to_cart,mobile,UK,none,0
U03216,2025-04-27 06:38:18,checkout,mobile,UK,none,0
U03216,2025-04-27 07:16:16,purchase,mobile,UK,none,84.29
U03217,2025-04-22 22:00:00,view,desktop,Canada,referral,0
U03218,2025-01-21 08:00:00,view,mobile,India,referral,0
U03219,2025-02-09 07:00:00,view,mobile,US,organic,0
U03219,2025-02-09 07:27:58,add_to_cart,mobile,US,organic,0
U03220,2025-01-19 07:00:00,view,mobile,US,cpc,0
U03221,2025-05-15 04:00:00,view,mobile,US,cpc,0
U03222,2025-04-15 17:00:00,view,desktop,Canada,organic,0
U03222,2025-04-15 17:07:42,add_to_cart,desktop,Canada,organic,0
U03222,2025-04-15 17:14:34,checkout,desktop,Canada,organic,0
U03222,2025-04-15 18:07:04,purchase,desktop,Canada,organic,118.97
U03223,2025-01-02 08:00:00,view,desktop,Brazil,organic,0
U03223,2025-01-02 08:17:07,add_to_cart,desktop,Brazil,organic,0
U03224,2025-06-21 13:00:00,view,mobile,Brazil,cpc,0
U03224,2025-06-21 13:11:46,add_to_cart,mobile,Brazil,cpc,0
U03224,2025-06-21 13:35:27,checkout,mobile,Brazil,cpc,0
U03225,2025-03-19 03:00:00,view,desktop,US,cpc,0
U03225,2025-03-19 03:14:12,add_to_cart,desktop,US,cpc,0
U03225,2025-03-19 03:54:55,checkout,desktop,US,cpc,0
U03225,2025-03-19 04:00:29,purchase,desktop,US,cpc,95.54
U03226,2025-05-16 22:00:00,view,tablet,Brazil,cpc,0
U03226,2025-05-16 22:31:36,add_to_cart,tablet,Brazil,cpc,0
U03226,2025-05-16 23:09:40,checkout,tablet,Brazil,cpc,0
U03227,2025-01-07 08:00:00,view,tablet,UK,referral,0
U03227,2025-01-07 08:41:30,add_to_cart,tablet,UK,referral,0
U03227,2025-01-07 09:10:41,checkout,tablet,UK,referral,0
U03227,2025-01-07 09:51:34,purchase,tablet,UK,referral,95.66
U03228,2025-06-23 16:00:00,view,desktop,US,none,0
U03229,2025-04-08 05:00:00,view,mobile,India,organic,0
U03229,2025-04-08 05:37:15,add_to_cart,mobile,India,organic,0
U03229,2025-04-08 06:05:51,checkout,mobile,India,organic,0
U03230,2025-04-03 21:00:00,view,desktop,US,organic,0
U03231,2025-03-22 06:00:00,view,desktop,US,organic,0
U03231,2025-03-22 06:14:38,add_to_cart,desktop,US,organic,0
U03231,2025-03-22 06:42:48,checkout,desktop,US,organic,0
U03231,2025-03-22 07:01:55,purchase,desktop,US,organic,64.77
U03232,2025-05-03 02:00:00,view,mobile,Brazil,organic,0
U03233,2025-02-22 14:00:00,view,desktop,Canada,referral,0
U03233,2025-02-22 14:30:40,add_to_cart,desktop,Canada,referral,0
U03233,2025-02-22 14:38:14,checkout,desktop,Canada,referral,0
U03233,2025-02-22 15:06:25,purchase,desktop,Canada,referral,82.76
U03234,2025-06-03 15:00:00,view,desktop,UK,cpc,0
U03235,2025-01-16 20:00:00,view,mobile,US,referral,0
U03236,2025-01-10 03:00:00,view,desktop,Canada,referral,0
U03236,2025-01-10 03:12:52,add_to_cart,desktop,Canada,referral,0
U03236,2025-01-10 03:26:03,checkout,desktop,Canada,referral,0
U03236,2025-01-10 04:25:01,purchase,desktop,Canada,referral,75.47
U03237,2025-01-21 14:00:00,view,desktop,Canada,organic,0
U03237,2025-01-21 14:10:50,add_to_cart,desktop,Canada,organic,0
U03237,2025-01-21 14:35:13,checkout,desktop,Canada,organic,0
U03237,2025-01-21 15:11:35,purchase,desktop,Canada,organic,148.42
U03238,2025-01-11 10:00:00,view,mobile,UK,none,0
U03238,2025-01-11 10:49:10,add_to_cart,mobile,UK,none,0
U03238,2025-01-11 11:55:38,checkout,mobile,UK,none,0
U03238,2025-01-11 12:44:58,purchase,mobile,UK,none,83.56
U03239,2025-05-02 12:00:00,view,tablet,UK,organic,0
U03239,2025-05-02 12:02:22,add_to_cart,tablet,UK,organic,0
U03240,2025-04-18 15:00:00,view,mobile,Brazil,organic,0
U03240,2025-04-18 15:08:51,add_to_cart,mobile,Brazil,organic,0
U03240,2025-04-18 15:24:21,checkout,mobile,Brazil,organic,0
U03240,2025-04-18 16:16:20,purchase,mobile,Brazil,organic,123.07
U03241,2025-05-09 02:00:00,view,mobile,UK,cpc,0
U03241,2025-05-09 02:16:14,add_to_cart,mobile,UK,cpc,0
U03242,2025-02-22 06:00:00,view,desktop,Brazil,none,0
U03242,2025-02-22 06:05:54,add_to_cart,desktop,Brazil,none,0
U03243,2025-01-08 15:00:00,view,desktop,US,referral,0
U03243,2025-01-08 15:16:42,add_to_cart,desktop,US,referral,0
U03243,2025-01-08 15:38:11,checkout,desktop,US,referral,0
U03243,2025-01-08 16:31:00,purchase,desktop,US,referral,111.11
U03244,2025-05-28 05:00:00,view,desktop,US,none,0
U03244,2025-05-28 05:18:54,add_to_cart,desktop,US,none,0
U03244,2025-05-28 05:51:07,checkout,desktop,US,none,0
U03244,2025-05-28 06:24:39,purchase,desktop,US,none,95.63
U03245,2025-03-03 01:00:00,view,desktop,UK,none,0
U03245,2025-03-03 01:08:50,add_to_cart,desktop,UK,none,0
U03245,2025-03-03 01:21:01,checkout,desktop,UK,none,0
U03245,2025-03-03 02:04:30,purchase,desktop,UK,none,94.61
U03246,2025-04-10 21:00:00,view,mobile,US,organic,0
U03246,2025-04-10 21:14:26,add_to_cart,mobile,US,organic,0
U03246,2025-04-10 21:40:53,checkout,mobile,US,organic,0
U03246,2025-04-10 23:00:03,purchase,mobile,US,organic,114.93
U03247,2025-05-31 12:00:00,view,desktop,India,referral,0
U03247,2025-05-31 12:07:44,add_to_cart,desktop,India,referral,0
U03248,2025-06-21 09:00:00,view,desktop,India,organic,0
U03248,2025-06-21 09:20:44,add_to_cart,desktop,India,organic,0
U03248,2025-06-21 10:01:15,checkout,desktop,India,organic,0
U03248,2025-06-21 10:36:05,purchase,desktop,India,organic,31.27
U03249,2025-01-26 03:00:00,view,mobile,US,cpc,0
U03249,2025-01-26 03:27:15,add_to_cart,mobile,US,cpc,0
U03249,2025-01-26 03:38:13,checkout,mobile,US,cpc,0
U03250,2025-05-30 17:00:00,view,mobile,UK,referral,0
U03250,2025-05-30 17:27:09,add_to_cart,mobile,UK,referral,0
U03250,2025-05-30 18:06:28,checkout,mobile,UK,referral,0
U03250,2025-05-30 18:56:07,purchase,mobile,UK,referral,118.55
U03251,2025-02-17 13:00:00,view,mobile,UK,referral,0
U03251,2025-02-17 13:32:27,add_to_cart,mobile,UK,referral,0
U03251,2025-02-17 14:04:00,checkout,mobile,UK,referral,0
U03251,2025-02-17 14:40:17,purchase,mobile,UK,referral,91.57
U03252,2025-03-22 22:00:00,view,mobile,Brazil,referral,0
U03252,2025-03-22 22:11:44,add_to_cart,mobile,Brazil,referral,0
U03252,2025-03-22 22:55:52,checkout,mobile,Brazil,referral,0
U03252,2025-03-22 23:46:23,purchase,mobile,Brazil,referral,91.39
U03253,2025-06-11 14:00:00,view,tablet,UK,none,0
U03253,2025-06-11 14:10:35,add_to_cart,tablet,UK,none,0
U03253,2025-06-11 14:50:19,checkout,tablet,UK,none,0
U03253,2025-06-11 15:15:24,purchase,tablet,UK,none,47.66
U03254,2025-01-03 00:00:00,view,mobile,Canada,organic,0
U03255,2025-01-01 05:00:00,view,desktop,UK,organic,0
U03255,2025-01-01 05:16:33,add_to_cart,desktop,UK,organic,0
U03255,2025-01-01 05:44:31,checkout,desktop,UK,organic,0
U03255,2025-01-01 06:08:59,purchase,desktop,UK,organic,71.29
U03256,2025-04-15 06:00:00,view,mobile,Canada,referral,0
U03256,2025-04-15 06:36:10,add_to_cart,mobile,Canada,referral,0
U03256,2025-04-15 07:28:55,checkout,mobile,Canada,referral,0
U03256,2025-04-15 07:49:59,purchase,mobile,Canada,referral,73.64
U03257,2025-02-18 02:00:00,view,mobile,India,none,0
U03257,2025-02-18 02:17:59,add_to_cart,mobile,India,none,0
U03257,2025-02-18 03:56:32,checkout,mobile,India,none,0
U03257,2025-02-18 04:27:56,purchase,mobile,India,none,74.28
U03258,2025-06-02 22:00:00,view,desktop,Canada,cpc,0
U03258,2025-06-02 22:08:09,add_to_cart,desktop,Canada,cpc,0
U03258,2025-06-02 22:39:54,checkout,desktop,Canada,cpc,0
U03259,2025-04-12 16:00:00,view,mobile,Canada,organic,0
U03259,2025-04-12 16:09:58,add_to_cart,mobile,Canada,organic,0
U03260,2025-04-07 06:00:00,view,mobile,US,none,0
U03261,2025-03-24 18:00:00,view,mobile,US,referral,0
U03261,2025-03-24 18:20:55,add_to_cart,mobile,US,referral,0
U03261,2025-03-24 18:56:29,checkout,mobile,US,referral,0
U03261,2025-03-24 20:09:35,purchase,mobile,US,referral,85.83
U03262,2025-04-14 01:00:00,view,desktop,Canada,referral,0
U03263,2025-05-26 13:00:00,view,desktop,UK,organic,0
U03263,2025-05-26 13:09:33,add_to_cart,desktop,UK,organic,0
U03264,2025-04-21 08:00:00,view,mobile,US,organic,0
U03264,2025-04-21 08:17:25,add_to_cart,mobile,US,organic,0
U03265,2025-03-21 17:00:00,view,mobile,India,cpc,0
U03266,2025-02-03 14:00:00,view,mobile,Canada,organic,0
U03267,2025-06-23 01:00:00,view,mobile,Canada,none,0
U03268,2025-03-26 02:00:00,view,mobile,India,cpc,0
U03268,2025-03-26 02:20:24,add_to_cart,mobile,India,cpc,0
U03269,2025-01-21 12:00:00,view,desktop,India,cpc,0
U03269,2025-01-21 12:14:56,add_to_cart,desktop,India,cpc,0
U03269,2025-01-21 12:18:33,checkout,desktop,India,cpc,0
U03269,2025-01-21 12:25:46,purchase,desktop,India,cpc,73.81
U03270,2025-06-25 06:00:00,view,mobile,US,referral,0
U03270,2025-06-25 06:26:05,add_to_cart,mobile,US,referral,0
U03271,2025-05-10 23:00:00,view,tablet,India,cpc,0
U03271,2025-05-10 23:18:31,add_to_cart,tablet,India,cpc,0
U03271,2025-05-10 23:58:47,checkout,tablet,India,cpc,0
U03271,2025-05-11 00:46:34,purchase,tablet,India,cpc,40.78
U03272,2025-03-26 11:00:00,view,tablet,US,none,0
U03273,2025-01-31 05:00:00,view,tablet,Brazil,referral,0
U03274,2025-03-22 16:00:00,view,mobile,US,referral,0
U03274,2025-03-22 16:10:05,add_to_cart,mobile,US,referral,0
U03275,2025-05-31 17:00:00,view,desktop,UK,organic,0
U03275,2025-05-31 17:06:37,add_to_cart,desktop,UK,organic,0
U03275,2025-05-31 17:30:40,checkout,desktop,UK,organic,0
U03275,2025-05-31 18:06:55,purchase,desktop,UK,organic,74.19
U03276,2025-05-23 05:00:00,view,desktop,India,organic,0
U03276,2025-05-23 05:22:29,add_to_cart,desktop,India,organic,0
U03276,2025-05-23 05:25:29,checkout,desktop,India,organic,0
U03276,2025-05-23 05:29:33,purchase,desktop,India,organic,90.8
U03277,2025-01-16 02:00:00,view,mobile,Brazil,none,0
U03277,2025-01-16 02:03:43,add_to_cart,mobile,Brazil,none,0
U03278,2025-03-20 04:00:00,view,desktop,UK,organic,0
U03278,2025-03-20 04:11:51,add_to_cart,desktop,UK,organic,0
U03278,2025-03-20 04:32:13,checkout,desktop,UK,organic,0
U03278,2025-03-20 05:52:30,purchase,desktop,UK,organic,66.59
U03279,2025-03-14 17:00:00,view,mobile,Canada,organic,0
U03279,2025-03-14 17:18:31,add_to_cart,mobile,Canada,organic,0
U03280,2025-01-12 20:00:00,view,mobile,UK,organic,0
U03280,2025-01-12 20:30:36,add_to_cart,mobile,UK,organic,0
U03280,2025-01-12 21:00:27,checkout,mobile,UK,organic,0
U03280,2025-01-12 21:13:38,purchase,mobile,UK,organic,123.31
U03281,2025-04-08 16:00:00,view,mobile,US,none,0
U03281,2025-04-08 16:15:28,add_to_cart,mobile,US,none,0
U03281,2025-04-08 16:48:57,checkout,mobile,US,none,0
U03281,2025-04-08 17:23:23,purchase,mobile,US,none,12
U03282,2025-05-16 00:00:00,view,tablet,US,organic,0
U03282,2025-05-16 00:13:52,add_to_cart,tablet,US,organic,0
U03282,2025-05-16 00:23:29,checkout,tablet,US,organic,0
U03283,2025-02-26 20:00:00,view,desktop,Brazil,cpc,0
U03283,2025-02-26 20:05:02,add_to_cart,desktop,Brazil,cpc,0
U03283,2025-02-26 20:52:00,checkout,desktop,Brazil,cpc,0
U03284,2025-01-21 07:00:00,view,mobile,UK,organic,0
U03285,2025-06-07 14:00:00,view,desktop,Canada,organic,0
U03285,2025-06-07 14:11:43,add_to_cart,desktop,Canada,organic,0
U03285,2025-06-07 14:46:56,checkout,desktop,Canada,organic,0
U03285,2025-06-07 15:52:02,purchase,desktop,Canada,organic,89.04
U03286,2025-06-23 09:00:00,view,mobile,US,cpc,0
U03287,2025-04-07 09:00:00,view,mobile,Canada,organic,0
U03287,2025-04-07 09:30:28,add_to_cart,mobile,Canada,organic,0
U03287,2025-04-07 10:09:33,checkout,mobile,Canada,organic,0
U03287,2025-04-07 10:57:13,purchase,mobile,Canada,organic,84.22
U03288,2025-04-20 14:00:00,view,desktop,US,referral,0
U03288,2025-04-20 14:13:58,add_to_cart,desktop,US,referral,0
U03288,2025-04-20 14:21:29,checkout,desktop,US,referral,0
U03288,2025-04-20 14:25:03,purchase,desktop,US,referral,135.58
U03289,2025-01-05 05:00:00,view,mobile,India,none,0
U03289,2025-01-05 05:17:22,add_to_cart,mobile,India,none,0
U03290,2025-01-13 18:00:00,view,tablet,Brazil,cpc,0
U03290,2025-01-13 18:50:13,add_to_cart,tablet,Brazil,cpc,0
U03291,2025-05-18 23:00:00,view,mobile,US,organic,0
U03291,2025-05-18 23:24:19,add_to_cart,mobile,US,organic,0
U03291,2025-05-18 23:26:44,checkout,mobile,US,organic,0
U03291,2025-05-19 01:07:03,purchase,mobile,US,organic,67.15
U03292,2025-03-29 01:00:00,view,mobile,UK,cpc,0
U03292,2025-03-29 01:07:28,add_to_cart,mobile,UK,cpc,0
U03293,2025-05-10 04:00:00,view,tablet,UK,referral,0
U03293,2025-05-10 04:34:16,add_to_cart,tablet,UK,referral,0
U03293,2025-05-10 05:26:04,checkout,tablet,UK,referral,0
U03293,2025-05-10 06:33:52,purchase,tablet,UK,referral,88.57
U03294,2025-02-08 03:00:00,view,desktop,UK,organic,0
U03295,2025-05-11 22:00:00,view,mobile,UK,cpc,0
U03296,2025-03-15 02:00:00,view,desktop,Brazil,none,0
U03296,2025-03-15 02:11:04,add_to_cart,desktop,Brazil,none,0
U03296,2025-03-15 02:13:27,checkout,desktop,Brazil,none,0
U03296,2025-03-15 04:14:17,purchase,desktop,Brazil,none,92.38
U03297,2025-06-26 23:00:00,view,desktop,Canada,organic,0
U03297,2025-06-26 23:13:49,add_to_cart,desktop,Canada,organic,0
U03297,2025-06-26 23:30:23,checkout,desktop,Canada,organic,0
U03297,2025-06-26 23:34:13,purchase,desktop,Canada,organic,81.73
U03298,2025-01-07 03:00:00,view,desktop,US,organic,0
U03298,2025-01-07 03:26:28,add_to_cart,desktop,US,organic,0
U03298,2025-01-07 03:59:44,checkout,desktop,US,organic,0
U03298,2025-01-07 05:15:46,purchase,desktop,US,organic,68.5
U03299,2025-06-20 14:00:00,view,mobile,US,none,0
U03300,2025-04-10 08:00:00,view,mobile,India,cpc,0
U03300,2025-04-10 08:12:27,add_to_cart,mobile,India,cpc,0
U03300,2025-04-10 08:53:22,checkout,mobile,India,cpc,0
U03300,2025-04-10 09:10:00,purchase,mobile,India,cpc,65.81
U03301,2025-02-15 01:00:00,view,tablet,US,referral,0
U03302,2025-04-03 00:00:00,view,mobile,India,cpc,0
U03303,2025-01-16 13:00:00,view,tablet,US,organic,0
U03303,2025-01-16 13:17:32,add_to_cart,tablet,US,organic,0
U03304,2025-06-19 06:00:00,view,mobile,India,referral,0
U03304,2025-06-19 06:13:55,add_to_cart,mobile,India,referral,0
U03304,2025-06-19 06:23:16,checkout,mobile,India,referral,0
U03304,2025-06-19 06:41:25,purchase,mobile,India,referral,75.23
U03305,2025-03-27 18:00:00,view,desktop,US,referral,0
U03305,2025-03-27 18:14:02,add_to_cart,desktop,US,referral,0
U03305,2025-03-27 18:55:12,checkout,desktop,US,referral,0
U03305,2025-03-27 19:10:28,purchase,desktop,US,referral,87.96
U03306,2025-03-18 17:00:00,view,mobile,India,organic,0
U03307,2025-01-03 00:00:00,view,desktop,India,referral,0
U03308,2025-06-08 14:00:00,view,mobile,US,referral,0
U03308,2025-06-08 14:10:38,add_to_cart,mobile,US,referral,0
U03309,2025-02-26 15:00:00,view,mobile,UK,cpc,0
U03310,2025-04-26 17:00:00,view,mobile,US,none,0
U03310,2025-04-26 17:32:59,add_to_cart,mobile,US,none,0
U03311,2025-06-24 06:00:00,view,desktop,US,referral,0
U03312,2025-06-18 22:00:00,view,desktop,US,organic,0
U03313,2025-03-13 01:00:00,view,mobile,US,none,0
U03313,2025-03-13 01:45:54,add_to_cart,mobile,US,none,0
U03313,2025-03-13 02:26:40,checkout,mobile,US,none,0
U03313,2025-03-13 02:50:02,purchase,mobile,US,none,69.98
U03314,2025-04-18 16:00:00,view,mobile,Canada,referral,0
U03314,2025-04-18 16:11:10,add_to_cart,mobile,Canada,referral,0
U03315,2025-02-02 09:00:00,view,desktop,Canada,cpc,0
U03316,2025-05-27 01:00:00,view,tablet,Brazil,organic,0
U03317,2025-05-12 15:00:00,view,tablet,UK,referral,0
U03318,2025-01-24 00:00:00,view,mobile,US,none,0
U03319,2025-02-20 03:00:00,view,desktop,Canada,cpc,0
U03319,2025-02-20 03:43:22,add_to_cart,desktop,Canada,cpc,0
U03319,2025-02-20 03:54:50,checkout,desktop,Canada,cpc,0
U03319,2025-02-20 04:04:24,purchase,desktop,Canada,cpc,67.57
U03320,2025-06-22 21:00:00,view,mobile,India,organic,0
U03320,2025-06-22 21:07:27,add_to_cart,mobile,India,organic,0
U03320,2025-06-22 21:28:03,checkout,mobile,India,organic,0
U03320,2025-06-22 21:53:47,purchase,mobile,India,organic,113.58
U03321,2025-04-10 13:00:00,view,desktop,India,cpc,0
U03322,2025-02-04 08:00:00,view,desktop,India,cpc,0
U03322,2025-02-04 08:50:59,add_to_cart,desktop,India,cpc,0
U03322,2025-02-04 08:57:30,checkout,desktop,India,cpc,0
U03322,2025-02-04 09:04:27,purchase,desktop,India,cpc,35.41
U03323,2025-03-05 07:00:00,view,mobile,US,none,0
U03323,2025-03-05 07:20:42,add_to_cart,mobile,US,none,0
U03324,2025-05-29 21:00:00,view,mobile,India,none,0
U03324,2025-05-29 21:09:32,add_to_cart,mobile,India,none,0
U03324,2025-05-29 21:30:15,checkout,mobile,India,none,0
U03325,2025-06-27 22:00:00,view,mobile,Brazil,referral,0
U03325,2025-06-27 22:26:15,add_to_cart,mobile,Brazil,referral,0
U03325,2025-06-27 22:36:57,checkout,mobile,Brazil,referral,0
U03325,2025-06-28 00:29:50,purchase,mobile,Brazil,referral,72.58
U03326,2025-04-12 09:00:00,view,desktop,US,organic,0
U03326,2025-04-12 09:08:43,add_to_cart,desktop,US,organic,0
U03326,2025-04-12 09:22:24,checkout,desktop,US,organic,0
U03326,2025-04-12 10:52:17,purchase,desktop,US,organic,143.95
U03327,2025-05-09 06:00:00,view,desktop,UK,referral,0
U03327,2025-05-09 06:20:56,add_to_cart,desktop,UK,referral,0
U03327,2025-05-09 06:47:35,checkout,desktop,UK,referral,0
U03327,2025-05-09 07:17:04,purchase,desktop,UK,referral,152.44
U03328,2025-01-15 17:00:00,view,mobile,Brazil,cpc,0
U03328,2025-01-15 17:06:44,add_to_cart,mobile,Brazil,cpc,0
U03328,2025-01-15 17:16:48,checkout,mobile,Brazil,cpc,0
U03328,2025-01-15 18:36:38,purchase,mobile,Brazil,cpc,43.12
U03329,2025-03-20 14:00:00,view,tablet,Brazil,organic,0
U03329,2025-03-20 14:09:36,add_to_cart,tablet,Brazil,organic,0
U03329,2025-03-20 14:40:21,checkout,tablet,Brazil,organic,0
U03329,2025-03-20 15:25:44,purchase,tablet,Brazil,organic,57.24
U03330,2025-01-27 14:00:00,view,desktop,Brazil,organic,0
U03331,2025-02-02 22:00:00,view,desktop,India,organic,0
U03331,2025-02-02 22:06:38,add_to_cart,desktop,India,organic,0
U03331,2025-02-02 22:32:47,checkout,desktop,India,organic,0
U03331,2025-02-02 23:14:40,purchase,desktop,India,organic,60.45
U03332,2025-06-26 22:00:00,view,desktop,US,referral,0
U03332,2025-06-26 22:22:58,add_to_cart,desktop,US,referral,0
U03332,2025-06-26 23:10:53,checkout,desktop,US,referral,0
U03332,2025-06-27 00:04:04,purchase,desktop,US,referral,151.97
U03333,2025-01-15 15:00:00,view,mobile,US,organic,0
U03333,2025-01-15 15:24:16,add_to_cart,mobile,US,organic,0
U03333,2025-01-15 15:36:05,checkout,mobile,US,organic,0
U03333,2025-01-15 16:38:13,purchase,mobile,US,organic,111.27
U03334,2025-01-16 23:00:00,view,mobile,US,cpc,0
U03335,2025-06-26 14:00:00,view,desktop,US,cpc,0
U03336,2025-03-05 00:00:00,view,mobile,India,referral,0
U03337,2025-05-10 04:00:00,view,tablet,India,organic,0
U03337,2025-05-10 04:04:57,add_to_cart,tablet,India,organic,0
U03337,2025-05-10 04:36:50,checkout,tablet,India,organic,0
U03337,2025-05-10 04:43:58,purchase,tablet,India,organic,34.07
U03338,2025-03-30 10:00:00,view,desktop,US,organic,0
U03338,2025-03-30 10:10:44,add_to_cart,desktop,US,organic,0
U03338,2025-03-30 10:37:12,checkout,desktop,US,organic,0
U03338,2025-03-30 11:30:53,purchase,desktop,US,organic,111.04
U03339,2025-06-02 23:00:00,view,desktop,US,organic,0
U03340,2025-05-18 00:00:00,view,desktop,US,organic,0
U03340,2025-05-18 00:04:52,add_to_cart,desktop,US,organic,0
U03340,2025-05-18 00:17:21,checkout,desktop,US,organic,0
U03340,2025-05-18 00:35:06,purchase,desktop,US,organic,80.28
U03341,2025-01-12 05:00:00,view,mobile,US,organic,0
U03341,2025-01-12 05:30:25,add_to_cart,mobile,US,organic,0
U03342,2025-04-27 00:00:00,view,mobile,Canada,referral,0
U03342,2025-04-27 00:26:48,add_to_cart,mobile,Canada,referral,0
U03342,2025-04-27 01:03:57,checkout,mobile,Canada,referral,0
U03342,2025-04-27 02:06:43,purchase,mobile,Canada,referral,104.76
U03343,2025-05-19 09:00:00,view,desktop,Canada,organic,0
U03343,2025-05-19 09:06:58,add_to_cart,desktop,Canada,organic,0
U03343,2025-05-19 10:14:35,checkout,desktop,Canada,organic,0
U03343,2025-05-19 10:38:25,purchase,desktop,Canada,organic,115.48
U03344,2025-04-08 01:00:00,view,mobile,UK,referral,0
U03345,2025-04-12 10:00:00,view,mobile,US,cpc,0
U03345,2025-04-12 10:08:04,add_to_cart,mobile,US,cpc,0
U03346,2025-01-30 07:00:00,view,mobile,US,organic,0
U03347,2025-03-10 10:00:00,view,mobile,US,organic,0
U03347,2025-03-10 10:10:48,add_to_cart,mobile,US,organic,0
U03347,2025-03-10 10:43:17,checkout,mobile,US,organic,0
U03347,2025-03-10 10:54:05,purchase,mobile,US,organic,78.34
U03348,2025-06-16 11:00:00,view,mobile,India,referral,0
U03348,2025-06-16 11:08:26,add_to_cart,mobile,India,referral,0
U03348,2025-06-16 11:43:08,checkout,mobile,India,referral,0
U03348,2025-06-16 12:03:21,purchase,mobile,India,referral,103.76
U03349,2025-04-11 01:00:00,view,desktop,UK,organic,0
U03349,2025-04-11 01:06:14,add_to_cart,desktop,UK,organic,0
U03349,2025-04-11 01:23:28,checkout,desktop,UK,organic,0
U03349,2025-04-11 02:23:06,purchase,desktop,UK,organic,108.33
U03350,2025-02-05 00:00:00,view,mobile,US,organic,0
U03350,2025-02-05 00:14:32,add_to_cart,mobile,US,organic,0
U03350,2025-02-05 00:21:02,checkout,mobile,US,organic,0
U03350,2025-02-05 00:56:34,purchase,mobile,US,organic,134.08
U03351,2025-03-24 06:00:00,view,tablet,US,referral,0
U03352,2025-05-24 02:00:00,view,desktop,US,cpc,0
U03352,2025-05-24 02:06:51,add_to_cart,desktop,US,cpc,0
U03352,2025-05-24 02:17:18,checkout,desktop,US,cpc,0
U03352,2025-05-24 02:38:12,purchase,desktop,US,cpc,77.93
U03353,2025-01-25 04:00:00,view,mobile,India,organic,0
U03353,2025-01-25 04:47:44,add_to_cart,mobile,India,organic,0
U03353,2025-01-25 05:41:45,checkout,mobile,India,organic,0
U03353,2025-01-25 06:34:23,purchase,mobile,India,organic,148.4
U03354,2025-05-27 12:00:00,view,desktop,UK,referral,0
U03355,2025-06-03 20:00:00,view,mobile,India,none,0
U03356,2025-02-13 02:00:00,view,mobile,US,referral,0
U03356,2025-02-13 02:36:58,add_to_cart,mobile,US,referral,0
U03357,2025-02-26 07:00:00,view,desktop,India,organic,0
U03357,2025-02-26 07:27:27,add_to_cart,desktop,India,organic,0
U03357,2025-02-26 07:41:48,checkout,desktop,India,organic,0
U03357,2025-02-26 07:55:28,purchase,desktop,India,organic,96.51
U03358,2025-06-24 01:00:00,view,desktop,Canada,organic,0
U03358,2025-06-24 01:44:55,add_to_cart,desktop,Canada,organic,0
U03358,2025-06-24 01:49:10,checkout,desktop,Canada,organic,0
U03358,2025-06-24 03:12:01,purchase,desktop,Canada,organic,111.19
U03359,2025-03-31 17:00:00,view,desktop,US,cpc,0
U03359,2025-03-31 17:02:00,add_to_cart,desktop,US,cpc,0
U03359,2025-03-31 17:34:33,checkout,desktop,US,cpc,0
U03359,2025-03-31 17:38:19,purchase,desktop,US,cpc,106.08
U03360,2025-05-06 16:00:00,view,mobile,India,none,0
U03360,2025-05-06 16:18:05,add_to_cart,mobile,India,none,0
U03360,2025-05-06 16:33:29,checkout,mobile,India,none,0
U03360,2025-05-06 17:35:26,purchase,mobile,India,none,24.37
U03361,2025-02-02 22:00:00,view,desktop,UK,organic,0
U03361,2025-02-02 22:42:05,add_to_cart,desktop,UK,organic,0
U03361,2025-02-02 22:59:22,checkout,desktop,UK,organic,0
U03361,2025-02-02 23:31:13,purchase,desktop,UK,organic,98.64
U03362,2025-01-30 11:00:00,view,tablet,US,organic,0
U03362,2025-01-30 11:09:35,add_to_cart,tablet,US,organic,0
U03363,2025-05-22 16:00:00,view,tablet,US,cpc,0
U03364,2025-01-07 23:00:00,view,desktop,Brazil,cpc,0
U03365,2025-02-01 13:00:00,view,desktop,Brazil,referral,0
U03365,2025-02-01 13:29:11,add_to_cart,desktop,Brazil,referral,0
U03365,2025-02-01 14:16:51,checkout,desktop,Brazil,referral,0
U03365,2025-02-01 14:27:33,purchase,desktop,Brazil,referral,105.09
U03366,2025-05-10 12:00:00,view,tablet,US,referral,0
U03366,2025-05-10 12:03:53,add_to_cart,tablet,US,referral,0
U03367,2025-02-23 02:00:00,view,desktop,UK,referral,0
U03368,2025-01-03 14:00:00,view,mobile,UK,none,0
U03368,2025-01-03 14:41:55,add_to_cart,mobile,UK,none,0
U03368,2025-01-03 15:33:24,checkout,mobile,UK,none,0
U03369,2025-02-25 08:00:00,view,mobile,US,organic,0
U03369,2025-02-25 08:22:42,add_to_cart,mobile,US,organic,0
U03369,2025-02-25 09:34:52,checkout,mobile,US,organic,0
U03369,2025-02-25 10:18:21,purchase,mobile,US,organic,86.16
U03370,2025-02-26 02:00:00,view,tablet,India,referral,0
U03371,2025-03-13 07:00:00,view,desktop,US,organic,0
U03371,2025-03-13 07:05:04,add_to_cart,desktop,US,organic,0
U03371,2025-03-13 07:26:06,checkout,desktop,US,organic,0
U03371,2025-03-13 07:57:16,purchase,desktop,US,organic,102.04
U03372,2025-03-19 23:00:00,view,tablet,India,organic,0
U03373,2025-01-31 14:00:00,view,mobile,India,cpc,0
U03373,2025-01-31 14:19:06,add_to_cart,mobile,India,cpc,0
U03373,2025-01-31 15:50:49,checkout,mobile,India,cpc,0
U03373,2025-01-31 16:15:24,purchase,mobile,India,cpc,95.64
U03374,2025-06-24 12:00:00,view,tablet,India,cpc,0
U03374,2025-06-24 12:14:34,add_to_cart,tablet,India,cpc,0
U03374,2025-06-24 12:19:32,checkout,tablet,India,cpc,0
U03374,2025-06-24 12:51:29,purchase,tablet,India,cpc,59.39
U03375,2025-05-27 22:00:00,view,desktop,India,none,0
U03376,2025-02-06 21:00:00,view,desktop,UK,organic,0
U03377,2025-06-03 11:00:00,view,desktop,Brazil,organic,0
U03377,2025-06-03 11:03:28,add_to_cart,desktop,Brazil,organic,0
U03377,2025-06-03 11:10:55,checkout,desktop,Brazil,organic,0
U03377,2025-06-03 11:18:36,purchase,desktop,Brazil,organic,93.19
U03378,2025-03-07 19:00:00,view,desktop,UK,cpc,0
U03378,2025-03-07 19:38:42,add_to_cart,desktop,UK,cpc,0
U03378,2025-03-07 20:11:22,checkout,desktop,UK,cpc,0
U03378,2025-03-07 20:26:13,purchase,desktop,UK,cpc,101.45
U03379,2025-02-10 02:00:00,view,desktop,UK,cpc,0
U03379,2025-02-10 02:13:47,add_to_cart,desktop,UK,cpc,0
U03379,2025-02-10 02:19:22,checkout,desktop,UK,cpc,0
U03379,2025-02-10 02:34:25,purchase,desktop,UK,cpc,67.15
U03380,2025-02-12 10:00:00,view,tablet,UK,none,0
U03381,2025-02-27 00:00:00,view,mobile,US,organic,0
U03381,2025-02-27 00:07:05,add_to_cart,mobile,US,organic,0
U03381,2025-02-27 00:09:57,checkout,mobile,US,organic,0
U03381,2025-02-27 01:26:05,purchase,mobile,US,organic,127.98
U03382,2025-06-06 05:00:00,view,tablet,UK,organic,0
U03382,2025-06-06 05:11:54,add_to_cart,tablet,UK,organic,0
U03382,2025-06-06 05:53:38,checkout,tablet,UK,organic,0
U03383,2025-03-02 19:00:00,view,mobile,US,none,0
U03383,2025-03-02 19:08:56,add_to_cart,mobile,US,none,0
U03383,2025-03-02 20:10:00,checkout,mobile,US,none,0
U03383,2025-03-02 20:28:53,purchase,mobile,US,none,65.34
U03384,2025-01-23 09:00:00,view,tablet,US,organic,0
U03384,2025-01-23 09:59:10,add_to_cart,tablet,US,organic,0
U03385,2025-04-12 02:00:00,view,desktop,Canada,organic,0
U03385,2025-04-12 02:10:04,add_to_cart,desktop,Canada,organic,0
U03385,2025-04-12 02:52:11,checkout,desktop,Canada,organic,0
U03385,2025-04-12 03:14:11,purchase,desktop,Canada,organic,61.81
U03386,2025-05-15 07:00:00,view,mobile,Canada,referral,0
U03386,2025-05-15 07:32:02,add_to_cart,mobile,Canada,referral,0
U03386,2025-05-15 07:37:44,checkout,mobile,Canada,referral,0
U03386,2025-05-15 08:32:56,purchase,mobile,Canada,referral,73.0
U03387,2025-06-10 22:00:00,view,desktop,UK,referral,0
U03388,2025-01-14 15:00:00,view,tablet,US,cpc,0
U03388,2025-01-14 15:11:53,add_to_cart,tablet,US,cpc,0
U03388,2025-01-14 15:17:24,checkout,tablet,US,cpc,0
U03388,2025-01-14 16:30:33,purchase,tablet,US,cpc,69.67
U03389,2025-03-03 07:00:00,view,mobile,India,organic,0
U03390,2025-02-20 17:00:00,view,desktop,India,none,0
U03391,2025-02-21 04:00:00,view,mobile,US,cpc,0
U03392,2025-04-07 05:00:00,view,mobile,Canada,none,0
U03393,2025-03-19 22:00:00,view,tablet,US,cpc,0
U03393,2025-03-19 22:18:47,add_to_cart,tablet,US,cpc,0
U03393,2025-03-19 22:36:14,checkout,tablet,US,cpc,0
U03394,2025-03-23 12:00:00,view,mobile,US,organic,0
U03394,2025-03-23 12:36:09,add_to_cart,mobile,US,organic,0
U03394,2025-03-23 12:51:09,checkout,mobile,US,organic,0
U03394,2025-03-23 13:37:18,purchase,mobile,US,organic,34.91
U03395,2025-05-09 06:00:00,view,mobile,Canada,organic,0
U03395,2025-05-09 06:25:18,add_to_cart,mobile,Canada,organic,0
U03395,2025-05-09 06:36:46,checkout,mobile,Canada,organic,0
U03395,2025-05-09 08:17:00,purchase,mobile,Canada,organic,94.73
U03396,2025-02-28 08:00:00,view,mobile,Canada,organic,0
U03397,2025-04-26 09:00:00,view,desktop,US,organic,0
U03397,2025-04-26 09:08:46,add_to_cart,desktop,US,organic,0
U03397,2025-04-26 10:43:16,checkout,desktop,US,organic,0
U03397,2025-04-26 12:47:22,purchase,desktop,US,organic,107.16
U03398,2025-03-19 08:00:00,view,desktop,India,referral,0
U03398,2025-03-19 08:25:51,add_to_cart,desktop,India,referral,0
U03399,2025-04-22 10:00:00,view,tablet,India,referral,0
U03400,2025-03-29 04:00:00,view,mobile,US,organic,0
U03400,2025-03-29 04:11:51,add_to_cart,mobile,US,organic,0
U03400,2025-03-29 04:52:09,checkout,mobile,US,organic,0
U03400,2025-03-29 05:47:03,purchase,mobile,US,organic,118.22
U03401,2025-04-11 10:00:00,view,desktop,Canada,none,0
U03401,2025-04-11 10:16:32,add_to_cart,desktop,Canada,none,0
U03401,2025-04-11 10:26:49,checkout,desktop,Canada,none,0
U03401,2025-04-11 11:42:25,purchase,desktop,Canada,none,100.5
U03402,2025-01-08 05:00:00,view,desktop,US,cpc,0
U03403,2025-01-29 12:00:00,view,mobile,US,referral,0
U03403,2025-01-29 12:21:06,add_to_cart,mobile,US,referral,0
U03403,2025-01-29 13:02:42,checkout,mobile,US,referral,0
U03403,2025-01-29 14:20:48,purchase,mobile,US,referral,148.92
U03404,2025-02-19 20:00:00,view,mobile,US,cpc,0
U03404,2025-02-19 20:14:50,add_to_cart,mobile,US,cpc,0
U03404,2025-02-19 21:10:35,checkout,mobile,US,cpc,0
U03404,2025-02-19 22:08:18,purchase,mobile,US,cpc,137.94
U03405,2025-03-22 00:00:00,view,tablet,India,cpc,0
U03405,2025-03-22 00:08:48,add_to_cart,tablet,India,cpc,0
U03405,2025-03-22 00:21:07,checkout,tablet,India,cpc,0
U03406,2025-06-22 08:00:00,view,desktop,US,organic,0
U03407,2025-05-16 12:00:00,view,mobile,UK,organic,0
U03408,2025-05-21 01:00:00,view,desktop,US,cpc,0
U03409,2025-04-08 14:00:00,view,desktop,Brazil,none,0
U03410,2025-03-19 03:00:00,view,desktop,India,organic,0
U03410,2025-03-19 03:15:38,add_to_cart,desktop,India,organic,0
U03411,2025-01-28 05:00:00,view,mobile,UK,organic,0
U03411,2025-01-28 05:11:46,add_to_cart,mobile,UK,organic,0
U03411,2025-01-28 05:28:28,checkout,mobile,UK,organic,0
U03411,2025-01-28 06:43:56,purchase,mobile,UK,organic,70.33
U03412,2025-01-31 02:00:00,view,desktop,US,none,0
U03412,2025-01-31 02:19:56,add_to_cart,desktop,US,none,0
U03412,2025-01-31 03:09:06,checkout,desktop,US,none,0
U03412,2025-01-31 03:37:26,purchase,desktop,US,none,94.36
U03413,2025-04-20 01:00:00,view,mobile,UK,cpc,0
U03414,2025-06-02 13:00:00,view,mobile,India,referral,0
U03414,2025-06-02 13:34:23,add_to_cart,mobile,India,referral,0
U03414,2025-06-02 14:07:12,checkout,mobile,India,referral,0
U03414,2025-06-02 15:01:43,purchase,mobile,India,referral,48.95
U03415,2025-02-03 20:00:00,view,desktop,US,cpc,0
U03415,2025-02-03 20:19:36,add_to_cart,desktop,US,cpc,0
U03415,2025-02-03 20:31:55,checkout,desktop,US,cpc,0
U03415,2025-02-03 22:20:06,purchase,desktop,US,cpc,111.53
U03416,2025-05-08 21:00:00,view,tablet,Brazil,organic,0
U03417,2025-01-26 11:00:00,view,desktop,US,organic,0
U03417,2025-01-26 11:27:12,add_to_cart,desktop,US,organic,0
U03417,2025-01-26 11:46:16,checkout,desktop,US,organic,0
U03417,2025-01-26 13:19:10,purchase,desktop,US,organic,116.96
U03418,2025-03-13 23:00:00,view,mobile,Brazil,organic,0
U03418,2025-03-13 23:30:47,add_to_cart,mobile,Brazil,organic,0
U03418,2025-03-14 00:05:39,checkout,mobile,Brazil,organic,0
U03418,2025-03-14 00:58:39,purchase,mobile,Brazil,organic,78.66
U03419,2025-04-04 10:00:00,view,mobile,US,cpc,0
U03420,2025-05-06 13:00:00,view,desktop,US,cpc,0
U03421,2025-05-07 20:00:00,view,desktop,US,referral,0
U03421,2025-05-07 20:10:12,add_to_cart,desktop,US,referral,0
U03421,2025-05-07 20:22:20,checkout,desktop,US,referral,0
U03421,2025-05-07 20:47:39,purchase,desktop,US,referral,135.27
U03422,2025-04-19 19:00:00,view,mobile,US,referral,0
U03423,2025-02-07 06:00:00,view,tablet,India,referral,0
U03424,2025-06-01 12:00:00,view,mobile,India,organic,0
U03424,2025-06-01 12:43:48,add_to_cart,mobile,India,organic,0
U03424,2025-06-01 13:12:12,checkout,mobile,India,organic,0
U03424,2025-06-01 14:00:39,purchase,mobile,India,organic,52.0
U03425,2025-04-24 23:00:00,view,mobile,India,referral,0
U03425,2025-04-24 23:19:49,add_to_cart,mobile,India,referral,0
U03425,2025-04-25 00:18:49,checkout,mobile,India,referral,0
U03425,2025-04-25 01:36:50,purchase,mobile,India,referral,94.07
U03426,2025-01-07 19:00:00,view,desktop,US,organic,0
U03427,2025-01-10 07:00:00,view,mobile,US,cpc,0
U03428,2025-03-25 00:00:00,view,mobile,US,referral,0
U03429,2025-03-27 20:00:00,view,desktop,Brazil,cpc,0
U03429,2025-03-27 20:25:45,add_to_cart,desktop,Brazil,cpc,0
U03429,2025-03-27 20:52:03,checkout,desktop,Brazil,cpc,0
U03429,2025-03-27 21:08:13,purchase,desktop,Brazil,cpc,75.78
U03430,2025-05-25 15:00:00,view,desktop,Brazil,organic,0
U03430,2025-05-25 15:18:00,add_to_cart,desktop,Brazil,organic,0
U03430,2025-05-25 15:48:26,checkout,desktop,Brazil,organic,0
U03430,2025-05-25 15:59:54,purchase,desktop,Brazil,organic,66.07
U03431,2025-03-24 05:00:00,view,mobile,US,none,0
U03431,2025-03-24 05:26:13,add_to_cart,mobile,US,none,0
U03431,2025-03-24 06:02:52,checkout,mobile,US,none,0
U03431,2025-03-24 08:10:51,purchase,mobile,US,none,119.37
U03432,2025-04-28 14:00:00,view,desktop,India,none,0
U03433,2025-06-17 13:00:00,view,mobile,India,none,0
U03434,2025-01-23 12:00:00,view,mobile,UK,cpc,0
U03434,2025-01-23 12:14:43,add_to_cart,mobile,UK,cpc,0
U03434,2025-01-23 12:30:42,checkout,mobile,UK,cpc,0
U03435,2025-06-04 23:00:00,view,mobile,Canada,cpc,0
U03435,2025-06-04 23:17:42,add_to_cart,mobile,Canada,cpc,0
U03435,2025-06-05 00:17:08,checkout,mobile,Canada,cpc,0
U03436,2025-04-30 12:00:00,view,desktop,US,referral,0
U03436,2025-04-30 12:19:15,add_to_cart,desktop,US,referral,0
U03436,2025-04-30 12:40:01,checkout,desktop,US,referral,0
U03436,2025-04-30 12:45:21,purchase,desktop,US,referral,99.12
U03437,2025-02-17 14:00:00,view,desktop,UK,cpc,0
U03437,2025-02-17 14:02:00,add_to_cart,desktop,UK,cpc,0
U03438,2025-04-18 20:00:00,view,tablet,US,referral,0
U03438,2025-04-18 20:43:17,add_to_cart,tablet,US,referral,0
U03438,2025-04-18 21:09:35,checkout,tablet,US,referral,0
U03438,2025-04-18 21:46:05,purchase,tablet,US,referral,98.78
U03439,2025-05-20 02:00:00,view,mobile,UK,referral,0
U03439,2025-05-20 02:22:40,add_to_cart,mobile,UK,referral,0
U03439,2025-05-20 03:00:55,checkout,mobile,UK,referral,0
U03439,2025-05-20 03:24:04,purchase,mobile,UK,referral,72.53
U03440,2025-06-03 22:00:00,view,desktop,US,cpc,0
U03440,2025-06-03 22:02:19,add_to_cart,desktop,US,cpc,0
U03441,2025-06-12 18:00:00,view,mobile,Brazil,referral,0
U03441,2025-06-12 18:41:24,add_to_cart,mobile,Brazil,referral,0
U03441,2025-06-12 19:04:01,checkout,mobile,Brazil,referral,0
U03441,2025-06-12 19:46:55,purchase,mobile,Brazil,referral,88.85
U03442,2025-02-27 05:00:00,view,desktop,US,referral,0
U03443,2025-03-14 01:00:00,view,mobile,UK,none,0
U03444,2025-03-24 22:00:00,view,mobile,Canada,cpc,0
U03445,2025-01-13 15:00:00,view,tablet,US,organic,0
U03446,2025-06-22 09:00:00,view,mobile,India,organic,0
U03446,2025-06-22 09:47:50,add_to_cart,mobile,India,organic,0
U03446,2025-06-22 10:36:46,checkout,mobile,India,organic,0
U03447,2025-01-14 12:00:00,view,tablet,Brazil,cpc,0
U03447,2025-01-14 12:03:49,add_to_cart,tablet,Brazil,cpc,0
U03447,2025-01-14 12:10:30,checkout,tablet,Brazil,cpc,0
U03448,2025-03-02 22:00:00,view,mobile,Canada,referral,0
U03449,2025-06-16 15:00:00,view,mobile,Brazil,none,0
U03449,2025-06-16 15:38:37,add_to_cart,mobile,Brazil,none,0
U03449,2025-06-16 15:42:40,checkout,mobile,Brazil,none,0
U03449,2025-06-16 16:20:31,purchase,mobile,Brazil,none,86.53
U03450,2025-01-06 00:00:00,view,desktop,UK,cpc,0
U03450,2025-01-06 00:03:36,add_to_cart,desktop,UK,cpc,0
U03450,2025-01-06 00:43:08,checkout,desktop,UK,cpc,0
U03450,2025-01-06 01:16:48,purchase,desktop,UK,cpc,95.04
U03451,2025-02-28 09:00:00,view,desktop,US,organic,0
U03451,2025-02-28 09:05:48,add_to_cart,desktop,US,organic,0
U03451,2025-02-28 09:13:21,checkout,desktop,US,organic,0
U03451,2025-02-28 10:07:20,purchase,desktop,US,organic,130.43
U03452,2025-04-09 13:00:00,view,desktop,Canada,cpc,0
U03453,2025-06-13 07:00:00,view,mobile,Brazil,referral,0
U03453,2025-06-13 07:23:00,add_to_cart,mobile,Brazil,referral,0
U03453,2025-06-13 08:02:30,checkout,mobile,Brazil,referral,0
U03453,2025-06-13 10:00:21,purchase,mobile,Brazil,referral,90.09
U03454,2025-01-13 02:00:00,view,mobile,Canada,organic,0
U03454,2025-01-13 02:36:56,add_to_cart,mobile,Canada,organic,0
U03454,2025-01-13 02:48:04,checkout,mobile,Canada,organic,0
U03454,2025-01-13 03:44:56,purchase,mobile,Canada,organic,117.64
U03455,2025-02-02 02:00:00,view,mobile,UK,organic,0
U03455,2025-02-02 02:45:32,add_to_cart,mobile,UK,organic,0
U03455,2025-02-02 03:13:48,checkout,mobile,UK,organic,0
U03455,2025-02-02 04:11:29,purchase,mobile,UK,organic,86.49
U03456,2025-02-27 08:00:00,view,desktop,India,cpc,0
U03457,2025-01-06 17:00:00,view,desktop,US,none,0
U03458,2025-01-24 19:00:00,view,mobile,UK,referral,0
U03459,2025-04-08 10:00:00,view,tablet,Brazil,organic,0
U03459,2025-04-08 10:31:32,add_to_cart,tablet,Brazil,organic,0
U03460,2025-05-11 19:00:00,view,tablet,India,organic,0
U03460,2025-05-11 19:12:30,add_to_cart,tablet,India,organic,0
U03460,2025-05-11 20:05:54,checkout,tablet,India,organic,0
U03460,2025-05-11 22:08:10,purchase,tablet,India,organic,59.34
U03461,2025-04-17 05:00:00,view,mobile,UK,organic,0
U03462,2025-02-02 15:00:00,view,mobile,UK,organic,0
U03462,2025-02-02 15:10:32,add_to_cart,mobile,UK,organic,0
U03462,2025-02-02 15:28:20,checkout,mobile,UK,organic,0
U03462,2025-02-02 16:05:26,purchase,mobile,UK,organic,97.23
U03463,2025-05-09 08:00:00,view,mobile,US,cpc,0
U03464,2025-05-03 20:00:00,view,tablet,US,organic,0
U03465,2025-02-19 10:00:00,view,desktop,Brazil,cpc,0
U03465,2025-02-19 10:06:45,add_to_cart,desktop,Brazil,cpc,0
U03465,2025-02-19 10:12:17,checkout,desktop,Brazil,cpc,0
U03465,2025-02-19 10:40:48,purchase,desktop,Brazil,cpc,98.09
U03466,2025-02-10 00:00:00,view,desktop,India,organic,0
U03466,2025-02-10 00:16:48,add_to_cart,desktop,India,organic,0
U03467,2025-02-08 07:00:00,view,desktop,UK,organic,0
U03467,2025-02-08 07:18:55,add_to_cart,desktop,UK,organic,0
U03467,2025-02-08 07:28:48,checkout,desktop,UK,organic,0
U03467,2025-02-08 08:28:46,purchase,desktop,UK,organic,108.15
U03468,2025-03-17 09:00:00,view,desktop,Canada,cpc,0
U03469,2025-02-23 15:00:00,view,mobile,UK,organic,0
U03469,2025-02-23 15:08:20,add_to_cart,mobile,UK,organic,0
U03469,2025-02-23 15:40:52,checkout,mobile,UK,organic,0
U03469,2025-02-23 16:11:59,purchase,mobile,UK,organic,113.98
U03470,2025-03-11 19:00:00,view,tablet,US,organic,0
U03470,2025-03-11 19:05:57,add_to_cart,tablet,US,organic,0
U03470,2025-03-11 19:42:55,checkout,tablet,US,organic,0
U03470,2025-03-11 20:15:53,purchase,tablet,US,organic,90.72
U03471,2025-06-16 21:00:00,view,desktop,India,organic,0
U03471,2025-06-16 21:23:52,add_to_cart,desktop,India,organic,0
U03471,2025-06-16 22:02:33,checkout,desktop,India,organic,0
U03471,2025-06-16 22:14:05,purchase,desktop,India,organic,74.84
U03472,2025-02-21 11:00:00,view,mobile,UK,referral,0
U03472,2025-02-21 11:11:57,add_to_cart,mobile,UK,referral,0
U03473,2025-05-26 18:00:00,view,mobile,UK,organic,0
U03474,2025-04-03 20:00:00,view,tablet,US,referral,0
U03475,2025-02-26 00:00:00,view,mobile,US,cpc,0
U03475,2025-02-26 00:20:14,add_to_cart,mobile,US,cpc,0
U03475,2025-02-26 01:14:03,checkout,mobile,US,cpc,0
U03475,2025-02-26 02:42:44,purchase,mobile,US,cpc,93.57
U03476,2025-03-26 00:00:00,view,tablet,UK,referral,0
U03476,2025-03-26 00:09:47,add_to_cart,tablet,UK,referral,0
U03476,2025-03-26 01:00:38,checkout,tablet,UK,referral,0
U03476,2025-03-26 02:35:56,purchase,tablet,UK,referral,83.36
U03477,2025-01-31 05:00:00,view,mobile,India,none,0
U03477,2025-01-31 05:30:58,add_to_cart,mobile,India,none,0
U03477,2025-01-31 05:35:26,checkout,mobile,India,none,0
U03477,2025-01-31 06:21:26,purchase,mobile,India,none,58.23
U03478,2025-04-21 20:00:00,view,mobile,Canada,cpc,0
U03479,2025-01-31 09:00:00,view,mobile,Canada,referral,0
U03479,2025-01-31 09:04:23,add_to_cart,mobile,Canada,referral,0
U03479,2025-01-31 09:18:17,checkout,mobile,Canada,referral,0
U03479,2025-01-31 10:14:10,purchase,mobile,Canada,referral,75.08
U03480,2025-03-06 14:00:00,view,mobile,Canada,cpc,0
U03481,2025-05-09 13:00:00,view,desktop,India,referral,0
U03481,2025-05-09 13:08:59,add_to_cart,desktop,India,referral,0
U03481,2025-05-09 13:15:05,checkout,desktop,India,referral,0
U03481,2025-05-09 14:02:29,purchase,desktop,India,referral,131.21
U03482,2025-05-31 09:00:00,view,desktop,US,organic,0
U03483,2025-03-30 10:00:00,view,tablet,Brazil,cpc,0
U03484,2025-05-22 07:00:00,view,desktop,Canada,cpc,0
U03484,2025-05-22 07:11:28,add_to_cart,desktop,Canada,cpc,0
U03484,2025-05-22 08:23:12,checkout,desktop,Canada,cpc,0
U03484,2025-05-22 09:24:23,purchase,desktop,Canada,cpc,88.64
U03485,2025-04-15 07:00:00,view,desktop,US,organic,0
U03485,2025-04-15 07:10:44,add_to_cart,desktop,US,organic,0
U03485,2025-04-15 08:15:56,checkout,desktop,US,organic,0
U03485,2025-04-15 08:23:11,purchase,desktop,US,organic,114.82
U03486,2025-05-24 01:00:00,view,mobile,India,organic,0
U03486,2025-05-24 01:08:57,add_to_cart,mobile,India,organic,0
U03487,2025-03-04 06:00:00,view,tablet,Brazil,organic,0
U03487,2025-03-04 06:02:00,add_to_cart,tablet,Brazil,organic,0
U03487,2025-03-04 06:17:52,checkout,tablet,Brazil,organic,0
U03488,2025-06-06 13:00:00,view,desktop,Canada,none,0
U03488,2025-06-06 13:18:10,add_to_cart,desktop,Canada,none,0
U03488,2025-06-06 13:27:25,checkout,desktop,Canada,none,0
U03488,2025-06-06 14:03:26,purchase,desktop,Canada,none,110.41
U03489,2025-02-22 16:00:00,view,mobile,UK,cpc,0
U03489,2025-02-22 16:39:16,add_to_cart,mobile,UK,cpc,0
U03489,2025-02-22 17:02:58,checkout,mobile,UK,cpc,0
U03489,2025-02-22 17:41:31,purchase,mobile,UK,cpc,70.64
U03490,2025-01-04 11:00:00,view,desktop,India,organic,0
U03490,2025-01-04 11:08:03,add_to_cart,desktop,India,organic,0
U03491,2025-06-01 16:00:00,view,mobile,UK,cpc,0
U03492,2025-05-10 13:00:00,view,mobile,India,organic,0
U03493,2025-04-06 01:00:00,view,tablet,US,referral,0
U03494,2025-02-08 00:00:00,view,tablet,Brazil,cpc,0
U03495,2025-01-04 21:00:00,view,tablet,Brazil,cpc,0
U03495,2025-01-04 21:05:34,add_to_cart,tablet,Brazil,cpc,0
U03495,2025-01-04 21:24:17,checkout,tablet,Brazil,cpc,0
U03496,2025-03-11 07:00:00,view,mobile,Brazil,cpc,0
U03497,2025-05-07 06:00:00,view,desktop,Brazil,referral,0
U03497,2025-05-07 06:04:59,add_to_cart,desktop,Brazil,referral,0
U03497,2025-05-07 06:27:49,checkout,desktop,Brazil,referral,0
U03497,2025-05-07 06:44:15,purchase,desktop,Brazil,referral,94.15
U03498,2025-02-23 23:00:00,view,mobile,Canada,organic,0
U03498,2025-02-23 23:23:46,add_to_cart,mobile,Canada,organic,0
U03498,2025-02-24 00:17:48,checkout,mobile,Canada,organic,0
U03499,2025-02-14 13:00:00,view,mobile,UK,referral,0
U03499,2025-02-14 13:19:09,add_to_cart,mobile,UK,referral,0
U03499,2025-02-14 14:43:03,checkout,mobile,UK,referral,0
U03499,2025-02-14 15:21:12,purchase,mobile,UK,referral,100.87
U03500,2025-04-29 19:00:00,view,mobile,India,none,0
U03501,2025-04-16 12:00:00,view,desktop,India,cpc,0
U03502,2025-05-16 12:00:00,view,desktop,US,none,0
U03502,2025-05-16 13:10:59,add_to_cart,desktop,US,none,0
U03502,2025-05-16 13:20:47,checkout,desktop,US,none,0
U03502,2025-05-16 14:19:15,purchase,desktop,US,none,109.18
U03503,2025-05-04 23:00:00,view,desktop,UK,referral,0
U03503,2025-05-04 23:14:55,add_to_cart,desktop,UK,referral,0
U03503,2025-05-04 23:51:43,checkout,desktop,UK,referral,0
U03503,2025-05-05 00:16:54,purchase,desktop,UK,referral,122.77
U03504,2025-01-18 07:00:00,view,desktop,UK,organic,0
U03505,2025-04-07 18:00:00,view,mobile,UK,none,0
U03506,2025-06-08 20:00:00,view,desktop,UK,organic,0
U03507,2025-01-11 04:00:00,view,desktop,UK,none,0
U03507,2025-01-11 04:23:20,add_to_cart,desktop,UK,none,0
U03507,2025-01-11 05:27:19,checkout,desktop,UK,none,0
U03508,2025-04-18 14:00:00,view,mobile,US,none,0
U03508,2025-04-18 14:12:58,add_to_cart,mobile,US,none,0
U03508,2025-04-18 14:40:36,checkout,mobile,US,none,0
U03508,2025-04-18 15:49:43,purchase,mobile,US,none,42.84
U03509,2025-05-27 05:00:00,view,mobile,Canada,organic,0
U03510,2025-06-02 11:00:00,view,desktop,India,organic,0
U03510,2025-06-02 11:23:18,add_to_cart,desktop,India,organic,0
U03510,2025-06-02 11:45:10,checkout,desktop,India,organic,0
U03510,2025-06-02 12:03:59,purchase,desktop,India,organic,126.86
U03511,2025-05-30 23:00:00,view,mobile,US,cpc,0
U03512,2025-04-09 02:00:00,view,tablet,India,referral,0
U03512,2025-04-09 02:15:09,add_to_cart,tablet,India,referral,0
U03512,2025-04-09 02:57:12,checkout,tablet,India,referral,0
U03513,2025-06-09 16:00:00,view,mobile,US,organic,0
U03513,2025-06-09 16:30:33,add_to_cart,mobile,US,organic,0
U03513,2025-06-09 16:37:17,checkout,mobile,US,organic,0
U03513,2025-06-09 17:43:58,purchase,mobile,US,organic,113.37
U03514,2025-06-17 17:00:00,view,desktop,India,referral,0
U03515,2025-03-24 13:00:00,view,desktop,India,referral,0
U03515,2025-03-24 13:12:13,add_to_cart,desktop,India,referral,0
U03515,2025-03-24 13:26:36,checkout,desktop,India,referral,0
U03515,2025-03-24 14:01:02,purchase,desktop,India,referral,87.33
U03516,2025-04-29 15:00:00,view,mobile,US,organic,0
U03517,2025-06-13 22:00:00,view,mobile,Canada,organic,0
U03517,2025-06-13 22:22:43,add_to_cart,mobile,Canada,organic,0
U03517,2025-06-13 22:53:18,checkout,mobile,Canada,organic,0
U03517,2025-06-13 23:35:58,purchase,mobile,Canada,organic,66.9
U03518,2025-01-22 10:00:00,view,desktop,US,cpc,0
U03518,2025-01-22 10:05:10,add_to_cart,desktop,US,cpc,0
U03518,2025-01-22 10:24:11,checkout,desktop,US,cpc,0
U03518,2025-01-22 10:43:22,purchase,desktop,US,cpc,63.47
U03519,2025-04-06 10:00:00,view,desktop,India,referral,0
U03519,2025-04-06 10:15:07,add_to_cart,desktop,India,referral,0
U03519,2025-04-06 10:37:56,checkout,desktop,India,referral,0
U03519,2025-04-06 10:51:30,purchase,desktop,India,referral,88.87
U03520,2025-04-18 13:00:00,view,desktop,UK,cpc,0
U03520,2025-04-18 13:04:39,add_to_cart,desktop,UK,cpc,0
U03520,2025-04-18 13:10:19,checkout,desktop,UK,cpc,0
U03520,2025-04-18 14:29:15,purchase,desktop,UK,cpc,86.8
U03521,2025-02-26 00:00:00,view,tablet,US,organic,0
U03521,2025-02-26 00:25:24,add_to_cart,tablet,US,organic,0
U03521,2025-02-26 01:35:12,checkout,tablet,US,organic,0
U03521,2025-02-26 02:09:35,purchase,tablet,US,organic,42.63
U03522,2025-01-26 10:00:00,view,desktop,UK,referral,0
U03523,2025-01-02 00:00:00,view,desktop,US,cpc,0
U03523,2025-01-02 00:54:30,add_to_cart,desktop,US,cpc,0
U03524,2025-05-25 10:00:00,view,mobile,UK,referral,0
U03524,2025-05-25 10:18:01,add_to_cart,mobile,UK,referral,0
U03524,2025-05-25 11:23:55,checkout,mobile,UK,referral,0
U03525,2025-05-29 10:00:00,view,mobile,US,cpc,0
U03525,2025-05-29 10:14:04,add_to_cart,mobile,US,cpc,0
U03526,2025-03-18 07:00:00,view,mobile,India,referral,0
U03526,2025-03-18 07:12:13,add_to_cart,mobile,India,referral,0
U03526,2025-03-18 08:22:58,checkout,mobile,India,referral,0
U03526,2025-03-18 10:50:25,purchase,mobile,India,referral,24.06
U03527,2025-05-03 07:00:00,view,mobile,Canada,organic,0
U03527,2025-05-03 07:11:04,add_to_cart,mobile,Canada,organic,0
U03527,2025-05-03 08:22:00,checkout,mobile,Canada,organic,0
U03527,2025-05-03 09:32:54,purchase,mobile,Canada,organic,13.91
U03528,2025-06-27 23:00:00,view,tablet,India,organic,0
U03529,2025-03-20 22:00:00,view,mobile,US,organic,0
U03529,2025-03-20 22:24:21,add_to_cart,mobile,US,organic,0
U03529,2025-03-20 23:07:02,checkout,mobile,US,organic,0
U03529,2025-03-21 01:07:29,purchase,mobile,US,organic,117.17
U03530,2025-05-06 18:00:00,view,desktop,UK,cpc,0
U03530,2025-05-06 18:18:46,add_to_cart,desktop,UK,cpc,0
U03530,2025-05-06 18:20:46,checkout,desktop,UK,cpc,0
U03530,2025-05-06 18:47:37,purchase,desktop,UK,cpc,67.51
U03531,2025-04-17 05:00:00,view,desktop,US,cpc,0
U03531,2025-04-17 05:13:29,add_to_cart,desktop,US,cpc,0
U03531,2025-04-17 05:45:21,checkout,desktop,US,cpc,0
U03531,2025-04-17 06:00:50,purchase,desktop,US,cpc,85.89
U03532,2025-06-03 22:00:00,view,desktop,Brazil,cpc,0
U03532,2025-06-03 22:11:47,add_to_cart,desktop,Brazil,cpc,0
U03532,2025-06-03 22:31:07,checkout,desktop,Brazil,cpc,0
U03532,2025-06-03 23:35:27,purchase,desktop,Brazil,cpc,59.56
U03533,2025-01-28 00:00:00,view,tablet,Canada,cpc,0
U03533,2025-01-28 00:06:34,add_to_cart,tablet,Canada,cpc,0
U03533,2025-01-28 00:14:13,checkout,tablet,Canada,cpc,0
U03534,2025-02-09 01:00:00,view,desktop,Canada,none,0
U03534,2025-02-09 01:14:04,add_to_cart,desktop,Canada,none,0
U03535,2025-05-12 12:00:00,view,mobile,US,organic,0
U03536,2025-05-04 13:00:00,view,mobile,Canada,organic,0
U03536,2025-05-04 13:32:48,add_to_cart,mobile,Canada,organic,0
U03536,2025-05-04 13:40:59,checkout,mobile,Canada,organic,0
U03536,2025-05-04 14:22:05,purchase,mobile,Canada,organic,87.97
U03537,2025-06-20 19:00:00,view,desktop,US,referral,0
U03537,2025-06-20 19:17:59,add_to_cart,desktop,US,referral,0
U03537,2025-06-20 19:51:52,checkout,desktop,US,referral,0
U03537,2025-06-20 21:09:21,purchase,desktop,US,referral,120.44
U03538,2025-06-24 14:00:00,view,desktop,Brazil,cpc,0
U03539,2025-04-14 03:00:00,view,desktop,India,referral,0
U03540,2025-03-07 10:00:00,view,mobile,US,organic,0
U03540,2025-03-07 10:11:19,add_to_cart,mobile,US,organic,0
U03541,2025-02-12 11:00:00,view,desktop,Brazil,none,0
U03541,2025-02-12 11:32:41,add_to_cart,desktop,Brazil,none,0
U03541,2025-02-12 13:14:03,checkout,desktop,Brazil,none,0
U03541,2025-02-12 14:07:43,purchase,desktop,Brazil,none,80.98
U03542,2025-02-05 01:00:00,view,mobile,UK,organic,0
U03542,2025-02-05 01:25:31,add_to_cart,mobile,UK,organic,0
U03543,2025-02-23 09:00:00,view,desktop,UK,organic,0
U03543,2025-02-23 09:20:13,add_to_cart,desktop,UK,organic,0
U03543,2025-02-23 10:17:10,checkout,desktop,UK,organic,0
U03543,2025-02-23 10:34:53,purchase,desktop,UK,organic,109.36
U03544,2025-01-01 19:00:00,view,mobile,US,referral,0
U03545,2025-04-03 05:00:00,view,mobile,UK,referral,0
U03545,2025-04-03 05:23:56,add_to_cart,mobile,UK,referral,0
U03545,2025-04-03 05:40:09,checkout,mobile,UK,referral,0
U03545,2025-04-03 06:25:07,purchase,mobile,UK,referral,84.82
U03546,2025-01-08 18:00:00,view,mobile,UK,referral,0
U03546,2025-01-08 18:07:36,add_to_cart,mobile,UK,referral,0
U03546,2025-01-08 19:15:43,checkout,mobile,UK,referral,0
U03547,2025-05-29 14:00:00,view,mobile,US,referral,0
U03547,2025-05-29 14:26:45,add_to_cart,mobile,US,referral,0
U03547,2025-05-29 14:55:41,checkout,mobile,US,referral,0
U03547,2025-05-29 16:04:23,purchase,mobile,US,referral,99.32
U03548,2025-05-26 14:00:00,view,desktop,Brazil,referral,0
U03548,2025-05-26 14:07:20,add_to_cart,desktop,Brazil,referral,0
U03548,2025-05-26 14:23:58,checkout,desktop,Brazil,referral,0
U03548,2025-05-26 14:51:22,purchase,desktop,Brazil,referral,86.13
U03549,2025-05-04 03:00:00,view,desktop,US,referral,0
U03549,2025-05-04 03:15:51,add_to_cart,desktop,US,referral,0
U03549,2025-05-04 03:28:51,checkout,desktop,US,referral,0
U03549,2025-05-04 03:47:50,purchase,desktop,US,referral,102.92
U03550,2025-02-14 13:00:00,view,mobile,India,cpc,0
U03551,2025-05-12 12:00:00,view,mobile,Canada,cpc,0
U03551,2025-05-12 12:11:18,add_to_cart,mobile,Canada,cpc,0
U03551,2025-05-12 12:45:28,checkout,mobile,Canada,cpc,0
U03551,2025-05-12 13:07:16,purchase,mobile,Canada,cpc,80.0
U03552,2025-03-10 05:00:00,view,desktop,Brazil,organic,0
U03552,2025-03-10 05:07:46,add_to_cart,desktop,Brazil,organic,0
U03552,2025-03-10 05:14:52,checkout,desktop,Brazil,organic,0
U03552,2025-03-10 06:36:44,purchase,desktop,Brazil,organic,74.11
U03553,2025-03-11 15:00:00,view,mobile,US,referral,0
U03553,2025-03-11 15:09:09,add_to_cart,mobile,US,referral,0
U03553,2025-03-11 15:41:50,checkout,mobile,US,referral,0
U03553,2025-03-11 16:48:49,purchase,mobile,US,referral,100.47
U03554,2025-05-24 21:00:00,view,mobile,Brazil,referral,0
U03554,2025-05-24 21:14:22,add_to_cart,mobile,Brazil,referral,0
U03554,2025-05-24 21:35:30,checkout,mobile,Brazil,referral,0
U03554,2025-05-24 22:18:04,purchase,mobile,Brazil,referral,106.35
U03555,2025-04-16 00:00:00,view,tablet,India,cpc,0
U03555,2025-04-16 00:12:38,add_to_cart,tablet,India,cpc,0
U03555,2025-04-16 00:36:07,checkout,tablet,India,cpc,0
U03556,2025-02-19 19:00:00,view,desktop,US,organic,0
U03556,2025-02-19 19:09:31,add_to_cart,desktop,US,organic,0
U03556,2025-02-19 19:30:44,checkout,desktop,US,organic,0
U03556,2025-02-19 19:45:37,purchase,desktop,US,organic,99.37
U03557,2025-03-30 13:00:00,view,tablet,Brazil,cpc,0
U03557,2025-03-30 13:36:22,add_to_cart,tablet,Brazil,cpc,0
U03558,2025-03-25 13:00:00,view,tablet,India,none,0
U03558,2025-03-25 13:02:00,add_to_cart,tablet,India,none,0
U03558,2025-03-25 13:37:45,checkout,tablet,India,none,0
U03558,2025-03-25 15:02:11,purchase,tablet,India,none,68.45
U03559,2025-01-24 05:00:00,view,mobile,India,none,0
U03560,2025-06-01 00:00:00,view,mobile,India,organic,0
U03561,2025-06-20 20:00:00,view,tablet,US,organic,0
U03561,2025-06-20 20:12:29,add_to_cart,tablet,US,organic,0
U03561,2025-06-20 20:21:47,checkout,tablet,US,organic,0
U03561,2025-06-20 20:42:26,purchase,tablet,US,organic,104.65
U03562,2025-04-30 02:00:00,view,mobile,UK,cpc,0
U03563,2025-04-11 00:00:00,view,tablet,US,organic,0
U03563,2025-04-11 00:17:10,add_to_cart,tablet,US,organic,0
U03563,2025-04-11 00:54:43,checkout,tablet,US,organic,0
U03564,2025-01-04 04:00:00,view,mobile,UK,referral,0
U03564,2025-01-04 04:55:18,add_to_cart,mobile,UK,referral,0
U03564,2025-01-04 06:44:40,checkout,mobile,UK,referral,0
U03564,2025-01-04 08:18:41,purchase,mobile,UK,referral,63.39
U03565,2025-05-15 18:00:00,view,mobile,Brazil,organic,0
U03566,2025-04-23 20:00:00,view,mobile,US,referral,0
U03567,2025-02-12 23:00:00,view,mobile,UK,cpc,0
U03567,2025-02-12 23:02:00,add_to_cart,mobile,UK,cpc,0
U03568,2025-01-27 06:00:00,view,desktop,Brazil,organic,0
U03568,2025-01-27 06:24:03,add_to_cart,desktop,Brazil,organic,0
U03568,2025-01-27 07:02:20,checkout,desktop,Brazil,organic,0
U03568,2025-01-27 07:38:28,purchase,desktop,Brazil,organic,104.36
U03569,2025-04-19 16:00:00,view,desktop,US,organic,0
U03570,2025-05-23 03:00:00,view,desktop,US,referral,0
U03570,2025-05-23 03:12:32,add_to_cart,desktop,US,referral,0
U03570,2025-05-23 03:32:27,checkout,desktop,US,referral,0
U03570,2025-05-23 03:39:36,purchase,desktop,US,referral,83.52
U03571,2025-03-29 02:00:00,view,desktop,UK,referral,0
U03571,2025-03-29 02:12:00,add_to_cart,desktop,UK,referral,0
U03571,2025-03-29 02:29:49,checkout,desktop,UK,referral,0
U03571,2025-03-29 03:31:18,purchase,desktop,UK,referral,99.99
U03572,2025-04-07 11:00:00,view,mobile,India,organic,0
U03572,2025-04-07 11:32:10,add_to_cart,mobile,India,organic,0
U03572,2025-04-07 11:53:44,checkout,mobile,India,organic,0
U03572,2025-04-07 13:22:17,purchase,mobile,India,organic,48.89
U03573,2025-03-11 19:00:00,view,desktop,US,organic,0
U03573,2025-03-11 19:05:19,add_to_cart,desktop,US,organic,0
U03574,2025-02-13 01:00:00,view,desktop,US,organic,0
U03574,2025-02-13 01:08:27,add_to_cart,desktop,US,organic,0
U03575,2025-02-13 18:00:00,view,mobile,Brazil,cpc,0
U03575,2025-02-13 18:12:08,add_to_cart,mobile,Brazil,cpc,0
U03576,2025-05-12 19:00:00,view,desktop,UK,organic,0
U03576,2025-05-12 19:43:08,add_to_cart,desktop,UK,organic,0
U03577,2025-03-13 13:00:00,view,desktop,US,referral,0
U03577,2025-03-13 13:03:51,add_to_cart,desktop,US,referral,0
U03577,2025-03-13 13:07:05,checkout,desktop,US,referral,0
U03577,2025-03-13 13:54:17,purchase,desktop,US,referral,127.78
U03578,2025-04-20 04:00:00,view,desktop,Brazil,none,0
U03578,2025-04-20 04:22:32,add_to_cart,desktop,Brazil,none,0
U03579,2025-03-16 08:00:00,view,desktop,US,organic,0
U03579,2025-03-16 08:02:00,add_to_cart,desktop,US,organic,0
U03579,2025-03-16 08:27:24,checkout,desktop,US,organic,0
U03579,2025-03-16 08:43:36,purchase,desktop,US,organic,92.3
U03580,2025-03-02 18:00:00,view,desktop,India,cpc,0
U03581,2025-01-29 07:00:00,view,desktop,UK,referral,0
U03581,2025-01-29 07:09:10,add_to_cart,desktop,UK,referral,0
U03582,2025-03-09 18:00:00,view,mobile,UK,referral,0
U03582,2025-03-09 18:05:48,add_to_cart,mobile,UK,referral,0
U03582,2025-03-09 18:41:09,checkout,mobile,UK,referral,0
U03582,2025-03-09 19:23:25,purchase,mobile,UK,referral,58.74
U03583,2025-04-26 17:00:00,view,mobile,US,cpc,0
U03583,2025-04-26 17:07:46,add_to_cart,mobile,US,cpc,0
U03583,2025-04-26 19:10:34,checkout,mobile,US,cpc,0
U03583,2025-04-26 19:57:02,purchase,mobile,US,cpc,110.35
U03584,2025-01-02 20:00:00,view,mobile,UK,organic,0
U03584,2025-01-02 20:12:40,add_to_cart,mobile,UK,organic,0
U03584,2025-01-02 20:34:09,checkout,mobile,UK,organic,0
U03584,2025-01-02 21:42:05,purchase,mobile,UK,organic,72.71
U03585,2025-01-27 20:00:00,view,mobile,US,organic,0
U03585,2025-01-27 20:42:03,add_to_cart,mobile,US,organic,0
U03585,2025-01-27 21:12:18,checkout,mobile,US,organic,0
U03586,2025-02-18 00:00:00,view,mobile,US,organic,0
U03587,2025-03-03 12:00:00,view,mobile,US,referral,0
U03587,2025-03-03 12:18:24,add_to_cart,mobile,US,referral,0
U03587,2025-03-03 12:38:07,checkout,mobile,US,referral,0
U03587,2025-03-03 13:03:24,purchase,mobile,US,referral,116.46
U03588,2025-06-18 11:00:00,view,tablet,Canada,cpc,0
U03589,2025-04-11 06:00:00,view,mobile,UK,referral,0
U03589,2025-04-11 06:28:06,add_to_cart,mobile,UK,referral,0
U03589,2025-04-11 07:20:49,checkout,mobile,UK,referral,0
U03589,2025-04-11 07:59:35,purchase,mobile,UK,referral,133.34
U03590,2025-06-26 03:00:00,view,tablet,US,organic,0
U03591,2025-04-08 18:00:00,view,tablet,India,cpc,0
U03592,2025-02-09 15:00:00,view,desktop,UK,organic,0
U03592,2025-02-09 15:08:19,add_to_cart,desktop,UK,organic,0
U03593,2025-05-09 20:00:00,view,desktop,US,cpc,0
U03594,2025-04-26 14:00:00,view,mobile,UK,cpc,0
U03595,2025-01-12 14:00:00,view,desktop,India,organic,0
U03595,2025-01-12 14:20:41,add_to_cart,desktop,India,organic,0
U03595,2025-01-12 14:47:50,checkout,desktop,India,organic,0
U03595,2025-01-12 14:59:25,purchase,desktop,India,organic,57.6
U03596,2025-04-13 23:00:00,view,desktop,US,none,0
U03597,2025-02-26 05:00:00,view,mobile,India,organic,0
U03597,2025-02-26 05:59:06,add_to_cart,mobile,India,organic,0
U03598,2025-06-10 04:00:00,view,desktop,US,organic,0
U03598,2025-06-10 04:03:45,add_to_cart,desktop,US,organic,0
U03598,2025-06-10 04:21:41,checkout,desktop,US,organic,0
U03598,2025-06-10 04:50:35,purchase,desktop,US,organic,108.69
U03599,2025-02-01 13:00:00,view,desktop,US,organic,0
U03599,2025-02-01 13:05:48,add_to_cart,desktop,US,organic,0
U03599,2025-02-01 13:30:27,checkout,desktop,US,organic,0
U03599,2025-02-01 14:00:31,purchase,desktop,US,organic,139.85
U03600,2025-05-02 05:00:00,view,mobile,US,referral,0
U03600,2025-05-02 05:22:29,add_to_cart,mobile,US,referral,0
U03600,2025-05-02 06:26:50,checkout,mobile,US,referral,0
U03600,2025-05-02 06:53:55,purchase,mobile,US,referral,128.94
U03601,2025-02-21 00:00:00,view,mobile,US,organic,0
U03601,2025-02-21 00:08:33,add_to_cart,mobile,US,organic,0
U03601,2025-02-21 00:23:52,checkout,mobile,US,organic,0
U03601,2025-02-21 00:26:51,purchase,mobile,US,organic,108.84
U03602,2025-05-12 19:00:00,view,mobile,US,referral,0
U03602,2025-05-12 19:10:08,add_to_cart,mobile,US,referral,0
U03602,2025-05-12 19:22:16,checkout,mobile,US,referral,0
U03603,2025-05-24 05:00:00,view,mobile,Brazil,cpc,0
U03604,2025-04-11 23:00:00,view,desktop,Canada,cpc,0
U03604,2025-04-11 23:04:43,add_to_cart,desktop,Canada,cpc,0
U03604,2025-04-11 23:25:39,checkout,desktop,Canada,cpc,0
U03604,2025-04-12 00:13:54,purchase,desktop,Canada,cpc,54.57
U03605,2025-06-04 03:00:00,view,desktop,US,referral,0
U03605,2025-06-04 03:06:02,add_to_cart,desktop,US,referral,0
U03605,2025-06-04 04:01:38,checkout,desktop,US,referral,0
U03605,2025-06-04 04:20:32,purchase,desktop,US,referral,91.1
U03606,2025-02-21 20:00:00,view,mobile,Canada,referral,0
U03606,2025-02-21 20:16:26,add_to_cart,mobile,Canada,referral,0
U03607,2025-01-26 15:00:00,view,mobile,UK,cpc,0
U03607,2025-01-26 15:09:52,add_to_cart,mobile,UK,cpc,0
U03607,2025-01-26 15:44:32,checkout,mobile,UK,cpc,0
U03607,2025-01-26 16:37:44,purchase,mobile,UK,cpc,53.06
U03608,2025-01-13 16:00:00,view,desktop,US,organic,0
U03608,2025-01-13 16:20:00,add_to_cart,desktop,US,organic,0
U03609,2025-04-12 03:00:00,view,tablet,US,organic,0
U03610,2025-01-23 12:00:00,view,mobile,US,referral,0
U03611,2025-01-11 02:00:00,view,desktop,US,cpc,0
U03611,2025-01-11 02:10:31,add_to_cart,desktop,US,cpc,0
U03612,2025-06-18 04:00:00,view,desktop,Canada,organic,0
U03612,2025-06-18 04:16:59,add_to_cart,desktop,Canada,organic,0
U03612,2025-06-18 04:54:43,checkout,desktop,Canada,organic,0
U03612,2025-06-18 05:08:51,purchase,desktop,Canada,organic,66.69
U03613,2025-03-10 04:00:00,view,desktop,US,referral,0
U03614,2025-03-01 08:00:00,view,desktop,US,cpc,0
U03614,2025-03-01 08:16:51,add_to_cart,desktop,US,cpc,0
U03615,2025-06-24 05:00:00,view,desktop,Canada,referral,0
U03616,2025-06-24 16:00:00,view,desktop,Canada,referral,0
U03616,2025-06-24 16:14:33,add_to_cart,desktop,Canada,referral,0
U03617,2025-04-23 04:00:00,view,mobile,India,organic,0
U03617,2025-04-23 04:34:11,add_to_cart,mobile,India,organic,0
U03617,2025-04-23 05:11:57,checkout,mobile,India,organic,0
U03617,2025-04-23 05:59:37,purchase,mobile,India,organic,80.82
U03618,2025-06-16 21:00:00,view,desktop,UK,cpc,0
U03618,2025-06-16 21:18:02,add_to_cart,desktop,UK,cpc,0
U03618,2025-06-16 21:26:19,checkout,desktop,UK,cpc,0
U03618,2025-06-16 21:46:15,purchase,desktop,UK,cpc,97.97
U03619,2025-04-11 17:00:00,view,desktop,US,cpc,0
U03619,2025-04-11 17:12:11,add_to_cart,desktop,US,cpc,0
U03619,2025-04-11 17:18:23,checkout,desktop,US,cpc,0
U03619,2025-04-11 17:34:41,purchase,desktop,US,cpc,58.99
U03620,2025-02-07 17:00:00,view,desktop,Brazil,organic,0
U03621,2025-01-29 22:00:00,view,desktop,US,organic,0
U03621,2025-01-29 22:31:27,add_to_cart,desktop,US,organic,0
U03621,2025-01-29 22:59:57,checkout,desktop,US,organic,0
U03621,2025-01-29 23:15:40,purchase,desktop,US,organic,148.99
U03622,2025-02-04 23:00:00,view,desktop,US,cpc,0
U03623,2025-03-15 00:00:00,view,mobile,US,referral,0
U03624,2025-06-17 04:00:00,view,desktop,Canada,referral,0
U03624,2025-06-17 04:10:20,add_to_cart,desktop,Canada,referral,0
U03624,2025-06-17 04:31:31,checkout,desktop,Canada,referral,0
U03624,2025-06-17 04:37:57,purchase,desktop,Canada,referral,109.93
U03625,2025-02-03 22:00:00,view,desktop,UK,organic,0
U03625,2025-02-03 22:23:48,add_to_cart,desktop,UK,organic,0
U03625,2025-02-03 23:05:08,checkout,desktop,UK,organic,0
U03625,2025-02-03 23:29:29,purchase,desktop,UK,organic,140.19
U03626,2025-03-11 17:00:00,view,desktop,Brazil,referral,0
U03626,2025-03-11 17:23:56,add_to_cart,desktop,Brazil,referral,0
U03626,2025-03-11 17:32:43,checkout,desktop,Brazil,referral,0
U03626,2025-03-11 18:04:23,purchase,desktop,Brazil,referral,92.89
U03627,2025-06-04 09:00:00,view,tablet,Canada,organic,0
U03627,2025-06-04 09:17:28,add_to_cart,tablet,Canada,organic,0
U03627,2025-06-04 09:47:53,checkout,tablet,Canada,organic,0
U03627,2025-06-04 10:25:12,purchase,tablet,Canada,organic,117.76
U03628,2025-01-17 08:00:00,view,desktop,US,cpc,0
U03629,2025-06-13 17:00:00,view,mobile,Canada,organic,0
U03629,2025-06-13 17:15:37,add_to_cart,mobile,Canada,organic,0
U03629,2025-06-13 17:51:45,checkout,mobile,Canada,organic,0
U03630,2025-01-15 20:00:00,view,mobile,India,cpc,0
U03631,2025-02-18 07:00:00,view,desktop,Brazil,organic,0
U03631,2025-02-18 07:24:10,add_to_cart,desktop,Brazil,organic,0
U03631,2025-02-18 08:13:23,checkout,desktop,Brazil,organic,0
U03631,2025-02-18 09:03:23,purchase,desktop,Brazil,organic,98.65
U03632,2025-06-20 15:00:00,view,tablet,US,cpc,0
U03633,2025-01-23 00:00:00,view,mobile,UK,referral,0
U03634,2025-02-16 19:00:00,view,desktop,India,organic,0
U03634,2025-02-16 19:02:31,add_to_cart,desktop,India,organic,0
U03634,2025-02-16 19:18:59,checkout,desktop,India,organic,0
U03634,2025-02-16 19:56:09,purchase,desktop,India,organic,114.51
U03635,2025-05-28 16:00:00,view,desktop,India,cpc,0
U03635,2025-05-28 16:12:31,add_to_cart,desktop,India,cpc,0
U03635,2025-05-28 16:35:54,checkout,desktop,India,cpc,0
U03635,2025-05-28 16:53:58,purchase,desktop,India,cpc,84.13
U03636,2025-02-16 02:00:00,view,mobile,India,organic,0
U03636,2025-02-16 02:21:38,add_to_cart,mobile,India,organic,0
U03637,2025-04-20 22:00:00,view,desktop,Canada,cpc,0
U03638,2025-03-28 20:00:00,view,desktop,US,organic,0
U03638,2025-03-28 20:03:24,add_to_cart,desktop,US,organic,0
U03638,2025-03-28 20:48:57,checkout,desktop,US,organic,0
U03638,2025-03-28 21:00:03,purchase,desktop,US,organic,138.33
U03639,2025-02-27 04:00:00,view,desktop,US,organic,0
U03639,2025-02-27 04:07:34,add_to_cart,desktop,US,organic,0
U03640,2025-01-26 23:00:00,view,desktop,US,organic,0
U03640,2025-01-26 23:25:07,add_to_cart,desktop,US,organic,0
U03640,2025-01-26 23:50:38,checkout,desktop,US,organic,0
U03640,2025-01-26 23:58:31,purchase,desktop,US,organic,149.3
U03641,2025-03-12 06:00:00,view,tablet,Canada,organic,0
U03642,2025-01-05 09:00:00,view,mobile,US,referral,0
U03643,2025-05-05 22:00:00,view,desktop,UK,organic,0
U03643,2025-05-05 22:17:58,add_to_cart,desktop,UK,organic,0
U03643,2025-05-05 22:40:56,checkout,desktop,UK,organic,0
U03644,2025-05-16 12:00:00,view,tablet,US,referral,0
U03645,2025-04-12 11:00:00,view,desktop,US,none,0
U03646,2025-05-28 12:00:00,view,desktop,US,organic,0
U03646,2025-05-28 12:20:14,add_to_cart,desktop,US,organic,0
U03646,2025-05-28 12:34:30,checkout,desktop,US,organic,0
U03646,2025-05-28 13:07:14,purchase,desktop,US,organic,144.0
U03647,2025-05-04 03:00:00,view,tablet,Brazil,organic,0
U03648,2025-06-04 19:00:00,view,desktop,UK,cpc,0
U03648,2025-06-04 19:16:12,add_to_cart,desktop,UK,cpc,0
U03648,2025-06-04 19:23:57,checkout,desktop,UK,cpc,0
U03648,2025-06-04 20:23:16,purchase,desktop,UK,cpc,74.41
U03649,2025-01-12 01:00:00,view,desktop,US,cpc,0
U03650,2025-02-27 07:00:00,view,tablet,US,organic,0
U03650,2025-02-27 07:04:58,add_to_cart,tablet,US,organic,0
U03651,2025-01-27 20:00:00,view,mobile,Canada,cpc,0
U03652,2025-03-15 20:00:00,view,tablet,UK,none,0
U03653,2025-01-21 23:00:00,view,mobile,India,referral,0
U03653,2025-01-21 23:26:01,add_to_cart,mobile,India,referral,0
U03653,2025-01-22 00:08:32,checkout,mobile,India,referral,0
U03653,2025-01-22 00:45:31,purchase,mobile,India,referral,67.88
U03654,2025-03-12 04:00:00,view,desktop,US,organic,0
U03655,2025-01-01 17:00:00,view,desktop,India,none,0
U03656,2025-04-13 15:00:00,view,mobile,India,referral,0
U03657,2025-05-18 23:00:00,view,mobile,Canada,referral,0
U03657,2025-05-18 23:12:25,add_to_cart,mobile,Canada,referral,0
U03657,2025-05-18 23:59:38,checkout,mobile,Canada,referral,0
U03657,2025-05-19 00:57:50,purchase,mobile,Canada,referral,114.4
U03658,2025-03-17 09:00:00,view,tablet,Canada,cpc,0
U03658,2025-03-17 09:20:27,add_to_cart,tablet,Canada,cpc,0
U03658,2025-03-17 09:25:49,checkout,tablet,Canada,cpc,0
U03659,2025-04-19 16:00:00,view,desktop,India,organic,0
U03659,2025-04-19 16:11:43,add_to_cart,desktop,India,organic,0
U03660,2025-04-16 02:00:00,view,mobile,US,organic,0
U03660,2025-04-16 02:13:21,add_to_cart,mobile,US,organic,0
U03661,2025-03-08 20:00:00,view,desktop,US,organic,0
U03662,2025-03-24 04:00:00,view,desktop,India,referral,0
U03662,2025-03-24 04:04:22,add_to_cart,desktop,India,referral,0
U03662,2025-03-24 04:26:39,checkout,desktop,India,referral,0
U03662,2025-03-24 05:18:19,purchase,desktop,India,referral,102.33
U03663,2025-05-02 10:00:00,view,desktop,Canada,cpc,0
U03664,2025-04-12 10:00:00,view,desktop,US,organic,0
U03664,2025-04-12 10:21:11,add_to_cart,desktop,US,organic,0
U03664,2025-04-12 10:26:12,checkout,desktop,US,organic,0
U03665,2025-06-24 22:00:00,view,mobile,Canada,organic,0
U03665,2025-06-24 22:34:23,add_to_cart,mobile,Canada,organic,0
U03665,2025-06-24 23:03:07,checkout,mobile,Canada,organic,0
U03666,2025-05-05 13:00:00,view,desktop,UK,none,0
U03666,2025-05-05 13:14:11,add_to_cart,desktop,UK,none,0
U03666,2025-05-05 13:40:04,checkout,desktop,UK,none,0
U03666,2025-05-05 14:14:50,purchase,desktop,UK,none,84.79
U03667,2025-05-08 02:00:00,view,desktop,UK,referral,0
U03667,2025-05-08 02:11:08,add_to_cart,desktop,UK,referral,0
U03667,2025-05-08 02:20:39,checkout,desktop,UK,referral,0
U03667,2025-05-08 03:09:36,purchase,desktop,UK,referral,106.8
U03668,2025-06-29 22:00:00,view,mobile,US,none,0
U03668,2025-06-29 22:10:37,add_to_cart,mobile,US,none,0
U03669,2025-03-01 08:00:00,view,desktop,India,cpc,0
U03670,2025-03-17 06:00:00,view,desktop,UK,none,0
U03671,2025-01-14 23:00:00,view,mobile,Canada,organic,0
U03672,2025-05-16 21:00:00,view,mobile,Brazil,organic,0
U03672,2025-05-16 21:19:43,add_to_cart,mobile,Brazil,organic,0
U03672,2025-05-16 21:58:23,checkout,mobile,Brazil,organic,0
U03672,2025-05-16 22:28:10,purchase,mobile,Brazil,organic,123.09
U03673,2025-04-22 05:00:00,view,mobile,Canada,referral,0
U03673,2025-04-22 05:18:33,add_to_cart,mobile,Canada,referral,0
U03673,2025-04-22 06:17:33,checkout,mobile,Canada,referral,0
U03673,2025-04-22 06:57:32,purchase,mobile,Canada,referral,78.34
U03674,2025-01-13 04:00:00,view,tablet,US,cpc,0
U03675,2025-05-31 17:00:00,view,desktop,US,referral,0
U03675,2025-05-31 17:15:01,add_to_cart,desktop,US,referral,0
U03675,2025-05-31 17:34:08,checkout,desktop,US,referral,0
U03675,2025-05-31 18:43:43,purchase,desktop,US,referral,93.16
U03676,2025-03-05 11:00:00,view,desktop,US,organic,0
U03676,2025-03-05 11:24:06,add_to_cart,desktop,US,organic,0
U03677,2025-02-04 18:00:00,view,mobile,US,referral,0
U03677,2025-02-04 18:07:06,add_to_cart,mobile,US,referral,0
U03678,2025-06-18 23:00:00,view,mobile,Brazil,referral,0
U03678,2025-06-18 23:10:10,add_to_cart,mobile,Brazil,referral,0
U03679,2025-04-21 14:00:00,view,desktop,Brazil,referral,0
U03679,2025-04-21 14:32:48,add_to_cart,desktop,Brazil,referral,0
U03679,2025-04-21 14:37:26,checkout,desktop,Brazil,referral,0
U03679,2025-04-21 16:02:18,purchase,desktop,Brazil,referral,82.92
U03680,2025-03-29 18:00:00,view,desktop,Canada,organic,0
U03681,2025-02-25 03:00:00,view,tablet,Canada,none,0
U03681,2025-02-25 03:11:07,add_to_cart,tablet,Canada,none,0
U03682,2025-05-10 10:00:00,view,tablet,Canada,organic,0
U03683,2025-02-10 01:00:00,view,mobile,US,organic,0
U03684,2025-03-16 02:00:00,view,mobile,UK,referral,0
U03685,2025-06-29 09:00:00,view,tablet,US,organic,0
U03685,2025-06-29 09:41:09,add_to_cart,tablet,US,organic,0
U03686,2025-03-29 12:00:00,view,mobile,US,none,0
U03686,2025-03-29 12:31:33,add_to_cart,mobile,US,none,0
U03686,2025-03-29 12:47:46,checkout,mobile,US,none,0
U03687,2025-05-20 18:00:00,view,tablet,Brazil,organic,0
U03688,2025-05-09 20:00:00,view,tablet,India,referral,0
U03688,2025-05-09 20:28:38,add_to_cart,tablet,India,referral,0
U03688,2025-05-09 21:09:54,checkout,tablet,India,referral,0
U03688,2025-05-09 21:39:12,purchase,tablet,India,referral,73.29
U03689,2025-06-22 04:00:00,view,desktop,UK,cpc,0
U03690,2025-02-26 15:00:00,view,desktop,US,organic,0
U03690,2025-02-26 15:07:32,add_to_cart,desktop,US,organic,0
U03690,2025-02-26 15:47:24,checkout,desktop,US,organic,0
U03690,2025-02-26 16:07:23,purchase,desktop,US,organic,110.91
U03691,2025-01-19 09:00:00,view,desktop,US,cpc,0
U03691,2025-01-19 09:02:00,add_to_cart,desktop,US,cpc,0
U03691,2025-01-19 09:21:04,checkout,desktop,US,cpc,0
U03691,2025-01-19 09:47:28,purchase,desktop,US,cpc,102.89
U03692,2025-04-20 09:00:00,view,mobile,India,organic,0
U03693,2025-03-22 01:00:00,view,desktop,Canada,referral,0
U03693,2025-03-22 01:07:19,add_to_cart,desktop,Canada,referral,0
U03693,2025-03-22 01:30:12,checkout,desktop,Canada,referral,0
U03693,2025-03-22 02:01:04,purchase,desktop,Canada,referral,129.03
U03694,2025-05-07 05:00:00,view,mobile,Brazil,organic,0
U03695,2025-01-19 17:00:00,view,mobile,US,none,0
U03695,2025-01-19 17:03:53,add_to_cart,mobile,US,none,0
U03695,2025-01-19 17:05:53,checkout,mobile,US,none,0
U03695,2025-01-19 17:43:06,purchase,mobile,US,none,90.39
U03696,2025-01-28 04:00:00,view,mobile,India,referral,0
U03697,2025-06-24 21:00:00,view,mobile,Canada,cpc,0
U03698,2025-05-29 10:00:00,view,desktop,US,referral,0
U03699,2025-04-17 03:00:00,view,mobile,Canada,organic,0
U03699,2025-04-17 03:16:29,add_to_cart,mobile,Canada,organic,0
U03699,2025-04-17 04:00:05,checkout,mobile,Canada,organic,0
U03700,2025-04-23 09:00:00,view,mobile,Canada,organic,0
U03700,2025-04-23 09:27:02,add_to_cart,mobile,Canada,organic,0
U03701,2025-03-21 06:00:00,view,desktop,US,referral,0
U03701,2025-03-21 06:18:27,add_to_cart,desktop,US,referral,0
U03701,2025-03-21 06:59:22,checkout,desktop,US,referral,0
U03701,2025-03-21 07:30:21,purchase,desktop,US,referral,75.46
U03702,2025-01-09 07:00:00,view,mobile,UK,cpc,0
U03703,2025-05-09 11:00:00,view,desktop,US,referral,0
U03703,2025-05-09 11:06:47,add_to_cart,desktop,US,referral,0
U03703,2025-05-09 11:40:45,checkout,desktop,US,referral,0
U03703,2025-05-09 11:52:35,purchase,desktop,US,referral,112.11
U03704,2025-06-18 22:00:00,view,desktop,Canada,none,0
U03704,2025-06-18 22:26:01,add_to_cart,desktop,Canada,none,0
U03704,2025-06-18 22:42:12,checkout,desktop,Canada,none,0
U03705,2025-02-06 15:00:00,view,tablet,US,organic,0
U03706,2025-04-11 11:00:00,view,mobile,US,none,0
U03706,2025-04-11 11:04:35,add_to_cart,mobile,US,none,0
U03707,2025-04-19 05:00:00,view,mobile,US,cpc,0
U03707,2025-04-19 05:44:35,add_to_cart,mobile,US,cpc,0
U03707,2025-04-19 06:58:55,checkout,mobile,US,cpc,0
U03707,2025-04-19 07:16:11,purchase,mobile,US,cpc,97.81
U03708,2025-02-15 23:00:00,view,tablet,Canada,cpc,0
U03709,2025-03-19 20:00:00,view,mobile,Brazil,organic,0
U03710,2025-03-14 22:00:00,view,mobile,Canada,referral,0
U03710,2025-03-14 22:04:01,add_to_cart,mobile,Canada,referral,0
U03710,2025-03-14 22:13:56,checkout,mobile,Canada,referral,0
U03710,2025-03-14 23:26:44,purchase,mobile,Canada,referral,90.63
U03711,2025-05-05 03:00:00,view,tablet,US,organic,0
U03712,2025-06-06 15:00:00,view,mobile,Brazil,organic,0
U03713,2025-01-02 02:00:00,view,desktop,India,referral,0
U03714,2025-05-28 16:00:00,view,desktop,India,organic,0
U03715,2025-06-19 15:00:00,view,tablet,US,none,0
U03715,2025-06-19 15:31:59,add_to_cart,tablet,US,none,0
U03715,2025-06-19 16:14:02,checkout,tablet,US,none,0
U03716,2025-04-09 00:00:00,view,desktop,UK,organic,0
U03716,2025-04-09 00:10:07,add_to_cart,desktop,UK,organic,0
U03716,2025-04-09 00:17:39,checkout,desktop,UK,organic,0
U03716,2025-04-09 00:44:35,purchase,desktop,UK,organic,113.5
U03717,2025-05-04 08:00:00,view,mobile,Brazil,cpc,0
U03718,2025-05-14 10:00:00,view,mobile,Canada,none,0
U03718,2025-05-14 10:36:49,add_to_cart,mobile,Canada,none,0
U03719,2025-01-11 16:00:00,view,desktop,US,cpc,0
U03719,2025-01-11 16:03:42,add_to_cart,desktop,US,cpc,0
U03719,2025-01-11 16:26:25,checkout,desktop,US,cpc,0
U03719,2025-01-11 16:47:00,purchase,desktop,US,cpc,59.56
U03720,2025-06-12 00:00:00,view,desktop,India,referral,0
U03720,2025-06-12 00:28:55,add_to_cart,desktop,India,referral,0
U03720,2025-06-12 01:20:42,checkout,desktop,India,referral,0
U03720,2025-06-12 02:04:07,purchase,desktop,India,referral,110.76
U03721,2025-01-15 23:00:00,view,mobile,US,cpc,0
U03722,2025-01-01 00:00:00,view,mobile,Brazil,cpc,0
U03722,2025-01-01 00:19:26,add_to_cart,mobile,Brazil,cpc,0
U03722,2025-01-01 02:16:59,checkout,mobile,Brazil,cpc,0
U03722,2025-01-01 02:44:34,purchase,mobile,Brazil,cpc,34.29
U03723,2025-05-07 22:00:00,view,desktop,UK,cpc,0
U03723,2025-05-07 22:06:00,add_to_cart,desktop,UK,cpc,0
U03723,2025-05-07 22:28:11,checkout,desktop,UK,cpc,0
U03723,2025-05-07 23:21:46,purchase,desktop,UK,cpc,27.11
U03724,2025-01-22 05:00:00,view,desktop,Brazil,organic,0
U03724,2025-01-22 05:09:38,add_to_cart,desktop,Brazil,organic,0
U03724,2025-01-22 05:31:57,checkout,desktop,Brazil,organic,0
U03724,2025-01-22 05:55:59,purchase,desktop,Brazil,organic,73.5
U03725,2025-06-24 20:00:00,view,desktop,US,organic,0
U03725,2025-06-24 20:07:52,add_to_cart,desktop,US,organic,0
U03726,2025-06-22 20:00:00,view,mobile,Canada,cpc,0
U03727,2025-01-04 22:00:00,view,mobile,UK,organic,0
U03728,2025-05-14 10:00:00,view,tablet,Canada,organic,0
U03728,2025-05-14 10:05:24,add_to_cart,tablet,Canada,organic,0
U03728,2025-05-14 10:13:23,checkout,tablet,Canada,organic,0
U03728,2025-05-14 11:02:11,purchase,tablet,Canada,organic,74.41
U03729,2025-03-22 22:00:00,view,tablet,US,cpc,0
U03730,2025-06-16 01:00:00,view,desktop,US,organic,0
U03730,2025-06-16 01:04:57,add_to_cart,desktop,US,organic,0
U03730,2025-06-16 01:17:00,checkout,desktop,US,organic,0
U03730,2025-06-16 01:53:39,purchase,desktop,US,organic,103.05
U03731,2025-01-12 17:00:00,view,mobile,Canada,organic,0
U03732,2025-02-28 20:00:00,view,mobile,US,organic,0
U03733,2025-01-26 18:00:00,view,desktop,US,cpc,0
U03733,2025-01-26 18:16:03,add_to_cart,desktop,US,cpc,0
U03734,2025-01-09 20:00:00,view,mobile,US,organic,0
U03734,2025-01-09 20:26:14,add_to_cart,mobile,US,organic,0
U03734,2025-01-09 21:15:00,checkout,mobile,US,organic,0
U03735,2025-01-15 03:00:00,view,mobile,India,organic,0
U03735,2025-01-15 03:16:22,add_to_cart,mobile,India,organic,0
U03735,2025-01-15 03:51:11,checkout,mobile,India,organic,0
U03735,2025-01-15 05:20:53,purchase,mobile,India,organic,16.66
U03736,2025-04-18 21:00:00,view,desktop,US,referral,0
U03736,2025-04-18 21:43:12,add_to_cart,desktop,US,referral,0
U03736,2025-04-18 22:09:37,checkout,desktop,US,referral,0
U03736,2025-04-18 22:35:15,purchase,desktop,US,referral,129.91
U03737,2025-02-25 06:00:00,view,mobile,US,cpc,0
U03737,2025-02-25 06:10:52,add_to_cart,mobile,US,cpc,0
U03737,2025-02-25 07:35:30,checkout,mobile,US,cpc,0
U03738,2025-04-07 14:00:00,view,mobile,India,referral,0
U03739,2025-03-10 11:00:00,view,desktop,India,organic,0
U03739,2025-03-10 11:09:57,add_to_cart,desktop,India,organic,0
U03739,2025-03-10 11:46:05,checkout,desktop,India,organic,0
U03739,2025-03-10 11:55:53,purchase,desktop,India,organic,52.51
U03740,2025-04-22 09:00:00,view,desktop,Canada,cpc,0
U03741,2025-02-14 07:00:00,view,desktop,India,organic,0
U03742,2025-02-16 03:00:00,view,desktop,US,referral,0
U03742,2025-02-16 03:23:57,add_to_cart,desktop,US,referral,0
U03742,2025-02-16 04:00:47,checkout,desktop,US,referral,0
U03742,2025-02-16 04:16:19,purchase,desktop,US,referral,63.64
U03743,2025-05-06 07:00:00,view,tablet,India,cpc,0
U03744,2025-02-24 07:00:00,view,mobile,US,cpc,0
U03744,2025-02-24 07:10:07,add_to_cart,mobile,US,cpc,0
U03744,2025-02-24 07:54:41,checkout,mobile,US,cpc,0
U03744,2025-02-24 09:51:13,purchase,mobile,US,cpc,45.46
U03745,2025-01-03 08:00:00,view,tablet,Canada,cpc,0
U03745,2025-01-03 08:15:20,add_to_cart,tablet,Canada,cpc,0
U03745,2025-01-03 08:46:13,checkout,tablet,Canada,cpc,0
U03745,2025-01-03 10:01:44,purchase,tablet,Canada,cpc,89.3
U03746,2025-05-20 01:00:00,view,desktop,India,organic,0
U03746,2025-05-20 01:04:35,add_to_cart,desktop,India,organic,0
U03746,2025-05-20 01:47:09,checkout,desktop,India,organic,0
U03746,2025-05-20 02:22:53,purchase,desktop,India,organic,79.22
U03747,2025-03-01 02:00:00,view,mobile,Brazil,organic,0
U03747,2025-03-01 02:22:35,add_to_cart,mobile,Brazil,organic,0
U03747,2025-03-01 02:59:50,checkout,mobile,Brazil,organic,0
U03747,2025-03-01 03:07:02,purchase,mobile,Brazil,organic,123.23
U03748,2025-05-20 03:00:00,view,mobile,US,referral,0
U03748,2025-05-20 03:06:46,add_to_cart,mobile,US,referral,0
U03748,2025-05-20 03:38:57,checkout,mobile,US,referral,0
U03748,2025-05-20 04:35:50,purchase,mobile,US,referral,113.39
U03749,2025-06-04 23:00:00,view,mobile,UK,none,0
U03750,2025-02-26 03:00:00,view,mobile,US,cpc,0
U03751,2025-03-18 18:00:00,view,mobile,Canada,organic,0
U03752,2025-05-21 08:00:00,view,mobile,US,referral,0
U03752,2025-05-21 08:43:45,add_to_cart,mobile,US,referral,0
U03752,2025-05-21 09:17:32,checkout,mobile,US,referral,0
U03752,2025-05-21 09:51:10,purchase,mobile,US,referral,97.4
U03753,2025-02-24 23:00:00,view,mobile,US,referral,0
U03753,2025-02-24 23:23:53,add_to_cart,mobile,US,referral,0
U03753,2025-02-25 01:23:24,checkout,mobile,US,referral,0
U03753,2025-02-25 02:04:19,purchase,mobile,US,referral,109.93
U03754,2025-04-25 14:00:00,view,desktop,US,organic,0
U03754,2025-04-25 14:11:43,add_to_cart,desktop,US,organic,0
U03754,2025-04-25 14:29:39,checkout,desktop,US,organic,0
U03754,2025-04-25 15:32:51,purchase,desktop,US,organic,84.23
U03755,2025-01-03 01:00:00,view,tablet,Brazil,referral,0
U03756,2025-04-28 16:00:00,view,tablet,Brazil,referral,0
U03756,2025-04-28 16:19:37,add_to_cart,tablet,Brazil,referral,0
U03756,2025-04-28 17:04:38,checkout,tablet,Brazil,referral,0
U03756,2025-04-28 17:42:11,purchase,tablet,Brazil,referral,78.35
U03757,2025-06-26 19:00:00,view,tablet,US,cpc,0
U03758,2025-02-27 03:00:00,view,desktop,India,cpc,0
U03758,2025-02-27 03:20:42,add_to_cart,desktop,India,cpc,0
U03758,2025-02-27 03:46:43,checkout,desktop,India,cpc,0
U03758,2025-02-27 04:11:19,purchase,desktop,India,cpc,100.54
U03759,2025-04-29 00:00:00,view,desktop,India,cpc,0
U03759,2025-04-29 00:06:56,add_to_cart,desktop,India,cpc,0
U03760,2025-01-07 19:00:00,view,mobile,Canada,referral,0
U03760,2025-01-07 19:02:50,add_to_cart,mobile,Canada,referral,0
U03760,2025-01-07 19:27:50,checkout,mobile,Canada,referral,0
U03760,2025-01-07 19:47:18,purchase,mobile,Canada,referral,68.52
U03761,2025-02-05 18:00:00,view,mobile,Canada,referral,0
U03761,2025-02-05 19:06:22,add_to_cart,mobile,Canada,referral,0
U03761,2025-02-05 20:34:26,checkout,mobile,Canada,referral,0
U03761,2025-02-05 22:09:09,purchase,mobile,Canada,referral,65.02
U03762,2025-04-22 14:00:00,view,desktop,Canada,referral,0
U03763,2025-02-06 18:00:00,view,desktop,Canada,referral,0
U03763,2025-02-06 18:05:53,add_to_cart,desktop,Canada,referral,0
U03763,2025-02-06 18:38:11,checkout,desktop,Canada,referral,0
U03763,2025-02-06 18:55:27,purchase,desktop,Canada,referral,84.08
U03764,2025-04-11 13:00:00,view,mobile,Brazil,organic,0
U03764,2025-04-11 13:17:49,add_to_cart,mobile,Brazil,organic,0
U03764,2025-04-11 14:12:00,checkout,mobile,Brazil,organic,0
U03764,2025-04-11 15:18:45,purchase,mobile,Brazil,organic,83.31
U03765,2025-03-19 20:00:00,view,tablet,UK,none,0
U03765,2025-03-19 20:06:52,add_to_cart,tablet,UK,none,0
U03766,2025-04-04 03:00:00,view,mobile,US,organic,0
U03767,2025-06-19 20:00:00,view,desktop,US,none,0
U03768,2025-05-11 23:00:00,view,mobile,Brazil,organic,0
U03768,2025-05-11 23:11:38,add_to_cart,mobile,Brazil,organic,0
U03768,2025-05-11 23:23:27,checkout,mobile,Brazil,organic,0
U03769,2025-03-15 18:00:00,view,desktop,US,referral,0
U03769,2025-03-15 18:08:59,add_to_cart,desktop,US,referral,0
U03769,2025-03-15 18:19:16,checkout,desktop,US,referral,0
U03769,2025-03-15 18:37:07,purchase,desktop,US,referral,81.31
U03770,2025-02-03 03:00:00,view,mobile,UK,referral,0
U03771,2025-04-04 04:00:00,view,desktop,US,referral,0
U03771,2025-04-04 04:19:42,add_to_cart,desktop,US,referral,0
U03771,2025-04-04 04:43:44,checkout,desktop,US,referral,0
U03771,2025-04-04 05:37:45,purchase,desktop,US,referral,141.17
U03772,2025-03-06 04:00:00,view,mobile,UK,organic,0
U03772,2025-03-06 04:12:51,add_to_cart,mobile,UK,organic,0
U03773,2025-01-26 01:00:00,view,tablet,Brazil,organic,0
U03773,2025-01-26 01:40:43,add_to_cart,tablet,Brazil,organic,0
U03774,2025-02-04 17:00:00,view,mobile,Brazil,cpc,0
U03775,2025-03-22 01:00:00,view,desktop,US,organic,0
U03776,2025-01-03 02:00:00,view,mobile,India,organic,0
U03776,2025-01-03 02:31:53,add_to_cart,mobile,India,organic,0
U03777,2025-03-23 06:00:00,view,mobile,India,referral,0
U03777,2025-03-23 06:29:09,add_to_cart,mobile,India,referral,0
U03777,2025-03-23 07:39:54,checkout,mobile,India,referral,0
U03777,2025-03-23 08:31:56,purchase,mobile,India,referral,96.45
U03778,2025-03-25 22:00:00,view,mobile,US,cpc,0
U03778,2025-03-25 22:25:38,add_to_cart,mobile,US,cpc,0
U03779,2025-02-10 23:00:00,view,mobile,US,cpc,0
U03780,2025-01-07 00:00:00,view,desktop,India,cpc,0
U03781,2025-02-22 05:00:00,view,mobile,US,organic,0
U03781,2025-02-22 05:07:03,add_to_cart,mobile,US,organic,0
U03781,2025-02-22 05:55:22,checkout,mobile,US,organic,0
U03781,2025-02-22 06:44:53,purchase,mobile,US,organic,94.71
U03782,2025-06-22 08:00:00,view,mobile,Brazil,organic,0
U03782,2025-06-22 08:20:18,add_to_cart,mobile,Brazil,organic,0
U03782,2025-06-22 09:23:00,checkout,mobile,Brazil,organic,0
U03782,2025-06-22 09:35:28,purchase,mobile,Brazil,organic,48.28
U03783,2025-04-06 06:00:00,view,desktop,UK,organic,0
U03783,2025-04-06 06:21:02,add_to_cart,desktop,UK,organic,0
U03783,2025-04-06 06:42:26,checkout,desktop,UK,organic,0
U03783,2025-04-06 07:17:31,purchase,desktop,UK,organic,76.59
U03784,2025-05-11 18:00:00,view,tablet,India,none,0
U03785,2025-02-09 16:00:00,view,mobile,US,referral,0
U03786,2025-05-31 20:00:00,view,mobile,US,cpc,0
U03786,2025-05-31 20:13:21,add_to_cart,mobile,US,cpc,0
U03786,2025-05-31 20:33:16,checkout,mobile,US,cpc,0
U03786,2025-05-31 21:17:08,purchase,mobile,US,cpc,90.31
U03787,2025-03-09 09:00:00,view,tablet,UK,organic,0
U03787,2025-03-09 09:07:23,add_to_cart,tablet,UK,organic,0
U03787,2025-03-09 09:15:25,checkout,tablet,UK,organic,0
U03787,2025-03-09 10:00:56,purchase,tablet,UK,organic,76.73
U03788,2025-05-05 06:00:00,view,desktop,UK,referral,0
U03789,2025-02-28 01:00:00,view,desktop,Brazil,organic,0
U03789,2025-02-28 01:03:59,add_to_cart,desktop,Brazil,organic,0
U03790,2025-03-13 10:00:00,view,mobile,India,referral,0
U03791,2025-04-20 02:00:00,view,desktop,US,none,0
U03792,2025-03-14 11:00:00,view,desktop,India,organic,0
U03792,2025-03-14 11:06:52,add_to_cart,desktop,India,organic,0
U03792,2025-03-14 11:21:57,checkout,desktop,India,organic,0
U03792,2025-03-14 12:25:45,purchase,desktop,India,organic,72.35
U03793,2025-04-26 09:00:00,view,mobile,US,organic,0
U03793,2025-04-26 09:14:13,add_to_cart,mobile,US,organic,0
U03793,2025-04-26 09:33:09,checkout,mobile,US,organic,0
U03793,2025-04-26 10:12:22,purchase,mobile,US,organic,48.75
U03794,2025-06-14 04:00:00,view,mobile,India,none,0
U03795,2025-03-07 12:00:00,view,tablet,US,organic,0
U03795,2025-03-07 12:16:51,add_to_cart,tablet,US,organic,0
U03795,2025-03-07 12:47:22,checkout,tablet,US,organic,0
U03795,2025-03-07 13:54:59,purchase,tablet,US,organic,93.83
U03796,2025-05-12 08:00:00,view,mobile,US,none,0
U03797,2025-05-10 09:00:00,view,desktop,India,referral,0
U03797,2025-05-10 09:06:09,add_to_cart,desktop,India,referral,0
U03797,2025-05-10 09:12:20,checkout,desktop,India,referral,0
U03797,2025-05-10 10:06:47,purchase,desktop,India,referral,99.19
U03798,2025-04-15 20:00:00,view,desktop,US,none,0
U03799,2025-06-20 00:00:00,view,tablet,US,referral,0
U03799,2025-06-20 00:28:43,add_to_cart,tablet,US,referral,0
U03799,2025-06-20 00:46:50,checkout,tablet,US,referral,0
U03799,2025-06-20 02:25:14,purchase,tablet,US,referral,55.83
U03800,2025-06-10 03:00:00,view,mobile,UK,organic,0
U03800,2025-06-10 03:31:30,add_to_cart,mobile,UK,organic,0
U03800,2025-06-10 04:35:17,checkout,mobile,UK,organic,0
U03800,2025-06-10 05:04:27,purchase,mobile,UK,organic,64.9
U03801,2025-02-10 10:00:00,view,tablet,Brazil,referral,0
U03801,2025-02-10 10:04:32,add_to_cart,tablet,Brazil,referral,0
U03801,2025-02-10 10:42:32,checkout,tablet,Brazil,referral,0
U03802,2025-05-02 09:00:00,view,desktop,US,organic,0
U03802,2025-05-02 09:06:25,add_to_cart,desktop,US,organic,0
U03802,2025-05-02 09:22:45,checkout,desktop,US,organic,0
U03802,2025-05-02 10:33:43,purchase,desktop,US,organic,117.34
U03803,2025-05-07 23:00:00,view,mobile,India,organic,0
U03803,2025-05-07 23:15:28,add_to_cart,mobile,India,organic,0
U03803,2025-05-07 23:22:20,checkout,mobile,India,organic,0
U03803,2025-05-08 00:03:46,purchase,mobile,India,organic,75.33
U03804,2025-04-24 19:00:00,view,mobile,Brazil,cpc,0
U03805,2025-03-16 14:00:00,view,tablet,US,organic,0
U03805,2025-03-16 14:17:39,add_to_cart,tablet,US,organic,0
U03805,2025-03-16 14:30:24,checkout,tablet,US,organic,0
U03806,2025-05-28 05:00:00,view,mobile,US,none,0
U03806,2025-05-28 05:05:11,add_to_cart,mobile,US,none,0
U03806,2025-05-28 05:14:27,checkout,mobile,US,none,0
U03806,2025-05-28 05:33:28,purchase,mobile,US,none,83.51
U03807,2025-03-27 18:00:00,view,desktop,US,organic,0
U03808,2025-01-25 23:00:00,view,desktop,UK,referral,0
U03808,2025-01-25 23:04:38,add_to_cart,desktop,UK,referral,0
U03808,2025-01-25 23:29:19,checkout,desktop,UK,referral,0
U03808,2025-01-26 00:21:11,purchase,desktop,UK,referral,61.33
U03809,2025-02-06 15:00:00,view,desktop,US,none,0
U03809,2025-02-06 15:07:07,add_to_cart,desktop,US,none,0
U03810,2025-01-25 14:00:00,view,mobile,UK,none,0
U03811,2025-02-15 21:00:00,view,desktop,Canada,organic,0
U03811,2025-02-15 21:20:09,add_to_cart,desktop,Canada,organic,0
U03811,2025-02-15 21:40:33,checkout,desktop,Canada,organic,0
U03811,2025-02-15 22:51:11,purchase,desktop,Canada,organic,86.67
U03812,2025-06-26 23:00:00,view,mobile,India,organic,0
U03813,2025-03-22 23:00:00,view,mobile,India,referral,0
U03813,2025-03-22 23:11:57,add_to_cart,mobile,India,referral,0
U03813,2025-03-22 23:27:27,checkout,mobile,India,referral,0
U03813,2025-03-23 00:20:01,purchase,mobile,India,referral,84.55
U03814,2025-02-14 05:00:00,view,desktop,India,referral,0
U03814,2025-02-14 05:16:11,add_to_cart,desktop,India,referral,0
U03814,2025-02-14 05:19:27,checkout,desktop,India,referral,0
U03814,2025-02-14 06:10:41,purchase,desktop,India,referral,97.01
U03815,2025-04-23 12:00:00,view,tablet,UK,none,0
U03816,2025-01-23 15:00:00,view,desktop,US,organic,0
U03816,2025-01-23 15:13:06,add_to_cart,desktop,US,organic,0
U03816,2025-01-23 15:26:59,checkout,desktop,US,organic,0
U03816,2025-01-23 15:35:16,purchase,desktop,US,organic,114.19
U03817,2025-06-19 05:00:00,view,desktop,Canada,none,0
U03817,2025-06-19 05:05:56,add_to_cart,desktop,Canada,none,0
U03818,2025-05-23 17:00:00,view,mobile,US,organic,0
U03818,2025-05-23 17:26:41,add_to_cart,mobile,US,organic,0
U03818,2025-05-23 17:59:01,checkout,mobile,US,organic,0
U03818,2025-05-23 19:26:24,purchase,mobile,US,organic,100.5
U03819,2025-01-19 17:00:00,view,mobile,Brazil,referral,0
U03819,2025-01-19 17:13:55,add_to_cart,mobile,Brazil,referral,0
U03820,2025-03-29 13:00:00,view,mobile,UK,organic,0
U03821,2025-03-17 09:00:00,view,mobile,US,cpc,0
U03822,2025-01-03 11:00:00,view,mobile,US,none,0
U03822,2025-01-03 11:15:09,add_to_cart,mobile,US,none,0
U03822,2025-01-03 11:49:13,checkout,mobile,US,none,0
U03823,2025-04-04 18:00:00,view,desktop,Canada,cpc,0
U03823,2025-04-04 18:17:58,add_to_cart,desktop,Canada,cpc,0
U03823,2025-04-04 18:42:46,checkout,desktop,Canada,cpc,0
U03823,2025-04-04 19:09:29,purchase,desktop,Canada,cpc,84.08
U03824,2025-06-10 12:00:00,view,desktop,India,referral,0
U03825,2025-03-08 16:00:00,view,tablet,US,organic,0
U03826,2025-05-09 02:00:00,view,tablet,US,referral,0
U03826,2025-05-09 02:20:31,add_to_cart,tablet,US,referral,0
U03826,2025-05-09 02:33:05,checkout,tablet,US,referral,0
U03826,2025-05-09 03:00:34,purchase,tablet,US,referral,105.85
U03827,2025-02-09 02:00:00,view,desktop,US,organic,0
U03828,2025-06-27 19:00:00,view,desktop,Brazil,organic,0
U03829,2025-05-12 09:00:00,view,mobile,Brazil,cpc,0
U03830,2025-03-14 06:00:00,view,desktop,US,cpc,0
U03830,2025-03-14 06:11:42,add_to_cart,desktop,US,cpc,0
U03830,2025-03-14 06:34:30,checkout,desktop,US,cpc,0
U03830,2025-03-14 07:05:47,purchase,desktop,US,cpc,115.78
U03831,2025-01-31 17:00:00,view,desktop,US,organic,0
U03831,2025-01-31 17:41:22,add_to_cart,desktop,US,organic,0
U03831,2025-01-31 18:26:54,checkout,desktop,US,organic,0
U03831,2025-01-31 18:47:44,purchase,desktop,US,organic,111.2
U03832,2025-03-26 02:00:00,view,desktop,US,referral,0
U03832,2025-03-26 02:44:28,add_to_cart,desktop,US,referral,0
U03832,2025-03-26 03:02:13,checkout,desktop,US,referral,0
U03832,2025-03-26 03:15:53,purchase,desktop,US,referral,85.33
U03833,2025-05-29 02:00:00,view,mobile,Canada,referral,0
U03833,2025-05-29 02:31:31,add_to_cart,mobile,Canada,referral,0
U03833,2025-05-29 02:35:16,checkout,mobile,Canada,referral,0
U03833,2025-05-29 03:47:58,purchase,mobile,Canada,referral,73.36
U03834,2025-01-28 15:00:00,view,desktop,US,organic,0
U03834,2025-01-28 15:06:41,add_to_cart,desktop,US,organic,0
U03834,2025-01-28 15:51:13,checkout,desktop,US,organic,0
U03834,2025-01-28 15:59:50,purchase,desktop,US,organic,99.93
U03835,2025-05-29 02:00:00,view,tablet,US,referral,0
U03836,2025-03-02 07:00:00,view,mobile,Brazil,referral,0
U03836,2025-03-02 07:19:40,add_to_cart,mobile,Brazil,referral,0
U03836,2025-03-02 08:10:19,checkout,mobile,Brazil,referral,0
U03836,2025-03-02 08:56:00,purchase,mobile,Brazil,referral,91.68
U03837,2025-02-24 11:00:00,view,desktop,US,referral,0
U03837,2025-02-24 11:21:56,add_to_cart,desktop,US,referral,0
U03838,2025-04-14 04:00:00,view,desktop,US,organic,0
U03839,2025-03-08 03:00:00,view,mobile,US,referral,0
U03839,2025-03-08 03:29:39,add_to_cart,mobile,US,referral,0
U03839,2025-03-08 03:52:44,checkout,mobile,US,referral,0
U03839,2025-03-08 05:04:50,purchase,mobile,US,referral,134.9
U03840,2025-05-11 16:00:00,view,tablet,US,cpc,0
U03840,2025-05-11 16:09:28,add_to_cart,tablet,US,cpc,0
U03841,2025-01-09 06:00:00,view,mobile,US,none,0
U03842,2025-05-30 13:00:00,view,mobile,Brazil,organic,0
U03843,2025-02-24 05:00:00,view,desktop,US,referral,0
U03843,2025-02-24 05:03:22,add_to_cart,desktop,US,referral,0
U03843,2025-02-24 05:12:47,checkout,desktop,US,referral,0
U03843,2025-02-24 05:48:53,purchase,desktop,US,referral,119.94
U03844,2025-01-20 13:00:00,view,mobile,UK,organic,0
U03844,2025-01-20 13:15:13,add_to_cart,mobile,UK,organic,0
U03845,2025-03-20 00:00:00,view,desktop,Brazil,cpc,0
U03846,2025-03-25 12:00:00,view,desktop,UK,organic,0
U03846,2025-03-25 12:22:18,add_to_cart,desktop,UK,organic,0
U03846,2025-03-25 12:40:01,checkout,desktop,UK,organic,0
U03846,2025-03-25 12:51:20,purchase,desktop,UK,organic,91.65
U03847,2025-01-28 06:00:00,view,mobile,India,cpc,0
U03847,2025-01-28 06:35:54,add_to_cart,mobile,India,cpc,0
U03847,2025-01-28 07:24:16,checkout,mobile,India,cpc,0
U03847,2025-01-28 08:16:44,purchase,mobile,India,cpc,66.07
U03848,2025-04-14 10:00:00,view,mobile,Brazil,referral,0
U03849,2025-05-16 15:00:00,view,desktop,US,none,0
U03849,2025-05-16 15:06:25,add_to_cart,desktop,US,none,0
U03849,2025-05-16 15:15:41,checkout,desktop,US,none,0
U03849,2025-05-16 16:02:34,purchase,desktop,US,none,81.79
U03850,2025-02-11 12:00:00,view,desktop,US,referral,0
U03850,2025-02-11 12:11:39,add_to_cart,desktop,US,referral,0
U03850,2025-02-11 12:22:09,checkout,desktop,US,referral,0
U03850,2025-02-11 12:31:40,purchase,desktop,US,referral,137.4
U03851,2025-02-11 06:00:00,view,desktop,India,organic,0
U03851,2025-02-11 06:14:21,add_to_cart,desktop,India,organic,0
U03851,2025-02-11 06:38:34,checkout,desktop,India,organic,0
U03851,2025-02-11 08:09:27,purchase,desktop,India,organic,78.11
U03852,2025-03-11 03:00:00,view,desktop,India,referral,0
U03852,2025-03-11 03:11:37,add_to_cart,desktop,India,referral,0
U03852,2025-03-11 03:33:02,checkout,desktop,India,referral,0
U03852,2025-03-11 03:45:54,purchase,desktop,India,referral,50.47
U03853,2025-03-22 16:00:00,view,mobile,UK,referral,0
U03853,2025-03-22 16:04:01,add_to_cart,mobile,UK,referral,0
U03853,2025-03-22 16:25:47,checkout,mobile,UK,referral,0
U03853,2025-03-22 17:28:48,purchase,mobile,UK,referral,129.57
U03854,2025-02-17 10:00:00,view,mobile,Canada,referral,0
U03855,2025-05-03 02:00:00,view,tablet,UK,cpc,0
U03855,2025-05-03 02:09:43,add_to_cart,tablet,UK,cpc,0
U03855,2025-05-03 02:20:36,checkout,tablet,UK,cpc,0
U03856,2025-01-17 00:00:00,view,mobile,Brazil,referral,0
U03856,2025-01-17 00:24:49,add_to_cart,mobile,Brazil,referral,0
U03856,2025-01-17 00:32:01,checkout,mobile,Brazil,referral,0
U03856,2025-01-17 00:58:24,purchase,mobile,Brazil,referral,67.61
U03857,2025-04-29 05:00:00,view,desktop,Canada,organic,0
U03857,2025-04-29 05:27:19,add_to_cart,desktop,Canada,organic,0
U03857,2025-04-29 05:52:37,checkout,desktop,Canada,organic,0
U03857,2025-04-29 06:43:36,purchase,desktop,Canada,organic,105.72
U03858,2025-03-31 18:00:00,view,desktop,Brazil,referral,0
U03858,2025-03-31 18:21:55,add_to_cart,desktop,Brazil,referral,0
U03858,2025-03-31 18:41:52,checkout,desktop,Brazil,referral,0
U03858,2025-03-31 19:14:10,purchase,desktop,Brazil,referral,61.69
U03859,2025-06-10 22:00:00,view,tablet,Brazil,organic,0
U03859,2025-06-10 22:08:13,add_to_cart,tablet,Brazil,organic,0
U03859,2025-06-10 22:51:38,checkout,tablet,Brazil,organic,0
U03859,2025-06-10 23:11:51,purchase,tablet,Brazil,organic,79.17
U03860,2025-06-06 11:00:00,view,desktop,Canada,referral,0
U03860,2025-06-06 11:19:58,add_to_cart,desktop,Canada,referral,0
U03860,2025-06-06 11:42:39,checkout,desktop,Canada,referral,0
U03860,2025-06-06 12:26:39,purchase,desktop,Canada,referral,123.34
U03861,2025-05-21 00:00:00,view,desktop,Brazil,organic,0
U03862,2025-02-03 21:00:00,view,desktop,US,organic,0
U03863,2025-04-02 13:00:00,view,desktop,US,organic,0
U03863,2025-04-02 13:23:40,add_to_cart,desktop,US,organic,0
U03863,2025-04-02 13:45:56,checkout,desktop,US,organic,0
U03864,2025-06-18 06:00:00,view,desktop,Canada,referral,0
U03864,2025-06-18 06:09:24,add_to_cart,desktop,Canada,referral,0
U03864,2025-06-18 06:23:18,checkout,desktop,Canada,referral,0
U03864,2025-06-18 06:50:48,purchase,desktop,Canada,referral,115.88
U03865,2025-03-16 10:00:00,view,mobile,UK,organic,0
U03866,2025-04-13 16:00:00,view,mobile,UK,cpc,0
U03867,2025-04-30 14:00:00,view,mobile,US,organic,0
U03868,2025-03-17 14:00:00,view,desktop,Canada,organic,0
U03868,2025-03-17 14:02:07,add_to_cart,desktop,Canada,organic,0
U03869,2025-01-31 05:00:00,view,tablet,Canada,organic,0
U03870,2025-04-30 02:00:00,view,desktop,India,organic,0
U03870,2025-04-30 02:05:33,add_to_cart,desktop,India,organic,0
U03870,2025-04-30 02:20:07,checkout,desktop,India,organic,0
U03870,2025-04-30 03:37:34,purchase,desktop,India,organic,86.16
U03871,2025-04-14 10:00:00,view,mobile,Canada,cpc,0
U03871,2025-04-14 10:10:25,add_to_cart,mobile,Canada,cpc,0
U03872,2025-04-20 07:00:00,view,mobile,India,organic,0
U03872,2025-04-20 07:17:12,add_to_cart,mobile,India,organic,0
U03872,2025-04-20 07:46:15,checkout,mobile,India,organic,0
U03872,2025-04-20 09:09:45,purchase,mobile,India,organic,98.36
U03873,2025-06-01 11:00:00,view,desktop,India,referral,0
U03873,2025-06-01 11:40:49,add_to_cart,desktop,India,referral,0
U03873,2025-06-01 12:04:31,checkout,desktop,India,referral,0
U03873,2025-06-01 12:37:39,purchase,desktop,India,referral,112.08
U03874,2025-02-13 10:00:00,view,desktop,US,referral,0
U03875,2025-05-13 21:00:00,view,desktop,US,organic,0
U03876,2025-01-24 04:00:00,view,mobile,India,referral,0
U03876,2025-01-24 04:38:04,add_to_cart,mobile,India,referral,0
U03876,2025-01-24 05:22:26,checkout,mobile,India,referral,0
U03876,2025-01-24 05:50:00,purchase,mobile,India,referral,110.91
U03877,2025-03-11 15:00:00,view,desktop,India,organic,0
U03877,2025-03-11 15:27:04,add_to_cart,desktop,India,organic,0
U03878,2025-03-26 11:00:00,view,tablet,US,organic,0
U03879,2025-05-19 10:00:00,view,mobile,US,cpc,0
U03879,2025-05-19 10:36:54,add_to_cart,mobile,US,cpc,0
U03880,2025-04-06 07:00:00,view,mobile,UK,cpc,0
U03881,2025-06-16 18:00:00,view,desktop,India,cpc,0
U03881,2025-06-16 18:06:06,add_to_cart,desktop,India,cpc,0
U03882,2025-05-15 08:00:00,view,mobile,US,none,0
U03882,2025-05-15 08:24:33,add_to_cart,mobile,US,none,0
U03883,2025-02-14 13:00:00,view,desktop,US,cpc,0
U03883,2025-02-14 13:11:25,add_to_cart,desktop,US,cpc,0
U03884,2025-05-20 15:00:00,view,mobile,US,organic,0
U03885,2025-04-15 17:00:00,view,desktop,US,organic,0
U03885,2025-04-15 17:03:26,add_to_cart,desktop,US,organic,0
U03885,2025-04-15 17:11:50,checkout,desktop,US,organic,0
U03885,2025-04-15 18:06:47,purchase,desktop,US,organic,109.47
U03886,2025-01-22 00:00:00,view,mobile,India,referral,0
U03887,2025-06-12 14:00:00,view,mobile,UK,referral,0
U03887,2025-06-12 14:06:21,add_to_cart,mobile,UK,referral,0
U03887,2025-06-12 14:47:29,checkout,mobile,UK,referral,0
U03887,2025-06-12 15:41:15,purchase,mobile,UK,referral,95.48
U03888,2025-01-01 22:00:00,view,desktop,UK,organic,0
U03888,2025-01-01 22:19:12,add_to_cart,desktop,UK,organic,0
U03888,2025-01-01 22:45:23,checkout,desktop,UK,organic,0
U03889,2025-02-11 13:00:00,view,tablet,US,organic,0
U03890,2025-02-27 21:00:00,view,desktop,US,referral,0
U03890,2025-02-27 21:20:47,add_to_cart,desktop,US,referral,0
U03890,2025-02-27 21:59:19,checkout,desktop,US,referral,0
U03890,2025-02-27 22:14:33,purchase,desktop,US,referral,47.47
U03891,2025-01-08 17:00:00,view,desktop,US,organic,0
U03892,2025-06-15 22:00:00,view,desktop,UK,organic,0
U03892,2025-06-15 22:04:05,add_to_cart,desktop,UK,organic,0
U03892,2025-06-15 22:30:21,checkout,desktop,UK,organic,0
U03892,2025-06-15 23:16:14,purchase,desktop,UK,organic,83.56
U03893,2025-03-20 09:00:00,view,tablet,UK,none,0
U03894,2025-01-24 09:00:00,view,desktop,US,none,0
U03894,2025-01-24 09:33:12,add_to_cart,desktop,US,none,0
U03895,2025-03-16 02:00:00,view,desktop,Canada,none,0
U03895,2025-03-16 02:12:17,add_to_cart,desktop,Canada,none,0
U03895,2025-03-16 02:30:28,checkout,desktop,Canada,none,0
U03895,2025-03-16 02:59:15,purchase,desktop,Canada,none,61.85
U03896,2025-01-27 09:00:00,view,mobile,Canada,none,0
U03897,2025-05-06 02:00:00,view,desktop,Brazil,organic,0
U03897,2025-05-06 02:14:59,add_to_cart,desktop,Brazil,organic,0
U03897,2025-05-06 02:37:23,checkout,desktop,Brazil,organic,0
U03897,2025-05-06 03:28:07,purchase,desktop,Brazil,organic,70.94
U03898,2025-06-16 18:00:00,view,mobile,US,organic,0
U03899,2025-05-20 22:00:00,view,desktop,India,cpc,0
U03899,2025-05-20 22:10:50,add_to_cart,desktop,India,cpc,0
U03899,2025-05-20 22:18:37,checkout,desktop,India,cpc,0
U03899,2025-05-20 23:22:46,purchase,desktop,India,cpc,12
U03900,2025-02-25 04:00:00,view,tablet,US,organic,0
U03900,2025-02-25 04:13:35,add_to_cart,tablet,US,organic,0
U03900,2025-02-25 04:18:33,checkout,tablet,US,organic,0
U03900,2025-02-25 05:17:52,purchase,tablet,US,organic,64.54
U03901,2025-03-12 02:00:00,view,mobile,US,organic,0
U03901,2025-03-12 02:56:32,add_to_cart,mobile,US,organic,0
U03901,2025-03-12 03:06:42,checkout,mobile,US,organic,0
U03902,2025-05-20 19:00:00,view,desktop,UK,referral,0
U03903,2025-05-31 16:00:00,view,mobile,India,organic,0
U03904,2025-06-17 02:00:00,view,desktop,Brazil,cpc,0
U03904,2025-06-17 02:13:24,add_to_cart,desktop,Brazil,cpc,0
U03904,2025-06-17 02:46:26,checkout,desktop,Brazil,cpc,0
U03904,2025-06-17 02:52:54,purchase,desktop,Brazil,cpc,75.11
U03905,2025-02-05 03:00:00,view,desktop,US,cpc,0
U03905,2025-02-05 03:02:57,add_to_cart,desktop,US,cpc,0
U03905,2025-02-05 03:41:27,checkout,desktop,US,cpc,0
U03906,2025-03-04 03:00:00,view,tablet,India,organic,0
U03906,2025-03-04 03:11:01,add_to_cart,tablet,India,organic,0
U03906,2025-03-04 03:45:33,checkout,tablet,India,organic,0
U03906,2025-03-04 04:42:35,purchase,tablet,India,organic,108.26
U03907,2025-02-18 12:00:00,view,desktop,Canada,organic,0
U03907,2025-02-18 12:08:02,add_to_cart,desktop,Canada,organic,0
U03907,2025-02-18 12:43:53,checkout,desktop,Canada,organic,0
U03907,2025-02-18 13:22:51,purchase,desktop,Canada,organic,92.69
U03908,2025-06-18 07:00:00,view,mobile,India,referral,0
U03909,2025-01-24 05:00:00,view,mobile,Canada,referral,0
U03909,2025-01-24 05:25:25,add_to_cart,mobile,Canada,referral,0
U03909,2025-01-24 05:38:59,checkout,mobile,Canada,referral,0
U03909,2025-01-24 06:52:09,purchase,mobile,Canada,referral,94.89
U03910,2025-06-14 05:00:00,view,mobile,US,referral,0
U03911,2025-01-31 06:00:00,view,desktop,Canada,organic,0
U03912,2025-02-20 11:00:00,view,mobile,Canada,cpc,0
U03913,2025-05-17 16:00:00,view,tablet,US,cpc,0
U03914,2025-03-30 05:00:00,view,mobile,US,cpc,0
U03915,2025-05-11 15:00:00,view,mobile,US,organic,0
U03915,2025-05-11 15:05:18,add_to_cart,mobile,US,organic,0
U03916,2025-06-01 11:00:00,view,mobile,Canada,organic,0
U03916,2025-06-01 11:43:55,add_to_cart,mobile,Canada,organic,0
U03916,2025-06-01 12:06:29,checkout,mobile,Canada,organic,0
U03916,2025-06-01 13:28:41,purchase,mobile,Canada,organic,67.5
U03917,2025-06-03 21:00:00,view,desktop,Canada,none,0
U03918,2025-06-17 21:00:00,view,desktop,Canada,organic,0
U03918,2025-06-17 21:27:56,add_to_cart,desktop,Canada,organic,0
U03919,2025-02-10 04:00:00,view,desktop,UK,cpc,0
U03920,2025-02-17 12:00:00,view,mobile,US,organic,0
U03921,2025-02-19 07:00:00,view,desktop,UK,organic,0
U03921,2025-02-19 07:15:54,add_to_cart,desktop,UK,organic,0
U03921,2025-02-19 07:46:17,checkout,desktop,UK,organic,0
U03921,2025-02-19 07:54:08,purchase,desktop,UK,organic,123.6
U03922,2025-06-25 07:00:00,view,mobile,India,referral,0
U03922,2025-06-25 07:05:32,add_to_cart,mobile,India,referral,0
U03922,2025-06-25 08:25:15,checkout,mobile,India,referral,0
U03922,2025-06-25 08:51:00,purchase,mobile,India,referral,111.61
U03923,2025-04-05 23:00:00,view,tablet,India,organic,0
U03923,2025-04-05 23:22:04,add_to_cart,tablet,India,organic,0
U03923,2025-04-05 23:36:46,checkout,tablet,India,organic,0
U03923,2025-04-06 00:26:45,purchase,tablet,India,organic,79.16
U03924,2025-02-15 09:00:00,view,desktop,US,referral,0
U03924,2025-02-15 09:30:27,add_to_cart,desktop,US,referral,0
U03924,2025-02-15 09:45:58,checkout,desktop,US,referral,0
U03924,2025-02-15 11:12:49,purchase,desktop,US,referral,127.84
U03925,2025-04-30 00:00:00,view,mobile,UK,cpc,0
U03926,2025-04-16 15:00:00,view,desktop,Brazil,organic,0
U03926,2025-04-16 15:50:36,add_to_cart,desktop,Brazil,organic,0
U03926,2025-04-16 16:13:45,checkout,desktop,Brazil,organic,0
U03926,2025-04-16 16:52:59,purchase,desktop,Brazil,organic,98.66
U03927,2025-02-27 03:00:00,view,tablet,Brazil,organic,0
U03927,2025-02-27 03:35:37,add_to_cart,tablet,Brazil,organic,0
U03927,2025-02-27 04:10:36,checkout,tablet,Brazil,organic,0
U03927,2025-02-27 06:25:06,purchase,tablet,Brazil,organic,69.53
U03928,2025-06-17 17:00:00,view,tablet,UK,none,0
U03929,2025-05-28 21:00:00,view,mobile,US,cpc,0
U03929,2025-05-28 21:42:26,add_to_cart,mobile,US,cpc,0
U03930,2025-05-15 18:00:00,view,desktop,UK,none,0
U03930,2025-05-15 18:12:14,add_to_cart,desktop,UK,none,0
U03931,2025-03-08 18:00:00,view,tablet,Brazil,organic,0
U03932,2025-02-12 19:00:00,view,desktop,Canada,cpc,0
U03933,2025-01-08 02:00:00,view,tablet,UK,organic,0
U03934,2025-04-07 15:00:00,view,mobile,Brazil,organic,0
U03935,2025-02-10 00:00:00,view,mobile,US,organic,0
U03935,2025-02-10 00:13:50,add_to_cart,mobile,US,organic,0
U03936,2025-03-02 23:00:00,view,mobile,India,organic,0
U03937,2025-01-29 08:00:00,view,desktop,US,organic,0
U03938,2025-02-07 17:00:00,view,mobile,India,organic,0
U03938,2025-02-07 17:26:27,add_to_cart,mobile,India,organic,0
U03939,2025-02-23 02:00:00,view,mobile,UK,organic,0
U03939,2025-02-23 02:19:35,add_to_cart,mobile,UK,organic,0
U03940,2025-01-12 00:00:00,view,desktop,Brazil,organic,0
U03941,2025-01-27 19:00:00,view,mobile,India,none,0
U03941,2025-01-27 19:59:54,add_to_cart,mobile,India,none,0
U03942,2025-02-14 06:00:00,view,mobile,UK,cpc,0
U03942,2025-02-14 06:23:13,add_to_cart,mobile,UK,cpc,0
U03942,2025-02-14 06:54:30,checkout,mobile,UK,cpc,0
U03942,2025-02-14 08:19:55,purchase,mobile,UK,cpc,86.96
U03943,2025-01-09 19:00:00,view,desktop,Brazil,cpc,0
U03943,2025-01-09 19:10:11,add_to_cart,desktop,Brazil,cpc,0
U03943,2025-01-09 19:26:51,checkout,desktop,Brazil,cpc,0
U03943,2025-01-09 19:44:15,purchase,desktop,Brazil,cpc,66.33
U03944,2025-03-12 03:00:00,view,mobile,US,none,0
U03945,2025-05-11 17:00:00,view,desktop,UK,organic,0
U03945,2025-05-11 17:24:24,add_to_cart,desktop,UK,organic,0
U03945,2025-05-11 17:43:51,checkout,desktop,UK,organic,0
U03945,2025-05-11 18:10:30,purchase,desktop,UK,organic,133.53
U03946,2025-01-16 04:00:00,view,desktop,Brazil,cpc,0
U03946,2025-01-16 04:08:29,add_to_cart,desktop,Brazil,cpc,0
U03947,2025-01-11 02:00:00,view,mobile,US,organic,0
U03947,2025-01-11 02:19:32,add_to_cart,mobile,US,organic,0
U03947,2025-01-11 02:27:15,checkout,mobile,US,organic,0
U03948,2025-03-17 02:00:00,view,mobile,US,referral,0
U03948,2025-03-17 02:27:22,add_to_cart,mobile,US,referral,0
U03948,2025-03-17 02:57:25,checkout,mobile,US,referral,0
U03949,2025-06-26 22:00:00,view,desktop,India,none,0
U03949,2025-06-26 22:03:34,add_to_cart,desktop,India,none,0
U03949,2025-06-26 22:51:14,checkout,desktop,India,none,0
U03949,2025-06-26 22:55:43,purchase,desktop,India,none,29.44
U03950,2025-04-09 03:00:00,view,desktop,US,cpc,0
U03950,2025-04-09 03:24:14,add_to_cart,desktop,US,cpc,0
U03950,2025-04-09 03:47:26,checkout,desktop,US,cpc,0
U03950,2025-04-09 04:19:23,purchase,desktop,US,cpc,57.4
U03951,2025-06-20 23:00:00,view,tablet,Brazil,referral,0
U03951,2025-06-20 23:27:52,add_to_cart,tablet,Brazil,referral,0
U03951,2025-06-20 23:39:23,checkout,tablet,Brazil,referral,0
U03951,2025-06-21 01:24:10,purchase,tablet,Brazil,referral,43.36
U03952,2025-01-31 00:00:00,view,mobile,India,referral,0
U03952,2025-01-31 00:42:53,add_to_cart,mobile,India,referral,0
U03952,2025-01-31 01:01:52,checkout,mobile,India,referral,0
U03952,2025-01-31 02:09:05,purchase,mobile,India,referral,100.07
U03953,2025-02-23 03:00:00,view,mobile,US,organic,0
U03954,2025-01-18 01:00:00,view,desktop,Canada,referral,0
U03955,2025-05-15 06:00:00,view,desktop,India,organic,0
U03956,2025-04-12 12:00:00,view,mobile,Canada,organic,0
U03956,2025-04-12 12:23:29,add_to_cart,mobile,Canada,organic,0
U03956,2025-04-12 12:32:58,checkout,mobile,Canada,organic,0
U03956,2025-04-12 13:29:13,purchase,mobile,Canada,organic,86.92
U03957,2025-05-19 15:00:00,view,tablet,India,referral,0
U03958,2025-01-30 19:00:00,view,tablet,India,referral,0
U03958,2025-01-30 19:03:28,add_to_cart,tablet,India,referral,0
U03958,2025-01-30 19:28:58,checkout,tablet,India,referral,0
U03958,2025-01-30 20:01:33,purchase,tablet,India,referral,82.92
U03959,2025-01-05 22:00:00,view,tablet,US,referral,0
U03959,2025-01-05 22:12:10,add_to_cart,tablet,US,referral,0
U03959,2025-01-05 22:40:22,checkout,tablet,US,referral,0
U03959,2025-01-05 23:12:44,purchase,tablet,US,referral,100.19
U03960,2025-06-06 14:00:00,view,mobile,Canada,cpc,0
U03961,2025-04-11 15:00:00,view,desktop,US,none,0
U03962,2025-03-24 19:00:00,view,desktop,US,organic,0
U03962,2025-03-24 19:16:35,add_to_cart,desktop,US,organic,0
U03962,2025-03-24 19:59:42,checkout,desktop,US,organic,0
U03962,2025-03-24 20:48:37,purchase,desktop,US,organic,74.93
U03963,2025-03-03 16:00:00,view,mobile,US,cpc,0
U03963,2025-03-03 16:18:43,add_to_cart,mobile,US,cpc,0
U03964,2025-03-16 21:00:00,view,mobile,UK,organic,0
U03964,2025-03-16 21:34:32,add_to_cart,mobile,UK,organic,0
U03965,2025-06-25 01:00:00,view,desktop,US,organic,0
U03965,2025-06-25 01:24:30,add_to_cart,desktop,US,organic,0
U03966,2025-03-17 15:00:00,view,mobile,Canada,cpc,0
U03966,2025-03-17 15:20:11,add_to_cart,mobile,Canada,cpc,0
U03966,2025-03-17 15:33:24,checkout,mobile,Canada,cpc,0
U03967,2025-02-15 09:00:00,view,desktop,Brazil,referral,0
U03968,2025-01-08 14:00:00,view,mobile,UK,referral,0
U03968,2025-01-08 14:09:15,add_to_cart,mobile,UK,referral,0
U03968,2025-01-08 14:16:43,checkout,mobile,UK,referral,0
U03969,2025-02-05 13:00:00,view,mobile,India,organic,0
U03969,2025-02-05 13:04:29,add_to_cart,mobile,India,organic,0
U03970,2025-03-20 19:00:00,view,mobile,UK,referral,0
U03971,2025-01-15 15:00:00,view,mobile,India,organic,0
U03972,2025-05-01 08:00:00,view,tablet,UK,none,0
U03973,2025-03-16 19:00:00,view,desktop,Brazil,organic,0
U03973,2025-03-16 19:05:06,add_to_cart,desktop,Brazil,organic,0
U03973,2025-03-16 19:33:10,checkout,desktop,Brazil,organic,0
U03973,2025-03-16 20:01:09,purchase,desktop,Brazil,organic,108.31
U03974,2025-04-20 04:00:00,view,desktop,Brazil,organic,0
U03974,2025-04-20 04:20:33,add_to_cart,desktop,Brazil,organic,0
U03974,2025-04-20 04:54:00,checkout,desktop,Brazil,organic,0
U03974,2025-04-20 05:15:19,purchase,desktop,Brazil,organic,82.69
U03975,2025-04-16 04:00:00,view,desktop,India,cpc,0
U03975,2025-04-16 04:07:23,add_to_cart,desktop,India,cpc,0
U03975,2025-04-16 04:28:00,checkout,desktop,India,cpc,0
U03975,2025-04-16 04:49:37,purchase,desktop,India,cpc,121.05
U03976,2025-03-31 21:00:00,view,desktop,UK,cpc,0
U03977,2025-01-22 03:00:00,view,desktop,Canada,cpc,0
U03977,2025-01-22 03:13:21,add_to_cart,desktop,Canada,cpc,0
U03977,2025-01-22 03:33:40,checkout,desktop,Canada,cpc,0
U03977,2025-01-22 03:44:39,purchase,desktop,Canada,cpc,110.22
U03978,2025-03-29 12:00:00,view,mobile,US,cpc,0
U03979,2025-03-20 03:00:00,view,desktop,US,organic,0
U03979,2025-03-20 03:10:15,add_to_cart,desktop,US,organic,0
U03980,2025-05-01 11:00:00,view,mobile,Canada,cpc,0
U03980,2025-05-01 11:27:06,add_to_cart,mobile,Canada,cpc,0
U03980,2025-05-01 11:34:30,checkout,mobile,Canada,cpc,0
U03981,2025-02-09 23:00:00,view,mobile,Canada,none,0
U03982,2025-02-24 02:00:00,view,tablet,US,organic,0
U03983,2025-06-22 18:00:00,view,desktop,US,organic,0
U03983,2025-06-22 18:18:00,add_to_cart,desktop,US,organic,0
U03983,2025-06-22 18:32:10,checkout,desktop,US,organic,0
U03983,2025-06-22 18:52:38,purchase,desktop,US,organic,89.09
U03984,2025-02-14 12:00:00,view,mobile,UK,referral,0
U03984,2025-02-14 12:28:34,add_to_cart,mobile,UK,referral,0
U03984,2025-02-14 12:40:12,checkout,mobile,UK,referral,0
U03984,2025-02-14 13:52:35,purchase,mobile,UK,referral,93.79
U03985,2025-03-23 21:00:00,view,tablet,US,none,0
U03985,2025-03-23 21:18:57,add_to_cart,tablet,US,none,0
U03985,2025-03-23 21:23:51,checkout,tablet,US,none,0
U03985,2025-03-23 21:53:01,purchase,tablet,US,none,47.54
U03986,2025-04-21 19:00:00,view,desktop,India,referral,0
U03986,2025-04-21 19:09:24,add_to_cart,desktop,India,referral,0
U03987,2025-06-26 19:00:00,view,desktop,Canada,organic,0
U03987,2025-06-26 19:11:03,add_to_cart,desktop,Canada,organic,0
U03987,2025-06-26 19:16:01,checkout,desktop,Canada,organic,0
U03987,2025-06-26 19:55:06,purchase,desktop,Canada,organic,56.37
U03988,2025-06-19 05:00:00,view,mobile,US,referral,0
U03988,2025-06-19 05:40:20,add_to_cart,mobile,US,referral,0
U03988,2025-06-19 06:10:24,checkout,mobile,US,referral,0
U03988,2025-06-19 08:22:43,purchase,mobile,US,referral,124.2
U03989,2025-03-23 16:00:00,view,mobile,US,referral,0
U03989,2025-03-23 16:30:23,add_to_cart,mobile,US,referral,0
U03989,2025-03-23 17:22:37,checkout,mobile,US,referral,0
U03989,2025-03-23 17:39:10,purchase,mobile,US,referral,122.16
U03990,2025-03-27 22:00:00,view,mobile,Canada,referral,0
U03991,2025-01-20 12:00:00,view,mobile,UK,organic,0
U03992,2025-04-16 09:00:00,view,mobile,India,organic,0
U03992,2025-04-16 09:47:34,add_to_cart,mobile,India,organic,0
U03992,2025-04-16 10:05:31,checkout,mobile,India,organic,0
U03992,2025-04-16 11:12:31,purchase,mobile,India,organic,24.95
U03993,2025-04-09 06:00:00,view,desktop,US,organic,0
U03993,2025-04-09 06:20:29,add_to_cart,desktop,US,organic,0
U03993,2025-04-09 06:32:20,checkout,desktop,US,organic,0
U03993,2025-04-09 07:10:25,purchase,desktop,US,organic,128.46
U03994,2025-03-14 06:00:00,view,desktop,US,organic,0
U03994,2025-03-14 06:26:00,add_to_cart,desktop,US,organic,0
U03994,2025-03-14 06:41:45,checkout,desktop,US,organic,0
U03994,2025-03-14 07:09:01,purchase,desktop,US,organic,113.26
U03995,2025-04-24 07:00:00,view,desktop,US,none,0
U03996,2025-06-17 01:00:00,view,desktop,UK,cpc,0
U03996,2025-06-17 01:11:39,add_to_cart,desktop,UK,cpc,0
U03996,2025-06-17 01:46:33,checkout,desktop,UK,cpc,0
U03996,2025-06-17 02:17:33,purchase,desktop,UK,cpc,73.85
U03997,2025-04-02 07:00:00,view,mobile,Canada,cpc,0
U03998,2025-03-27 07:00:00,view,tablet,US,organic,0
U03999,2025-05-09 10:00:00,view,desktop,Brazil,referral,0
U04000,2025-01-02 04:00:00,view,mobile,US,none,0
U04001,2025-01-05 06:00:00,view,desktop,India,organic,0
U04001,2025-01-05 06:18:24,add_to_cart,desktop,India,organic,0
U04001,2025-01-05 06:21:13,checkout,desktop,India,organic,0
U04001,2025-01-05 06:51:30,purchase,desktop,India,organic,87.76
U04002,2025-03-08 00:00:00,view,mobile,India,organic,0
U04002,2025-03-08 00:34:37,add_to_cart,mobile,India,organic,0
U04002,2025-03-08 01:04:19,checkout,mobile,India,organic,0
U04002,2025-03-08 01:27:49,purchase,mobile,India,organic,105.96
U04003,2025-04-14 21:00:00,view,desktop,India,organic,0
U04004,2025-06-04 07:00:00,view,mobile,US,referral,0
U04004,2025-06-04 07:31:07,add_to_cart,mobile,US,referral,0
U04004,2025-06-04 07:36:53,checkout,mobile,US,referral,0
U04004,2025-06-04 10:20:19,purchase,mobile,US,referral,119.63
U04005,2025-02-08 13:00:00,view,mobile,US,none,0
U04006,2025-06-17 12:00:00,view,mobile,India,organic,0
U04007,2025-03-02 09:00:00,view,mobile,US,organic,0
U04007,2025-03-02 09:22:43,add_to_cart,mobile,US,organic,0
U04007,2025-03-02 09:37:06,checkout,mobile,US,organic,0
U04007,2025-03-02 11:31:28,purchase,mobile,US,organic,91.2
U04008,2025-05-18 13:00:00,view,desktop,US,referral,0
U04008,2025-05-18 13:11:18,add_to_cart,desktop,US,referral,0
U04008,2025-05-18 13:45:25,checkout,desktop,US,referral,0
U04008,2025-05-18 13:53:30,purchase,desktop,US,referral,83.44
U04009,2025-06-26 16:00:00,view,mobile,Canada,cpc,0
U04009,2025-06-26 16:31:28,add_to_cart,mobile,Canada,cpc,0
U04009,2025-06-26 16:54:22,checkout,mobile,Canada,cpc,0
U04009,2025-06-26 17:13:12,purchase,mobile,Canada,cpc,78.36
U04010,2025-03-20 15:00:00,view,mobile,UK,cpc,0
U04010,2025-03-20 15:22:24,add_to_cart,mobile,UK,cpc,0
U04010,2025-03-20 16:41:46,checkout,mobile,UK,cpc,0
U04010,2025-03-20 17:21:09,purchase,mobile,UK,cpc,72.02
U04011,2025-03-28 09:00:00,view,mobile,US,organic,0
U04011,2025-03-28 09:12:56,add_to_cart,mobile,US,organic,0
U04011,2025-03-28 11:27:09,checkout,mobile,US,organic,0
U04011,2025-03-28 11:50:41,purchase,mobile,US,organic,125.46
U04012,2025-04-22 07:00:00,view,mobile,Brazil,organic,0
U04013,2025-06-25 13:00:00,view,desktop,Canada,none,0
U04014,2025-02-02 13:00:00,view,desktop,US,organic,0
U04015,2025-02-12 04:00:00,view,mobile,Canada,cpc,0
U04015,2025-02-12 04:10:28,add_to_cart,mobile,Canada,cpc,0
U04015,2025-02-12 04:19:45,checkout,mobile,Canada,cpc,0
U04015,2025-02-12 05:27:43,purchase,mobile,Canada,cpc,95.82
U04016,2025-02-23 12:00:00,view,desktop,Brazil,organic,0
U04016,2025-02-23 12:38:44,add_to_cart,desktop,Brazil,organic,0
U04016,2025-02-23 12:56:36,checkout,desktop,Brazil,organic,0
U04016,2025-02-23 14:59:08,purchase,desktop,Brazil,organic,115.28
U04017,2025-02-06 17:00:00,view,desktop,India,none,0
U04018,2025-02-04 20:00:00,view,tablet,US,organic,0
U04019,2025-01-28 18:00:00,view,tablet,US,referral,0
U04019,2025-01-28 18:03:54,add_to_cart,tablet,US,referral,0
U04019,2025-01-28 19:00:07,checkout,tablet,US,referral,0
U04019,2025-01-28 19:27:29,purchase,tablet,US,referral,57.9
U04020,2025-06-06 18:00:00,view,mobile,India,none,0
U04020,2025-06-06 18:39:14,add_to_cart,mobile,India,none,0
U04020,2025-06-06 18:46:15,checkout,mobile,India,none,0
U04020,2025-06-06 18:56:24,purchase,mobile,India,none,46.36
U04021,2025-04-21 10:00:00,view,tablet,US,referral,0
U04021,2025-04-21 10:21:16,add_to_cart,tablet,US,referral,0
U04022,2025-06-23 10:00:00,view,desktop,US,cpc,0
U04022,2025-06-23 10:04:24,add_to_cart,desktop,US,cpc,0
U04022,2025-06-23 10:08:01,checkout,desktop,US,cpc,0
U04022,2025-06-23 10:39:09,purchase,desktop,US,cpc,88.25
U04023,2025-01-14 06:00:00,view,desktop,Brazil,cpc,0
U04023,2025-01-14 06:05:07,add_to_cart,desktop,Brazil,cpc,0
U04024,2025-04-06 06:00:00,view,desktop,UK,referral,0
U04024,2025-04-06 06:28:59,add_to_cart,desktop,UK,referral,0
U04024,2025-04-06 07:03:16,checkout,desktop,UK,referral,0
U04024,2025-04-06 07:58:31,purchase,desktop,UK,referral,97.55
U04025,2025-03-12 19:00:00,view,desktop,US,none,0
U04026,2025-02-28 14:00:00,view,mobile,US,referral,0
U04026,2025-02-28 14:09:11,add_to_cart,mobile,US,referral,0
U04026,2025-02-28 14:19:05,checkout,mobile,US,referral,0
U04026,2025-02-28 15:36:41,purchase,mobile,US,referral,71.66
U04027,2025-06-11 18:00:00,view,desktop,India,organic,0
U04027,2025-06-11 18:10:58,add_to_cart,desktop,India,organic,0
U04027,2025-06-11 18:23:36,checkout,desktop,India,organic,0
U04028,2025-05-07 12:00:00,view,desktop,Canada,none,0
U04029,2025-01-10 15:00:00,view,mobile,UK,organic,0
U04029,2025-01-10 15:13:24,add_to_cart,mobile,UK,organic,0
U04029,2025-01-10 15:51:54,checkout,mobile,UK,organic,0
U04029,2025-01-10 19:32:40,purchase,mobile,UK,organic,79.0
U04030,2025-06-17 15:00:00,view,mobile,India,organic,0
U04030,2025-06-17 15:08:03,add_to_cart,mobile,India,organic,0
U04031,2025-02-14 02:00:00,view,tablet,US,none,0
U04031,2025-02-14 02:17:03,add_to_cart,tablet,US,none,0
U04031,2025-02-14 02:35:22,checkout,tablet,US,none,0
U04032,2025-01-08 00:00:00,view,mobile,Canada,organic,0
U04032,2025-01-08 00:15:42,add_to_cart,mobile,Canada,organic,0
U04032,2025-01-08 01:28:41,checkout,mobile,Canada,organic,0
U04032,2025-01-08 02:10:50,purchase,mobile,Canada,organic,56.97
U04033,2025-06-28 11:00:00,view,mobile,US,referral,0
U04033,2025-06-28 11:14:52,add_to_cart,mobile,US,referral,0
U04033,2025-06-28 12:13:45,checkout,mobile,US,referral,0
U04034,2025-01-15 09:00:00,view,tablet,India,cpc,0
U04034,2025-01-15 09:12:45,add_to_cart,tablet,India,cpc,0
U04034,2025-01-15 09:20:06,checkout,tablet,India,cpc,0
U04034,2025-01-15 09:36:45,purchase,tablet,India,cpc,53.15
U04035,2025-05-05 01:00:00,view,desktop,India,organic,0
U04035,2025-05-05 01:05:10,add_to_cart,desktop,India,organic,0
U04035,2025-05-05 01:15:18,checkout,desktop,India,organic,0
U04035,2025-05-05 01:44:48,purchase,desktop,India,organic,45.17
U04036,2025-05-24 16:00:00,view,desktop,UK,organic,0
U04037,2025-03-04 16:00:00,view,desktop,Canada,none,0
U04037,2025-03-04 16:07:32,add_to_cart,desktop,Canada,none,0
U04037,2025-03-04 16:10:00,checkout,desktop,Canada,none,0
U04038,2025-01-16 00:00:00,view,desktop,Canada,organic,0
U04038,2025-01-16 00:15:35,add_to_cart,desktop,Canada,organic,0
U04038,2025-01-16 00:26:26,checkout,desktop,Canada,organic,0
U04038,2025-01-16 00:31:17,purchase,desktop,Canada,organic,112.72
U04039,2025-01-04 18:00:00,view,desktop,Canada,cpc,0
U04040,2025-06-11 09:00:00,view,desktop,Brazil,referral,0
U04040,2025-06-11 09:10:52,add_to_cart,desktop,Brazil,referral,0
U04040,2025-06-11 09:14:43,checkout,desktop,Brazil,referral,0
U04040,2025-06-11 09:28:30,purchase,desktop,Brazil,referral,106.18
U04041,2025-01-02 00:00:00,view,desktop,Canada,cpc,0
U04042,2025-02-06 14:00:00,view,tablet,Canada,cpc,0
U04043,2025-01-14 03:00:00,view,desktop,US,cpc,0
U04044,2025-05-02 07:00:00,view,desktop,Canada,cpc,0
U04044,2025-05-02 07:22:49,add_to_cart,desktop,Canada,cpc,0
U04044,2025-05-02 07:29:52,checkout,desktop,Canada,cpc,0
U04044,2025-05-02 07:52:20,purchase,desktop,Canada,cpc,87.63
U04045,2025-03-09 19:00:00,view,desktop,UK,cpc,0
U04045,2025-03-09 19:13:09,add_to_cart,desktop,UK,cpc,0
U04045,2025-03-09 19:17:16,checkout,desktop,UK,cpc,0
U04046,2025-06-12 12:00:00,view,desktop,US,cpc,0
U04047,2025-03-16 18:00:00,view,tablet,US,none,0
U04047,2025-03-16 18:15:33,add_to_cart,tablet,US,none,0
U04048,2025-01-31 12:00:00,view,mobile,UK,none,0
U04048,2025-01-31 12:13:05,add_to_cart,mobile,UK,none,0
U04048,2025-01-31 12:35:00,checkout,mobile,UK,none,0
U04048,2025-01-31 14:15:03,purchase,mobile,UK,none,53.2
U04049,2025-03-28 05:00:00,view,mobile,UK,referral,0
U04050,2025-06-23 09:00:00,view,tablet,UK,organic,0
U04050,2025-06-23 09:19:09,add_to_cart,tablet,UK,organic,0
U04051,2025-04-16 20:00:00,view,desktop,US,none,0
U04051,2025-04-16 20:08:11,add_to_cart,desktop,US,none,0
U04051,2025-04-16 20:46:47,checkout,desktop,US,none,0
U04051,2025-04-16 21:51:58,purchase,desktop,US,none,114.9
U04052,2025-03-17 23:00:00,view,desktop,India,referral,0
U04052,2025-03-17 23:02:08,add_to_cart,desktop,India,referral,0
U04052,2025-03-17 23:27:24,checkout,desktop,India,referral,0
U04052,2025-03-17 23:42:29,purchase,desktop,India,referral,97.95
U04053,2025-01-20 01:00:00,view,desktop,Brazil,cpc,0
U04054,2025-05-31 16:00:00,view,desktop,US,referral,0
U04055,2025-01-01 10:00:00,view,desktop,Canada,organic,0
U04055,2025-01-01 10:08:03,add_to_cart,desktop,Canada,organic,0
U04056,2025-05-07 18:00:00,view,mobile,Brazil,cpc,0
U04057,2025-02-04 21:00:00,view,desktop,US,organic,0
U04057,2025-02-04 21:28:03,add_to_cart,desktop,US,organic,0
U04058,2025-02-03 04:00:00,view,desktop,Canada,none,0
U04059,2025-03-16 01:00:00,view,tablet,US,organic,0
U04060,2025-06-24 23:00:00,view,desktop,Canada,cpc,0
U04061,2025-02-08 12:00:00,view,mobile,Brazil,cpc,0
U04062,2025-03-15 05:00:00,view,desktop,UK,cpc,0
U04062,2025-03-15 05:08:10,add_to_cart,desktop,UK,cpc,0
U04062,2025-03-15 05:40:16,checkout,desktop,UK,cpc,0
U04062,2025-03-15 06:21:06,purchase,desktop,UK,cpc,104.33
U04063,2025-01-15 09:00:00,view,mobile,US,referral,0
U04064,2025-05-27 00:00:00,view,desktop,India,none,0
U04064,2025-05-27 00:13:01,add_to_cart,desktop,India,none,0
U04065,2025-02-10 05:00:00,view,desktop,Canada,referral,0
U04065,2025-02-10 05:16:03,add_to_cart,desktop,Canada,referral,0
U04065,2025-02-10 05:27:03,checkout,desktop,Canada,referral,0
U04065,2025-02-10 06:09:33,purchase,desktop,Canada,referral,100.84
U04066,2025-06-26 09:00:00,view,desktop,Brazil,organic,0
U04066,2025-06-26 09:13:32,add_to_cart,desktop,Brazil,organic,0
U04066,2025-06-26 09:23:59,checkout,desktop,Brazil,organic,0
U04066,2025-06-26 10:03:02,purchase,desktop,Brazil,organic,102.83
U04067,2025-02-11 09:00:00,view,tablet,US,organic,0
U04067,2025-02-11 09:07:01,add_to_cart,tablet,US,organic,0
U04067,2025-02-11 09:25:03,checkout,tablet,US,organic,0
U04067,2025-02-11 09:56:10,purchase,tablet,US,organic,72.08
U04068,2025-01-01 19:00:00,view,desktop,India,none,0
U04068,2025-01-01 19:05:57,add_to_cart,desktop,India,none,0
U04068,2025-01-01 19:20:48,checkout,desktop,India,none,0
U04069,2025-01-31 01:00:00,view,desktop,US,organic,0
U04069,2025-01-31 01:16:50,add_to_cart,desktop,US,organic,0
U04069,2025-01-31 02:12:37,checkout,desktop,US,organic,0
U04069,2025-01-31 02:20:30,purchase,desktop,US,organic,94.39
U04070,2025-02-06 14:00:00,view,mobile,UK,none,0
U04071,2025-02-01 16:00:00,view,mobile,US,cpc,0
U04071,2025-02-01 16:52:07,add_to_cart,mobile,US,cpc,0
U04072,2025-03-22 06:00:00,view,desktop,US,none,0
U04072,2025-03-22 06:24:46,add_to_cart,desktop,US,none,0
U04073,2025-03-15 23:00:00,view,desktop,Canada,organic,0
U04073,2025-03-15 23:05:25,add_to_cart,desktop,Canada,organic,0
U04073,2025-03-15 23:36:08,checkout,desktop,Canada,organic,0
U04073,2025-03-16 01:07:00,purchase,desktop,Canada,organic,117.05
U04074,2025-03-04 09:00:00,view,mobile,Canada,referral,0
U04074,2025-03-04 09:24:50,add_to_cart,mobile,Canada,referral,0
U04074,2025-03-04 09:54:08,checkout,mobile,Canada,referral,0
U04074,2025-03-04 10:24:04,purchase,mobile,Canada,referral,61.28
U04075,2025-05-28 02:00:00,view,tablet,US,none,0
U04076,2025-04-20 10:00:00,view,desktop,UK,referral,0
U04076,2025-04-20 10:14:08,add_to_cart,desktop,UK,referral,0
U04076,2025-04-20 10:28:49,checkout,desktop,UK,referral,0
U04076,2025-04-20 11:01:39,purchase,desktop,UK,referral,82.7
U04077,2025-05-22 07:00:00,view,mobile,India,referral,0
U04077,2025-05-22 07:28:52,add_to_cart,mobile,India,referral,0
U04077,2025-05-22 07:57:15,checkout,mobile,India,referral,0
U04077,2025-05-22 08:47:15,purchase,mobile,India,referral,123.0
U04078,2025-06-22 02:00:00,view,mobile,US,organic,0
U04078,2025-06-22 02:18:11,add_to_cart,mobile,US,organic,0
U04078,2025-06-22 02:24:07,checkout,mobile,US,organic,0
U04078,2025-06-22 02:49:47,purchase,mobile,US,organic,112.63
U04079,2025-05-26 08:00:00,view,desktop,Canada,cpc,0
U04079,2025-05-26 08:12:37,add_to_cart,desktop,Canada,cpc,0
U04080,2025-04-29 10:00:00,view,mobile,UK,referral,0
U04080,2025-04-29 10:20:28,add_to_cart,mobile,UK,referral,0
U04080,2025-04-29 10:34:19,checkout,mobile,UK,referral,0
U04080,2025-04-29 11:18:53,purchase,mobile,UK,referral,85.16
U04081,2025-05-15 22:00:00,view,mobile,Brazil,cpc,0
U04082,2025-05-30 07:00:00,view,tablet,US,referral,0
U04082,2025-05-30 07:17:32,add_to_cart,tablet,US,referral,0
U04083,2025-04-13 16:00:00,view,desktop,Canada,cpc,0
U04084,2025-04-25 08:00:00,view,mobile,India,none,0
U04084,2025-04-25 08:25:39,add_to_cart,mobile,India,none,0
U04084,2025-04-25 08:42:38,checkout,mobile,India,none,0
U04084,2025-04-25 09:11:33,purchase,mobile,India,none,93.18
U04085,2025-01-08 05:00:00,view,desktop,UK,referral,0
U04085,2025-01-08 05:38:29,add_to_cart,desktop,UK,referral,0
U04085,2025-01-08 06:07:31,checkout,desktop,UK,referral,0
U04085,2025-01-08 06:33:01,purchase,desktop,UK,referral,145.65
U04086,2025-02-06 05:00:00,view,desktop,Brazil,referral,0
U04087,2025-04-29 00:00:00,view,mobile,US,organic,0
U04088,2025-05-24 22:00:00,view,desktop,Canada,referral,0
U04088,2025-05-24 22:44:29,add_to_cart,desktop,Canada,referral,0
U04088,2025-05-24 22:59:52,checkout,desktop,Canada,referral,0
U04088,2025-05-24 23:36:04,purchase,desktop,Canada,referral,75.36
U04089,2025-03-30 02:00:00,view,tablet,UK,none,0
U04090,2025-03-26 03:00:00,view,tablet,US,referral,0
U04091,2025-06-05 11:00:00,view,mobile,Canada,organic,0
U04092,2025-03-09 08:00:00,view,mobile,US,organic,0
U04093,2025-06-04 20:00:00,view,mobile,UK,organic,0
U04094,2025-03-04 07:00:00,view,mobile,India,organic,0
U04095,2025-01-27 18:00:00,view,desktop,US,organic,0
U04095,2025-01-27 18:27:42,add_to_cart,desktop,US,organic,0
U04095,2025-01-27 18:37:33,checkout,desktop,US,organic,0
U04095,2025-01-27 18:59:18,purchase,desktop,US,organic,90.62
U04096,2025-05-04 04:00:00,view,desktop,US,organic,0
U04096,2025-05-04 04:15:01,add_to_cart,desktop,US,organic,0
U04096,2025-05-04 04:28:32,checkout,desktop,US,organic,0
U04096,2025-05-04 04:32:39,purchase,desktop,US,organic,133.63
U04097,2025-05-22 01:00:00,view,mobile,Brazil,none,0
U04097,2025-05-22 01:38:25,add_to_cart,mobile,Brazil,none,0
U04097,2025-05-22 02:07:38,checkout,mobile,Brazil,none,0
U04097,2025-05-22 02:52:04,purchase,mobile,Brazil,none,49.92
U04098,2025-04-06 14:00:00,view,mobile,India,referral,0
U04098,2025-04-06 14:41:51,add_to_cart,mobile,India,referral,0
U04099,2025-05-10 04:00:00,view,mobile,Canada,referral,0
U04099,2025-05-10 04:18:46,add_to_cart,mobile,Canada,referral,0
U04100,2025-05-25 00:00:00,view,desktop,US,referral,0
U04100,2025-05-25 00:11:05,add_to_cart,desktop,US,referral,0
U04100,2025-05-25 00:18:21,checkout,desktop,US,referral,0
U04100,2025-05-25 00:43:05,purchase,desktop,US,referral,144.39
U04101,2025-04-13 07:00:00,view,desktop,Canada,organic,0
U04102,2025-05-05 04:00:00,view,mobile,UK,referral,0
U04102,2025-05-05 04:06:25,add_to_cart,mobile,UK,referral,0
U04102,2025-05-05 04:34:27,checkout,mobile,UK,referral,0
U04102,2025-05-05 04:44:06,purchase,mobile,UK,referral,112.55
U04103,2025-06-21 11:00:00,view,mobile,UK,none,0
U04103,2025-06-21 11:26:41,add_to_cart,mobile,UK,none,0
U04103,2025-06-21 11:48:10,checkout,mobile,UK,none,0
U04103,2025-06-21 11:57:47,purchase,mobile,UK,none,44.0
U04104,2025-06-27 03:00:00,view,mobile,US,cpc,0
U04104,2025-06-27 03:26:09,add_to_cart,mobile,US,cpc,0
U04105,2025-01-06 00:00:00,view,mobile,US,cpc,0
U04105,2025-01-06 00:16:57,add_to_cart,mobile,US,cpc,0
U04106,2025-06-01 01:00:00,view,tablet,US,cpc,0
U04107,2025-05-30 02:00:00,view,desktop,Brazil,organic,0
U04107,2025-05-30 02:21:58,add_to_cart,desktop,Brazil,organic,0
U04107,2025-05-30 03:06:35,checkout,desktop,Brazil,organic,0
U04107,2025-05-30 03:27:08,purchase,desktop,Brazil,organic,94.98
U04108,2025-06-29 15:00:00,view,mobile,US,none,0
U04108,2025-06-29 15:34:09,add_to_cart,mobile,US,none,0
U04109,2025-05-04 05:00:00,view,mobile,US,organic,0
U04110,2025-03-16 08:00:00,view,mobile,Canada,organic,0
U04110,2025-03-16 08:08:55,add_to_cart,mobile,Canada,organic,0
U04111,2025-01-29 16:00:00,view,tablet,US,cpc,0
U04111,2025-01-29 16:20:32,add_to_cart,tablet,US,cpc,0
U04111,2025-01-29 16:43:51,checkout,tablet,US,cpc,0
U04111,2025-01-29 17:25:24,purchase,tablet,US,cpc,84.78
U04112,2025-01-25 23:00:00,view,mobile,Canada,organic,0
U04113,2025-02-05 06:00:00,view,desktop,US,cpc,0
U04113,2025-02-05 06:10:49,add_to_cart,desktop,US,cpc,0
U04114,2025-02-05 18:00:00,view,mobile,US,organic,0
U04115,2025-01-30 19:00:00,view,tablet,Canada,none,0
U04115,2025-01-30 19:07:11,add_to_cart,tablet,Canada,none,0
U04116,2025-06-09 13:00:00,view,mobile,India,cpc,0
U04117,2025-02-25 09:00:00,view,mobile,UK,none,0
U04117,2025-02-25 09:04:58,add_to_cart,mobile,UK,none,0
U04117,2025-02-25 10:25:23,checkout,mobile,UK,none,0
U04117,2025-02-25 11:15:39,purchase,mobile,UK,none,82.09
U04118,2025-01-10 06:00:00,view,mobile,US,cpc,0
U04118,2025-01-10 06:22:47,add_to_cart,mobile,US,cpc,0
U04118,2025-01-10 06:51:14,checkout,mobile,US,cpc,0
U04118,2025-01-10 07:08:15,purchase,mobile,US,cpc,99.94
U04119,2025-04-10 02:00:00,view,desktop,UK,organic,0
U04120,2025-04-08 05:00:00,view,tablet,Brazil,cpc,0
U04120,2025-04-08 05:23:11,add_to_cart,tablet,Brazil,cpc,0
U04121,2025-06-05 13:00:00,view,mobile,UK,none,0
U04122,2025-04-06 04:00:00,view,desktop,US,referral,0
U04122,2025-04-06 04:06:01,add_to_cart,desktop,US,referral,0
U04122,2025-04-06 04:46:08,checkout,desktop,US,referral,0
U04122,2025-04-06 05:09:27,purchase,desktop,US,referral,88.08
U04123,2025-02-12 15:00:00,view,desktop,Brazil,cpc,0
U04123,2025-02-12 15:09:07,add_to_cart,desktop,Brazil,cpc,0
U04123,2025-02-12 15:20:59,checkout,desktop,Brazil,cpc,0
U04123,2025-02-12 15:39:47,purchase,desktop,Brazil,cpc,50.3
U04124,2025-01-18 10:00:00,view,desktop,UK,none,0
U04125,2025-03-23 14:00:00,view,mobile,UK,organic,0
U04125,2025-03-23 14:12:49,add_to_cart,mobile,UK,organic,0
U04125,2025-03-23 15:24:47,checkout,mobile,UK,organic,0
U04126,2025-01-01 09:00:00,view,desktop,UK,referral,0
U04126,2025-01-01 09:02:00,add_to_cart,desktop,UK,referral,0
U04126,2025-01-01 09:41:04,checkout,desktop,UK,referral,0
U04126,2025-01-01 10:59:04,purchase,desktop,UK,referral,103.25
U04127,2025-03-29 19:00:00,view,desktop,India,referral,0
U04128,2025-05-26 12:00:00,view,desktop,US,organic,0
U04129,2025-06-22 06:00:00,view,mobile,Brazil,referral,0
U04129,2025-06-22 06:08:58,add_to_cart,mobile,Brazil,referral,0
U04129,2025-06-22 06:41:30,checkout,mobile,Brazil,referral,0
U04129,2025-06-22 07:26:14,purchase,mobile,Brazil,referral,101.5
U04130,2025-02-13 02:00:00,view,mobile,US,referral,0
U04131,2025-05-04 09:00:00,view,mobile,Brazil,referral,0
U04131,2025-05-04 09:38:56,add_to_cart,mobile,Brazil,referral,0
U04131,2025-05-04 10:03:09,checkout,mobile,Brazil,referral,0
U04131,2025-05-04 10:54:55,purchase,mobile,Brazil,referral,113.56
U04132,2025-02-25 16:00:00,view,desktop,UK,none,0
U04133,2025-04-09 22:00:00,view,desktop,India,none,0
U04134,2025-05-19 10:00:00,view,desktop,Brazil,none,0
U04134,2025-05-19 10:09:21,add_to_cart,desktop,Brazil,none,0
U04135,2025-01-31 01:00:00,view,desktop,US,organic,0
U04135,2025-01-31 01:11:03,add_to_cart,desktop,US,organic,0
U04135,2025-01-31 01:38:49,checkout,desktop,US,organic,0
U04135,2025-01-31 02:49:53,purchase,desktop,US,organic,100.6
U04136,2025-04-07 11:00:00,view,tablet,Canada,referral,0
U04136,2025-04-07 11:49:25,add_to_cart,tablet,Canada,referral,0
U04137,2025-01-10 20:00:00,view,mobile,Canada,referral,0
U04138,2025-06-28 22:00:00,view,mobile,Canada,organic,0
U04138,2025-06-28 22:33:17,add_to_cart,mobile,Canada,organic,0
U04138,2025-06-28 23:19:15,checkout,mobile,Canada,organic,0
U04138,2025-06-29 00:21:55,purchase,mobile,Canada,organic,87.03
U04139,2025-01-12 08:00:00,view,mobile,India,organic,0
U04139,2025-01-12 08:21:51,add_to_cart,mobile,India,organic,0
U04140,2025-02-28 21:00:00,view,mobile,UK,cpc,0
U04141,2025-05-30 02:00:00,view,mobile,US,referral,0
U04141,2025-05-30 02:14:16,add_to_cart,mobile,US,referral,0
U04142,2025-01-22 10:00:00,view,desktop,US,referral,0
U04142,2025-01-22 10:21:52,add_to_cart,desktop,US,referral,0
U04142,2025-01-22 11:48:35,checkout,desktop,US,referral,0
U04142,2025-01-22 12:39:02,purchase,desktop,US,referral,108.99
U04143,2025-01-14 06:00:00,view,tablet,US,none,0
U04144,2025-06-01 03:00:00,view,desktop,Brazil,cpc,0
U04144,2025-06-01 03:06:47,add_to_cart,desktop,Brazil,cpc,0
U04144,2025-06-01 03:24:00,checkout,desktop,Brazil,cpc,0
U04145,2025-01-31 10:00:00,view,tablet,UK,referral,0
U04145,2025-01-31 10:08:15,add_to_cart,tablet,UK,referral,0
U04145,2025-01-31 10:54:36,checkout,tablet,UK,referral,0
U04145,2025-01-31 11:26:50,purchase,tablet,UK,referral,103.76
U04146,2025-03-24 19:00:00,view,tablet,US,referral,0
U04146,2025-03-24 19:12:42,add_to_cart,tablet,US,referral,0
U04147,2025-03-11 02:00:00,view,mobile,Brazil,none,0
U04147,2025-03-11 02:16:28,add_to_cart,mobile,Brazil,none,0
U04148,2025-04-23 21:00:00,view,desktop,India,referral,0
U04148,2025-04-23 21:19:34,add_to_cart,desktop,India,referral,0
U04148,2025-04-23 21:43:59,checkout,desktop,India,referral,0
U04148,2025-04-23 22:01:31,purchase,desktop,India,referral,112.07
U04149,2025-01-15 08:00:00,view,mobile,US,none,0
U04150,2025-05-04 17:00:00,view,mobile,UK,cpc,0
U04151,2025-01-07 12:00:00,view,desktop,US,referral,0
U04151,2025-01-07 12:13:56,add_to_cart,desktop,US,referral,0
U04151,2025-01-07 12:28:50,checkout,desktop,US,referral,0
U04151,2025-01-07 13:04:03,purchase,desktop,US,referral,106.17
U04152,2025-04-29 22:00:00,view,mobile,Brazil,cpc,0
U04152,2025-04-29 22:08:24,add_to_cart,mobile,Brazil,cpc,0
U04153,2025-02-10 07:00:00,view,tablet,UK,referral,0
U04153,2025-02-10 07:16:01,add_to_cart,tablet,UK,referral,0
U04153,2025-02-10 07:49:32,checkout,tablet,UK,referral,0
U04153,2025-02-10 08:25:04,purchase,tablet,UK,referral,81.15
U04154,2025-04-20 15:00:00,view,tablet,UK,referral,0
U04155,2025-06-21 00:00:00,view,mobile,Brazil,none,0
U04155,2025-06-21 00:32:45,add_to_cart,mobile,Brazil,none,0
U04155,2025-06-21 00:51:00,checkout,mobile,Brazil,none,0
U04155,2025-06-21 02:19:50,purchase,mobile,Brazil,none,64.7
U04156,2025-03-13 05:00:00,view,desktop,UK,organic,0
U04157,2025-02-08 14:00:00,view,mobile,US,organic,0
U04158,2025-04-19 23:00:00,view,tablet,Canada,referral,0
U04159,2025-05-13 12:00:00,view,desktop,India,referral,0
U04159,2025-05-13 12:21:42,add_to_cart,desktop,India,referral,0
U04159,2025-05-13 12:42:02,checkout,desktop,India,referral,0
U04160,2025-02-10 16:00:00,view,desktop,US,referral,0
U04160,2025-02-10 16:10:30,add_to_cart,desktop,US,referral,0
U04160,2025-02-10 16:42:13,checkout,desktop,US,referral,0
U04160,2025-02-10 17:10:25,purchase,desktop,US,referral,78.35
U04161,2025-04-18 06:00:00,view,desktop,US,referral,0
U04162,2025-01-07 16:00:00,view,desktop,Canada,organic,0
U04163,2025-06-04 05:00:00,view,mobile,US,referral,0
U04163,2025-06-04 05:22:36,add_to_cart,mobile,US,referral,0
U04163,2025-06-04 05:47:53,checkout,mobile,US,referral,0
U04164,2025-05-27 01:00:00,view,desktop,US,cpc,0
U04164,2025-05-27 01:03:11,add_to_cart,desktop,US,cpc,0
U04164,2025-05-27 01:37:12,checkout,desktop,US,cpc,0
U04164,2025-05-27 02:22:00,purchase,desktop,US,cpc,84.42
U04165,2025-01-16 18:00:00,view,desktop,UK,organic,0
U04165,2025-01-16 18:02:00,add_to_cart,desktop,UK,organic,0
U04166,2025-05-15 18:00:00,view,desktop,US,cpc,0
U04166,2025-05-15 18:14:22,add_to_cart,desktop,US,cpc,0
U04166,2025-05-15 18:37:56,checkout,desktop,US,cpc,0
U04166,2025-05-15 18:50:48,purchase,desktop,US,cpc,79.34
U04167,2025-04-03 15:00:00,view,mobile,Brazil,organic,0
U04168,2025-01-20 12:00:00,view,mobile,Brazil,organic,0
U04168,2025-01-20 12:06:35,add_to_cart,mobile,Brazil,organic,0
U04169,2025-03-28 08:00:00,view,mobile,UK,cpc,0
U04169,2025-03-28 08:29:11,add_to_cart,mobile,UK,cpc,0
U04169,2025-03-28 08:39:23,checkout,mobile,UK,cpc,0
U04169,2025-03-28 10:24:02,purchase,mobile,UK,cpc,105.03
U04170,2025-05-03 21:00:00,view,mobile,US,none,0
U04170,2025-05-03 21:06:55,add_to_cart,mobile,US,none,0
U04170,2025-05-03 21:10:29,checkout,mobile,US,none,0
U04170,2025-05-03 21:32:53,purchase,mobile,US,none,122.85
U04171,2025-04-04 03:00:00,view,mobile,UK,cpc,0
U04172,2025-06-13 23:00:00,view,mobile,UK,cpc,0
U04172,2025-06-13 23:09:07,add_to_cart,mobile,UK,cpc,0
U04172,2025-06-13 23:58:21,checkout,mobile,UK,cpc,0
U04172,2025-06-14 00:49:24,purchase,mobile,UK,cpc,99.9
U04173,2025-01-29 07:00:00,view,desktop,US,organic,0
U04173,2025-01-29 07:02:00,add_to_cart,desktop,US,organic,0
U04173,2025-01-29 07:46:57,checkout,desktop,US,organic,0
U04173,2025-01-29 07:57:35,purchase,desktop,US,organic,155.01
U04174,2025-03-28 08:00:00,view,desktop,US,organic,0
U04175,2025-02-20 15:00:00,view,mobile,Brazil,referral,0
U04176,2025-03-26 01:00:00,view,desktop,Canada,organic,0
U04177,2025-06-26 08:00:00,view,desktop,US,organic,0
U04177,2025-06-26 08:08:09,add_to_cart,desktop,US,organic,0
U04177,2025-06-26 08:42:00,checkout,desktop,US,organic,0
U04178,2025-02-04 12:00:00,view,tablet,US,organic,0
U04179,2025-04-12 09:00:00,view,desktop,India,organic,0
U04180,2025-03-27 14:00:00,view,mobile,UK,none,0
U04181,2025-05-16 10:00:00,view,mobile,India,none,0
U04181,2025-05-16 10:10:55,add_to_cart,mobile,India,none,0
U04181,2025-05-16 11:22:05,checkout,mobile,India,none,0
U04181,2025-05-16 11:46:33,purchase,mobile,India,none,64.3
U04182,2025-02-13 19:00:00,view,desktop,Canada,none,0
U04183,2025-02-27 16:00:00,view,desktop,US,none,0
U04183,2025-02-27 16:16:45,add_to_cart,desktop,US,none,0
U04184,2025-02-18 08:00:00,view,desktop,India,organic,0
U04185,2025-06-24 11:00:00,view,tablet,Brazil,organic,0
U04185,2025-06-24 11:12:22,add_to_cart,tablet,Brazil,organic,0
U04185,2025-06-24 11:57:37,checkout,tablet,Brazil,organic,0
U04186,2025-01-06 06:00:00,view,mobile,UK,cpc,0
U04186,2025-01-06 06:14:05,add_to_cart,mobile,UK,cpc,0
U04187,2025-04-03 08:00:00,view,desktop,UK,referral,0
U04187,2025-04-03 08:02:05,add_to_cart,desktop,UK,referral,0
U04187,2025-04-03 08:25:45,checkout,desktop,UK,referral,0
U04187,2025-04-03 08:49:40,purchase,desktop,UK,referral,100.81
U04188,2025-02-24 20:00:00,view,desktop,UK,referral,0
U04189,2025-02-26 22:00:00,view,mobile,US,referral,0
U04189,2025-02-26 22:04:54,add_to_cart,mobile,US,referral,0
U04189,2025-02-26 22:16:24,checkout,mobile,US,referral,0
U04189,2025-02-26 22:34:56,purchase,mobile,US,referral,105.59
U04190,2025-03-24 00:00:00,view,desktop,US,none,0
U04190,2025-03-24 00:42:05,add_to_cart,desktop,US,none,0
U04190,2025-03-24 01:20:03,checkout,desktop,US,none,0
U04191,2025-06-06 16:00:00,view,mobile,US,cpc,0
U04192,2025-03-31 13:00:00,view,desktop,India,organic,0
U04193,2025-04-18 14:00:00,view,mobile,India,organic,0
U04193,2025-04-18 14:39:14,add_to_cart,mobile,India,organic,0
U04193,2025-04-18 15:06:18,checkout,mobile,India,organic,0
U04193,2025-04-18 15:35:00,purchase,mobile,India,organic,75.28
U04194,2025-05-06 06:00:00,view,tablet,UK,organic,0
U04194,2025-05-06 06:16:33,add_to_cart,tablet,UK,organic,0
U04194,2025-05-06 06:45:08,checkout,tablet,UK,organic,0
U04195,2025-04-28 19:00:00,view,mobile,Brazil,organic,0
U04196,2025-01-07 21:00:00,view,desktop,UK,organic,0
U04196,2025-01-07 21:27:58,add_to_cart,desktop,UK,organic,0
U04196,2025-01-07 21:56:40,checkout,desktop,UK,organic,0
U04196,2025-01-07 22:29:44,purchase,desktop,UK,organic,84.23
U04197,2025-03-20 02:00:00,view,mobile,Canada,organic,0
U04197,2025-03-20 02:10:05,add_to_cart,mobile,Canada,organic,0
U04197,2025-03-20 02:31:11,checkout,mobile,Canada,organic,0
U04198,2025-01-04 22:00:00,view,mobile,Canada,organic,0
U04199,2025-04-17 13:00:00,view,desktop,Canada,referral,0
U04199,2025-04-17 13:14:02,add_to_cart,desktop,Canada,referral,0
U04199,2025-04-17 13:38:23,checkout,desktop,Canada,referral,0
U04199,2025-04-17 14:56:32,purchase,desktop,Canada,referral,90.84
U04200,2025-02-18 18:00:00,view,desktop,Canada,cpc,0
U04201,2025-05-10 04:00:00,view,desktop,US,none,0
U04202,2025-06-29 11:00:00,view,desktop,US,organic,0
U04202,2025-06-29 11:06:41,add_to_cart,desktop,US,organic,0
U04202,2025-06-29 11:12:55,checkout,desktop,US,organic,0
U04202,2025-06-29 11:36:46,purchase,desktop,US,organic,114.04
U04203,2025-03-04 08:00:00,view,mobile,Canada,organic,0
U04203,2025-03-04 08:04:09,add_to_cart,mobile,Canada,organic,0
U04204,2025-04-03 08:00:00,view,mobile,UK,cpc,0
U04205,2025-05-18 23:00:00,view,tablet,US,cpc,0
U04205,2025-05-18 23:21:19,add_to_cart,tablet,US,cpc,0
U04206,2025-06-22 10:00:00,view,mobile,UK,organic,0
U04206,2025-06-22 10:14:33,add_to_cart,mobile,UK,organic,0
U04206,2025-06-22 10:49:10,checkout,mobile,UK,organic,0
U04206,2025-06-22 10:55:31,purchase,mobile,UK,organic,58.91
U04207,2025-01-24 20:00:00,view,desktop,Canada,organic,0
U04207,2025-01-24 20:09:14,add_to_cart,desktop,Canada,organic,0
U04208,2025-06-10 13:00:00,view,mobile,India,organic,0
U04208,2025-06-10 13:27:20,add_to_cart,mobile,India,organic,0
U04208,2025-06-10 13:41:40,checkout,mobile,India,organic,0
U04209,2025-06-23 02:00:00,view,tablet,Canada,cpc,0
U04210,2025-02-24 17:00:00,view,desktop,Brazil,referral,0
U04210,2025-02-24 17:24:44,add_to_cart,desktop,Brazil,referral,0
U04210,2025-02-24 17:31:31,checkout,desktop,Brazil,referral,0
U04210,2025-02-24 17:41:49,purchase,desktop,Brazil,referral,53.32
U04211,2025-03-28 03:00:00,view,desktop,India,referral,0
U04211,2025-03-28 03:11:39,add_to_cart,desktop,India,referral,0
U04211,2025-03-28 04:05:14,checkout,desktop,India,referral,0
U04211,2025-03-28 04:16:35,purchase,desktop,India,referral,100.54
U04212,2025-01-13 15:00:00,view,desktop,UK,organic,0
U04212,2025-01-13 15:07:45,add_to_cart,desktop,UK,organic,0
U04212,2025-01-13 15:58:53,checkout,desktop,UK,organic,0
U04212,2025-01-13 16:11:56,purchase,desktop,UK,organic,78.45
U04213,2025-04-13 02:00:00,view,mobile,UK,referral,0
U04213,2025-04-13 02:14:56,add_to_cart,mobile,UK,referral,0
U04214,2025-03-22 12:00:00,view,mobile,US,none,0
U04215,2025-05-01 23:00:00,view,desktop,US,referral,0
U04215,2025-05-01 23:35:36,add_to_cart,desktop,US,referral,0
U04215,2025-05-01 23:37:36,checkout,desktop,US,referral,0
U04215,2025-05-01 23:40:33,purchase,desktop,US,referral,148.94
U04216,2025-03-02 16:00:00,view,mobile,Canada,none,0
U04216,2025-03-02 16:09:28,add_to_cart,mobile,Canada,none,0
U04216,2025-03-02 16:43:04,checkout,mobile,Canada,none,0
U04217,2025-03-23 16:00:00,view,desktop,India,cpc,0
U04218,2025-04-28 10:00:00,view,mobile,US,none,0
U04219,2025-04-07 13:00:00,view,desktop,Canada,organic,0
U04220,2025-04-05 11:00:00,view,desktop,India,organic,0
U04220,2025-04-05 11:06:58,add_to_cart,desktop,India,organic,0
U04220,2025-04-05 11:11:24,checkout,desktop,India,organic,0
U04220,2025-04-05 11:35:20,purchase,desktop,India,organic,68.79
U04221,2025-06-29 08:00:00,view,mobile,UK,referral,0
U04221,2025-06-29 08:15:36,add_to_cart,mobile,UK,referral,0
U04221,2025-06-29 08:39:31,checkout,mobile,UK,referral,0
U04221,2025-06-29 08:45:44,purchase,mobile,UK,referral,105.51
U04222,2025-04-13 16:00:00,view,mobile,US,organic,0
U04222,2025-04-13 16:18:12,add_to_cart,mobile,US,organic,0
U04222,2025-04-13 16:39:35,checkout,mobile,US,organic,0
U04222,2025-04-13 17:42:53,purchase,mobile,US,organic,116.22
U04223,2025-06-06 14:00:00,view,desktop,US,none,0
U04224,2025-02-04 19:00:00,view,mobile,Canada,referral,0
U04224,2025-02-04 19:27:13,add_to_cart,mobile,Canada,referral,0
U04224,2025-02-04 19:50:03,checkout,mobile,Canada,referral,0
U04224,2025-02-04 20:15:33,purchase,mobile,Canada,referral,50.73
U04225,2025-02-17 16:00:00,view,mobile,US,referral,0
U04225,2025-02-17 16:24:45,add_to_cart,mobile,US,referral,0
U04225,2025-02-17 17:28:04,checkout,mobile,US,referral,0
U04225,2025-02-17 18:29:01,purchase,mobile,US,referral,42.33
U04226,2025-06-24 13:00:00,view,desktop,US,none,0
U04226,2025-06-24 13:28:54,add_to_cart,desktop,US,none,0
U04226,2025-06-24 13:42:18,checkout,desktop,US,none,0
U04226,2025-06-24 14:35:38,purchase,desktop,US,none,105.45
U04227,2025-02-12 01:00:00,view,desktop,India,organic,0
U04227,2025-02-12 01:22:16,add_to_cart,desktop,India,organic,0
U04227,2025-02-12 01:51:06,checkout,desktop,India,organic,0
U04227,2025-02-12 02:21:21,purchase,desktop,India,organic,95.26
U04228,2025-03-28 23:00:00,view,mobile,US,cpc,0
U04228,2025-03-28 23:05:34,add_to_cart,mobile,US,cpc,0
U04228,2025-03-28 23:14:49,checkout,mobile,US,cpc,0
U04228,2025-03-29 00:19:46,purchase,mobile,US,cpc,132.51
U04229,2025-03-19 21:00:00,view,mobile,UK,referral,0
U04229,2025-03-19 21:51:17,add_to_cart,mobile,UK,referral,0
U04230,2025-03-19 07:00:00,view,desktop,Canada,none,0
U04231,2025-03-12 03:00:00,view,tablet,US,none,0
U04232,2025-01-08 01:00:00,view,desktop,US,cpc,0
U04232,2025-01-08 01:26:33,add_to_cart,desktop,US,cpc,0
U04233,2025-05-16 19:00:00,view,desktop,UK,none,0
U04233,2025-05-16 19:07:47,add_to_cart,desktop,UK,none,0
U04233,2025-05-16 19:49:07,checkout,desktop,UK,none,0
U04234,2025-04-20 11:00:00,view,desktop,Canada,organic,0
U04234,2025-04-20 11:03:19,add_to_cart,desktop,Canada,organic,0
U04234,2025-04-20 11:35:27,checkout,desktop,Canada,organic,0
U04234,2025-04-20 12:04:02,purchase,desktop,Canada,organic,87.76
U04235,2025-02-12 07:00:00,view,desktop,India,none,0
U04235,2025-02-12 07:32:03,add_to_cart,desktop,India,none,0
U04235,2025-02-12 08:06:19,checkout,desktop,India,none,0
U04235,2025-02-12 09:22:01,purchase,desktop,India,none,64.7
U04236,2025-02-04 23:00:00,view,desktop,India,none,0
U04236,2025-02-04 23:16:58,add_to_cart,desktop,India,none,0
U04236,2025-02-05 00:09:28,checkout,desktop,India,none,0
U04236,2025-02-05 01:02:46,purchase,desktop,India,none,84.8
U04237,2025-04-21 16:00:00,view,mobile,UK,cpc,0
U04238,2025-01-12 14:00:00,view,tablet,UK,none,0
U04239,2025-03-06 07:00:00,view,desktop,US,organic,0
U04240,2025-05-29 09:00:00,view,tablet,US,organic,0
U04240,2025-05-29 09:20:25,add_to_cart,tablet,US,organic,0
U04241,2025-03-22 06:00:00,view,desktop,US,referral,0
U04241,2025-03-22 06:32:43,add_to_cart,desktop,US,referral,0
U04241,2025-03-22 07:10:12,checkout,desktop,US,referral,0
U04241,2025-03-22 08:12:53,purchase,desktop,US,referral,102.05
U04242,2025-03-22 17:00:00,view,desktop,US,organic,0
U04242,2025-03-22 17:20:36,add_to_cart,desktop,US,organic,0
U04242,2025-03-22 17:28:24,checkout,desktop,US,organic,0
U04242,2025-03-22 18:02:45,purchase,desktop,US,organic,88.68
U04243,2025-01-07 23:00:00,view,mobile,US,cpc,0
U04244,2025-06-13 22:00:00,view,desktop,US,referral,0
U04245,2025-05-16 15:00:00,view,mobile,UK,cpc,0
U04245,2025-05-16 15:25:41,add_to_cart,mobile,UK,cpc,0
U04245,2025-05-16 15:50:29,checkout,mobile,UK,cpc,0
U04245,2025-05-16 16:41:23,purchase,mobile,UK,cpc,60.02
U04246,2025-01-05 18:00:00,view,mobile,US,referral,0
U04246,2025-01-05 18:25:06,add_to_cart,mobile,US,referral,0
U04246,2025-01-05 19:22:30,checkout,mobile,US,referral,0
U04246,2025-01-05 19:50:41,purchase,mobile,US,referral,79.36
U04247,2025-05-17 09:00:00,view,desktop,US,referral,0
U04247,2025-05-17 09:05:52,add_to_cart,desktop,US,referral,0
U04247,2025-05-17 09:24:30,checkout,desktop,US,referral,0
U04247,2025-05-17 10:27:03,purchase,desktop,US,referral,124.28
U04248,2025-06-21 21:00:00,view,mobile,US,none,0
U04248,2025-06-21 21:03:26,add_to_cart,mobile,US,none,0
U04248,2025-06-21 22:00:10,checkout,mobile,US,none,0
U04248,2025-06-21 22:04:56,purchase,mobile,US,none,83.33
U04249,2025-01-09 17:00:00,view,desktop,Canada,referral,0
U04249,2025-01-09 17:37:55,add_to_cart,desktop,Canada,referral,0
U04249,2025-01-09 18:09:05,checkout,desktop,Canada,referral,0
U04249,2025-01-09 18:35:19,purchase,desktop,Canada,referral,94.9
U04250,2025-01-27 15:00:00,view,desktop,India,organic,0
U04250,2025-01-27 15:15:47,add_to_cart,desktop,India,organic,0
U04250,2025-01-27 15:22:22,checkout,desktop,India,organic,0
U04250,2025-01-27 16:47:26,purchase,desktop,India,organic,90.85
U04251,2025-06-22 06:00:00,view,mobile,US,referral,0
U04251,2025-06-22 06:16:51,add_to_cart,mobile,US,referral,0
U04251,2025-06-22 06:36:15,checkout,mobile,US,referral,0
U04251,2025-06-22 06:58:18,purchase,mobile,US,referral,133.51
U04252,2025-01-11 07:00:00,view,mobile,Canada,organic,0
U04252,2025-01-11 07:43:12,add_to_cart,mobile,Canada,organic,0
U04252,2025-01-11 07:59:57,checkout,mobile,Canada,organic,0
U04252,2025-01-11 08:41:07,purchase,mobile,Canada,organic,120.24
U04253,2025-06-16 20:00:00,view,mobile,UK,referral,0
U04253,2025-06-16 20:03:29,add_to_cart,mobile,UK,referral,0
U04253,2025-06-16 20:13:19,checkout,mobile,UK,referral,0
U04253,2025-06-16 21:22:57,purchase,mobile,UK,referral,105.44
U04254,2025-05-15 18:00:00,view,desktop,US,referral,0
U04254,2025-05-15 18:10:05,add_to_cart,desktop,US,referral,0
U04255,2025-04-21 11:00:00,view,mobile,US,organic,0
U04255,2025-04-21 11:18:09,add_to_cart,mobile,US,organic,0
U04255,2025-04-21 11:59:13,checkout,mobile,US,organic,0
U04255,2025-04-21 12:10:28,purchase,mobile,US,organic,132.18
U04256,2025-04-23 02:00:00,view,mobile,UK,organic,0
U04256,2025-04-23 02:36:39,add_to_cart,mobile,UK,organic,0
U04256,2025-04-23 02:50:54,checkout,mobile,UK,organic,0
U04256,2025-04-23 04:18:46,purchase,mobile,UK,organic,101.35
U04257,2025-02-22 20:00:00,view,mobile,India,organic,0
U04257,2025-02-22 20:33:17,add_to_cart,mobile,India,organic,0
U04258,2025-03-21 18:00:00,view,mobile,US,referral,0
U04259,2025-05-08 12:00:00,view,desktop,US,cpc,0
U04259,2025-05-08 12:29:13,add_to_cart,desktop,US,cpc,0
U04259,2025-05-08 12:48:57,checkout,desktop,US,cpc,0
U04260,2025-03-18 14:00:00,view,desktop,US,organic,0
U04260,2025-03-18 14:05:27,add_to_cart,desktop,US,organic,0
U04260,2025-03-18 14:39:36,checkout,desktop,US,organic,0
U04260,2025-03-18 15:29:16,purchase,desktop,US,organic,156.64
U04261,2025-06-07 03:00:00,view,desktop,US,referral,0
U04261,2025-06-07 03:28:30,add_to_cart,desktop,US,referral,0
U04261,2025-06-07 04:15:52,checkout,desktop,US,referral,0
U04261,2025-06-07 04:37:12,purchase,desktop,US,referral,72.62
U04262,2025-04-07 22:00:00,view,desktop,UK,cpc,0
U04262,2025-04-07 22:08:17,add_to_cart,desktop,UK,cpc,0
U04263,2025-03-17 23:00:00,view,desktop,India,referral,0
U04263,2025-03-17 23:11:02,add_to_cart,desktop,India,referral,0
U04263,2025-03-17 23:28:15,checkout,desktop,India,referral,0
U04263,2025-03-18 00:03:20,purchase,desktop,India,referral,104.1
U04264,2025-06-14 02:00:00,view,desktop,US,organic,0
U04265,2025-03-29 15:00:00,view,mobile,US,organic,0
U04265,2025-03-29 15:17:59,add_to_cart,mobile,US,organic,0
U04265,2025-03-29 16:14:52,checkout,mobile,US,organic,0
U04265,2025-03-29 17:17:22,purchase,mobile,US,organic,94.87
U04266,2025-02-01 12:00:00,view,mobile,UK,organic,0
U04266,2025-02-01 12:09:33,add_to_cart,mobile,UK,organic,0
U04266,2025-02-01 12:22:12,checkout,mobile,UK,organic,0
U04266,2025-02-01 12:34:57,purchase,mobile,UK,organic,104.01
U04267,2025-01-06 21:00:00,view,mobile,Canada,none,0
U04268,2025-06-23 16:00:00,view,mobile,UK,organic,0
U04268,2025-06-23 16:59:43,add_to_cart,mobile,UK,organic,0
U04269,2025-05-11 07:00:00,view,desktop,UK,cpc,0
U04269,2025-05-11 07:13:23,add_to_cart,desktop,UK,cpc,0
U04270,2025-01-10 04:00:00,view,desktop,UK,none,0
U04271,2025-02-14 14:00:00,view,mobile,India,organic,0
U04271,2025-02-14 14:10:16,add_to_cart,mobile,India,organic,0
U04272,2025-03-30 12:00:00,view,tablet,Brazil,cpc,0
U04272,2025-03-30 12:19:22,add_to_cart,tablet,Brazil,cpc,0
U04272,2025-03-30 13:22:40,checkout,tablet,Brazil,cpc,0
U04272,2025-03-30 13:31:11,purchase,tablet,Brazil,cpc,75.24
U04273,2025-05-08 14:00:00,view,mobile,India,cpc,0
U04273,2025-05-08 14:06:35,add_to_cart,mobile,India,cpc,0
U04273,2025-05-08 14:28:10,checkout,mobile,India,cpc,0
U04273,2025-05-08 14:37:51,purchase,mobile,India,cpc,79.55
U04274,2025-06-18 17:00:00,view,mobile,US,organic,0
U04275,2025-04-23 17:00:00,view,tablet,India,organic,0
U04276,2025-05-12 09:00:00,view,desktop,India,cpc,0
U04277,2025-03-13 23:00:00,view,desktop,Brazil,referral,0
U04277,2025-03-13 23:09:57,add_to_cart,desktop,Brazil,referral,0
U04277,2025-03-13 23:43:22,checkout,desktop,Brazil,referral,0
U04277,2025-03-14 00:07:07,purchase,desktop,Brazil,referral,68.56
U04278,2025-01-26 11:00:00,view,tablet,Brazil,cpc,0
U04279,2025-02-02 04:00:00,view,mobile,US,organic,0
U04280,2025-03-14 23:00:00,view,mobile,UK,cpc,0
U04280,2025-03-14 23:07:04,add_to_cart,mobile,UK,cpc,0
U04280,2025-03-14 23:56:37,checkout,mobile,UK,cpc,0
U04280,2025-03-15 00:40:03,purchase,mobile,UK,cpc,132.07
U04281,2025-06-28 08:00:00,view,desktop,US,organic,0
U04281,2025-06-28 08:06:26,add_to_cart,desktop,US,organic,0
U04281,2025-06-28 08:45:53,checkout,desktop,US,organic,0
U04281,2025-06-28 10:47:01,purchase,desktop,US,organic,107.2
U04282,2025-04-29 02:00:00,view,desktop,UK,none,0
U04282,2025-04-29 02:03:50,add_to_cart,desktop,UK,none,0
U04282,2025-04-29 02:30:04,checkout,desktop,UK,none,0
U04282,2025-04-29 02:58:28,purchase,desktop,UK,none,93.89
U04283,2025-04-29 20:00:00,view,mobile,Canada,referral,0
U04284,2025-01-20 10:00:00,view,tablet,UK,organic,0
U04284,2025-01-20 10:27:30,add_to_cart,tablet,UK,organic,0
U04285,2025-03-21 21:00:00,view,mobile,US,cpc,0
U04286,2025-04-08 19:00:00,view,mobile,US,cpc,0
U04286,2025-04-08 19:58:49,add_to_cart,mobile,US,cpc,0
U04286,2025-04-08 20:34:00,checkout,mobile,US,cpc,0
U04286,2025-04-08 20:53:39,purchase,mobile,US,cpc,80.42
U04287,2025-06-09 08:00:00,view,mobile,UK,cpc,0
U04287,2025-06-09 08:07:27,add_to_cart,mobile,UK,cpc,0
U04288,2025-05-06 15:00:00,view,desktop,UK,referral,0
U04288,2025-05-06 15:22:49,add_to_cart,desktop,UK,referral,0
U04288,2025-05-06 16:04:04,checkout,desktop,UK,referral,0
U04288,2025-05-06 16:25:16,purchase,desktop,UK,referral,96.18
U04289,2025-06-16 08:00:00,view,desktop,US,none,0
U04290,2025-03-24 07:00:00,view,mobile,US,referral,0
U04291,2025-01-03 01:00:00,view,mobile,UK,none,0
U04291,2025-01-03 01:14:02,add_to_cart,mobile,UK,none,0
U04292,2025-03-28 16:00:00,view,mobile,US,none,0
U04293,2025-02-25 14:00:00,view,desktop,India,organic,0
U04293,2025-02-25 14:15:52,add_to_cart,desktop,India,organic,0
U04293,2025-02-25 14:29:35,checkout,desktop,India,organic,0
U04294,2025-02-02 02:00:00,view,mobile,UK,organic,0
U04294,2025-02-02 02:06:32,add_to_cart,mobile,UK,organic,0
U04294,2025-02-02 02:42:26,checkout,mobile,UK,organic,0
U04294,2025-02-02 03:35:58,purchase,mobile,UK,organic,84.71
U04295,2025-05-19 01:00:00,view,mobile,US,organic,0
U04295,2025-05-19 01:22:46,add_to_cart,mobile,US,organic,0
U04295,2025-05-19 01:30:32,checkout,mobile,US,organic,0
U04295,2025-05-19 01:55:22,purchase,mobile,US,organic,95.99
U04296,2025-03-01 00:00:00,view,mobile,US,referral,0
U04297,2025-01-09 00:00:00,view,tablet,Canada,referral,0
U04297,2025-01-09 00:07:24,add_to_cart,tablet,Canada,referral,0
U04297,2025-01-09 00:15:31,checkout,tablet,Canada,referral,0
U04298,2025-05-04 01:00:00,view,desktop,UK,referral,0
U04298,2025-05-04 01:09:05,add_to_cart,desktop,UK,referral,0
U04298,2025-05-04 01:33:24,checkout,desktop,UK,referral,0
U04298,2025-05-04 01:58:12,purchase,desktop,UK,referral,94.03
U04299,2025-03-19 19:00:00,view,mobile,US,organic,0
U04300,2025-01-26 11:00:00,view,mobile,US,organic,0
U04301,2025-04-14 01:00:00,view,desktop,India,cpc,0
U04302,2025-05-27 13:00:00,view,desktop,India,organic,0
U04302,2025-05-27 13:28:51,add_to_cart,desktop,India,organic,0
U04302,2025-05-27 13:52:16,checkout,desktop,India,organic,0
U04303,2025-06-23 14:00:00,view,desktop,Canada,cpc,0
U04304,2025-01-01 21:00:00,view,mobile,India,organic,0
U04305,2025-05-28 20:00:00,view,desktop,UK,cpc,0
U04305,2025-05-28 20:10:11,add_to_cart,desktop,UK,cpc,0
U04305,2025-05-28 20:38:55,checkout,desktop,UK,cpc,0
U04305,2025-05-28 21:44:07,purchase,desktop,UK,cpc,55.21
U04306,2025-05-10 11:00:00,view,desktop,UK,organic,0
U04306,2025-05-10 11:12:29,add_to_cart,desktop,UK,organic,0
U04306,2025-05-10 11:30:20,checkout,desktop,UK,organic,0
U04306,2025-05-10 12:00:04,purchase,desktop,UK,organic,111.57
U04307,2025-02-21 08:00:00,view,desktop,Canada,organic,0
U04307,2025-02-21 08:12:55,add_to_cart,desktop,Canada,organic,0
U04308,2025-04-17 19:00:00,view,tablet,US,cpc,0
U04309,2025-05-12 23:00:00,view,mobile,Brazil,organic,0
U04309,2025-05-12 23:20:52,add_to_cart,mobile,Brazil,organic,0
U04309,2025-05-13 00:35:08,checkout,mobile,Brazil,organic,0
U04309,2025-05-13 01:18:08,purchase,mobile,Brazil,organic,67.34
U04310,2025-01-19 23:00:00,view,mobile,India,cpc,0
U04311,2025-05-03 04:00:00,view,tablet,US,organic,0
U04312,2025-05-18 10:00:00,view,mobile,Brazil,cpc,0
U04312,2025-05-18 10:21:11,add_to_cart,mobile,Brazil,cpc,0
U04313,2025-04-29 18:00:00,view,desktop,US,none,0
U04313,2025-04-29 18:10:08,add_to_cart,desktop,US,none,0
U04314,2025-01-02 05:00:00,view,mobile,India,cpc,0
U04315,2025-02-15 19:00:00,view,desktop,Brazil,referral,0
U04315,2025-02-15 19:05:47,add_to_cart,desktop,Brazil,referral,0
U04315,2025-02-15 19:37:10,checkout,desktop,Brazil,referral,0
U04315,2025-02-15 20:16:06,purchase,desktop,Brazil,referral,86.0
U04316,2025-05-01 20:00:00,view,mobile,US,referral,0
U04317,2025-01-27 00:00:00,view,mobile,Canada,organic,0
U04317,2025-01-27 00:02:00,add_to_cart,mobile,Canada,organic,0
U04317,2025-01-27 00:34:58,checkout,mobile,Canada,organic,0
U04317,2025-01-27 02:35:14,purchase,mobile,Canada,organic,47.81
U04318,2025-05-11 23:00:00,view,mobile,UK,referral,0
U04319,2025-03-06 11:00:00,view,desktop,UK,organic,0
U04319,2025-03-06 11:02:47,add_to_cart,desktop,UK,organic,0
U04319,2025-03-06 12:05:43,checkout,desktop,UK,organic,0
U04319,2025-03-06 12:29:46,purchase,desktop,UK,organic,69.52
U04320,2025-06-14 10:00:00,view,mobile,India,cpc,0
U04321,2025-05-19 07:00:00,view,mobile,US,organic,0
U04321,2025-05-19 07:12:40,add_to_cart,mobile,US,organic,0
U04322,2025-03-23 21:00:00,view,desktop,UK,cpc,0
U04323,2025-05-08 21:00:00,view,desktop,US,cpc,0
U04323,2025-05-08 21:06:13,add_to_cart,desktop,US,cpc,0
U04323,2025-05-08 21:39:24,checkout,desktop,US,cpc,0
U04323,2025-05-08 21:50:01,purchase,desktop,US,cpc,92.93
U04324,2025-06-10 12:00:00,view,mobile,Brazil,organic,0
U04324,2025-06-10 12:07:43,add_to_cart,mobile,Brazil,organic,0
U04324,2025-06-10 12:23:36,checkout,mobile,Brazil,organic,0
U04324,2025-06-10 13:31:47,purchase,mobile,Brazil,organic,84.09
U04325,2025-03-01 02:00:00,view,tablet,Brazil,referral,0
U04325,2025-03-01 02:30:56,add_to_cart,tablet,Brazil,referral,0
U04325,2025-03-01 03:22:52,checkout,tablet,Brazil,referral,0
U04325,2025-03-01 04:09:42,purchase,tablet,Brazil,referral,41.53
U04326,2025-02-18 06:00:00,view,desktop,US,none,0
U04326,2025-02-18 06:13:39,add_to_cart,desktop,US,none,0
U04327,2025-06-10 11:00:00,view,desktop,US,organic,0
U04328,2025-02-12 06:00:00,view,mobile,Canada,cpc,0
U04329,2025-05-21 14:00:00,view,desktop,UK,referral,0
U04329,2025-05-21 14:11:27,add_to_cart,desktop,UK,referral,0
U04329,2025-05-21 14:15:53,checkout,desktop,UK,referral,0
U04329,2025-05-21 14:32:48,purchase,desktop,UK,referral,74.89
U04330,2025-01-09 09:00:00,view,mobile,India,organic,0
U04330,2025-01-09 09:11:56,add_to_cart,mobile,India,organic,0
U04331,2025-03-19 15:00:00,view,mobile,India,referral,0
U04331,2025-03-19 15:49:33,add_to_cart,mobile,India,referral,0
U04332,2025-05-14 17:00:00,view,desktop,Canada,referral,0
U04332,2025-05-14 17:21:18,add_to_cart,desktop,Canada,referral,0
U04332,2025-05-14 17:34:52,checkout,desktop,Canada,referral,0
U04332,2025-05-14 18:24:01,purchase,desktop,Canada,referral,107.03
U04333,2025-02-17 06:00:00,view,desktop,UK,cpc,0
U04333,2025-02-17 06:19:44,add_to_cart,desktop,UK,cpc,0
U04333,2025-02-17 06:43:42,checkout,desktop,UK,cpc,0
U04333,2025-02-17 06:48:31,purchase,desktop,UK,cpc,90.67
U04334,2025-04-14 15:00:00,view,desktop,US,referral,0
U04334,2025-04-14 15:07:41,add_to_cart,desktop,US,referral,0
U04334,2025-04-14 15:36:24,checkout,desktop,US,referral,0
U04334,2025-04-14 16:34:46,purchase,desktop,US,referral,129.08
U04335,2025-05-07 12:00:00,view,mobile,US,cpc,0
U04335,2025-05-07 12:15:45,add_to_cart,mobile,US,cpc,0
U04335,2025-05-07 12:31:08,checkout,mobile,US,cpc,0
U04335,2025-05-07 12:45:41,purchase,mobile,US,cpc,85.9
U04336,2025-02-24 05:00:00,view,mobile,UK,cpc,0
U04337,2025-06-04 09:00:00,view,desktop,US,cpc,0
U04338,2025-05-16 17:00:00,view,desktop,Canada,organic,0
U04338,2025-05-16 17:07:12,add_to_cart,desktop,Canada,organic,0
U04338,2025-05-16 17:26:11,checkout,desktop,Canada,organic,0
U04339,2025-04-04 02:00:00,view,mobile,UK,organic,0
U04339,2025-04-04 02:24:56,add_to_cart,mobile,UK,organic,0
U04339,2025-04-04 03:07:51,checkout,mobile,UK,organic,0
U04339,2025-04-04 04:40:05,purchase,mobile,UK,organic,91.5
U04340,2025-06-11 03:00:00,view,desktop,UK,organic,0
U04340,2025-06-11 03:13:43,add_to_cart,desktop,UK,organic,0
U04340,2025-06-11 03:42:14,checkout,desktop,UK,organic,0
U04340,2025-06-11 04:58:10,purchase,desktop,UK,organic,84.97
U04341,2025-06-23 09:00:00,view,desktop,India,organic,0
U04342,2025-05-11 16:00:00,view,mobile,UK,cpc,0
U04343,2025-03-24 18:00:00,view,mobile,Brazil,organic,0
U04343,2025-03-24 18:21:24,add_to_cart,mobile,Brazil,organic,0
U04343,2025-03-24 18:50:44,checkout,mobile,Brazil,organic,0
U04343,2025-03-24 19:04:42,purchase,mobile,Brazil,organic,91.23
U04344,2025-04-16 10:00:00,view,mobile,Canada,none,0
U04344,2025-04-16 10:33:45,add_to_cart,mobile,Canada,none,0
U04344,2025-04-16 11:07:54,checkout,mobile,Canada,none,0
U04344,2025-04-16 12:25:42,purchase,mobile,Canada,none,71.2
U04345,2025-04-14 02:00:00,view,desktop,Brazil,none,0
U04345,2025-04-14 02:07:27,add_to_cart,desktop,Brazil,none,0
U04345,2025-04-14 02:19:24,checkout,desktop,Brazil,none,0
U04345,2025-04-14 02:28:56,purchase,desktop,Brazil,none,27.56
U04346,2025-02-16 17:00:00,view,desktop,UK,referral,0
U04346,2025-02-16 17:07:16,add_to_cart,desktop,UK,referral,0
U04346,2025-02-16 17:33:52,checkout,desktop,UK,referral,0
U04346,2025-02-16 17:50:39,purchase,desktop,UK,referral,133.55
U04347,2025-01-14 12:00:00,view,mobile,US,referral,0
U04347,2025-01-14 12:27:24,add_to_cart,mobile,US,referral,0
U04348,2025-03-22 21:00:00,view,mobile,US,organic,0
U04348,2025-03-22 21:33:16,add_to_cart,mobile,US,organic,0
U04348,2025-03-22 21:46:52,checkout,mobile,US,organic,0
U04348,2025-03-22 22:36:53,purchase,mobile,US,organic,74.45
U04349,2025-06-26 14:00:00,view,mobile,US,organic,0
U04350,2025-06-24 05:00:00,view,mobile,India,referral,0
U04350,2025-06-24 05:44:13,add_to_cart,mobile,India,referral,0
U04350,2025-06-24 05:52:36,checkout,mobile,India,referral,0
U04350,2025-06-24 06:44:14,purchase,mobile,India,referral,86.23
U04351,2025-02-03 18:00:00,view,tablet,US,referral,0
U04351,2025-02-03 18:25:12,add_to_cart,tablet,US,referral,0
U04351,2025-02-03 18:51:08,checkout,tablet,US,referral,0
U04351,2025-02-03 19:14:31,purchase,tablet,US,referral,89.95
U04352,2025-05-10 02:00:00,view,mobile,Brazil,cpc,0
U04352,2025-05-10 02:20:24,add_to_cart,mobile,Brazil,cpc,0
U04352,2025-05-10 02:34:56,checkout,mobile,Brazil,cpc,0
U04352,2025-05-10 03:30:33,purchase,mobile,Brazil,cpc,38.71
U04353,2025-06-25 11:00:00,view,desktop,Brazil,none,0
U04353,2025-06-25 11:04:29,add_to_cart,desktop,Brazil,none,0
U04354,2025-02-17 02:00:00,view,desktop,Canada,referral,0
U04355,2025-05-03 15:00:00,view,mobile,UK,cpc,0
U04355,2025-05-03 15:39:49,add_to_cart,mobile,UK,cpc,0
U04355,2025-05-03 16:25:07,checkout,mobile,UK,cpc,0
U04355,2025-05-03 16:37:12,purchase,mobile,UK,cpc,71.52
U04356,2025-02-27 15:00:00,view,mobile,US,organic,0
U04356,2025-02-27 15:24:40,add_to_cart,mobile,US,organic,0
U04356,2025-02-27 15:54:05,checkout,mobile,US,organic,0
U04356,2025-02-27 18:25:58,purchase,mobile,US,organic,101.16
U04357,2025-03-22 20:00:00,view,mobile,India,none,0
U04357,2025-03-22 20:17:41,add_to_cart,mobile,India,none,0
U04357,2025-03-22 21:16:19,checkout,mobile,India,none,0
U04357,2025-03-22 21:58:37,purchase,mobile,India,none,103.63
U04358,2025-04-30 21:00:00,view,desktop,US,none,0
U04359,2025-03-25 23:00:00,view,mobile,US,organic,0
U04359,2025-03-25 23:20:58,add_to_cart,mobile,US,organic,0
U04359,2025-03-25 23:34:53,checkout,mobile,US,organic,0
U04359,2025-03-26 01:20:19,purchase,mobile,US,organic,92.41
U04360,2025-01-31 07:00:00,view,mobile,US,none,0
U04361,2025-06-17 23:00:00,view,mobile,US,organic,0
U04361,2025-06-17 23:39:35,add_to_cart,mobile,US,organic,0
U04361,2025-06-18 00:30:43,checkout,mobile,US,organic,0
U04361,2025-06-18 00:59:11,purchase,mobile,US,organic,89.21
U04362,2025-03-07 05:00:00,view,mobile,US,organic,0
U04362,2025-03-07 05:34:05,add_to_cart,mobile,US,organic,0
U04363,2025-01-19 05:00:00,view,desktop,UK,referral,0
U04363,2025-01-19 05:16:43,add_to_cart,desktop,UK,referral,0
U04363,2025-01-19 05:32:55,checkout,desktop,UK,referral,0
U04363,2025-01-19 05:56:12,purchase,desktop,UK,referral,137.97
U04364,2025-06-24 01:00:00,view,tablet,Brazil,organic,0
U04365,2025-06-20 10:00:00,view,mobile,UK,referral,0
U04365,2025-06-20 10:53:10,add_to_cart,mobile,UK,referral,0
U04365,2025-06-20 11:56:25,checkout,mobile,UK,referral,0
U04365,2025-06-20 12:31:40,purchase,mobile,UK,referral,84.45
U04366,2025-01-29 22:00:00,view,desktop,India,organic,0
U04366,2025-01-29 22:09:14,add_to_cart,desktop,India,organic,0
U04366,2025-01-29 22:50:14,checkout,desktop,India,organic,0
U04366,2025-01-29 23:43:11,purchase,desktop,India,organic,73.18
U04367,2025-02-15 16:00:00,view,tablet,US,referral,0
U04368,2025-03-23 07:00:00,view,desktop,US,organic,0
U04369,2025-03-27 22:00:00,view,desktop,Brazil,organic,0
U04369,2025-03-27 22:02:17,add_to_cart,desktop,Brazil,organic,0
U04369,2025-03-27 23:18:45,checkout,desktop,Brazil,organic,0
U04370,2025-03-04 08:00:00,view,desktop,Brazil,none,0
U04371,2025-06-14 05:00:00,view,mobile,Canada,none,0
U04372,2025-06-09 20:00:00,view,mobile,India,referral,0
U04372,2025-06-09 20:20:17,add_to_cart,mobile,India,referral,0
U04372,2025-06-09 21:27:46,checkout,mobile,India,referral,0
U04372,2025-06-09 22:13:29,purchase,mobile,India,referral,102.24
U04373,2025-02-05 04:00:00,view,tablet,Canada,none,0
U04374,2025-02-11 22:00:00,view,tablet,India,organic,0
U04374,2025-02-11 22:16:07,add_to_cart,tablet,India,organic,0
U04374,2025-02-11 22:37:22,checkout,tablet,India,organic,0
U04374,2025-02-11 22:58:25,purchase,tablet,India,organic,35.16
U04375,2025-06-06 09:00:00,view,desktop,Canada,organic,0
U04375,2025-06-06 09:16:05,add_to_cart,desktop,Canada,organic,0
U04375,2025-06-06 09:51:21,checkout,desktop,Canada,organic,0
U04375,2025-06-06 10:08:35,purchase,desktop,Canada,organic,118.32
U04376,2025-05-17 00:00:00,view,desktop,Canada,organic,0
U04376,2025-05-17 00:14:34,add_to_cart,desktop,Canada,organic,0
U04376,2025-05-17 00:30:12,checkout,desktop,Canada,organic,0
U04376,2025-05-17 01:31:07,purchase,desktop,Canada,organic,119.18
U04377,2025-06-23 04:00:00,view,desktop,US,organic,0
U04377,2025-06-23 04:03:44,add_to_cart,desktop,US,organic,0
U04378,2025-03-28 16:00:00,view,tablet,US,cpc,0
U04378,2025-03-28 16:14:53,add_to_cart,tablet,US,cpc,0
U04378,2025-03-28 16:23:17,checkout,tablet,US,cpc,0
U04378,2025-03-28 17:30:24,purchase,tablet,US,cpc,90.6
U04379,2025-06-16 14:00:00,view,mobile,US,organic,0
U04380,2025-01-07 14:00:00,view,desktop,UK,organic,0
U04381,2025-06-26 03:00:00,view,tablet,US,cpc,0
U04381,2025-06-26 03:13:43,add_to_cart,tablet,US,cpc,0
U04381,2025-06-26 03:16:42,checkout,tablet,US,cpc,0
U04381,2025-06-26 04:10:20,purchase,tablet,US,cpc,68.7
U04382,2025-06-20 22:00:00,view,desktop,US,cpc,0
U04383,2025-06-27 03:00:00,view,desktop,Canada,none,0
U04383,2025-06-27 03:23:40,add_to_cart,desktop,Canada,none,0
U04383,2025-06-27 03:39:42,checkout,desktop,Canada,none,0
U04383,2025-06-27 04:00:04,purchase,desktop,Canada,none,68.25
U04384,2025-01-10 23:00:00,view,desktop,US,cpc,0
U04384,2025-01-10 23:05:14,add_to_cart,desktop,US,cpc,0
U04384,2025-01-10 23:36:33,checkout,desktop,US,cpc,0
U04384,2025-01-11 00:01:40,purchase,desktop,US,cpc,56.31
U04385,2025-06-14 21:00:00,view,mobile,Canada,referral,0
U04385,2025-06-14 21:18:47,add_to_cart,mobile,Canada,referral,0
U04385,2025-06-14 21:28:58,checkout,mobile,Canada,referral,0
U04385,2025-06-14 21:59:10,purchase,mobile,Canada,referral,60.24
U04386,2025-06-22 20:00:00,view,mobile,UK,none,0
U04386,2025-06-22 20:13:47,add_to_cart,mobile,UK,none,0
U04387,2025-05-24 13:00:00,view,desktop,US,organic,0
U04387,2025-05-24 13:24:50,add_to_cart,desktop,US,organic,0
U04387,2025-05-24 13:34:17,checkout,desktop,US,organic,0
U04387,2025-05-24 14:11:12,purchase,desktop,US,organic,79.53
U04388,2025-05-31 07:00:00,view,desktop,Brazil,cpc,0
U04388,2025-05-31 07:30:57,add_to_cart,desktop,Brazil,cpc,0
U04389,2025-01-04 19:00:00,view,tablet,UK,organic,0
U04390,2025-06-13 22:00:00,view,desktop,Canada,organic,0
U04391,2025-03-16 08:00:00,view,mobile,India,organic,0
U04391,2025-03-16 08:36:23,add_to_cart,mobile,India,organic,0
U04391,2025-03-16 09:20:12,checkout,mobile,India,organic,0
U04391,2025-03-16 09:55:25,purchase,mobile,India,organic,76.41
U04392,2025-06-06 15:00:00,view,mobile,US,referral,0
U04393,2025-02-27 08:00:00,view,desktop,Brazil,organic,0
U04393,2025-02-27 08:11:06,add_to_cart,desktop,Brazil,organic,0
U04393,2025-02-27 08:19:04,checkout,desktop,Brazil,organic,0
U04393,2025-02-27 08:37:45,purchase,desktop,Brazil,organic,82.04
U04394,2025-02-03 00:00:00,view,desktop,US,organic,0
U04394,2025-02-03 00:07:40,add_to_cart,desktop,US,organic,0
U04395,2025-03-21 00:00:00,view,desktop,US,organic,0
U04396,2025-04-04 04:00:00,view,desktop,US,organic,0
U04396,2025-04-04 04:05:40,add_to_cart,desktop,US,organic,0
U04396,2025-04-04 04:33:59,checkout,desktop,US,organic,0
U04396,2025-04-04 04:52:30,purchase,desktop,US,organic,125.32
U04397,2025-05-10 03:00:00,view,desktop,UK,referral,0
U04397,2025-05-10 03:37:36,add_to_cart,desktop,UK,referral,0
U04397,2025-05-10 03:53:45,checkout,desktop,UK,referral,0
U04397,2025-05-10 04:17:30,purchase,desktop,UK,referral,83.33
U04398,2025-04-17 12:00:00,view,mobile,Canada,referral,0
U04399,2025-05-12 00:00:00,view,mobile,Canada,referral,0
U04399,2025-05-12 00:07:28,add_to_cart,mobile,Canada,referral,0
U04399,2025-05-12 00:36:17,checkout,mobile,Canada,referral,0
U04399,2025-05-12 01:03:37,purchase,mobile,Canada,referral,100.45
U04400,2025-06-29 17:00:00,view,desktop,US,cpc,0
U04401,2025-02-14 08:00:00,view,desktop,UK,organic,0
U04401,2025-02-14 08:10:31,add_to_cart,desktop,UK,organic,0
U04402,2025-03-25 06:00:00,view,desktop,UK,organic,0
U04402,2025-03-25 06:12:01,add_to_cart,desktop,UK,organic,0
U04402,2025-03-25 06:21:53,checkout,desktop,UK,organic,0
U04402,2025-03-25 07:02:20,purchase,desktop,UK,organic,112.16
U04403,2025-01-14 06:00:00,view,mobile,US,cpc,0
U04404,2025-06-29 23:00:00,view,mobile,US,organic,0
U04404,2025-06-29 23:09:07,add_to_cart,mobile,US,organic,0
U04404,2025-06-30 00:13:42,checkout,mobile,US,organic,0
U04404,2025-06-30 00:46:29,purchase,mobile,US,organic,86.93
U04405,2025-01-27 13:00:00,view,desktop,UK,cpc,0
U04405,2025-01-27 13:23:24,add_to_cart,desktop,UK,cpc,0
U04406,2025-01-18 17:00:00,view,mobile,UK,none,0
U04407,2025-06-15 01:00:00,view,tablet,UK,none,0
U04408,2025-05-23 05:00:00,view,tablet,Canada,none,0
U04408,2025-05-23 05:10:25,add_to_cart,tablet,Canada,none,0
U04409,2025-03-21 03:00:00,view,mobile,Canada,cpc,0
U04409,2025-03-21 03:14:30,add_to_cart,mobile,Canada,cpc,0
U04410,2025-04-04 01:00:00,view,desktop,US,organic,0
U04411,2025-04-17 01:00:00,view,mobile,India,none,0
U04412,2025-01-28 14:00:00,view,mobile,US,organic,0
U04413,2025-04-30 00:00:00,view,mobile,India,organic,0
U04413,2025-04-30 00:04:13,add_to_cart,mobile,India,organic,0
U04414,2025-02-24 17:00:00,view,tablet,UK,referral,0
U04414,2025-02-24 17:28:06,add_to_cart,tablet,UK,referral,0
U04415,2025-01-20 11:00:00,view,mobile,UK,cpc,0
U04416,2025-05-05 10:00:00,view,desktop,US,referral,0
U04416,2025-05-05 10:14:22,add_to_cart,desktop,US,referral,0
U04416,2025-05-05 11:16:29,checkout,desktop,US,referral,0
U04416,2025-05-05 12:05:47,purchase,desktop,US,referral,120.71
U04417,2025-04-01 21:00:00,view,mobile,US,referral,0
U04417,2025-04-01 21:22:34,add_to_cart,mobile,US,referral,0
U04417,2025-04-01 21:38:37,checkout,mobile,US,referral,0
U04417,2025-04-01 23:03:30,purchase,mobile,US,referral,88.66
U04418,2025-06-07 08:00:00,view,desktop,US,organic,0
U04418,2025-06-07 08:05:57,add_to_cart,desktop,US,organic,0
U04418,2025-06-07 08:15:47,checkout,desktop,US,organic,0
U04419,2025-04-30 01:00:00,view,mobile,UK,organic,0
U04419,2025-04-30 01:02:00,add_to_cart,mobile,UK,organic,0
U04420,2025-03-30 23:00:00,view,desktop,India,cpc,0
U04421,2025-01-23 18:00:00,view,desktop,US,cpc,0
U04422,2025-01-13 09:00:00,view,mobile,US,none,0
U04423,2025-04-19 04:00:00,view,desktop,UK,cpc,0
U04423,2025-04-19 04:12:06,add_to_cart,desktop,UK,cpc,0
U04423,2025-04-19 04:31:36,checkout,desktop,UK,cpc,0
U04423,2025-04-19 05:13:37,purchase,desktop,UK,cpc,110.83
U04424,2025-05-23 04:00:00,view,mobile,India,referral,0
U04425,2025-01-19 07:00:00,view,desktop,Canada,referral,0
U04425,2025-01-19 07:06:10,add_to_cart,desktop,Canada,referral,0
U04425,2025-01-19 07:27:27,checkout,desktop,Canada,referral,0
U04425,2025-01-19 08:01:39,purchase,desktop,Canada,referral,107.31
U04426,2025-02-01 13:00:00,view,desktop,US,organic,0
U04427,2025-02-19 12:00:00,view,desktop,Brazil,organic,0
U04428,2025-04-22 09:00:00,view,mobile,Brazil,organic,0
U04429,2025-03-11 10:00:00,view,desktop,Canada,cpc,0
U04429,2025-03-11 10:14:36,add_to_cart,desktop,Canada,cpc,0
U04429,2025-03-11 10:35:08,checkout,desktop,Canada,cpc,0
U04429,2025-03-11 11:53:43,purchase,desktop,Canada,cpc,98.72
U04430,2025-01-26 06:00:00,view,mobile,US,organic,0
U04431,2025-05-28 00:00:00,view,mobile,UK,referral,0
U04431,2025-05-28 00:18:14,add_to_cart,mobile,UK,referral,0
U04431,2025-05-28 01:04:44,checkout,mobile,UK,referral,0
U04432,2025-01-05 19:00:00,view,mobile,US,organic,0
U04433,2025-03-21 03:00:00,view,desktop,US,cpc,0
U04433,2025-03-21 03:10:30,add_to_cart,desktop,US,cpc,0
U04434,2025-03-11 10:00:00,view,tablet,Canada,referral,0
U04435,2025-04-22 15:00:00,view,tablet,US,referral,0
U04436,2025-02-06 19:00:00,view,mobile,US,organic,0
U04436,2025-02-06 19:02:19,add_to_cart,mobile,US,organic,0
U04437,2025-04-02 19:00:00,view,tablet,US,referral,0
U04438,2025-03-15 16:00:00,view,mobile,Brazil,organic,0
U04438,2025-03-15 16:09:52,add_to_cart,mobile,Brazil,organic,0
U04438,2025-03-15 16:24:50,checkout,mobile,Brazil,organic,0
U04438,2025-03-15 16:54:19,purchase,mobile,Brazil,organic,64.05
U04439,2025-03-10 15:00:00,view,mobile,India,referral,0
U04439,2025-03-10 15:10:50,add_to_cart,mobile,India,referral,0
U04439,2025-03-10 15:13:51,checkout,mobile,India,referral,0
U04439,2025-03-10 16:50:51,purchase,mobile,India,referral,82.95
U04440,2025-01-31 11:00:00,view,desktop,Brazil,organic,0
U04440,2025-01-31 11:24:35,add_to_cart,desktop,Brazil,organic,0
U04440,2025-01-31 11:28:39,checkout,desktop,Brazil,organic,0
U04440,2025-01-31 12:35:25,purchase,desktop,Brazil,organic,80.18
U04441,2025-03-29 22:00:00,view,mobile,UK,organic,0
U04441,2025-03-29 22:04:52,add_to_cart,mobile,UK,organic,0
U04441,2025-03-29 22:40:17,checkout,mobile,UK,organic,0
U04441,2025-03-29 23:14:52,purchase,mobile,UK,organic,83.06
U04442,2025-02-14 12:00:00,view,desktop,US,referral,0
U04442,2025-02-14 12:20:52,add_to_cart,desktop,US,referral,0
U04442,2025-02-14 12:50:43,checkout,desktop,US,referral,0
U04442,2025-02-14 13:08:02,purchase,desktop,US,referral,114.01
U04443,2025-04-05 00:00:00,view,mobile,US,cpc,0
U04443,2025-04-05 00:10:52,add_to_cart,mobile,US,cpc,0
U04443,2025-04-05 00:29:52,checkout,mobile,US,cpc,0
U04443,2025-04-05 00:47:13,purchase,mobile,US,cpc,82.12
U04444,2025-05-13 21:00:00,view,desktop,US,cpc,0
U04445,2025-06-15 01:00:00,view,desktop,UK,referral,0
U04445,2025-06-15 01:29:02,add_to_cart,desktop,UK,referral,0
U04445,2025-06-15 01:48:20,checkout,desktop,UK,referral,0
U04445,2025-06-15 02:26:04,purchase,desktop,UK,referral,112.76
U04446,2025-01-21 05:00:00,view,desktop,Canada,referral,0
U04446,2025-01-21 05:06:52,add_to_cart,desktop,Canada,referral,0
U04446,2025-01-21 05:11:33,checkout,desktop,Canada,referral,0
U04446,2025-01-21 05:51:55,purchase,desktop,Canada,referral,74.6
U04447,2025-04-30 20:00:00,view,mobile,US,cpc,0
U04448,2025-01-16 20:00:00,view,desktop,Brazil,organic,0
U04449,2025-06-22 11:00:00,view,desktop,UK,organic,0
U04449,2025-06-22 11:02:00,add_to_cart,desktop,UK,organic,0
U04450,2025-05-06 12:00:00,view,desktop,UK,none,0
U04450,2025-05-06 12:08:45,add_to_cart,desktop,UK,none,0
U04450,2025-05-06 12:19:54,checkout,desktop,UK,none,0
U04450,2025-05-06 13:16:43,purchase,desktop,UK,none,98.78
U04451,2025-06-28 07:00:00,view,desktop,US,cpc,0
U04451,2025-06-28 07:11:49,add_to_cart,desktop,US,cpc,0
U04451,2025-06-28 07:20:02,checkout,desktop,US,cpc,0
U04451,2025-06-28 08:20:01,purchase,desktop,US,cpc,58.92
U04452,2025-03-09 23:00:00,view,mobile,India,referral,0
U04452,2025-03-09 23:14:11,add_to_cart,mobile,India,referral,0
U04453,2025-01-02 23:00:00,view,mobile,US,none,0
U04454,2025-04-27 14:00:00,view,desktop,US,none,0
U04454,2025-04-27 14:03:03,add_to_cart,desktop,US,none,0
U04454,2025-04-27 14:10:18,checkout,desktop,US,none,0
U04454,2025-04-27 14:34:28,purchase,desktop,US,none,62.97
U04455,2025-04-26 18:00:00,view,tablet,US,organic,0
U04456,2025-06-06 23:00:00,view,mobile,US,none,0
U04457,2025-06-26 17:00:00,view,desktop,Canada,organic,0
U04457,2025-06-26 17:11:37,add_to_cart,desktop,Canada,organic,0
U04458,2025-03-27 10:00:00,view,desktop,Canada,organic,0
U04458,2025-03-27 10:08:44,add_to_cart,desktop,Canada,organic,0
U04458,2025-03-27 10:20:28,checkout,desktop,Canada,organic,0
U04458,2025-03-27 10:34:54,purchase,desktop,Canada,organic,74.84
U04459,2025-03-30 17:00:00,view,mobile,India,referral,0
U04460,2025-03-31 15:00:00,view,mobile,Brazil,referral,0
U04461,2025-04-11 09:00:00,view,mobile,US,referral,0
U04461,2025-04-11 10:38:30,add_to_cart,mobile,US,referral,0
U04461,2025-04-11 10:42:59,checkout,mobile,US,referral,0
U04461,2025-04-11 10:50:53,purchase,mobile,US,referral,109.02
U04462,2025-01-22 09:00:00,view,desktop,UK,organic,0
U04462,2025-01-22 09:08:40,add_to_cart,desktop,UK,organic,0
U04462,2025-01-22 09:44:13,checkout,desktop,UK,organic,0
U04462,2025-01-22 10:30:11,purchase,desktop,UK,organic,131.22
U04463,2025-05-12 00:00:00,view,mobile,US,cpc,0
U04463,2025-05-12 00:06:48,add_to_cart,mobile,US,cpc,0
U04464,2025-02-12 20:00:00,view,mobile,UK,referral,0
U04465,2025-03-14 03:00:00,view,tablet,US,referral,0
U04465,2025-03-14 03:24:53,add_to_cart,tablet,US,referral,0
U04465,2025-03-14 03:46:34,checkout,tablet,US,referral,0
U04465,2025-03-14 04:17:56,purchase,tablet,US,referral,118.74
U04466,2025-01-27 08:00:00,view,mobile,UK,organic,0
U04466,2025-01-27 08:09:15,add_to_cart,mobile,UK,organic,0
U04467,2025-02-02 20:00:00,view,mobile,US,referral,0
U04467,2025-02-02 20:43:49,add_to_cart,mobile,US,referral,0
U04467,2025-02-02 21:03:56,checkout,mobile,US,referral,0
U04467,2025-02-02 21:12:07,purchase,mobile,US,referral,111.51
U04468,2025-03-20 08:00:00,view,tablet,India,organic,0
U04468,2025-03-20 08:07:28,add_to_cart,tablet,India,organic,0
U04468,2025-03-20 08:16:08,checkout,tablet,India,organic,0
U04469,2025-01-27 04:00:00,view,desktop,US,referral,0
U04469,2025-01-27 04:04:59,add_to_cart,desktop,US,referral,0
U04469,2025-01-27 04:28:47,checkout,desktop,US,referral,0
U04469,2025-01-27 05:19:41,purchase,desktop,US,referral,159.93
U04470,2025-02-24 07:00:00,view,desktop,India,none,0
U04470,2025-02-24 07:03:21,add_to_cart,desktop,India,none,0
U04471,2025-05-03 14:00:00,view,mobile,India,referral,0
U04471,2025-05-03 14:03:31,add_to_cart,mobile,India,referral,0
U04472,2025-06-03 02:00:00,view,mobile,UK,referral,0
U04472,2025-06-03 02:21:23,add_to_cart,mobile,UK,referral,0
U04473,2025-03-12 11:00:00,view,desktop,US,organic,0
U04474,2025-04-23 22:00:00,view,tablet,US,none,0
U04475,2025-04-10 17:00:00,view,mobile,US,referral,0
U04475,2025-04-10 17:29:29,add_to_cart,mobile,US,referral,0
U04475,2025-04-10 18:17:31,checkout,mobile,US,referral,0
U04475,2025-04-10 18:32:33,purchase,mobile,US,referral,128.13
U04476,2025-06-19 15:00:00,view,mobile,India,cpc,0
U04477,2025-02-27 09:00:00,view,mobile,India,organic,0
U04478,2025-04-12 01:00:00,view,mobile,US,cpc,0
U04479,2025-06-20 21:00:00,view,tablet,Canada,cpc,0
U04479,2025-06-20 21:33:40,add_to_cart,tablet,Canada,cpc,0
U04479,2025-06-20 22:09:37,checkout,tablet,Canada,cpc,0
U04479,2025-06-20 22:17:04,purchase,tablet,Canada,cpc,63.08
U04480,2025-01-24 00:00:00,view,mobile,India,cpc,0
U04481,2025-06-04 05:00:00,view,mobile,Brazil,organic,0
U04481,2025-06-04 05:11:41,add_to_cart,mobile,Brazil,organic,0
U04481,2025-06-04 06:23:53,checkout,mobile,Brazil,organic,0
U04482,2025-06-01 15:00:00,view,mobile,Brazil,organic,0
U04483,2025-04-22 19:00:00,view,tablet,India,referral,0
U04484,2025-04-20 21:00:00,view,desktop,US,none,0
U04485,2025-02-10 11:00:00,view,mobile,India,organic,0
U04485,2025-02-10 11:07:22,add_to_cart,mobile,India,organic,0
U04485,2025-02-10 11:20:35,checkout,mobile,India,organic,0
U04485,2025-02-10 11:41:54,purchase,mobile,India,organic,85.85
U04486,2025-06-01 09:00:00,view,mobile,India,cpc,0
U04487,2025-05-29 16:00:00,view,tablet,US,cpc,0
U04487,2025-05-29 16:09:42,add_to_cart,tablet,US,cpc,0
U04487,2025-05-29 17:24:30,checkout,tablet,US,cpc,0
U04487,2025-05-29 17:29:21,purchase,tablet,US,cpc,101.11
U04488,2025-05-28 19:00:00,view,desktop,India,referral,0
U04488,2025-05-28 19:02:00,add_to_cart,desktop,India,referral,0
U04488,2025-05-28 19:22:20,checkout,desktop,India,referral,0
U04489,2025-03-08 12:00:00,view,desktop,Canada,referral,0
U04489,2025-03-08 12:02:38,add_to_cart,desktop,Canada,referral,0
U04489,2025-03-08 12:19:26,checkout,desktop,Canada,referral,0
U04489,2025-03-08 12:57:07,purchase,desktop,Canada,referral,119.01
U04490,2025-06-07 11:00:00,view,tablet,UK,organic,0
U04491,2025-02-07 16:00:00,view,mobile,US,organic,0
U04492,2025-03-07 20:00:00,view,tablet,UK,cpc,0
U04493,2025-06-07 08:00:00,view,desktop,India,none,0
U04493,2025-06-07 08:18:02,add_to_cart,desktop,India,none,0
U04493,2025-06-07 08:45:57,checkout,desktop,India,none,0
U04494,2025-02-23 23:00:00,view,desktop,India,referral,0
U04494,2025-02-23 23:18:43,add_to_cart,desktop,India,referral,0
U04494,2025-02-23 23:38:51,checkout,desktop,India,referral,0
U04494,2025-02-24 00:41:40,purchase,desktop,India,referral,46.08
U04495,2025-04-05 23:00:00,view,mobile,UK,cpc,0
U04495,2025-04-06 00:11:26,add_to_cart,mobile,UK,cpc,0
U04495,2025-04-06 00:19:47,checkout,mobile,UK,cpc,0
U04495,2025-04-06 00:44:59,purchase,mobile,UK,cpc,47.12
U04496,2025-02-09 03:00:00,view,mobile,US,cpc,0
U04497,2025-05-25 14:00:00,view,desktop,Canada,referral,0
U04497,2025-05-25 14:06:05,add_to_cart,desktop,Canada,referral,0
U04497,2025-05-25 14:14:49,checkout,desktop,Canada,referral,0
U04497,2025-05-25 14:38:57,purchase,desktop,Canada,referral,158.07
U04498,2025-03-30 11:00:00,view,tablet,US,none,0
U04499,2025-05-11 22:00:00,view,desktop,US,referral,0
U04499,2025-05-11 22:02:32,add_to_cart,desktop,US,referral,0
U04499,2025-05-11 22:24:23,checkout,desktop,US,referral,0
U04499,2025-05-11 23:02:18,purchase,desktop,US,referral,89.49
U04500,2025-05-25 21:00:00,view,mobile,US,cpc,0
U04500,2025-05-25 21:20:33,add_to_cart,mobile,US,cpc,0
U04500,2025-05-25 21:26:50,checkout,mobile,US,cpc,0
U04500,2025-05-25 21:55:28,purchase,mobile,US,cpc,61.66
U04501,2025-01-16 21:00:00,view,desktop,UK,cpc,0
U04501,2025-01-16 21:12:55,add_to_cart,desktop,UK,cpc,0
U04502,2025-03-23 14:00:00,view,mobile,US,organic,0
U04503,2025-06-07 14:00:00,view,desktop,US,referral,0
U04503,2025-06-07 14:35:02,add_to_cart,desktop,US,referral,0
U04503,2025-06-07 14:55:53,checkout,desktop,US,referral,0
U04503,2025-06-07 16:00:26,purchase,desktop,US,referral,114.63
U04504,2025-01-13 09:00:00,view,desktop,US,cpc,0
U04504,2025-01-13 09:07:16,add_to_cart,desktop,US,cpc,0
U04504,2025-01-13 09:27:08,checkout,desktop,US,cpc,0
U04504,2025-01-13 09:53:00,purchase,desktop,US,cpc,56.22
U04505,2025-01-18 05:00:00,view,mobile,US,cpc,0
U04506,2025-03-23 06:00:00,view,mobile,US,none,0
U04506,2025-03-23 06:32:46,add_to_cart,mobile,US,none,0
U04506,2025-03-23 06:54:11,checkout,mobile,US,none,0
U04507,2025-04-16 01:00:00,view,desktop,UK,organic,0
U04507,2025-04-16 01:02:49,add_to_cart,desktop,UK,organic,0
U04507,2025-04-16 01:15:39,checkout,desktop,UK,organic,0
U04507,2025-04-16 01:29:35,purchase,desktop,UK,organic,99.73
U04508,2025-04-10 02:00:00,view,desktop,Canada,referral,0
U04508,2025-04-10 02:05:40,add_to_cart,desktop,Canada,referral,0
U04508,2025-04-10 02:20:43,checkout,desktop,Canada,referral,0
U04508,2025-04-10 03:18:56,purchase,desktop,Canada,referral,127.78
U04509,2025-03-14 18:00:00,view,desktop,India,organic,0
U04509,2025-03-14 18:08:00,add_to_cart,desktop,India,organic,0
U04509,2025-03-14 18:31:17,checkout,desktop,India,organic,0
U04509,2025-03-14 18:44:29,purchase,desktop,India,organic,87.72
U04510,2025-03-18 19:00:00,view,mobile,Canada,organic,0
U04510,2025-03-18 19:25:24,add_to_cart,mobile,Canada,organic,0
U04511,2025-05-29 19:00:00,view,desktop,India,cpc,0
U04512,2025-06-27 20:00:00,view,desktop,UK,organic,0
U04513,2025-01-24 05:00:00,view,tablet,UK,organic,0
U04513,2025-01-24 05:22:21,add_to_cart,tablet,UK,organic,0
U04514,2025-02-05 13:00:00,view,desktop,US,organic,0
U04515,2025-05-01 13:00:00,view,mobile,India,cpc,0
U04515,2025-05-01 13:06:00,add_to_cart,mobile,India,cpc,0
U04515,2025-05-01 13:32:27,checkout,mobile,India,cpc,0
U04515,2025-05-01 13:46:12,purchase,mobile,India,cpc,106.88
U04516,2025-04-19 16:00:00,view,mobile,India,none,0
U04517,2025-02-12 20:00:00,view,desktop,India,organic,0
U04517,2025-02-12 20:12:38,add_to_cart,desktop,India,organic,0
U04517,2025-02-12 20:38:32,checkout,desktop,India,organic,0
U04517,2025-02-12 21:00:23,purchase,desktop,India,organic,49.11
U04518,2025-05-13 08:00:00,view,desktop,Canada,organic,0
U04519,2025-05-21 19:00:00,view,tablet,UK,cpc,0
U04520,2025-01-20 23:00:00,view,mobile,US,cpc,0
U04520,2025-01-21 00:19:30,add_to_cart,mobile,US,cpc,0
U04521,2025-06-10 17:00:00,view,desktop,UK,organic,0
U04521,2025-06-10 17:10:08,add_to_cart,desktop,UK,organic,0
U04521,2025-06-10 17:21:25,checkout,desktop,UK,organic,0
U04521,2025-06-10 17:42:20,purchase,desktop,UK,organic,132.07
U04522,2025-06-02 21:00:00,view,mobile,US,none,0
U04522,2025-06-02 21:10:44,add_to_cart,mobile,US,none,0
U04523,2025-06-02 14:00:00,view,desktop,India,organic,0
U04523,2025-06-02 14:12:02,add_to_cart,desktop,India,organic,0
U04523,2025-06-02 14:57:27,checkout,desktop,India,organic,0
U04523,2025-06-02 16:05:07,purchase,desktop,India,organic,112.18
U04524,2025-06-02 21:00:00,view,mobile,UK,referral,0
U04524,2025-06-02 21:06:55,add_to_cart,mobile,UK,referral,0
U04524,2025-06-02 21:17:48,checkout,mobile,UK,referral,0
U04525,2025-04-11 19:00:00,view,tablet,US,referral,0
U04526,2025-02-05 05:00:00,view,tablet,US,organic,0
U04526,2025-02-05 05:11:28,add_to_cart,tablet,US,organic,0
U04527,2025-02-27 02:00:00,view,mobile,UK,cpc,0
U04527,2025-02-27 02:16:31,add_to_cart,mobile,UK,cpc,0
U04528,2025-06-28 12:00:00,view,mobile,US,referral,0
U04528,2025-06-28 12:17:56,add_to_cart,mobile,US,referral,0
U04529,2025-06-24 03:00:00,view,tablet,UK,cpc,0
U04530,2025-02-18 19:00:00,view,mobile,UK,organic,0
U04531,2025-01-09 15:00:00,view,desktop,UK,none,0
U04532,2025-03-31 19:00:00,view,mobile,UK,cpc,0
U04532,2025-03-31 19:15:16,add_to_cart,mobile,UK,cpc,0
U04532,2025-03-31 19:49:03,checkout,mobile,UK,cpc,0
U04532,2025-03-31 20:15:54,purchase,mobile,UK,cpc,70.55
U04533,2025-01-24 06:00:00,view,desktop,India,none,0
U04533,2025-01-24 06:03:15,add_to_cart,desktop,India,none,0
U04533,2025-01-24 06:10:09,checkout,desktop,India,none,0
U04534,2025-02-14 10:00:00,view,tablet,Brazil,referral,0
U04534,2025-02-14 10:40:26,add_to_cart,tablet,Brazil,referral,0
U04534,2025-02-14 11:21:52,checkout,tablet,Brazil,referral,0
U04534,2025-02-14 11:45:55,purchase,tablet,Brazil,referral,38.64
U04535,2025-06-22 17:00:00,view,tablet,India,organic,0
U04536,2025-02-16 04:00:00,view,desktop,India,organic,0
U04536,2025-02-16 04:18:10,add_to_cart,desktop,India,organic,0
U04537,2025-03-23 21:00:00,view,desktop,India,organic,0
U04538,2025-05-12 20:00:00,view,mobile,US,referral,0
U04538,2025-05-12 20:42:43,add_to_cart,mobile,US,referral,0
U04538,2025-05-12 21:43:55,checkout,mobile,US,referral,0
U04538,2025-05-12 22:05:42,purchase,mobile,US,referral,83.85
U04539,2025-06-09 03:00:00,view,desktop,India,cpc,0
U04540,2025-01-30 17:00:00,view,mobile,Brazil,organic,0
U04541,2025-04-13 07:00:00,view,mobile,Canada,organic,0
U04541,2025-04-13 07:33:57,add_to_cart,mobile,Canada,organic,0
U04542,2025-02-04 03:00:00,view,mobile,US,organic,0
U04542,2025-02-04 03:28:17,add_to_cart,mobile,US,organic,0
U04542,2025-02-04 04:07:23,checkout,mobile,US,organic,0
U04542,2025-02-04 04:52:21,purchase,mobile,US,organic,108.96
U04543,2025-04-03 20:00:00,view,desktop,Canada,none,0
U04544,2025-01-07 15:00:00,view,tablet,UK,organic,0
U04545,2025-03-27 05:00:00,view,desktop,US,cpc,0
U04545,2025-03-27 05:36:54,add_to_cart,desktop,US,cpc,0
U04545,2025-03-27 06:22:13,checkout,desktop,US,cpc,0
U04545,2025-03-27 06:33:59,purchase,desktop,US,cpc,160.2
U04546,2025-05-31 19:00:00,view,tablet,India,organic,0
U04546,2025-05-31 19:31:44,add_to_cart,tablet,India,organic,0
U04547,2025-04-09 08:00:00,view,desktop,US,organic,0
U04547,2025-04-09 08:05:25,add_to_cart,desktop,US,organic,0
U04548,2025-04-15 11:00:00,view,mobile,US,organic,0
U04548,2025-04-15 11:06:39,add_to_cart,mobile,US,organic,0
U04549,2025-06-17 02:00:00,view,desktop,Brazil,cpc,0
U04549,2025-06-17 02:12:24,add_to_cart,desktop,Brazil,cpc,0
U04549,2025-06-17 02:42:10,checkout,desktop,Brazil,cpc,0
U04549,2025-06-17 03:05:52,purchase,desktop,Brazil,cpc,73.58
U04550,2025-06-08 13:00:00,view,desktop,UK,cpc,0
U04550,2025-06-08 13:28:02,add_to_cart,desktop,UK,cpc,0
U04550,2025-06-08 13:45:03,checkout,desktop,UK,cpc,0
U04550,2025-06-08 13:54:30,purchase,desktop,UK,cpc,68.28
U04551,2025-01-24 06:00:00,view,mobile,US,none,0
U04551,2025-01-24 06:20:47,add_to_cart,mobile,US,none,0
U04551,2025-01-24 06:52:10,checkout,mobile,US,none,0
U04552,2025-05-03 21:00:00,view,desktop,UK,cpc,0
U04553,2025-05-26 00:00:00,view,desktop,India,cpc,0
U04554,2025-05-22 08:00:00,view,tablet,Canada,organic,0
U04554,2025-05-22 08:11:07,add_to_cart,tablet,Canada,organic,0
U04554,2025-05-22 08:46:48,checkout,tablet,Canada,organic,0
U04554,2025-05-22 10:25:12,purchase,tablet,Canada,organic,72.0
U04555,2025-05-01 17:00:00,view,mobile,India,referral,0
U04555,2025-05-01 17:09:45,add_to_cart,mobile,India,referral,0
U04555,2025-05-01 18:17:21,checkout,mobile,India,referral,0
U04555,2025-05-01 19:46:39,purchase,mobile,India,referral,45.78
U04556,2025-05-30 10:00:00,view,mobile,India,organic,0
U04556,2025-05-30 10:34:57,add_to_cart,mobile,India,organic,0
U04556,2025-05-30 11:23:19,checkout,mobile,India,organic,0
U04556,2025-05-30 12:24:15,purchase,mobile,India,organic,82.1
U04557,2025-06-22 06:00:00,view,desktop,Canada,referral,0
U04558,2025-02-04 01:00:00,view,desktop,US,cpc,0
U04558,2025-02-04 01:09:32,add_to_cart,desktop,US,cpc,0
U04559,2025-02-23 06:00:00,view,mobile,Canada,referral,0
U04559,2025-02-23 06:30:08,add_to_cart,mobile,Canada,referral,0
U04559,2025-02-23 06:53:41,checkout,mobile,Canada,referral,0
U04559,2025-02-23 08:17:14,purchase,mobile,Canada,referral,96.14
U04560,2025-05-07 15:00:00,view,mobile,US,cpc,0
U04560,2025-05-07 15:36:23,add_to_cart,mobile,US,cpc,0
U04560,2025-05-07 16:24:58,checkout,mobile,US,cpc,0
U04560,2025-05-07 17:21:23,purchase,mobile,US,cpc,98.99
U04561,2025-05-23 07:00:00,view,mobile,US,cpc,0
U04561,2025-05-23 07:17:31,add_to_cart,mobile,US,cpc,0
U04562,2025-04-24 01:00:00,view,desktop,US,organic,0
U04562,2025-04-24 01:07:48,add_to_cart,desktop,US,organic,0
U04562,2025-04-24 01:45:24,checkout,desktop,US,organic,0
U04562,2025-04-24 01:57:59,purchase,desktop,US,organic,123.91
U04563,2025-05-05 13:00:00,view,desktop,US,organic,0
U04564,2025-01-01 22:00:00,view,mobile,UK,organic,0
U04564,2025-01-01 23:46:07,add_to_cart,mobile,UK,organic,0
U04564,2025-01-01 23:58:37,checkout,mobile,UK,organic,0
U04564,2025-01-02 00:05:55,purchase,mobile,UK,organic,47.32
U04565,2025-05-22 02:00:00,view,mobile,US,none,0
U04565,2025-05-22 02:15:05,add_to_cart,mobile,US,none,0
U04566,2025-05-13 23:00:00,view,tablet,UK,referral,0
U04567,2025-04-24 17:00:00,view,desktop,Brazil,organic,0
U04567,2025-04-24 17:13:37,add_to_cart,desktop,Brazil,organic,0
U04567,2025-04-24 17:15:37,checkout,desktop,Brazil,organic,0
U04567,2025-04-24 17:59:48,purchase,desktop,Brazil,organic,97.46
U04568,2025-03-27 14:00:00,view,mobile,Brazil,organic,0
U04568,2025-03-27 14:15:54,add_to_cart,mobile,Brazil,organic,0
U04568,2025-03-27 14:50:20,checkout,mobile,Brazil,organic,0
U04568,2025-03-27 15:34:28,purchase,mobile,Brazil,organic,124.94
U04569,2025-01-05 07:00:00,view,mobile,UK,referral,0
U04569,2025-01-05 07:37:47,add_to_cart,mobile,UK,referral,0
U04570,2025-04-19 17:00:00,view,tablet,UK,organic,0
U04571,2025-02-09 00:00:00,view,desktop,India,organic,0
U04571,2025-02-09 00:13:47,add_to_cart,desktop,India,organic,0
U04571,2025-02-09 00:35:01,checkout,desktop,India,organic,0
U04571,2025-02-09 01:22:06,purchase,desktop,India,organic,62.28
U04572,2025-01-26 18:00:00,view,mobile,UK,organic,0
U04573,2025-05-21 00:00:00,view,tablet,India,none,0
U04574,2025-06-22 18:00:00,view,desktop,US,organic,0
U04574,2025-06-22 18:05:58,add_to_cart,desktop,US,organic,0
U04574,2025-06-22 18:51:24,checkout,desktop,US,organic,0
U04574,2025-06-22 19:40:22,purchase,desktop,US,organic,109.91
U04575,2025-02-12 04:00:00,view,desktop,US,referral,0
U04576,2025-06-04 20:00:00,view,desktop,Canada,referral,0
U04576,2025-06-04 20:34:35,add_to_cart,desktop,Canada,referral,0
U04576,2025-06-04 20:41:56,checkout,desktop,Canada,referral,0
U04576,2025-06-04 20:49:19,purchase,desktop,Canada,referral,89.42
U04577,2025-01-08 19:00:00,view,mobile,Canada,cpc,0
U04577,2025-01-08 19:11:03,add_to_cart,mobile,Canada,cpc,0
U04577,2025-01-08 19:42:23,checkout,mobile,Canada,cpc,0
U04577,2025-01-08 20:03:11,purchase,mobile,Canada,cpc,66.61
U04578,2025-02-06 07:00:00,view,desktop,UK,organic,0
U04578,2025-02-06 07:18:42,add_to_cart,desktop,UK,organic,0
U04579,2025-04-29 22:00:00,view,desktop,US,none,0
U04580,2025-05-16 02:00:00,view,mobile,UK,referral,0
U04580,2025-05-16 02:08:37,add_to_cart,mobile,UK,referral,0
U04580,2025-05-16 02:32:20,checkout,mobile,UK,referral,0
U04580,2025-05-16 03:32:22,purchase,mobile,UK,referral,71.14
U04581,2025-06-09 21:00:00,view,mobile,Brazil,referral,0
U04581,2025-06-09 21:06:11,add_to_cart,mobile,Brazil,referral,0
U04581,2025-06-09 21:50:49,checkout,mobile,Brazil,referral,0
U04581,2025-06-09 22:33:40,purchase,mobile,Brazil,referral,93.27
U04582,2025-02-28 15:00:00,view,mobile,US,organic,0
U04582,2025-02-28 15:08:57,add_to_cart,mobile,US,organic,0
U04582,2025-02-28 15:48:17,checkout,mobile,US,organic,0
U04582,2025-02-28 16:58:38,purchase,mobile,US,organic,90.01
U04583,2025-05-23 15:00:00,view,mobile,Brazil,cpc,0
U04584,2025-01-06 16:00:00,view,tablet,India,referral,0
U04584,2025-01-06 16:15:44,add_to_cart,tablet,India,referral,0
U04584,2025-01-06 16:23:45,checkout,tablet,India,referral,0
U04584,2025-01-06 16:32:32,purchase,tablet,India,referral,84.93
U04585,2025-02-23 05:00:00,view,mobile,Canada,none,0
U04585,2025-02-23 05:25:06,add_to_cart,mobile,Canada,none,0
U04585,2025-02-23 05:51:14,checkout,mobile,Canada,none,0
U04586,2025-04-10 09:00:00,view,mobile,India,organic,0
U04586,2025-04-10 09:11:29,add_to_cart,mobile,India,organic,0
U04586,2025-04-10 09:28:00,checkout,mobile,India,organic,0
U04586,2025-04-10 09:53:52,purchase,mobile,India,organic,32.11
U04587,2025-01-10 23:00:00,view,mobile,UK,organic,0
U04587,2025-01-10 23:37:43,add_to_cart,mobile,UK,organic,0
U04587,2025-01-11 00:02:01,checkout,mobile,UK,organic,0
U04587,2025-01-11 00:19:24,purchase,mobile,UK,organic,113.98
U04588,2025-04-25 05:00:00,view,tablet,Canada,cpc,0
U04589,2025-01-20 16:00:00,view,desktop,Brazil,organic,0
U04589,2025-01-20 16:24:25,add_to_cart,desktop,Brazil,organic,0
U04589,2025-01-20 16:36:50,checkout,desktop,Brazil,organic,0
U04589,2025-01-20 17:27:26,purchase,desktop,Brazil,organic,65.2
U04590,2025-06-05 21:00:00,view,mobile,UK,organic,0
U04591,2025-04-13 19:00:00,view,mobile,US,cpc,0
U04592,2025-04-01 16:00:00,view,desktop,US,referral,0
U04593,2025-03-10 03:00:00,view,desktop,US,cpc,0
U04594,2025-02-21 02:00:00,view,mobile,US,organic,0
U04594,2025-02-21 02:35:52,add_to_cart,mobile,US,organic,0
U04594,2025-02-21 02:51:05,checkout,mobile,US,organic,0
U04594,2025-02-21 03:53:53,purchase,mobile,US,organic,120.68
U04595,2025-03-27 11:00:00,view,tablet,India,cpc,0
U04595,2025-03-27 11:15:17,add_to_cart,tablet,India,cpc,0
U04596,2025-05-31 10:00:00,view,desktop,US,referral,0
U04596,2025-05-31 10:32:34,add_to_cart,desktop,US,referral,0
U04596,2025-05-31 10:42:55,checkout,desktop,US,referral,0
U04596,2025-05-31 11:40:41,purchase,desktop,US,referral,104.97
U04597,2025-05-26 18:00:00,view,mobile,US,cpc,0
U04597,2025-05-26 18:22:13,add_to_cart,mobile,US,cpc,0
U04597,2025-05-26 18:53:32,checkout,mobile,US,cpc,0
U04597,2025-05-26 19:33:02,purchase,mobile,US,cpc,146.3
U04598,2025-04-02 12:00:00,view,tablet,UK,none,0
U04599,2025-02-26 23:00:00,view,tablet,Brazil,organic,0
U04600,2025-06-28 04:00:00,view,tablet,Canada,organic,0
U04601,2025-03-27 19:00:00,view,desktop,India,referral,0
U04601,2025-03-27 19:09:35,add_to_cart,desktop,India,referral,0
U04602,2025-06-18 07:00:00,view,desktop,UK,organic,0
U04602,2025-06-18 07:10:27,add_to_cart,desktop,UK,organic,0
U04602,2025-06-18 08:05:01,checkout,desktop,UK,organic,0
U04602,2025-06-18 08:59:20,purchase,desktop,UK,organic,89.78
U04603,2025-05-25 16:00:00,view,desktop,UK,cpc,0
U04604,2025-02-18 05:00:00,view,mobile,US,cpc,0
U04605,2025-05-31 02:00:00,view,tablet,Canada,referral,0
U04605,2025-05-31 02:29:29,add_to_cart,tablet,Canada,referral,0
U04605,2025-05-31 03:23:30,checkout,tablet,Canada,referral,0
U04605,2025-05-31 04:38:20,purchase,tablet,Canada,referral,60.8
U04606,2025-05-15 07:00:00,view,desktop,Brazil,cpc,0
U04607,2025-05-22 01:00:00,view,desktop,US,none,0
U04607,2025-05-22 01:12:26,add_to_cart,desktop,US,none,0
U04607,2025-05-22 01:30:17,checkout,desktop,US,none,0
U04607,2025-05-22 01:47:16,purchase,desktop,US,none,65.9
U04608,2025-03-18 01:00:00,view,desktop,India,organic,0
U04609,2025-02-07 23:00:00,view,mobile,US,none,0
U04610,2025-02-19 03:00:00,view,desktop,India,referral,0
U04610,2025-02-19 03:04:48,add_to_cart,desktop,India,referral,0
U04610,2025-02-19 03:17:03,checkout,desktop,India,referral,0
U04610,2025-02-19 04:13:02,purchase,desktop,India,referral,54.53
U04611,2025-02-03 10:00:00,view,mobile,US,none,0
U04611,2025-02-03 10:19:35,add_to_cart,mobile,US,none,0
U04611,2025-02-03 10:35:54,checkout,mobile,US,none,0
U04611,2025-02-03 11:26:06,purchase,mobile,US,none,98.3
U04612,2025-05-30 09:00:00,view,desktop,UK,organic,0
U04612,2025-05-30 09:03:00,add_to_cart,desktop,UK,organic,0
U04612,2025-05-30 09:26:51,checkout,desktop,UK,organic,0
U04612,2025-05-30 09:45:29,purchase,desktop,UK,organic,111.41
U04613,2025-05-28 23:00:00,view,desktop,US,cpc,0
U04614,2025-04-15 16:00:00,view,desktop,US,referral,0
U04614,2025-04-15 16:20:52,add_to_cart,desktop,US,referral,0
U04614,2025-04-15 16:34:56,checkout,desktop,US,referral,0
U04614,2025-04-15 18:00:02,purchase,desktop,US,referral,86.79
U04615,2025-03-11 13:00:00,view,mobile,US,organic,0
U04615,2025-03-11 13:32:52,add_to_cart,mobile,US,organic,0
U04615,2025-03-11 14:03:46,checkout,mobile,US,organic,0
U04616,2025-01-14 02:00:00,view,desktop,Brazil,referral,0
U04616,2025-01-14 02:13:15,add_to_cart,desktop,Brazil,referral,0
U04616,2025-01-14 02:37:35,checkout,desktop,Brazil,referral,0
U04616,2025-01-14 03:05:49,purchase,desktop,Brazil,referral,77.46
U04617,2025-02-18 07:00:00,view,mobile,US,none,0
U04618,2025-04-24 02:00:00,view,mobile,US,cpc,0
U04618,2025-04-24 02:10:23,add_to_cart,mobile,US,cpc,0
U04618,2025-04-24 02:20:37,checkout,mobile,US,cpc,0
U04618,2025-04-24 03:13:45,purchase,mobile,US,cpc,97.23
U04619,2025-01-13 16:00:00,view,mobile,US,none,0
U04620,2025-03-29 22:00:00,view,tablet,Brazil,none,0
U04620,2025-03-29 22:14:24,add_to_cart,tablet,Brazil,none,0
U04620,2025-03-29 22:39:22,checkout,tablet,Brazil,none,0
U04620,2025-03-30 00:09:23,purchase,tablet,Brazil,none,64.44
U04621,2025-01-25 10:00:00,view,mobile,Canada,cpc,0
U04621,2025-01-25 10:42:29,add_to_cart,mobile,Canada,cpc,0
U04621,2025-01-25 10:54:51,checkout,mobile,Canada,cpc,0
U04621,2025-01-25 11:02:14,purchase,mobile,Canada,cpc,91.18
U04622,2025-02-05 17:00:00,view,desktop,UK,organic,0
U04622,2025-02-05 17:19:07,add_to_cart,desktop,UK,organic,0
U04623,2025-05-31 08:00:00,view,mobile,UK,none,0
U04624,2025-01-18 10:00:00,view,mobile,UK,none,0
U04625,2025-05-22 18:00:00,view,mobile,Brazil,organic,0
U04625,2025-05-22 18:47:59,add_to_cart,mobile,Brazil,organic,0
U04626,2025-03-04 13:00:00,view,desktop,Brazil,organic,0
U04626,2025-03-04 13:15:38,add_to_cart,desktop,Brazil,organic,0
U04626,2025-03-04 13:35:33,checkout,desktop,Brazil,organic,0
U04626,2025-03-04 14:16:15,purchase,desktop,Brazil,organic,89.64
U04627,2025-02-02 12:00:00,view,mobile,US,organic,0
U04628,2025-05-15 21:00:00,view,mobile,Canada,referral,0
U04628,2025-05-15 21:15:28,add_to_cart,mobile,Canada,referral,0
U04628,2025-05-15 21:28:50,checkout,mobile,Canada,referral,0
U04629,2025-01-21 23:00:00,view,mobile,UK,referral,0
U04629,2025-01-21 23:49:40,add_to_cart,mobile,UK,referral,0
U04629,2025-01-22 00:37:00,checkout,mobile,UK,referral,0
U04629,2025-01-22 00:48:39,purchase,mobile,UK,referral,104.71
U04630,2025-03-31 13:00:00,view,mobile,Canada,cpc,0
U04631,2025-05-25 02:00:00,view,mobile,US,organic,0
U04632,2025-03-14 01:00:00,view,mobile,India,referral,0
U04633,2025-06-24 23:00:00,view,desktop,US,none,0
U04633,2025-06-24 23:11:19,add_to_cart,desktop,US,none,0
U04634,2025-03-15 21:00:00,view,desktop,US,organic,0
U04635,2025-02-09 22:00:00,view,mobile,India,organic,0
U04635,2025-02-09 22:07:07,add_to_cart,mobile,India,organic,0
U04635,2025-02-09 22:21:58,checkout,mobile,India,organic,0
U04636,2025-06-01 21:00:00,view,desktop,UK,organic,0
U04636,2025-06-01 21:15:55,add_to_cart,desktop,UK,organic,0
U04636,2025-06-01 21:40:30,checkout,desktop,UK,organic,0
U04636,2025-06-01 22:32:14,purchase,desktop,UK,organic,103.71
U04637,2025-01-18 02:00:00,view,desktop,Canada,referral,0
U04637,2025-01-18 02:14:08,add_to_cart,desktop,Canada,referral,0
U04637,2025-01-18 02:47:05,checkout,desktop,Canada,referral,0
U04637,2025-01-18 03:12:50,purchase,desktop,Canada,referral,69.35
U04638,2025-03-11 13:00:00,view,tablet,Brazil,referral,0
U04638,2025-03-11 13:30:57,add_to_cart,tablet,Brazil,referral,0
U04638,2025-03-11 14:07:43,checkout,tablet,Brazil,referral,0
U04638,2025-03-11 15:14:11,purchase,tablet,Brazil,referral,80.49
U04639,2025-05-21 11:00:00,view,desktop,UK,organic,0
U04639,2025-05-21 11:24:35,add_to_cart,desktop,UK,organic,0
U04639,2025-05-21 12:05:35,checkout,desktop,UK,organic,0
U04639,2025-05-21 12:09:17,purchase,desktop,UK,organic,132.44
U04640,2025-03-15 12:00:00,view,desktop,US,none,0
U04640,2025-03-15 12:26:35,add_to_cart,desktop,US,none,0
U04640,2025-03-15 12:38:02,checkout,desktop,US,none,0
U04640,2025-03-15 13:03:18,purchase,desktop,US,none,101.11
U04641,2025-01-18 08:00:00,view,desktop,Brazil,organic,0
U04641,2025-01-18 08:13:17,add_to_cart,desktop,Brazil,organic,0
U04641,2025-01-18 09:37:18,checkout,desktop,Brazil,organic,0
U04641,2025-01-18 10:26:26,purchase,desktop,Brazil,organic,109.87
U04642,2025-01-10 10:00:00,view,desktop,Canada,none,0
U04643,2025-05-08 04:00:00,view,desktop,India,organic,0
U04643,2025-05-08 04:03:23,add_to_cart,desktop,India,organic,0
U04643,2025-05-08 04:27:40,checkout,desktop,India,organic,0
U04643,2025-05-08 04:30:20,purchase,desktop,India,organic,43.63
U04644,2025-05-28 18:00:00,view,tablet,UK,referral,0
U04645,2025-02-16 21:00:00,view,tablet,India,referral,0
U04646,2025-02-21 10:00:00,view,mobile,Brazil,referral,0
U04646,2025-02-21 10:19:07,add_to_cart,mobile,Brazil,referral,0
U04646,2025-02-21 10:25:11,checkout,mobile,Brazil,referral,0
U04646,2025-02-21 11:17:42,purchase,mobile,Brazil,referral,68.54
U04647,2025-06-12 13:00:00,view,tablet,US,organic,0
U04647,2025-06-12 13:26:03,add_to_cart,tablet,US,organic,0
U04647,2025-06-12 13:37:46,checkout,tablet,US,organic,0
U04647,2025-06-12 13:49:13,purchase,tablet,US,organic,103.55
U04648,2025-05-24 12:00:00,view,mobile,US,cpc,0
U04649,2025-03-17 00:00:00,view,tablet,US,organic,0
U04650,2025-04-06 21:00:00,view,mobile,India,none,0
U04651,2025-04-27 01:00:00,view,mobile,US,organic,0
U04651,2025-04-27 02:05:28,add_to_cart,mobile,US,organic,0
U04651,2025-04-27 02:36:51,checkout,mobile,US,organic,0
U04651,2025-04-27 03:34:54,purchase,mobile,US,organic,123.73
U04652,2025-06-21 12:00:00,view,desktop,US,organic,0
U04652,2025-06-21 12:22:32,add_to_cart,desktop,US,organic,0
U04652,2025-06-21 12:48:05,checkout,desktop,US,organic,0
U04652,2025-06-21 12:58:55,purchase,desktop,US,organic,118.43
U04653,2025-06-08 10:00:00,view,desktop,India,none,0
U04654,2025-05-27 14:00:00,view,mobile,Canada,cpc,0
U04654,2025-05-27 14:25:40,add_to_cart,mobile,Canada,cpc,0
U04654,2025-05-27 14:41:55,checkout,mobile,Canada,cpc,0
U04654,2025-05-27 15:37:42,purchase,mobile,Canada,cpc,109.74
U04655,2025-06-01 04:00:00,view,tablet,UK,organic,0
U04656,2025-05-14 02:00:00,view,mobile,US,organic,0
U04656,2025-05-14 02:12:28,add_to_cart,mobile,US,organic,0
U04656,2025-05-14 02:45:28,checkout,mobile,US,organic,0
U04657,2025-02-12 03:00:00,view,desktop,India,organic,0
U04657,2025-02-12 03:24:52,add_to_cart,desktop,India,organic,0
U04657,2025-02-12 03:46:39,checkout,desktop,India,organic,0
U04657,2025-02-12 05:21:23,purchase,desktop,India,organic,73.24
U04658,2025-02-28 21:00:00,view,mobile,UK,cpc,0
U04658,2025-02-28 21:22:13,add_to_cart,mobile,UK,cpc,0
U04658,2025-02-28 21:32:13,checkout,mobile,UK,cpc,0
U04658,2025-02-28 22:32:26,purchase,mobile,UK,cpc,84.63
U04659,2025-05-15 06:00:00,view,desktop,UK,referral,0
U04660,2025-01-17 04:00:00,view,desktop,Canada,referral,0
U04660,2025-01-17 04:09:55,add_to_cart,desktop,Canada,referral,0
U04660,2025-01-17 04:46:47,checkout,desktop,Canada,referral,0
U04660,2025-01-17 05:00:23,purchase,desktop,Canada,referral,116.43
U04661,2025-02-23 09:00:00,view,desktop,Canada,organic,0
U04661,2025-02-23 09:08:56,add_to_cart,desktop,Canada,organic,0
U04661,2025-02-23 09:55:02,checkout,desktop,Canada,organic,0
U04661,2025-02-23 12:12:12,purchase,desktop,Canada,organic,103.36
U04662,2025-02-15 16:00:00,view,desktop,US,organic,0
U04662,2025-02-15 16:18:40,add_to_cart,desktop,US,organic,0
U04662,2025-02-15 16:38:45,checkout,desktop,US,organic,0
U04662,2025-02-15 17:38:03,purchase,desktop,US,organic,109.85
U04663,2025-05-25 17:00:00,view,desktop,India,organic,0
U04664,2025-06-14 10:00:00,view,mobile,Brazil,referral,0
U04664,2025-06-14 10:29:21,add_to_cart,mobile,Brazil,referral,0
U04664,2025-06-14 10:57:24,checkout,mobile,Brazil,referral,0
U04664,2025-06-14 11:36:15,purchase,mobile,Brazil,referral,101.6
U04665,2025-02-18 16:00:00,view,desktop,Canada,organic,0
U04665,2025-02-18 16:25:18,add_to_cart,desktop,Canada,organic,0
U04666,2025-03-06 12:00:00,view,mobile,Canada,referral,0
U04667,2025-02-28 02:00:00,view,desktop,Canada,referral,0
U04667,2025-02-28 02:04:59,add_to_cart,desktop,Canada,referral,0
U04667,2025-02-28 02:56:01,checkout,desktop,Canada,referral,0
U04667,2025-02-28 03:38:15,purchase,desktop,Canada,referral,72.3
U04668,2025-04-30 00:00:00,view,mobile,US,none,0
U04668,2025-04-30 00:18:39,add_to_cart,mobile,US,none,0
U04668,2025-04-30 00:45:05,checkout,mobile,US,none,0
U04669,2025-03-09 16:00:00,view,tablet,Brazil,none,0
U04669,2025-03-09 16:12:10,add_to_cart,tablet,Brazil,none,0
U04670,2025-02-13 15:00:00,view,desktop,India,cpc,0
U04670,2025-02-13 15:07:03,add_to_cart,desktop,India,cpc,0
U04670,2025-02-13 15:23:09,checkout,desktop,India,cpc,0
U04670,2025-02-13 17:20:57,purchase,desktop,India,cpc,32.1
U04671,2025-03-28 00:00:00,view,desktop,Brazil,organic,0
U04672,2025-02-21 18:00:00,view,mobile,Brazil,organic,0
U04673,2025-04-24 09:00:00,view,tablet,US,organic,0
U04673,2025-04-24 09:15:58,add_to_cart,tablet,US,organic,0
U04673,2025-04-24 09:58:04,checkout,tablet,US,organic,0
U04673,2025-04-24 10:31:39,purchase,tablet,US,organic,84.56
U04674,2025-02-06 13:00:00,view,desktop,US,cpc,0
U04674,2025-02-06 13:10:49,add_to_cart,desktop,US,cpc,0
U04675,2025-01-14 22:00:00,view,desktop,UK,none,0
U04676,2025-04-28 15:00:00,view,desktop,US,cpc,0
U04677,2025-05-17 04:00:00,view,mobile,India,organic,0
U04677,2025-05-17 04:10:28,add_to_cart,mobile,India,organic,0
U04677,2025-05-17 05:26:19,checkout,mobile,India,organic,0
U04677,2025-05-17 06:09:44,purchase,mobile,India,organic,73.04
U04678,2025-05-04 12:00:00,view,tablet,Brazil,referral,0
U04679,2025-04-11 08:00:00,view,mobile,India,organic,0
U04679,2025-04-11 08:02:00,add_to_cart,mobile,India,organic,0
U04679,2025-04-11 08:36:02,checkout,mobile,India,organic,0
U04679,2025-04-11 08:53:42,purchase,mobile,India,organic,64.05
U04680,2025-05-14 11:00:00,view,desktop,Brazil,organic,0
U04681,2025-05-23 21:00:00,view,mobile,US,referral,0
U04681,2025-05-23 21:22:26,add_to_cart,mobile,US,referral,0
U04681,2025-05-23 21:25:31,checkout,mobile,US,referral,0
U04681,2025-05-23 21:55:04,purchase,mobile,US,referral,147.36
U04682,2025-06-22 04:00:00,view,desktop,India,cpc,0
U04682,2025-06-22 04:13:50,add_to_cart,desktop,India,cpc,0
U04683,2025-02-27 14:00:00,view,mobile,India,organic,0
U04683,2025-02-27 14:41:40,add_to_cart,mobile,India,organic,0
U04683,2025-02-27 15:16:02,checkout,mobile,India,organic,0
U04683,2025-02-27 16:09:23,purchase,mobile,India,organic,103.42
U04684,2025-02-18 09:00:00,view,desktop,US,organic,0
U04685,2025-02-23 08:00:00,view,desktop,India,none,0
U04686,2025-01-28 10:00:00,view,mobile,UK,none,0
U04687,2025-06-20 13:00:00,view,mobile,US,none,0
U04687,2025-06-20 13:09:33,add_to_cart,mobile,US,none,0
U04687,2025-06-20 13:34:31,checkout,mobile,US,none,0
U04687,2025-06-20 13:56:54,purchase,mobile,US,none,44.01
U04688,2025-02-05 03:00:00,view,mobile,US,organic,0
U04688,2025-02-05 03:15:28,add_to_cart,mobile,US,organic,0
U04688,2025-02-05 03:40:32,checkout,mobile,US,organic,0
U04688,2025-02-05 04:40:47,purchase,mobile,US,organic,107.1
U04689,2025-01-04 16:00:00,view,mobile,UK,organic,0
U04689,2025-01-04 16:18:30,add_to_cart,mobile,UK,organic,0
U04689,2025-01-04 16:30:35,checkout,mobile,UK,organic,0
U04689,2025-01-04 18:17:53,purchase,mobile,UK,organic,69.43
U04690,2025-06-12 02:00:00,view,mobile,US,none,0
U04691,2025-04-27 19:00:00,view,desktop,India,organic,0
U04691,2025-04-27 19:10:59,add_to_cart,desktop,India,organic,0
U04691,2025-04-27 19:39:23,checkout,desktop,India,organic,0
U04691,2025-04-27 20:21:25,purchase,desktop,India,organic,57.27
U04692,2025-06-29 18:00:00,view,desktop,Canada,cpc,0
U04692,2025-06-29 18:18:45,add_to_cart,desktop,Canada,cpc,0
U04692,2025-06-29 18:25:33,checkout,desktop,Canada,cpc,0
U04693,2025-02-14 20:00:00,view,tablet,Canada,organic,0
U04694,2025-02-17 19:00:00,view,mobile,UK,cpc,0
U04694,2025-02-17 19:33:43,add_to_cart,mobile,UK,cpc,0
U04695,2025-01-19 17:00:00,view,tablet,UK,cpc,0
U04696,2025-01-08 12:00:00,view,desktop,UK,organic,0
U04696,2025-01-08 12:02:07,add_to_cart,desktop,UK,organic,0
U04696,2025-01-08 12:12:52,checkout,desktop,UK,organic,0
U04696,2025-01-08 12:20:41,purchase,desktop,UK,organic,114.09
U04697,2025-05-22 00:00:00,view,tablet,Canada,referral,0
U04697,2025-05-22 00:04:57,add_to_cart,tablet,Canada,referral,0
U04697,2025-05-22 00:40:53,checkout,tablet,Canada,referral,0
U04697,2025-05-22 02:25:26,purchase,tablet,Canada,referral,66.36
U04698,2025-01-03 05:00:00,view,mobile,India,cpc,0
U04699,2025-02-21 03:00:00,view,desktop,India,none,0
U04699,2025-02-21 03:20:50,add_to_cart,desktop,India,none,0
U04699,2025-02-21 03:59:20,checkout,desktop,India,none,0
U04699,2025-02-21 04:19:38,purchase,desktop,India,none,56.97
U04700,2025-05-04 00:00:00,view,tablet,India,cpc,0
U04701,2025-04-15 10:00:00,view,mobile,India,organic,0
U04701,2025-04-15 10:23:41,add_to_cart,mobile,India,organic,0
U04701,2025-04-15 11:04:33,checkout,mobile,India,organic,0
U04701,2025-04-15 13:21:29,purchase,mobile,India,organic,46.66
U04702,2025-04-16 14:00:00,view,mobile,US,organic,0
U04702,2025-04-16 14:50:30,add_to_cart,mobile,US,organic,0
U04702,2025-04-16 15:05:34,checkout,mobile,US,organic,0
U04702,2025-04-16 15:31:55,purchase,mobile,US,organic,60.62
U04703,2025-06-17 21:00:00,view,mobile,US,referral,0
U04703,2025-06-17 21:09:33,add_to_cart,mobile,US,referral,0
U04703,2025-06-17 22:13:41,checkout,mobile,US,referral,0
U04704,2025-03-14 23:00:00,view,desktop,Canada,none,0
U04705,2025-05-17 07:00:00,view,desktop,Brazil,referral,0
U04705,2025-05-17 07:07:27,add_to_cart,desktop,Brazil,referral,0
U04705,2025-05-17 07:19:33,checkout,desktop,Brazil,referral,0
U04705,2025-05-17 08:45:17,purchase,desktop,Brazil,referral,79.37
U04706,2025-02-28 13:00:00,view,desktop,UK,referral,0
U04707,2025-05-10 05:00:00,view,desktop,Canada,organic,0
U04708,2025-02-22 04:00:00,view,desktop,Canada,referral,0
U04708,2025-02-22 04:08:43,add_to_cart,desktop,Canada,referral,0
U04708,2025-02-22 04:53:36,checkout,desktop,Canada,referral,0
U04708,2025-02-22 05:33:31,purchase,desktop,Canada,referral,108.18
U04709,2025-05-20 04:00:00,view,desktop,India,organic,0
U04710,2025-05-12 17:00:00,view,desktop,Canada,none,0
U04710,2025-05-12 17:06:01,add_to_cart,desktop,Canada,none,0
U04711,2025-06-25 23:00:00,view,desktop,US,cpc,0
U04711,2025-06-25 23:17:09,add_to_cart,desktop,US,cpc,0
U04711,2025-06-26 00:12:41,checkout,desktop,US,cpc,0
U04711,2025-06-26 00:46:15,purchase,desktop,US,cpc,87.67
U04712,2025-02-18 16:00:00,view,mobile,India,cpc,0
U04712,2025-02-18 16:21:15,add_to_cart,mobile,India,cpc,0
U04712,2025-02-18 16:47:27,checkout,mobile,India,cpc,0
U04712,2025-02-18 17:49:33,purchase,mobile,India,cpc,52.15
U04713,2025-03-13 04:00:00,view,tablet,US,cpc,0
U04714,2025-06-12 18:00:00,view,desktop,UK,cpc,0
U04715,2025-05-08 08:00:00,view,mobile,US,organic,0
U04715,2025-05-08 08:10:25,add_to_cart,mobile,US,organic,0
U04715,2025-05-08 08:40:29,checkout,mobile,US,organic,0
U04715,2025-05-08 09:35:54,purchase,mobile,US,organic,79.44
U04716,2025-02-11 09:00:00,view,mobile,India,referral,0
U04716,2025-02-11 09:09:38,add_to_cart,mobile,India,referral,0
U04716,2025-02-11 10:52:48,checkout,mobile,India,referral,0
U04716,2025-02-11 11:58:08,purchase,mobile,India,referral,65.41
U04717,2025-02-14 03:00:00,view,mobile,US,organic,0
U04717,2025-02-14 03:07:23,add_to_cart,mobile,US,organic,0
U04717,2025-02-14 03:25:46,checkout,mobile,US,organic,0
U04717,2025-02-14 04:50:51,purchase,mobile,US,organic,115.81
U04718,2025-06-02 09:00:00,view,mobile,UK,organic,0
U04718,2025-06-02 09:20:17,add_to_cart,mobile,UK,organic,0
U04718,2025-06-02 09:26:57,checkout,mobile,UK,organic,0
U04718,2025-06-02 10:23:29,purchase,mobile,UK,organic,121.45
U04719,2025-05-03 01:00:00,view,mobile,US,organic,0
U04719,2025-05-03 01:44:59,add_to_cart,mobile,US,organic,0
U04719,2025-05-03 02:03:02,checkout,mobile,US,organic,0
U04720,2025-05-13 08:00:00,view,desktop,Canada,none,0
U04721,2025-05-18 11:00:00,view,desktop,US,referral,0
U04721,2025-05-18 11:04:11,add_to_cart,desktop,US,referral,0
U04721,2025-05-18 11:40:02,checkout,desktop,US,referral,0
U04721,2025-05-18 12:08:13,purchase,desktop,US,referral,147.06
U04722,2025-06-27 21:00:00,view,mobile,UK,referral,0
U04723,2025-04-14 12:00:00,view,mobile,UK,organic,0
U04723,2025-04-14 12:09:45,add_to_cart,mobile,UK,organic,0
U04723,2025-04-14 12:35:00,checkout,mobile,UK,organic,0
U04723,2025-04-14 14:05:23,purchase,mobile,UK,organic,80.5
U04724,2025-05-12 22:00:00,view,mobile,US,organic,0
U04724,2025-05-12 22:05:36,add_to_cart,mobile,US,organic,0
U04725,2025-06-15 00:00:00,view,desktop,India,cpc,0
U04725,2025-06-15 00:24:35,add_to_cart,desktop,India,cpc,0
U04725,2025-06-15 00:50:19,checkout,desktop,India,cpc,0
U04725,2025-06-15 01:19:27,purchase,desktop,India,cpc,101.96
U04726,2025-05-02 12:00:00,view,desktop,India,referral,0
U04726,2025-05-02 12:18:57,add_to_cart,desktop,India,referral,0
U04726,2025-05-02 12:34:08,checkout,desktop,India,referral,0
U04726,2025-05-02 13:04:53,purchase,desktop,India,referral,88.17
U04727,2025-04-03 22:00:00,view,desktop,US,referral,0
U04727,2025-04-03 22:05:47,add_to_cart,desktop,US,referral,0
U04727,2025-04-03 22:51:58,checkout,desktop,US,referral,0
U04727,2025-04-03 23:29:10,purchase,desktop,US,referral,126.51
U04728,2025-01-01 23:00:00,view,mobile,US,organic,0
U04728,2025-01-01 23:08:24,add_to_cart,mobile,US,organic,0
U04729,2025-06-01 05:00:00,view,tablet,Brazil,referral,0
U04729,2025-06-01 05:13:38,add_to_cart,tablet,Brazil,referral,0
U04729,2025-06-01 05:20:13,checkout,tablet,Brazil,referral,0
U04729,2025-06-01 06:06:47,purchase,tablet,Brazil,referral,90.76
U04730,2025-01-19 19:00:00,view,desktop,US,organic,0
U04730,2025-01-19 19:17:04,add_to_cart,desktop,US,organic,0
U04730,2025-01-19 20:14:32,checkout,desktop,US,organic,0
U04730,2025-01-19 20:47:25,purchase,desktop,US,organic,101.82
U04731,2025-02-07 00:00:00,view,tablet,US,none,0
U04732,2025-03-25 20:00:00,view,desktop,Brazil,referral,0
U04732,2025-03-25 20:17:45,add_to_cart,desktop,Brazil,referral,0
U04732,2025-03-25 20:28:28,checkout,desktop,Brazil,referral,0
U04732,2025-03-25 20:50:38,purchase,desktop,Brazil,referral,33.0
U04733,2025-04-08 04:00:00,view,desktop,US,cpc,0
U04734,2025-01-30 19:00:00,view,desktop,Canada,referral,0
U04734,2025-01-30 19:17:09,add_to_cart,desktop,Canada,referral,0
U04734,2025-01-30 19:25:34,checkout,desktop,Canada,referral,0
U04735,2025-03-09 10:00:00,view,tablet,India,cpc,0
U04736,2025-01-27 17:00:00,view,mobile,US,cpc,0
U04736,2025-01-27 17:39:00,add_to_cart,mobile,US,cpc,0
U04736,2025-01-27 18:01:47,checkout,mobile,US,cpc,0
U04737,2025-06-16 08:00:00,view,tablet,UK,none,0
U04737,2025-06-16 08:38:16,add_to_cart,tablet,UK,none,0
U04737,2025-06-16 08:58:46,checkout,tablet,UK,none,0
U04737,2025-06-16 10:04:23,purchase,tablet,UK,none,72.97
U04738,2025-05-03 10:00:00,view,mobile,Brazil,organic,0
U04738,2025-05-03 10:18:44,add_to_cart,mobile,Brazil,organic,0
U04739,2025-01-17 03:00:00,view,desktop,India,cpc,0
U04739,2025-01-17 03:32:34,add_to_cart,desktop,India,cpc,0
U04739,2025-01-17 03:36:54,checkout,desktop,India,cpc,0
U04739,2025-01-17 05:48:13,purchase,desktop,India,cpc,48.77
U04740,2025-05-11 23:00:00,view,desktop,Canada,referral,0
U04740,2025-05-11 23:33:02,add_to_cart,desktop,Canada,referral,0
U04740,2025-05-12 01:03:36,checkout,desktop,Canada,referral,0
U04740,2025-05-12 01:52:46,purchase,desktop,Canada,referral,93.71
U04741,2025-06-08 23:00:00,view,desktop,India,referral,0
U04742,2025-05-06 18:00:00,view,mobile,India,none,0
U04743,2025-03-06 21:00:00,view,mobile,UK,cpc,0
U04743,2025-03-06 21:36:29,add_to_cart,mobile,UK,cpc,0
U04744,2025-05-30 05:00:00,view,mobile,US,organic,0
U04744,2025-05-30 05:17:38,add_to_cart,mobile,US,organic,0
U04744,2025-05-30 05:27:12,checkout,mobile,US,organic,0
U04744,2025-05-30 06:25:01,purchase,mobile,US,organic,102.62
U04745,2025-03-11 12:00:00,view,mobile,UK,organic,0
U04745,2025-03-11 12:13:48,add_to_cart,mobile,UK,organic,0
U04746,2025-02-09 18:00:00,view,tablet,US,cpc,0
U04747,2025-02-13 11:00:00,view,mobile,Brazil,none,0
U04748,2025-01-24 19:00:00,view,desktop,India,none,0
U04748,2025-01-24 19:31:52,add_to_cart,desktop,India,none,0
U04749,2025-06-12 12:00:00,view,mobile,Canada,cpc,0
U04750,2025-04-24 02:00:00,view,tablet,UK,none,0
U04750,2025-04-24 02:10:21,add_to_cart,tablet,UK,none,0
U04750,2025-04-24 02:33:43,checkout,tablet,UK,none,0
U04750,2025-04-24 02:43:55,purchase,tablet,UK,none,93.01
U04751,2025-05-24 13:00:00,view,mobile,India,none,0
U04751,2025-05-24 13:08:27,add_to_cart,mobile,India,none,0
U04751,2025-05-24 13:33:59,checkout,mobile,India,none,0
U04751,2025-05-24 13:36:14,purchase,mobile,India,none,72.77
U04752,2025-02-24 19:00:00,view,desktop,US,referral,0
U04753,2025-02-18 10:00:00,view,mobile,US,none,0
U04754,2025-04-06 08:00:00,view,desktop,US,referral,0
U04754,2025-04-06 08:11:19,add_to_cart,desktop,US,referral,0
U04754,2025-04-06 08:28:24,checkout,desktop,US,referral,0
U04754,2025-04-06 08:51:04,purchase,desktop,US,referral,109.07
U04755,2025-05-28 00:00:00,view,mobile,UK,none,0
U04755,2025-05-28 00:04:54,add_to_cart,mobile,UK,none,0
U04756,2025-02-07 17:00:00,view,desktop,India,referral,0
U04756,2025-02-07 17:32:20,add_to_cart,desktop,India,referral,0
U04756,2025-02-07 18:36:09,checkout,desktop,India,referral,0
U04756,2025-02-07 19:13:59,purchase,desktop,India,referral,77.35
U04757,2025-02-10 16:00:00,view,desktop,UK,none,0
U04757,2025-02-10 16:04:35,add_to_cart,desktop,UK,none,0
U04757,2025-02-10 16:12:56,checkout,desktop,UK,none,0
U04758,2025-05-19 06:00:00,view,desktop,Brazil,none,0
U04759,2025-01-06 23:00:00,view,desktop,India,referral,0
U04759,2025-01-06 23:21:51,add_to_cart,desktop,India,referral,0
U04759,2025-01-06 23:37:38,checkout,desktop,India,referral,0
U04759,2025-01-07 00:42:16,purchase,desktop,India,referral,76.91
U04760,2025-01-06 09:00:00,view,mobile,US,referral,0
U04760,2025-01-06 09:14:43,add_to_cart,mobile,US,referral,0
U04760,2025-01-06 10:01:04,checkout,mobile,US,referral,0
U04760,2025-01-06 11:05:03,purchase,mobile,US,referral,101.28
U04761,2025-05-01 01:00:00,view,desktop,UK,referral,0
U04761,2025-05-01 01:27:34,add_to_cart,desktop,UK,referral,0
U04761,2025-05-01 02:03:09,checkout,desktop,UK,referral,0
U04761,2025-05-01 02:54:04,purchase,desktop,UK,referral,130.72
U04762,2025-05-10 21:00:00,view,tablet,Brazil,organic,0
U04763,2025-02-10 13:00:00,view,tablet,UK,referral,0
U04764,2025-02-12 07:00:00,view,desktop,UK,referral,0
U04764,2025-02-12 07:13:01,add_to_cart,desktop,UK,referral,0
U04764,2025-02-12 07:18:06,checkout,desktop,UK,referral,0
U04764,2025-02-12 07:41:59,purchase,desktop,UK,referral,129.78
U04765,2025-05-10 20:00:00,view,desktop,US,organic,0
U04765,2025-05-10 20:14:47,add_to_cart,desktop,US,organic,0
U04765,2025-05-10 20:42:20,checkout,desktop,US,organic,0
U04766,2025-06-27 13:00:00,view,mobile,US,cpc,0
U04766,2025-06-27 13:35:44,add_to_cart,mobile,US,cpc,0
U04766,2025-06-27 13:58:35,checkout,mobile,US,cpc,0
U04767,2025-04-22 15:00:00,view,desktop,India,cpc,0
U04767,2025-04-22 15:27:28,add_to_cart,desktop,India,cpc,0
U04767,2025-04-22 15:39:34,checkout,desktop,India,cpc,0
U04768,2025-01-24 03:00:00,view,tablet,US,referral,0
U04769,2025-05-12 15:00:00,view,mobile,Canada,referral,0
U04769,2025-05-12 15:23:12,add_to_cart,mobile,Canada,referral,0
U04770,2025-04-02 19:00:00,view,mobile,US,referral,0
U04771,2025-02-11 04:00:00,view,desktop,Canada,organic,0
U04771,2025-02-11 04:11:06,add_to_cart,desktop,Canada,organic,0
U04771,2025-02-11 05:02:21,checkout,desktop,Canada,organic,0
U04771,2025-02-11 05:40:43,purchase,desktop,Canada,organic,96.75
U04772,2025-02-15 09:00:00,view,tablet,US,organic,0
U04773,2025-04-10 19:00:00,view,desktop,India,cpc,0
U04773,2025-04-10 19:07:18,add_to_cart,desktop,India,cpc,0
U04774,2025-05-05 22:00:00,view,desktop,US,cpc,0
U04774,2025-05-05 22:15:37,add_to_cart,desktop,US,cpc,0
U04774,2025-05-05 22:27:07,checkout,desktop,US,cpc,0
U04774,2025-05-05 22:35:42,purchase,desktop,US,cpc,71.06
U04775,2025-05-26 21:00:00,view,desktop,US,organic,0
U04776,2025-03-14 21:00:00,view,mobile,India,organic,0
U04776,2025-03-14 21:33:32,add_to_cart,mobile,India,organic,0
U04776,2025-03-14 21:56:59,checkout,mobile,India,organic,0
U04776,2025-03-14 22:31:00,purchase,mobile,India,organic,66.44
U04777,2025-01-28 12:00:00,view,tablet,India,cpc,0
U04777,2025-01-28 12:05:57,add_to_cart,tablet,India,cpc,0
U04777,2025-01-28 12:20:39,checkout,tablet,India,cpc,0
U04777,2025-01-28 12:38:14,purchase,tablet,India,cpc,67.84
U04778,2025-03-22 10:00:00,view,desktop,UK,organic,0
U04779,2025-05-30 17:00:00,view,mobile,US,referral,0
U04779,2025-05-30 17:21:22,add_to_cart,mobile,US,referral,0
U04779,2025-05-30 18:17:24,checkout,mobile,US,referral,0
U04780,2025-04-15 04:00:00,view,mobile,US,referral,0
U04780,2025-04-15 04:32:05,add_to_cart,mobile,US,referral,0
U04780,2025-04-15 04:59:59,checkout,mobile,US,referral,0
U04780,2025-04-15 05:51:20,purchase,mobile,US,referral,52.39
U04781,2025-03-24 12:00:00,view,desktop,India,organic,0
U04782,2025-05-19 13:00:00,view,tablet,US,referral,0
U04782,2025-05-19 13:24:43,add_to_cart,tablet,US,referral,0
U04783,2025-02-04 06:00:00,view,mobile,India,cpc,0
U04784,2025-02-16 06:00:00,view,mobile,UK,referral,0
U04784,2025-02-16 06:17:09,add_to_cart,mobile,UK,referral,0
U04784,2025-02-16 06:57:50,checkout,mobile,UK,referral,0
U04784,2025-02-16 07:02:04,purchase,mobile,UK,referral,44.99
U04785,2025-06-20 23:00:00,view,desktop,Canada,organic,0
U04785,2025-06-20 23:12:13,add_to_cart,desktop,Canada,organic,0
U04785,2025-06-20 23:19:43,checkout,desktop,Canada,organic,0
U04785,2025-06-21 00:01:04,purchase,desktop,Canada,organic,67.7
U04786,2025-01-10 04:00:00,view,mobile,Brazil,organic,0
U04786,2025-01-10 04:19:45,add_to_cart,mobile,Brazil,organic,0
U04786,2025-01-10 05:10:27,checkout,mobile,Brazil,organic,0
U04786,2025-01-10 05:15:52,purchase,mobile,Brazil,organic,102.37
U04787,2025-01-07 20:00:00,view,mobile,US,cpc,0
U04788,2025-04-05 07:00:00,view,mobile,Brazil,cpc,0
U04789,2025-04-10 12:00:00,view,mobile,UK,referral,0
U04790,2025-04-30 23:00:00,view,mobile,Brazil,organic,0
U04791,2025-03-12 18:00:00,view,mobile,US,cpc,0
U04791,2025-03-12 18:10:35,add_to_cart,mobile,US,cpc,0
U04791,2025-03-12 18:41:22,checkout,mobile,US,cpc,0
U04791,2025-03-12 19:12:36,purchase,mobile,US,cpc,24.82
U04792,2025-01-13 21:00:00,view,desktop,Canada,cpc,0
U04792,2025-01-13 21:02:00,add_to_cart,desktop,Canada,cpc,0
U04792,2025-01-13 21:20:34,checkout,desktop,Canada,cpc,0
U04792,2025-01-13 21:32:01,purchase,desktop,Canada,cpc,115.24
U04793,2025-03-31 16:00:00,view,mobile,Brazil,organic,0
U04794,2025-03-15 03:00:00,view,desktop,US,cpc,0
U04794,2025-03-15 03:10:13,add_to_cart,desktop,US,cpc,0
U04794,2025-03-15 03:22:52,checkout,desktop,US,cpc,0
U04794,2025-03-15 03:58:47,purchase,desktop,US,cpc,103.24
U04795,2025-04-02 02:00:00,view,desktop,India,none,0
U04795,2025-04-02 02:17:19,add_to_cart,desktop,India,none,0
U04795,2025-04-02 03:07:42,checkout,desktop,India,none,0
U04795,2025-04-02 04:15:14,purchase,desktop,India,none,110.22
U04796,2025-01-30 14:00:00,view,mobile,UK,none,0
U04796,2025-01-30 14:18:09,add_to_cart,mobile,UK,none,0
U04797,2025-06-28 22:00:00,view,desktop,US,organic,0
U04798,2025-03-27 02:00:00,view,mobile,Brazil,organic,0
U04798,2025-03-27 02:29:55,add_to_cart,mobile,Brazil,organic,0
U04798,2025-03-27 02:55:19,checkout,mobile,Brazil,organic,0
U04798,2025-03-27 03:04:15,purchase,mobile,Brazil,organic,87.27
U04799,2025-05-07 10:00:00,view,mobile,US,referral,0
U04800,2025-03-22 15:00:00,view,tablet,UK,none,0
U04801,2025-06-05 18:00:00,view,mobile,Brazil,cpc,0
U04801,2025-06-05 18:17:23,add_to_cart,mobile,Brazil,cpc,0
U04801,2025-06-05 19:10:55,checkout,mobile,Brazil,cpc,0
U04801,2025-06-05 20:19:41,purchase,mobile,Brazil,cpc,96.43
U04802,2025-05-28 03:00:00,view,desktop,US,referral,0
U04803,2025-02-06 01:00:00,view,desktop,US,none,0
U04803,2025-02-06 01:27:17,add_to_cart,desktop,US,none,0
U04803,2025-02-06 01:48:19,checkout,desktop,US,none,0
U04803,2025-02-06 01:55:10,purchase,desktop,US,none,88.86
U04804,2025-05-03 03:00:00,view,mobile,India,cpc,0
U04804,2025-05-03 03:40:54,add_to_cart,mobile,India,cpc,0
U04804,2025-05-03 03:54:52,checkout,mobile,India,cpc,0
U04805,2025-03-17 16:00:00,view,mobile,US,referral,0
U04805,2025-03-17 16:22:51,add_to_cart,mobile,US,referral,0
U04805,2025-03-17 16:54:12,checkout,mobile,US,referral,0
U04805,2025-03-17 17:44:48,purchase,mobile,US,referral,131.64
U04806,2025-04-04 11:00:00,view,desktop,Brazil,organic,0
U04807,2025-06-04 13:00:00,view,mobile,US,cpc,0
U04808,2025-04-05 02:00:00,view,tablet,Canada,organic,0
U04809,2025-05-21 03:00:00,view,mobile,Canada,organic,0
U04809,2025-05-21 03:28:07,add_to_cart,mobile,Canada,organic,0
U04810,2025-05-05 20:00:00,view,mobile,UK,organic,0
U04810,2025-05-05 20:19:11,add_to_cart,mobile,UK,organic,0
U04811,2025-02-08 18:00:00,view,mobile,US,organic,0
U04811,2025-02-08 18:08:28,add_to_cart,mobile,US,organic,0
U04811,2025-02-08 18:29:07,checkout,mobile,US,organic,0
U04811,2025-02-08 19:09:45,purchase,mobile,US,organic,118.38
U04812,2025-04-18 16:00:00,view,tablet,Brazil,none,0
U04812,2025-04-18 16:07:35,add_to_cart,tablet,Brazil,none,0
U04813,2025-03-13 16:00:00,view,mobile,US,organic,0
U04813,2025-03-13 16:08:38,add_to_cart,mobile,US,organic,0
U04813,2025-03-13 16:30:19,checkout,mobile,US,organic,0
U04813,2025-03-13 17:34:30,purchase,mobile,US,organic,141.52
U04814,2025-01-09 04:00:00,view,desktop,India,cpc,0
U04814,2025-01-09 04:08:34,add_to_cart,desktop,India,cpc,0
U04815,2025-06-16 18:00:00,view,mobile,US,referral,0
U04815,2025-06-16 18:13:39,add_to_cart,mobile,US,referral,0
U04815,2025-06-16 18:36:06,checkout,mobile,US,referral,0
U04815,2025-06-16 19:47:34,purchase,mobile,US,referral,77.66
U04816,2025-04-22 10:00:00,view,desktop,India,organic,0
U04817,2025-03-25 11:00:00,view,mobile,India,organic,0
U04817,2025-03-25 11:16:55,add_to_cart,mobile,India,organic,0
U04817,2025-03-25 12:14:55,checkout,mobile,India,organic,0
U04817,2025-03-25 12:47:48,purchase,mobile,India,organic,44.52
U04818,2025-03-02 21:00:00,view,tablet,UK,organic,0
U04818,2025-03-02 21:22:27,add_to_cart,tablet,UK,organic,0
U04819,2025-01-08 00:00:00,view,desktop,US,cpc,0
U04820,2025-06-15 17:00:00,view,mobile,US,organic,0
U04820,2025-06-15 17:22:05,add_to_cart,mobile,US,organic,0
U04820,2025-06-15 17:48:23,checkout,mobile,US,organic,0
U04821,2025-04-04 07:00:00,view,tablet,India,organic,0
U04821,2025-04-04 07:11:40,add_to_cart,tablet,India,organic,0
U04822,2025-03-02 08:00:00,view,mobile,Canada,referral,0
U04822,2025-03-02 08:16:12,add_to_cart,mobile,Canada,referral,0
U04822,2025-03-02 08:31:21,checkout,mobile,Canada,referral,0
U04822,2025-03-02 08:51:08,purchase,mobile,Canada,referral,135.35
U04823,2025-03-16 16:00:00,view,desktop,UK,organic,0
U04823,2025-03-16 16:11:46,add_to_cart,desktop,UK,organic,0
U04823,2025-03-16 16:16:48,checkout,desktop,UK,organic,0
U04823,2025-03-16 16:32:08,purchase,desktop,UK,organic,116.35
U04824,2025-06-24 11:00:00,view,mobile,US,referral,0
U04825,2025-03-18 11:00:00,view,mobile,Brazil,referral,0
U04825,2025-03-18 11:19:59,add_to_cart,mobile,Brazil,referral,0
U04826,2025-06-23 00:00:00,view,mobile,US,organic,0
U04826,2025-06-23 00:26:39,add_to_cart,mobile,US,organic,0
U04826,2025-06-23 00:35:10,checkout,mobile,US,organic,0
U04826,2025-06-23 01:15:00,purchase,mobile,US,organic,115.44
U04827,2025-02-28 13:00:00,view,mobile,Brazil,cpc,0
U04828,2025-05-30 00:00:00,view,tablet,US,cpc,0
U04828,2025-05-30 00:33:35,add_to_cart,tablet,US,cpc,0
U04829,2025-05-13 05:00:00,view,mobile,UK,referral,0
U04829,2025-05-13 05:06:57,add_to_cart,mobile,UK,referral,0
U04830,2025-06-29 03:00:00,view,desktop,US,organic,0
U04830,2025-06-29 03:14:15,add_to_cart,desktop,US,organic,0
U04830,2025-06-29 03:26:36,checkout,desktop,US,organic,0
U04830,2025-06-29 03:53:49,purchase,desktop,US,organic,106.06
U04831,2025-03-20 07:00:00,view,desktop,US,cpc,0
U04832,2025-04-11 18:00:00,view,desktop,India,organic,0
U04832,2025-04-11 18:35:47,add_to_cart,desktop,India,organic,0
U04832,2025-04-11 19:04:14,checkout,desktop,India,organic,0
U04832,2025-04-11 19:37:21,purchase,desktop,India,organic,75.61
U04833,2025-04-26 04:00:00,view,mobile,India,referral,0
U04833,2025-04-26 04:21:46,add_to_cart,mobile,India,referral,0
U04833,2025-04-26 04:45:02,checkout,mobile,India,referral,0
U04833,2025-04-26 05:02:28,purchase,mobile,India,referral,57.35
U04834,2025-04-09 11:00:00,view,tablet,Canada,organic,0
U04834,2025-04-09 11:31:12,add_to_cart,tablet,Canada,organic,0
U04835,2025-06-12 07:00:00,view,desktop,Brazil,none,0
U04835,2025-06-12 07:30:09,add_to_cart,desktop,Brazil,none,0
U04835,2025-06-12 08:08:07,checkout,desktop,Brazil,none,0
U04835,2025-06-12 08:34:59,purchase,desktop,Brazil,none,89.96
U04836,2025-06-23 09:00:00,view,mobile,India,organic,0
U04836,2025-06-23 09:22:47,add_to_cart,mobile,India,organic,0
U04836,2025-06-23 09:54:39,checkout,mobile,India,organic,0
U04836,2025-06-23 10:10:28,purchase,mobile,India,organic,87.66
U04837,2025-01-05 09:00:00,view,desktop,US,referral,0
U04837,2025-01-05 09:07:08,add_to_cart,desktop,US,referral,0
U04837,2025-01-05 09:35:00,checkout,desktop,US,referral,0
U04837,2025-01-05 10:02:59,purchase,desktop,US,referral,109.55
U04838,2025-03-17 23:00:00,view,mobile,India,referral,0
U04839,2025-02-16 12:00:00,view,mobile,US,none,0
U04839,2025-02-16 12:34:11,add_to_cart,mobile,US,none,0
U04840,2025-03-27 21:00:00,view,mobile,US,referral,0
U04841,2025-06-15 02:00:00,view,tablet,US,cpc,0
U04842,2025-03-11 17:00:00,view,mobile,Brazil,organic,0
U04843,2025-06-01 13:00:00,view,mobile,Canada,organic,0
U04844,2025-06-04 11:00:00,view,desktop,US,organic,0
U04845,2025-03-08 15:00:00,view,tablet,India,referral,0
U04845,2025-03-08 15:06:23,add_to_cart,tablet,India,referral,0
U04845,2025-03-08 15:48:34,checkout,tablet,India,referral,0
U04845,2025-03-08 16:38:22,purchase,tablet,India,referral,33.29
U04846,2025-02-13 05:00:00,view,mobile,UK,organic,0
U04847,2025-01-05 09:00:00,view,desktop,US,organic,0
U04847,2025-01-05 09:13:32,add_to_cart,desktop,US,organic,0
U04847,2025-01-05 09:28:29,checkout,desktop,US,organic,0
U04847,2025-01-05 09:59:00,purchase,desktop,US,organic,96.48
U04848,2025-02-05 16:00:00,view,tablet,Canada,cpc,0
U04849,2025-06-19 16:00:00,view,desktop,Canada,none,0
U04850,2025-02-02 04:00:00,view,mobile,India,none,0
U04850,2025-02-02 04:22:55,add_to_cart,mobile,India,none,0
U04850,2025-02-02 05:11:49,checkout,mobile,India,none,0
U04850,2025-02-02 05:27:02,purchase,mobile,India,none,81.9
U04851,2025-04-03 04:00:00,view,desktop,US,none,0
U04851,2025-04-03 04:06:41,add_to_cart,desktop,US,none,0
U04851,2025-04-03 04:37:17,checkout,desktop,US,none,0
U04851,2025-04-03 05:07:28,purchase,desktop,US,none,76.46
U04852,2025-05-23 13:00:00,view,desktop,India,cpc,0
U04853,2025-05-16 04:00:00,view,desktop,US,referral,0
U04853,2025-05-16 04:03:34,add_to_cart,desktop,US,referral,0
U04853,2025-05-16 04:30:17,checkout,desktop,US,referral,0
U04853,2025-05-16 05:51:32,purchase,desktop,US,referral,141.69
U04854,2025-05-01 05:00:00,view,tablet,US,referral,0
U04854,2025-05-01 05:08:02,add_to_cart,tablet,US,referral,0
U04854,2025-05-01 05:45:26,checkout,tablet,US,referral,0
U04854,2025-05-01 07:06:16,purchase,tablet,US,referral,105.64
U04855,2025-05-25 05:00:00,view,mobile,Canada,cpc,0
U04856,2025-04-25 22:00:00,view,desktop,US,organic,0
U04856,2025-04-25 22:02:33,add_to_cart,desktop,US,organic,0
U04856,2025-04-25 22:09:00,checkout,desktop,US,organic,0
U04856,2025-04-25 22:56:43,purchase,desktop,US,organic,151.24
U04857,2025-05-20 09:00:00,view,mobile,UK,referral,0
U04857,2025-05-20 09:08:59,add_to_cart,mobile,UK,referral,0
U04857,2025-05-20 09:18:51,checkout,mobile,UK,referral,0
U04857,2025-05-20 09:48:13,purchase,mobile,UK,referral,49.97
U04858,2025-04-11 20:00:00,view,mobile,US,referral,0
U04858,2025-04-11 20:09:55,add_to_cart,mobile,US,referral,0
U04858,2025-04-11 21:00:28,checkout,mobile,US,referral,0
U04858,2025-04-11 21:24:40,purchase,mobile,US,referral,153.27
U04859,2025-03-22 23:00:00,view,mobile,Brazil,referral,0
U04859,2025-03-22 23:07:46,add_to_cart,mobile,Brazil,referral,0
U04859,2025-03-22 23:31:50,checkout,mobile,Brazil,referral,0
U04859,2025-03-22 23:50:09,purchase,mobile,Brazil,referral,55.19
U04860,2025-04-06 16:00:00,view,mobile,UK,cpc,0
U04860,2025-04-06 16:38:58,add_to_cart,mobile,UK,cpc,0
U04861,2025-04-22 14:00:00,view,mobile,US,organic,0
U04861,2025-04-22 14:26:38,add_to_cart,mobile,US,organic,0
U04861,2025-04-22 15:27:15,checkout,mobile,US,organic,0
U04861,2025-04-22 16:13:01,purchase,mobile,US,organic,65.89
U04862,2025-05-13 20:00:00,view,desktop,US,cpc,0
U04862,2025-05-13 20:14:22,add_to_cart,desktop,US,cpc,0
U04862,2025-05-13 20:26:09,checkout,desktop,US,cpc,0
U04862,2025-05-13 20:31:47,purchase,desktop,US,cpc,87.23
U04863,2025-03-23 14:00:00,view,desktop,Canada,cpc,0
U04864,2025-03-30 07:00:00,view,desktop,India,referral,0
U04865,2025-03-24 00:00:00,view,mobile,US,organic,0
U04866,2025-03-03 07:00:00,view,desktop,India,referral,0
U04866,2025-03-03 07:22:56,add_to_cart,desktop,India,referral,0
U04866,2025-03-03 07:42:55,checkout,desktop,India,referral,0
U04866,2025-03-03 08:20:48,purchase,desktop,India,referral,109.0
U04867,2025-01-21 12:00:00,view,mobile,Brazil,none,0
U04867,2025-01-21 12:11:23,add_to_cart,mobile,Brazil,none,0
U04868,2025-03-04 00:00:00,view,tablet,UK,organic,0
U04869,2025-03-14 13:00:00,view,desktop,India,organic,0
U04869,2025-03-14 13:12:40,add_to_cart,desktop,India,organic,0
U04869,2025-03-14 13:29:38,checkout,desktop,India,organic,0
U04869,2025-03-14 14:30:55,purchase,desktop,India,organic,47.15
U04870,2025-04-02 14:00:00,view,tablet,UK,organic,0
U04871,2025-03-12 08:00:00,view,mobile,US,cpc,0
U04871,2025-03-12 08:51:14,add_to_cart,mobile,US,cpc,0
U04871,2025-03-12 08:59:30,checkout,mobile,US,cpc,0
U04871,2025-03-12 09:36:20,purchase,mobile,US,cpc,113.04
U04872,2025-04-01 10:00:00,view,mobile,UK,cpc,0
U04872,2025-04-01 10:39:51,add_to_cart,mobile,UK,cpc,0
U04873,2025-02-20 23:00:00,view,mobile,US,referral,0
U04873,2025-02-20 23:23:06,add_to_cart,mobile,US,referral,0
U04873,2025-02-21 00:57:51,checkout,mobile,US,referral,0
U04874,2025-03-25 01:00:00,view,desktop,US,cpc,0
U04875,2025-06-05 15:00:00,view,mobile,India,cpc,0
U04876,2025-06-22 22:00:00,view,desktop,UK,organic,0
U04877,2025-05-11 01:00:00,view,desktop,UK,cpc,0
U04877,2025-05-11 01:10:35,add_to_cart,desktop,UK,cpc,0
U04877,2025-05-11 01:25:30,checkout,desktop,UK,cpc,0
U04877,2025-05-11 01:37:33,purchase,desktop,UK,cpc,83.61
U04878,2025-03-07 03:00:00,view,desktop,US,organic,0
U04878,2025-03-07 03:02:00,add_to_cart,desktop,US,organic,0
U04878,2025-03-07 03:25:57,checkout,desktop,US,organic,0
U04878,2025-03-07 04:02:59,purchase,desktop,US,organic,97.98
U04879,2025-01-06 04:00:00,view,desktop,UK,organic,0
U04880,2025-06-20 20:00:00,view,mobile,US,organic,0
U04881,2025-06-10 11:00:00,view,desktop,US,none,0
U04881,2025-06-10 11:02:19,add_to_cart,desktop,US,none,0
U04881,2025-06-10 11:59:05,checkout,desktop,US,none,0
U04882,2025-01-02 23:00:00,view,mobile,India,organic,0
U04882,2025-01-02 23:19:45,add_to_cart,mobile,India,organic,0
U04883,2025-04-27 21:00:00,view,mobile,US,organic,0
U04883,2025-04-27 21:15:03,add_to_cart,mobile,US,organic,0
U04884,2025-03-29 03:00:00,view,mobile,Canada,referral,0
U04884,2025-03-29 03:15:58,add_to_cart,mobile,Canada,referral,0
U04884,2025-03-29 03:29:13,checkout,mobile,Canada,referral,0
U04885,2025-05-31 12:00:00,view,mobile,US,referral,0
U04885,2025-05-31 12:12:09,add_to_cart,mobile,US,referral,0
U04885,2025-05-31 12:55:41,checkout,mobile,US,referral,0
U04885,2025-05-31 13:48:29,purchase,mobile,US,referral,90.36
U04886,2025-03-13 21:00:00,view,tablet,Brazil,none,0
U04887,2025-01-27 03:00:00,view,mobile,UK,organic,0
U04887,2025-01-27 03:27:53,add_to_cart,mobile,UK,organic,0
U04887,2025-01-27 03:34:24,checkout,mobile,UK,organic,0
U04887,2025-01-27 04:24:09,purchase,mobile,UK,organic,95.77
U04888,2025-05-24 07:00:00,view,tablet,India,organic,0
U04888,2025-05-24 07:02:23,add_to_cart,tablet,India,organic,0
U04888,2025-05-24 08:30:36,checkout,tablet,India,organic,0
U04888,2025-05-24 09:32:27,purchase,tablet,India,organic,80.72
U04889,2025-04-15 15:00:00,view,tablet,Canada,referral,0
U04889,2025-04-15 15:11:05,add_to_cart,tablet,Canada,referral,0
U04889,2025-04-15 15:20:03,checkout,tablet,Canada,referral,0
U04889,2025-04-15 15:51:17,purchase,tablet,Canada,referral,102.69
U04890,2025-02-07 02:00:00,view,desktop,Canada,referral,0
U04890,2025-02-07 02:30:52,add_to_cart,desktop,Canada,referral,0
U04890,2025-02-07 02:47:55,checkout,desktop,Canada,referral,0
U04890,2025-02-07 03:03:30,purchase,desktop,Canada,referral,132.92
U04891,2025-01-01 17:00:00,view,mobile,Canada,none,0
U04892,2025-05-01 19:00:00,view,mobile,UK,none,0
U04893,2025-06-10 05:00:00,view,desktop,Canada,none,0
U04893,2025-06-10 05:43:11,add_to_cart,desktop,Canada,none,0
U04893,2025-06-10 05:57:01,checkout,desktop,Canada,none,0
U04893,2025-06-10 06:21:30,purchase,desktop,Canada,none,112.87
U04894,2025-06-14 14:00:00,view,mobile,Canada,referral,0
U04894,2025-06-14 14:05:10,add_to_cart,mobile,Canada,referral,0
U04894,2025-06-14 14:36:27,checkout,mobile,Canada,referral,0
U04894,2025-06-14 15:19:28,purchase,mobile,Canada,referral,83.13
U04895,2025-05-16 14:00:00,view,tablet,UK,organic,0
U04895,2025-05-16 14:45:13,add_to_cart,tablet,UK,organic,0
U04896,2025-06-20 11:00:00,view,desktop,US,referral,0
U04897,2025-03-21 12:00:00,view,mobile,Brazil,referral,0
U04897,2025-03-21 12:12:51,add_to_cart,mobile,Brazil,referral,0
U04897,2025-03-21 12:43:41,checkout,mobile,Brazil,referral,0
U04897,2025-03-21 13:26:31,purchase,mobile,Brazil,referral,118.46
U04898,2025-03-01 19:00:00,view,tablet,US,organic,0
U04899,2025-04-09 20:00:00,view,mobile,Canada,cpc,0
U04899,2025-04-09 20:17:10,add_to_cart,mobile,Canada,cpc,0
U04899,2025-04-09 21:11:02,checkout,mobile,Canada,cpc,0
U04899,2025-04-09 22:13:36,purchase,mobile,Canada,cpc,75.22
U04900,2025-05-01 06:00:00,view,mobile,Canada,organic,0
U04900,2025-05-01 06:12:54,add_to_cart,mobile,Canada,organic,0
U04900,2025-05-01 06:51:10,checkout,mobile,Canada,organic,0
U04900,2025-05-01 07:04:03,purchase,mobile,Canada,organic,108.28
U04901,2025-06-16 06:00:00,view,mobile,Brazil,organic,0
U04902,2025-06-03 07:00:00,view,desktop,US,organic,0
U04902,2025-06-03 07:21:24,add_to_cart,desktop,US,organic,0
U04902,2025-06-03 07:49:42,checkout,desktop,US,organic,0
U04902,2025-06-03 08:30:33,purchase,desktop,US,organic,108.9
U04903,2025-03-22 03:00:00,view,desktop,US,organic,0
U04903,2025-03-22 03:08:14,add_to_cart,desktop,US,organic,0
U04904,2025-02-24 19:00:00,view,desktop,UK,organic,0
U04904,2025-02-24 19:33:11,add_to_cart,desktop,UK,organic,0
U04904,2025-02-24 19:44:28,checkout,desktop,UK,organic,0
U04904,2025-02-24 20:30:25,purchase,desktop,UK,organic,78.11
U04905,2025-05-19 16:00:00,view,desktop,Brazil,organic,0
U04906,2025-04-03 09:00:00,view,desktop,India,referral,0
U04906,2025-04-03 09:16:07,add_to_cart,desktop,India,referral,0
U04906,2025-04-03 09:27:05,checkout,desktop,India,referral,0
U04906,2025-04-03 09:38:16,purchase,desktop,India,referral,69.27
U04907,2025-06-08 16:00:00,view,desktop,Canada,cpc,0
U04907,2025-06-08 16:14:46,add_to_cart,desktop,Canada,cpc,0
U04908,2025-06-04 11:00:00,view,desktop,US,organic,0
U04909,2025-03-18 07:00:00,view,desktop,India,organic,0
U04910,2025-05-06 23:00:00,view,mobile,UK,referral,0
U04911,2025-01-26 05:00:00,view,mobile,US,organic,0
U04911,2025-01-26 05:57:55,add_to_cart,mobile,US,organic,0
U04911,2025-01-26 06:14:39,checkout,mobile,US,organic,0
U04912,2025-06-08 17:00:00,view,tablet,India,organic,0
U04913,2025-05-10 17:00:00,view,desktop,Brazil,organic,0
U04913,2025-05-10 17:02:59,add_to_cart,desktop,Brazil,organic,0
U04913,2025-05-10 17:51:22,checkout,desktop,Brazil,organic,0
U04913,2025-05-10 17:58:45,purchase,desktop,Brazil,organic,102.29
U04914,2025-02-07 06:00:00,view,mobile,UK,none,0
U04914,2025-02-07 06:23:59,add_to_cart,mobile,UK,none,0
U04914,2025-02-07 07:08:55,checkout,mobile,UK,none,0
U04915,2025-04-27 09:00:00,view,desktop,Canada,organic,0
U04915,2025-04-27 09:20:36,add_to_cart,desktop,Canada,organic,0
U04915,2025-04-27 10:08:42,checkout,desktop,Canada,organic,0
U04915,2025-04-27 10:58:54,purchase,desktop,Canada,organic,89.21
U04916,2025-03-19 07:00:00,view,mobile,US,cpc,0
U04916,2025-03-19 07:11:47,add_to_cart,mobile,US,cpc,0
U04916,2025-03-19 08:05:34,checkout,mobile,US,cpc,0
U04917,2025-06-10 01:00:00,view,mobile,Canada,cpc,0
U04917,2025-06-10 01:09:39,add_to_cart,mobile,Canada,cpc,0
U04918,2025-05-10 08:00:00,view,mobile,US,referral,0
U04918,2025-05-10 08:05:43,add_to_cart,mobile,US,referral,0
U04918,2025-05-10 08:16:04,checkout,mobile,US,referral,0
U04918,2025-05-10 09:17:10,purchase,mobile,US,referral,66.87
U04919,2025-05-18 14:00:00,view,desktop,Brazil,cpc,0
U04920,2025-02-25 02:00:00,view,mobile,UK,organic,0
U04921,2025-04-15 22:00:00,view,desktop,US,organic,0
U04922,2025-04-24 20:00:00,view,mobile,US,organic,0
U04922,2025-04-24 20:22:21,add_to_cart,mobile,US,organic,0
U04922,2025-04-24 20:32:50,checkout,mobile,US,organic,0
U04922,2025-04-24 21:04:36,purchase,mobile,US,organic,64.18
U04923,2025-06-24 20:00:00,view,desktop,UK,cpc,0
U04923,2025-06-24 20:12:49,add_to_cart,desktop,UK,cpc,0
U04923,2025-06-24 21:04:52,checkout,desktop,UK,cpc,0
U04923,2025-06-24 21:08:35,purchase,desktop,UK,cpc,75.05
U04924,2025-02-02 18:00:00,view,desktop,US,referral,0
U04925,2025-01-29 09:00:00,view,desktop,Brazil,organic,0
U04925,2025-01-29 09:04:37,add_to_cart,desktop,Brazil,organic,0
U04925,2025-01-29 09:25:51,checkout,desktop,Brazil,organic,0
U04925,2025-01-29 09:38:16,purchase,desktop,Brazil,organic,86.72
U04926,2025-02-20 20:00:00,view,desktop,Canada,referral,0
U04926,2025-02-20 20:15:21,add_to_cart,desktop,Canada,referral,0
U04926,2025-02-20 20:54:39,checkout,desktop,Canada,referral,0
U04927,2025-01-21 08:00:00,view,desktop,US,cpc,0
U04928,2025-05-31 08:00:00,view,desktop,US,referral,0
U04928,2025-05-31 08:10:56,add_to_cart,desktop,US,referral,0
U04928,2025-05-31 08:23:58,checkout,desktop,US,referral,0
U04928,2025-05-31 08:35:40,purchase,desktop,US,referral,146.14
U04929,2025-05-21 14:00:00,view,desktop,US,none,0
U04930,2025-04-26 06:00:00,view,desktop,India,referral,0
U04930,2025-04-26 06:18:06,add_to_cart,desktop,India,referral,0
U04930,2025-04-26 06:39:27,checkout,desktop,India,referral,0
U04930,2025-04-26 06:54:31,purchase,desktop,India,referral,35.81
U04931,2025-02-04 18:00:00,view,mobile,UK,referral,0
U04931,2025-02-04 18:04:30,add_to_cart,mobile,UK,referral,0
U04931,2025-02-04 18:29:11,checkout,mobile,UK,referral,0
U04931,2025-02-04 20:15:58,purchase,mobile,UK,referral,74.25
U04932,2025-05-09 16:00:00,view,mobile,US,cpc,0
U04933,2025-05-31 19:00:00,view,desktop,US,cpc,0
U04933,2025-05-31 19:23:48,add_to_cart,desktop,US,cpc,0
U04933,2025-05-31 19:57:35,checkout,desktop,US,cpc,0
U04933,2025-05-31 20:31:09,purchase,desktop,US,cpc,113.77
U04934,2025-06-11 04:00:00,view,mobile,US,referral,0
U04934,2025-06-11 04:07:05,add_to_cart,mobile,US,referral,0
U04934,2025-06-11 04:32:13,checkout,mobile,US,referral,0
U04934,2025-06-11 05:29:23,purchase,mobile,US,referral,111.06
U04935,2025-03-13 21:00:00,view,mobile,Canada,referral,0
U04935,2025-03-13 21:13:31,add_to_cart,mobile,Canada,referral,0
U04935,2025-03-13 21:39:05,checkout,mobile,Canada,referral,0
U04935,2025-03-13 22:41:18,purchase,mobile,Canada,referral,71.2
U04936,2025-01-29 09:00:00,view,mobile,India,cpc,0
U04937,2025-06-21 20:00:00,view,desktop,US,none,0
U04937,2025-06-21 20:07:41,add_to_cart,desktop,US,none,0
U04937,2025-06-21 21:13:54,checkout,desktop,US,none,0
U04937,2025-06-21 21:28:32,purchase,desktop,US,none,89.86
U04938,2025-04-01 21:00:00,view,desktop,Brazil,cpc,0
U04938,2025-04-01 21:06:45,add_to_cart,desktop,Brazil,cpc,0
U04938,2025-04-01 21:12:33,checkout,desktop,Brazil,cpc,0
U04938,2025-04-01 21:46:20,purchase,desktop,Brazil,cpc,42.77
U04939,2025-06-28 18:00:00,view,desktop,Canada,organic,0
U04939,2025-06-28 18:07:17,add_to_cart,desktop,Canada,organic,0
U04939,2025-06-28 18:15:06,checkout,desktop,Canada,organic,0
U04939,2025-06-28 18:34:31,purchase,desktop,Canada,organic,90.21
U04940,2025-04-03 00:00:00,view,mobile,Brazil,referral,0
U04941,2025-02-15 08:00:00,view,mobile,India,none,0
U04941,2025-02-15 08:21:09,add_to_cart,mobile,India,none,0
U04941,2025-02-15 09:03:08,checkout,mobile,India,none,0
U04941,2025-02-15 11:29:17,purchase,mobile,India,none,71.03
U04942,2025-04-05 09:00:00,view,mobile,UK,organic,0
U04943,2025-02-02 11:00:00,view,tablet,Canada,organic,0
U04943,2025-02-02 11:34:55,add_to_cart,tablet,Canada,organic,0
U04944,2025-03-11 14:00:00,view,desktop,India,none,0
U04944,2025-03-11 14:13:26,add_to_cart,desktop,India,none,0
U04944,2025-03-11 14:30:52,checkout,desktop,India,none,0
U04945,2025-03-07 13:00:00,view,mobile,Brazil,referral,0
U04946,2025-02-08 16:00:00,view,desktop,US,organic,0
U04946,2025-02-08 16:03:15,add_to_cart,desktop,US,organic,0
U04946,2025-02-08 16:33:40,checkout,desktop,US,organic,0
U04946,2025-02-08 16:50:00,purchase,desktop,US,organic,103.49
U04947,2025-01-31 00:00:00,view,desktop,US,referral,0
U04947,2025-01-31 00:05:25,add_to_cart,desktop,US,referral,0
U04947,2025-01-31 01:20:14,checkout,desktop,US,referral,0
U04947,2025-01-31 01:58:24,purchase,desktop,US,referral,117.12
U04948,2025-02-24 09:00:00,view,desktop,US,organic,0
U04949,2025-04-06 01:00:00,view,desktop,UK,cpc,0
U04950,2025-02-04 03:00:00,view,mobile,Canada,organic,0
U04950,2025-02-04 03:10:17,add_to_cart,mobile,Canada,organic,0
U04950,2025-02-04 03:31:49,checkout,mobile,Canada,organic,0
U04951,2025-01-10 20:00:00,view,mobile,US,referral,0
U04952,2025-01-12 12:00:00,view,tablet,Canada,referral,0
U04952,2025-01-12 12:09:11,add_to_cart,tablet,Canada,referral,0
U04952,2025-01-12 12:44:48,checkout,tablet,Canada,referral,0
U04952,2025-01-12 13:17:04,purchase,tablet,Canada,referral,74.98
U04953,2025-02-12 10:00:00,view,desktop,UK,organic,0
U04953,2025-02-12 10:15:00,add_to_cart,desktop,UK,organic,0
U04954,2025-06-01 19:00:00,view,desktop,US,cpc,0
U04954,2025-06-01 19:21:44,add_to_cart,desktop,US,cpc,0
U04954,2025-06-01 19:30:48,checkout,desktop,US,cpc,0
U04954,2025-06-01 20:30:09,purchase,desktop,US,cpc,112.75
U04955,2025-02-03 22:00:00,view,mobile,UK,referral,0
U04956,2025-06-06 10:00:00,view,mobile,UK,none,0
U04956,2025-06-06 10:14:33,add_to_cart,mobile,UK,none,0
U04957,2025-03-30 22:00:00,view,mobile,India,referral,0
U04957,2025-03-30 22:27:01,add_to_cart,mobile,India,referral,0
U04957,2025-03-30 22:49:54,checkout,mobile,India,referral,0
U04957,2025-03-31 01:53:12,purchase,mobile,India,referral,91.76
U04958,2025-05-24 05:00:00,view,desktop,UK,organic,0
U04958,2025-05-24 05:02:00,add_to_cart,desktop,UK,organic,0
U04958,2025-05-24 05:25:30,checkout,desktop,UK,organic,0
U04958,2025-05-24 05:40:43,purchase,desktop,UK,organic,73.1
U04959,2025-01-26 03:00:00,view,mobile,Brazil,organic,0
U04959,2025-01-26 03:13:46,add_to_cart,mobile,Brazil,organic,0
U04959,2025-01-26 03:32:14,checkout,mobile,Brazil,organic,0
U04959,2025-01-26 04:00:08,purchase,mobile,Brazil,organic,70.98
U04960,2025-05-28 17:00:00,view,desktop,India,referral,0
U04960,2025-05-28 17:30:42,add_to_cart,desktop,India,referral,0
U04960,2025-05-28 18:01:41,checkout,desktop,India,referral,0
U04960,2025-05-28 18:15:04,purchase,desktop,India,referral,78.49
U04961,2025-02-09 06:00:00,view,mobile,US,referral,0
U04962,2025-03-01 04:00:00,view,mobile,Brazil,referral,0
U04962,2025-03-01 04:39:18,add_to_cart,mobile,Brazil,referral,0
U04962,2025-03-01 05:18:55,checkout,mobile,Brazil,referral,0
U04962,2025-03-01 06:56:44,purchase,mobile,Brazil,referral,38.37
U04963,2025-02-15 00:00:00,view,tablet,Brazil,organic,0
U04963,2025-02-15 00:18:45,add_to_cart,tablet,Brazil,organic,0
U04963,2025-02-15 00:49:28,checkout,tablet,Brazil,organic,0
U04963,2025-02-15 00:54:39,purchase,tablet,Brazil,organic,53.65
U04964,2025-06-15 15:00:00,view,desktop,UK,referral,0
U04964,2025-06-15 15:10:54,add_to_cart,desktop,UK,referral,0
U04964,2025-06-15 15:22:35,checkout,desktop,UK,referral,0
U04964,2025-06-15 16:24:19,purchase,desktop,UK,referral,79.11
U04965,2025-01-26 19:00:00,view,mobile,UK,organic,0
U04965,2025-01-26 19:07:49,add_to_cart,mobile,UK,organic,0
U04965,2025-01-26 19:18:05,checkout,mobile,UK,organic,0
U04965,2025-01-26 20:00:32,purchase,mobile,UK,organic,70.44
U04966,2025-02-01 09:00:00,view,mobile,US,none,0
U04966,2025-02-01 09:07:48,add_to_cart,mobile,US,none,0
U04966,2025-02-01 09:41:29,checkout,mobile,US,none,0
U04966,2025-02-01 10:34:31,purchase,mobile,US,none,50.89
U04967,2025-01-04 14:00:00,view,mobile,UK,none,0
U04968,2025-02-13 11:00:00,view,tablet,Brazil,cpc,0
U04969,2025-04-26 08:00:00,view,mobile,Canada,cpc,0
U04970,2025-03-20 00:00:00,view,desktop,India,cpc,0
U04970,2025-03-20 00:03:20,add_to_cart,desktop,India,cpc,0
U04970,2025-03-20 00:15:31,checkout,desktop,India,cpc,0
U04970,2025-03-20 00:38:06,purchase,desktop,India,cpc,78.37
U04971,2025-05-22 23:00:00,view,desktop,UK,cpc,0
U04971,2025-05-22 23:13:32,add_to_cart,desktop,UK,cpc,0
U04972,2025-05-06 11:00:00,view,mobile,US,organic,0
U04972,2025-05-06 11:32:13,add_to_cart,mobile,US,organic,0
U04973,2025-04-17 10:00:00,view,desktop,Brazil,cpc,0
U04973,2025-04-17 10:28:15,add_to_cart,desktop,Brazil,cpc,0
U04973,2025-04-17 10:54:32,checkout,desktop,Brazil,cpc,0
U04973,2025-04-17 11:08:53,purchase,desktop,Brazil,cpc,62.74
U04974,2025-04-30 00:00:00,view,mobile,India,referral,0
U04974,2025-04-30 00:40:15,add_to_cart,mobile,India,referral,0
U04974,2025-04-30 01:17:20,checkout,mobile,India,referral,0
U04975,2025-01-14 04:00:00,view,mobile,US,organic,0
U04975,2025-01-14 04:45:29,add_to_cart,mobile,US,organic,0
U04975,2025-01-14 06:03:30,checkout,mobile,US,organic,0
U04975,2025-01-14 06:12:38,purchase,mobile,US,organic,84.25
U04976,2025-02-04 19:00:00,view,desktop,US,organic,0
U04977,2025-05-22 04:00:00,view,desktop,US,none,0
U04977,2025-05-22 04:09:32,add_to_cart,desktop,US,none,0
U04977,2025-05-22 04:36:27,checkout,desktop,US,none,0
U04977,2025-05-22 05:26:23,purchase,desktop,US,none,95.51
U04978,2025-05-16 10:00:00,view,mobile,US,referral,0
U04978,2025-05-16 10:06:35,add_to_cart,mobile,US,referral,0
U04978,2025-05-16 11:06:00,checkout,mobile,US,referral,0
U04978,2025-05-16 11:34:40,purchase,mobile,US,referral,109.73
U04979,2025-06-16 08:00:00,view,desktop,Canada,cpc,0
U04979,2025-06-16 08:18:55,add_to_cart,desktop,Canada,cpc,0
U04979,2025-06-16 08:35:17,checkout,desktop,Canada,cpc,0
U04979,2025-06-16 09:06:00,purchase,desktop,Canada,cpc,90.15
U04980,2025-01-19 01:00:00,view,desktop,Brazil,organic,0
U04980,2025-01-19 01:08:43,add_to_cart,desktop,Brazil,organic,0
U04980,2025-01-19 01:27:44,checkout,desktop,Brazil,organic,0
U04980,2025-01-19 02:47:48,purchase,desktop,Brazil,organic,71.14
U04981,2025-01-07 03:00:00,view,desktop,Brazil,organic,0
U04981,2025-01-07 03:07:22,add_to_cart,desktop,Brazil,organic,0
U04981,2025-01-07 03:25:46,checkout,desktop,Brazil,organic,0
U04981,2025-01-07 03:53:43,purchase,desktop,Brazil,organic,87.98
U04982,2025-06-03 09:00:00,view,mobile,US,organic,0
U04982,2025-06-03 09:36:40,add_to_cart,mobile,US,organic,0
U04982,2025-06-03 10:02:17,checkout,mobile,US,organic,0
U04982,2025-06-03 10:43:51,purchase,mobile,US,organic,105.58
U04983,2025-03-31 22:00:00,view,tablet,Canada,cpc,0
U04983,2025-03-31 22:03:47,add_to_cart,tablet,Canada,cpc,0
U04984,2025-01-23 09:00:00,view,desktop,US,referral,0
U04984,2025-01-23 09:25:09,add_to_cart,desktop,US,referral,0
U04984,2025-01-23 09:51:11,checkout,desktop,US,referral,0
U04984,2025-01-23 10:24:51,purchase,desktop,US,referral,131.07
U04985,2025-03-15 01:00:00,view,mobile,US,organic,0
U04985,2025-03-15 01:24:07,add_to_cart,mobile,US,organic,0
U04985,2025-03-15 01:59:42,checkout,mobile,US,organic,0
U04985,2025-03-15 02:47:20,purchase,mobile,US,organic,122.31
U04986,2025-04-29 06:00:00,view,desktop,US,cpc,0
U04987,2025-05-29 22:00:00,view,mobile,Canada,referral,0
U04987,2025-05-29 22:09:14,add_to_cart,mobile,Canada,referral,0
U04987,2025-05-29 22:45:30,checkout,mobile,Canada,referral,0
U04987,2025-05-29 23:32:01,purchase,mobile,Canada,referral,87.61
U04988,2025-05-06 22:00:00,view,desktop,UK,cpc,0
U04988,2025-05-06 22:09:46,add_to_cart,desktop,UK,cpc,0
U04988,2025-05-06 22:30:15,checkout,desktop,UK,cpc,0
U04988,2025-05-06 22:52:20,purchase,desktop,UK,cpc,71.57
U04989,2025-03-19 23:00:00,view,tablet,Canada,organic,0
U04989,2025-03-19 23:20:52,add_to_cart,tablet,Canada,organic,0
U04990,2025-01-28 14:00:00,view,tablet,US,referral,0
U04991,2025-01-18 13:00:00,view,tablet,US,none,0
U04992,2025-02-23 08:00:00,view,mobile,US,organic,0
U04992,2025-02-23 08:31:42,add_to_cart,mobile,US,organic,0
U04992,2025-02-23 08:37:29,checkout,mobile,US,organic,0
U04992,2025-02-23 09:36:57,purchase,mobile,US,organic,151.03
U04993,2025-01-24 19:00:00,view,tablet,US,organic,0
U04993,2025-01-24 19:30:12,add_to_cart,tablet,US,organic,0
U04993,2025-01-24 20:48:46,checkout,tablet,US,organic,0
U04994,2025-03-19 14:00:00,view,desktop,US,none,0
U04994,2025-03-19 14:16:34,add_to_cart,desktop,US,none,0
U04994,2025-03-19 14:49:44,checkout,desktop,US,none,0
U04994,2025-03-19 15:21:47,purchase,desktop,US,none,98.69
U04995,2025-01-28 22:00:00,view,mobile,India,none,0
U04996,2025-01-09 02:00:00,view,mobile,Canada,cpc,0
U04997,2025-05-01 18:00:00,view,mobile,US,organic,0
U04998,2025-03-23 13:00:00,view,desktop,India,none,0
U04999,2025-01-07 15:00:00,view,desktop,Brazil,referral,0
U05000,2025-05-03 07:00:00,view,tablet,India,none,0
U05000,2025-05-03 07:11:36,add_to_cart,tablet,India,none,0
U05000,2025-05-03 08:04:58,checkout,tablet,India,none,0
U05000,2025-05-03 08:34:18,purchase,tablet,India,none,45.33
